maratona,ano,alvo,modelo,estatistica_centro,real_min,pred_min
berlin,2005,p10,B1_global,nao_se_aplica,199.36666666666667,216.51446839080464
berlin,2006,p10,B1_global,nao_se_aplica,203.75333333333336,216.47665229885058
berlin,2007,p10,B1_global,nao_se_aplica,197.9,216.52711206896555
berlin,2008,p10,B1_global,nao_se_aplica,196.81833333333333,216.53643678160924
berlin,2009,p10,B1_global,nao_se_aplica,200.6,216.50383620689658
berlin,2010,p10,B1_global,nao_se_aplica,197.1,216.5340086206897
berlin,2011,p10,B1_global,nao_se_aplica,198.0,216.52625
berlin,2012,p10,B1_global,nao_se_aplica,196.2333333333333,216.5414798850575
berlin,2013,p10,B1_global,nao_se_aplica,195.5,216.54780172413794
berlin,2014,p10,B1_global,nao_se_aplica,195.6833333333333,216.54622126436783
berlin,2015,p10,B1_global,nao_se_aplica,193.76666666666668,216.56274425287359
berlin,2016,p10,B1_global,nao_se_aplica,196.36666666666667,216.5403304597701
berlin,2017,p10,B1_global,nao_se_aplica,196.56833333333333,216.53859195402302
berlin,2018,p10,B1_global,nao_se_aplica,198.165,216.5248275862069
berlin,2019,p10,B1_global,nao_se_aplica,192.83333333333331,216.5707902298851
boston,2005,p10,B1_global,nao_se_aplica,194.045,216.56034482758625
boston,2006,p10,B1_global,nao_se_aplica,188.60166666666663,216.60727011494257
boston,2007,p10,B1_global,nao_se_aplica,191.035,216.5862931034483
boston,2008,p10,B1_global,nao_se_aplica,188.58333333333331,216.60742816091957
boston,2009,p10,B1_global,nao_se_aplica,187.4333333333333,216.617341954023
boston,2010,p10,B1_global,nao_se_aplica,187.58666666666667,216.61602011494256
boston,2011,p10,B1_global,nao_se_aplica,186.8,216.62280172413796
boston,2012,p10,B1_global,nao_se_aplica,203.03333333333333,216.4828591954023
boston,2013,p10,B1_global,nao_se_aplica,181.22833333333327,216.67083333333335
boston,2014,p10,B1_global,nao_se_aplica,184.78333333333333,216.6401867816092
boston,2015,p10,B1_global,nao_se_aplica,180.06166666666667,216.6808908045977
boston,2016,p10,B1_global,nao_se_aplica,188.6833333333333,216.60656609195402
boston,2017,p10,B1_global,nao_se_aplica,189.18166666666667,216.60227011494254
boston,2018,p10,B1_global,nao_se_aplica,185.35,216.63530172413795
boston,2019,p10,B1_global,nao_se_aplica,180.2333333333333,216.67941091954023
chicago,2005,p10,B1_global,nao_se_aplica,208.26666666666668,216.43774425287359
chicago,2006,p10,B1_global,nao_se_aplica,204.55,216.46978448275866
chicago,2007,p10,B1_global,nao_se_aplica,230.4833333333333,216.24622126436788
chicago,2008,p10,B1_global,nao_se_aplica,219.47333333333333,216.3411350574713
chicago,2009,p10,B1_global,nao_se_aplica,206.08,216.45659482758623
chicago,2010,p10,B1_global,nao_se_aplica,214.95,216.38012931034487
chicago,2011,p10,B1_global,nao_se_aplica,213.9833333333333,216.3884626436782
chicago,2012,p10,B1_global,nao_se_aplica,208.13333333333333,216.43889367816095
chicago,2013,p10,B1_global,nao_se_aplica,208.6,216.4348706896552
chicago,2014,p10,B1_global,nao_se_aplica,206.61666666666667,216.4519683908046
chicago,2015,p10,B1_global,nao_se_aplica,207.51666666666668,216.44420977011495
chicago,2016,p10,B1_global,nao_se_aplica,207.08333333333331,216.44794540229884
chicago,2017,p10,B1_global,nao_se_aplica,211.21666666666667,216.4123132183908
chicago,2018,p10,B1_global,nao_se_aplica,204.05,216.47409482758627
chicago,2019,p10,B1_global,nao_se_aplica,198.275,216.52387931034482
chicago,2022,p10,B1_global,nao_se_aplica,197.0233333333333,216.53466954022988
chicago,2023,p10,B1_global,nao_se_aplica,189.16666666666663,216.60239942528736
durban,2022,p10,B1_global,nao_se_aplica,172.715,216.74422413793104
durban,2024,p10,B1_global,nao_se_aplica,178.435,216.6949137931035
durban,2025,p10,B1_global,nao_se_aplica,190.19666666666663,216.59352011494258
honolulu,2005,p10,B1_global,nao_se_aplica,244.23,216.1277155172414
honolulu,2006,p10,B1_global,nao_se_aplica,248.12333333333336,216.0941522988506
honolulu,2007,p10,B1_global,nao_se_aplica,250.9,216.0702155172414
honolulu,2008,p10,B1_global,nao_se_aplica,250.04333333333332,216.07760057471268
honolulu,2009,p10,B1_global,nao_se_aplica,247.7333333333333,216.0975143678161
honolulu,2010,p10,B1_global,nao_se_aplica,252.80666666666667,216.05377873563222
honolulu,2011,p10,B1_global,nao_se_aplica,250.38666666666668,216.07464080459772
honolulu,2012,p10,B1_global,nao_se_aplica,254.75,216.037025862069
honolulu,2013,p10,B1_global,nao_se_aplica,259.3333333333333,215.9975143678161
honolulu,2014,p10,B1_global,nao_se_aplica,254.2,216.04176724137935
honolulu,2015,p10,B1_global,nao_se_aplica,262.9,215.96676724137936
honolulu,2016,p10,B1_global,nao_se_aplica,263.925,215.95793103448278
honolulu,2017,p10,B1_global,nao_se_aplica,260.9333333333333,215.98372126436786
honolulu,2018,p10,B1_global,nao_se_aplica,265.81666666666666,215.94162356321843
honolulu,2019,p10,B1_global,nao_se_aplica,266.63666666666666,215.93455459770118
long_beach,2010,p10,B1_global,nao_se_aplica,222.5,216.3150431034483
long_beach,2011,p10,B1_global,nao_se_aplica,224.55666666666667,216.29731321839083
long_beach,2012,p10,B1_global,nao_se_aplica,228.29666666666668,216.2650718390805
long_beach,2013,p10,B1_global,nao_se_aplica,217.44166666666663,216.35864942528738
long_beach,2014,p10,B1_global,nao_se_aplica,222.60833333333332,216.31410919540232
long_beach,2015,p10,B1_global,nao_se_aplica,233.96833333333333,216.21617816091955
long_beach,2016,p10,B1_global,nao_se_aplica,216.85,216.36375000000004
long_beach,2017,p10,B1_global,nao_se_aplica,220.58333333333331,216.33156609195404
long_beach,2018,p10,B1_global,nao_se_aplica,220.70666666666668,216.33050287356326
long_beach,2019,p10,B1_global,nao_se_aplica,216.04666666666665,216.37067528735636
maui,2010,p10,B1_global,nao_se_aplica,232.64666666666668,216.22757183908047
maui,2011,p10,B1_global,nao_se_aplica,233.88,216.21693965517244
maui,2012,p10,B1_global,nao_se_aplica,227.85666666666663,216.26886494252875
maui,2013,p10,B1_global,nao_se_aplica,235.15,216.20599137931035
maui,2014,p10,B1_global,nao_se_aplica,239.25666666666663,216.17058908045976
nyc,2005,p10,B1_global,nao_se_aplica,217.06166666666667,216.3619252873563
nyc,2006,p10,B1_global,nao_se_aplica,208.05,216.43961206896554
nyc,2007,p10,B1_global,nao_se_aplica,208.8,216.43314655172415
nyc,2008,p10,B1_global,nao_se_aplica,205.88333333333333,216.45829022988508
nyc,2009,p10,B1_global,nao_se_aplica,206.47166666666664,216.45321839080464
nyc,2010,p10,B1_global,nao_se_aplica,208.07333333333332,216.43941091954025
nyc,2011,p10,B1_global,nao_se_aplica,207.0283333333333,216.44841954022988
nyc,2013,p10,B1_global,nao_se_aplica,210.60666666666668,216.41757183908047
nyc,2014,p10,B1_global,nao_se_aplica,213.27166666666668,216.39459770114942
nyc,2015,p10,B1_global,nao_se_aplica,214.6,216.38314655172417
nyc,2016,p10,B1_global,nao_se_aplica,213.21666666666667,216.39507183908046
nyc,2017,p10,B1_global,nao_se_aplica,211.06666666666663,216.4136063218391
nyc,2018,p10,B1_global,nao_se_aplica,209.68833333333333,216.42548850574715
nyc,2019,p10,B1_global,nao_se_aplica,206.81666666666663,216.45024425287357
nyc,2022,p10,B1_global,nao_se_aplica,218.76666666666668,216.34722701149428
nyc,2023,p10,B1_global,nao_se_aplica,207.58333333333331,216.44363505747128
nyc,2024,p10,B1_global,nao_se_aplica,201.9,216.49262931034485
rio,2023,p10,B1_global,nao_se_aplica,203.44333333333333,216.4793247126437
rio,2024,p10,B1_global,nao_se_aplica,201.26833333333332,216.4980747126437
rio,2025,p10,B1_global,nao_se_aplica,204.92666666666668,216.46653735632185
savannah,2011,p10,B1_global,nao_se_aplica,217.8583333333333,216.35505747126442
savannah,2012,p10,B1_global,nao_se_aplica,218.7083333333333,216.34772988505748
savannah,2013,p10,B1_global,nao_se_aplica,218.63,216.34840517241383
savannah,2014,p10,B1_global,nao_se_aplica,219.40666666666667,216.34170977011496
savannah,2015,p10,B1_global,nao_se_aplica,210.08333333333331,216.42208333333332
savannah,2016,p10,B1_global,nao_se_aplica,226.24666666666667,216.28274425287358
savannah,2017,p10,B1_global,nao_se_aplica,232.57666666666668,216.22817528735632
savannah,2018,p10,B1_global,nao_se_aplica,216.58,216.3660775862069
savannah,2019,p10,B1_global,nao_se_aplica,220.29666666666665,216.33403735632183
singapore,2014,p10,B1_global,nao_se_aplica,268.43333333333334,215.91906609195402
singapore,2015,p10,B1_global,nao_se_aplica,271.78000000000003,215.8902155172414
singapore,2016,p10,B1_global,nao_se_aplica,262.2683333333333,215.97221264367818
singapore,2017,p10,B1_global,nao_se_aplica,262.8066666666667,215.96757183908048
singapore,2018,p10,B1_global,nao_se_aplica,259.71666666666664,215.99420977011496
singapore,2019,p10,B1_global,nao_se_aplica,269.0566666666666,215.91369252873565
singapore,2022,p10,B1_global,nao_se_aplica,238.2,216.17969827586208
singapore,2023,p10,B1_global,nao_se_aplica,246.69666666666663,216.1064511494253
berlin,2005,p10,B2_por_maratona,mediana,199.36666666666667,196.69333333333333
berlin,2006,p10,B2_por_maratona,mediana,203.75333333333336,196.69333333333333
berlin,2007,p10,B2_por_maratona,mediana,197.9,196.69333333333333
berlin,2008,p10,B2_por_maratona,mediana,196.81833333333333,196.83416666666665
berlin,2009,p10,B2_por_maratona,mediana,200.6,196.69333333333333
berlin,2010,p10,B2_por_maratona,mediana,197.1,196.69333333333333
berlin,2011,p10,B2_por_maratona,mediana,198.0,196.69333333333333
berlin,2012,p10,B2_por_maratona,mediana,196.2333333333333,196.95916666666665
berlin,2013,p10,B2_por_maratona,mediana,195.5,196.95916666666665
berlin,2014,p10,B2_por_maratona,mediana,195.6833333333333,196.95916666666665
berlin,2015,p10,B2_por_maratona,mediana,193.76666666666668,196.95916666666665
berlin,2016,p10,B2_por_maratona,mediana,196.36666666666667,196.95916666666665
berlin,2017,p10,B2_por_maratona,mediana,196.56833333333333,196.95916666666665
berlin,2018,p10,B2_por_maratona,mediana,198.165,196.69333333333333
berlin,2019,p10,B2_por_maratona,mediana,192.83333333333331,196.95916666666665
boston,2005,p10,B2_por_maratona,mediana,194.045,187.51
boston,2006,p10,B2_por_maratona,mediana,188.60166666666663,187.51
boston,2007,p10,B2_por_maratona,mediana,191.035,187.51
boston,2008,p10,B2_por_maratona,mediana,188.58333333333331,187.51
boston,2009,p10,B2_por_maratona,mediana,187.4333333333333,188.08499999999998
boston,2010,p10,B2_por_maratona,mediana,187.58666666666667,188.00833333333333
boston,2011,p10,B2_por_maratona,mediana,186.8,188.08499999999998
boston,2012,p10,B2_por_maratona,mediana,203.03333333333333,187.51
boston,2013,p10,B2_por_maratona,mediana,181.22833333333327,188.08499999999998
boston,2014,p10,B2_por_maratona,mediana,184.78333333333333,188.08499999999998
boston,2015,p10,B2_por_maratona,mediana,180.06166666666667,188.08499999999998
boston,2016,p10,B2_por_maratona,mediana,188.6833333333333,187.51
boston,2017,p10,B2_por_maratona,mediana,189.18166666666667,187.51
boston,2018,p10,B2_por_maratona,mediana,185.35,188.08499999999998
boston,2019,p10,B2_por_maratona,mediana,180.2333333333333,188.08499999999998
chicago,2005,p10,B2_por_maratona,mediana,208.26666666666668,207.3
chicago,2006,p10,B2_por_maratona,mediana,204.55,207.825
chicago,2007,p10,B2_por_maratona,mediana,230.4833333333333,207.3
chicago,2008,p10,B2_por_maratona,mediana,219.47333333333333,207.3
chicago,2009,p10,B2_por_maratona,mediana,206.08,207.825
chicago,2010,p10,B2_por_maratona,mediana,214.95,207.3
chicago,2011,p10,B2_por_maratona,mediana,213.9833333333333,207.3
chicago,2012,p10,B2_por_maratona,mediana,208.13333333333333,207.3
chicago,2013,p10,B2_por_maratona,mediana,208.6,207.3
chicago,2014,p10,B2_por_maratona,mediana,206.61666666666667,207.825
chicago,2015,p10,B2_por_maratona,mediana,207.51666666666668,207.60833333333332
chicago,2016,p10,B2_por_maratona,mediana,207.08333333333331,207.825
chicago,2017,p10,B2_por_maratona,mediana,211.21666666666667,207.3
chicago,2018,p10,B2_por_maratona,mediana,204.05,207.825
chicago,2019,p10,B2_por_maratona,mediana,198.275,207.825
chicago,2022,p10,B2_por_maratona,mediana,197.0233333333333,207.825
chicago,2023,p10,B2_por_maratona,mediana,189.16666666666663,207.825
durban,2022,p10,B2_por_maratona,mediana,172.715,184.31583333333333
durban,2024,p10,B2_por_maratona,mediana,178.435,181.45583333333332
durban,2025,p10,B2_por_maratona,mediana,190.19666666666663,175.575
honolulu,2005,p10,B2_por_maratona,mediana,244.23,254.475
honolulu,2006,p10,B2_por_maratona,mediana,248.12333333333336,254.475
honolulu,2007,p10,B2_por_maratona,mediana,250.9,254.475
honolulu,2008,p10,B2_por_maratona,mediana,250.04333333333332,254.475
honolulu,2009,p10,B2_por_maratona,mediana,247.7333333333333,254.475
honolulu,2010,p10,B2_por_maratona,mediana,252.80666666666667,254.475
honolulu,2011,p10,B2_por_maratona,mediana,250.38666666666668,254.475
honolulu,2012,p10,B2_por_maratona,mediana,254.75,253.50333333333333
honolulu,2013,p10,B2_por_maratona,mediana,259.3333333333333,253.50333333333333
honolulu,2014,p10,B2_por_maratona,mediana,254.2,253.77833333333334
honolulu,2015,p10,B2_por_maratona,mediana,262.9,253.50333333333333
honolulu,2016,p10,B2_por_maratona,mediana,263.925,253.50333333333333
honolulu,2017,p10,B2_por_maratona,mediana,260.9333333333333,253.50333333333333
honolulu,2018,p10,B2_por_maratona,mediana,265.81666666666666,253.50333333333333
honolulu,2019,p10,B2_por_maratona,mediana,266.63666666666666,253.50333333333333
long_beach,2010,p10,B2_por_maratona,mediana,222.5,220.70666666666668
long_beach,2011,p10,B2_por_maratona,mediana,224.55666666666667,220.70666666666668
long_beach,2012,p10,B2_por_maratona,mediana,228.29666666666668,220.70666666666668
long_beach,2013,p10,B2_por_maratona,mediana,217.44166666666663,222.5
long_beach,2014,p10,B2_por_maratona,mediana,222.60833333333332,220.70666666666668
long_beach,2015,p10,B2_por_maratona,mediana,233.96833333333333,220.70666666666668
long_beach,2016,p10,B2_por_maratona,mediana,216.85,222.5
long_beach,2017,p10,B2_por_maratona,mediana,220.58333333333331,222.5
long_beach,2018,p10,B2_por_maratona,mediana,220.70666666666668,222.5
long_beach,2019,p10,B2_por_maratona,mediana,216.04666666666665,222.5
maui,2010,p10,B2_por_maratona,mediana,232.64666666666668,234.515
maui,2011,p10,B2_por_maratona,mediana,233.88,233.89833333333334
maui,2012,p10,B2_por_maratona,mediana,227.85666666666663,234.515
maui,2013,p10,B2_por_maratona,mediana,235.15,233.26333333333332
maui,2014,p10,B2_por_maratona,mediana,239.25666666666663,233.26333333333332
nyc,2005,p10,B2_por_maratona,mediana,217.06166666666667,208.43666666666667
nyc,2006,p10,B2_por_maratona,mediana,208.05,209.24416666666667
nyc,2007,p10,B2_por_maratona,mediana,208.8,208.88083333333333
nyc,2008,p10,B2_por_maratona,mediana,205.88333333333333,209.24416666666667
nyc,2009,p10,B2_por_maratona,mediana,206.47166666666664,209.24416666666667
nyc,2010,p10,B2_por_maratona,mediana,208.07333333333332,209.24416666666667
nyc,2011,p10,B2_por_maratona,mediana,207.0283333333333,209.24416666666667
nyc,2013,p10,B2_por_maratona,mediana,210.60666666666668,208.43666666666667
nyc,2014,p10,B2_por_maratona,mediana,213.27166666666668,208.43666666666667
nyc,2015,p10,B2_por_maratona,mediana,214.6,208.43666666666667
nyc,2016,p10,B2_por_maratona,mediana,213.21666666666667,208.43666666666667
nyc,2017,p10,B2_por_maratona,mediana,211.06666666666663,208.43666666666667
nyc,2018,p10,B2_por_maratona,mediana,209.68833333333333,208.43666666666667
nyc,2019,p10,B2_por_maratona,mediana,206.81666666666663,209.24416666666667
nyc,2022,p10,B2_por_maratona,mediana,218.76666666666668,208.43666666666667
nyc,2023,p10,B2_por_maratona,mediana,207.58333333333331,209.24416666666667
nyc,2024,p10,B2_por_maratona,mediana,201.9,209.24416666666667
rio,2023,p10,B2_por_maratona,mediana,203.44333333333333,203.0975
rio,2024,p10,B2_por_maratona,mediana,201.26833333333332,204.185
rio,2025,p10,B2_por_maratona,mediana,204.92666666666668,202.35583333333332
savannah,2011,p10,B2_por_maratona,mediana,217.8583333333333,219.05749999999998
savannah,2012,p10,B2_por_maratona,mediana,218.7083333333333,219.01833333333332
savannah,2013,p10,B2_por_maratona,mediana,218.63,219.05749999999998
savannah,2014,p10,B2_por_maratona,mediana,219.40666666666667,218.66916666666663
savannah,2015,p10,B2_por_maratona,mediana,210.08333333333331,219.05749999999998
savannah,2016,p10,B2_por_maratona,mediana,226.24666666666667,218.66916666666663
savannah,2017,p10,B2_por_maratona,mediana,232.57666666666668,218.66916666666663
savannah,2018,p10,B2_por_maratona,mediana,216.58,219.05749999999998
savannah,2019,p10,B2_por_maratona,mediana,220.29666666666665,218.66916666666663
singapore,2014,p10,B2_por_maratona,mediana,268.43333333333334,262.2683333333333
singapore,2015,p10,B2_por_maratona,mediana,271.78000000000003,262.2683333333333
singapore,2016,p10,B2_por_maratona,mediana,262.2683333333333,262.8066666666667
singapore,2017,p10,B2_por_maratona,mediana,262.8066666666667,262.2683333333333
singapore,2018,p10,B2_por_maratona,mediana,259.71666666666664,262.8066666666667
singapore,2019,p10,B2_por_maratona,mediana,269.0566666666666,262.2683333333333
singapore,2022,p10,B2_por_maratona,mediana,238.2,262.8066666666667
singapore,2023,p10,B2_por_maratona,mediana,246.69666666666663,262.8066666666667
berlin,2005,p10,M1_linear,nao_se_aplica,199.36666666666667,199.65788237035804
berlin,2006,p10,M1_linear,nao_se_aplica,203.75333333333336,201.08991280335877
berlin,2007,p10,M1_linear,nao_se_aplica,197.9,200.66109077550703
berlin,2008,p10,M1_linear,nao_se_aplica,196.81833333333333,194.80145218032405
berlin,2009,p10,M1_linear,nao_se_aplica,200.6,201.87729375529958
berlin,2010,p10,M1_linear,nao_se_aplica,197.1,189.99188862243548
berlin,2011,p10,M1_linear,nao_se_aplica,198.0,199.00613989067546
berlin,2012,p10,M1_linear,nao_se_aplica,196.2333333333333,195.77629445938567
berlin,2013,p10,M1_linear,nao_se_aplica,195.5,192.7047790055349
berlin,2014,p10,M1_linear,nao_se_aplica,195.6833333333333,197.49703017143574
berlin,2015,p10,M1_linear,nao_se_aplica,193.76666666666668,198.17203243827478
berlin,2016,p10,M1_linear,nao_se_aplica,196.36666666666667,201.8440134278494
berlin,2017,p10,M1_linear,nao_se_aplica,196.56833333333333,197.89460391864395
berlin,2018,p10,M1_linear,nao_se_aplica,198.165,192.60723350275
berlin,2019,p10,M1_linear,nao_se_aplica,192.83333333333331,189.85101102189157
boston,2005,p10,M1_linear,nao_se_aplica,194.045,184.89207750215016
boston,2006,p10,M1_linear,nao_se_aplica,188.60166666666663,186.55921998345406
boston,2007,p10,M1_linear,nao_se_aplica,191.035,166.0530555916887
boston,2008,p10,M1_linear,nao_se_aplica,188.58333333333331,193.80137864607156
boston,2009,p10,M1_linear,nao_se_aplica,187.4333333333333,184.37556688201556
boston,2010,p10,M1_linear,nao_se_aplica,187.58666666666667,170.91319471150422
boston,2011,p10,M1_linear,nao_se_aplica,186.8,189.61004627443242
boston,2012,p10,M1_linear,nao_se_aplica,203.03333333333333,199.17361832847857
boston,2013,p10,M1_linear,nao_se_aplica,181.22833333333327,191.48047391911584
boston,2014,p10,M1_linear,nao_se_aplica,184.78333333333333,189.76794794495495
boston,2015,p10,M1_linear,nao_se_aplica,180.06166666666667,180.7426991049754
boston,2016,p10,M1_linear,nao_se_aplica,188.6833333333333,209.29825589921066
boston,2017,p10,M1_linear,nao_se_aplica,189.18166666666667,203.3912376221499
boston,2018,p10,M1_linear,nao_se_aplica,185.35,149.23714416196952
boston,2019,p10,M1_linear,nao_se_aplica,180.2333333333333,171.25409892146374
chicago,2005,p10,M1_linear,nao_se_aplica,208.26666666666668,204.67371172757868
chicago,2006,p10,M1_linear,nao_se_aplica,204.55,205.3692354867903
chicago,2007,p10,M1_linear,nao_se_aplica,230.4833333333333,217.92614965693406
chicago,2008,p10,M1_linear,nao_se_aplica,219.47333333333333,218.3697775251884
chicago,2009,p10,M1_linear,nao_se_aplica,206.08,202.46932943168218
chicago,2010,p10,M1_linear,nao_se_aplica,214.95,219.2831699082124
chicago,2011,p10,M1_linear,nao_se_aplica,213.9833333333333,220.06846524546322
chicago,2012,p10,M1_linear,nao_se_aplica,208.13333333333333,204.58044328343766
chicago,2013,p10,M1_linear,nao_se_aplica,208.6,201.55159951708902
chicago,2014,p10,M1_linear,nao_se_aplica,206.61666666666667,201.34857010161622
chicago,2015,p10,M1_linear,nao_se_aplica,207.51666666666668,206.70698164705496
chicago,2016,p10,M1_linear,nao_se_aplica,207.08333333333331,202.6849271354471
chicago,2017,p10,M1_linear,nao_se_aplica,211.21666666666667,207.1695905386719
chicago,2018,p10,M1_linear,nao_se_aplica,204.05,207.32285183716644
chicago,2019,p10,M1_linear,nao_se_aplica,198.275,199.9649134085578
chicago,2022,p10,M1_linear,nao_se_aplica,197.0233333333333,205.22367734758342
chicago,2023,p10,M1_linear,nao_se_aplica,189.16666666666663,213.0805964282253
durban,2022,p10,M1_linear,nao_se_aplica,172.715,177.34134166455635
durban,2024,p10,M1_linear,nao_se_aplica,178.435,187.6509810725059
durban,2025,p10,M1_linear,nao_se_aplica,190.19666666666663,176.83782543434384
honolulu,2005,p10,M1_linear,nao_se_aplica,244.23,261.8165145135251
honolulu,2006,p10,M1_linear,nao_se_aplica,248.12333333333336,260.42835906185445
honolulu,2007,p10,M1_linear,nao_se_aplica,250.9,256.41007484420356
honolulu,2008,p10,M1_linear,nao_se_aplica,250.04333333333332,251.33694500371595
honolulu,2009,p10,M1_linear,nao_se_aplica,247.7333333333333,251.05895914602496
honolulu,2010,p10,M1_linear,nao_se_aplica,252.80666666666667,252.65174579845922
honolulu,2011,p10,M1_linear,nao_se_aplica,250.38666666666668,253.9328737245928
honolulu,2012,p10,M1_linear,nao_se_aplica,254.75,255.65017805868388
honolulu,2013,p10,M1_linear,nao_se_aplica,259.3333333333333,257.64054826746303
honolulu,2014,p10,M1_linear,nao_se_aplica,254.2,266.59939886686044
honolulu,2015,p10,M1_linear,nao_se_aplica,262.9,254.449255671252
honolulu,2016,p10,M1_linear,nao_se_aplica,263.925,256.64397011580917
honolulu,2017,p10,M1_linear,nao_se_aplica,260.9333333333333,256.6739902025573
honolulu,2018,p10,M1_linear,nao_se_aplica,265.81666666666666,249.1266769355715
honolulu,2019,p10,M1_linear,nao_se_aplica,266.63666666666666,251.1218376659778
long_beach,2010,p10,M1_linear,nao_se_aplica,222.5,224.18615721750245
long_beach,2011,p10,M1_linear,nao_se_aplica,224.55666666666667,222.35887975341907
long_beach,2012,p10,M1_linear,nao_se_aplica,228.29666666666668,224.4734631089541
long_beach,2013,p10,M1_linear,nao_se_aplica,217.44166666666663,218.20011370126718
long_beach,2014,p10,M1_linear,nao_se_aplica,222.60833333333332,221.8018012194035
long_beach,2015,p10,M1_linear,nao_se_aplica,233.96833333333333,227.85165397226345
long_beach,2016,p10,M1_linear,nao_se_aplica,216.85,227.54478441326387
long_beach,2017,p10,M1_linear,nao_se_aplica,220.58333333333331,219.10586817090655
long_beach,2018,p10,M1_linear,nao_se_aplica,220.70666666666668,219.08498915381207
long_beach,2019,p10,M1_linear,nao_se_aplica,216.04666666666665,218.21329277640461
maui,2010,p10,M1_linear,nao_se_aplica,232.64666666666668,237.0116051885988
maui,2011,p10,M1_linear,nao_se_aplica,233.88,236.35601081659016
maui,2012,p10,M1_linear,nao_se_aplica,227.85666666666663,232.12813460690475
maui,2013,p10,M1_linear,nao_se_aplica,235.15,233.9245131834374
maui,2014,p10,M1_linear,nao_se_aplica,239.25666666666663,210.94169982746567
nyc,2005,p10,M1_linear,nao_se_aplica,217.06166666666667,218.8323969808391
nyc,2006,p10,M1_linear,nao_se_aplica,208.05,205.27393362784832
nyc,2007,p10,M1_linear,nao_se_aplica,208.8,211.68913261243512
nyc,2008,p10,M1_linear,nao_se_aplica,205.88333333333333,206.61529110603573
nyc,2009,p10,M1_linear,nao_se_aplica,206.47166666666664,220.10515382855849
nyc,2010,p10,M1_linear,nao_se_aplica,208.07333333333332,205.87980001285672
nyc,2011,p10,M1_linear,nao_se_aplica,207.0283333333333,207.71984007121955
nyc,2013,p10,M1_linear,nao_se_aplica,210.60666666666668,212.43902114519247
nyc,2014,p10,M1_linear,nao_se_aplica,213.27166666666668,206.06540717886165
nyc,2015,p10,M1_linear,nao_se_aplica,214.6,209.2972111948583
nyc,2016,p10,M1_linear,nao_se_aplica,213.21666666666667,209.35903544225448
nyc,2017,p10,M1_linear,nao_se_aplica,211.06666666666663,213.12806198152745
nyc,2018,p10,M1_linear,nao_se_aplica,209.68833333333333,204.03031970446477
nyc,2019,p10,M1_linear,nao_se_aplica,206.81666666666663,206.18409758049398
nyc,2022,p10,M1_linear,nao_se_aplica,218.76666666666668,217.41070811716236
nyc,2023,p10,M1_linear,nao_se_aplica,207.58333333333331,209.69550724528943
nyc,2024,p10,M1_linear,nao_se_aplica,201.9,205.31426448102386
rio,2023,p10,M1_linear,nao_se_aplica,203.44333333333333,201.15053320294186
rio,2024,p10,M1_linear,nao_se_aplica,201.26833333333332,203.38794273738273
rio,2025,p10,M1_linear,nao_se_aplica,204.92666666666668,206.89937437860152
savannah,2011,p10,M1_linear,nao_se_aplica,217.8583333333333,220.10515234319305
savannah,2012,p10,M1_linear,nao_se_aplica,218.7083333333333,221.66030621937483
savannah,2013,p10,M1_linear,nao_se_aplica,218.63,226.38013797189038
savannah,2014,p10,M1_linear,nao_se_aplica,219.40666666666667,222.42940351045937
savannah,2015,p10,M1_linear,nao_se_aplica,210.08333333333331,241.47891475690113
savannah,2016,p10,M1_linear,nao_se_aplica,226.24666666666667,216.56370685561575
savannah,2017,p10,M1_linear,nao_se_aplica,232.57666666666668,218.53521581200914
savannah,2018,p10,M1_linear,nao_se_aplica,216.58,208.59001896127634
savannah,2019,p10,M1_linear,nao_se_aplica,220.29666666666665,211.12487255542482
singapore,2014,p10,M1_linear,nao_se_aplica,268.43333333333334,258.2080714855805
singapore,2015,p10,M1_linear,nao_se_aplica,271.78000000000003,258.91442984171067
singapore,2016,p10,M1_linear,nao_se_aplica,262.2683333333333,262.3580519126793
singapore,2017,p10,M1_linear,nao_se_aplica,262.8066666666667,258.28445796006025
singapore,2018,p10,M1_linear,nao_se_aplica,259.71666666666664,256.78455529631395
singapore,2019,p10,M1_linear,nao_se_aplica,269.0566666666666,340.64771985906555
singapore,2022,p10,M1_linear,nao_se_aplica,238.2,261.61162805381855
singapore,2023,p10,M1_linear,nao_se_aplica,246.69666666666663,255.81862979123514
berlin,2005,p10,M2_ridge,nao_se_aplica,199.36666666666667,200.35165981268256
berlin,2006,p10,M2_ridge,nao_se_aplica,203.75333333333336,202.709208879345
berlin,2007,p10,M2_ridge,nao_se_aplica,197.9,198.3851096530023
berlin,2008,p10,M2_ridge,nao_se_aplica,196.81833333333333,195.73839803166038
berlin,2009,p10,M2_ridge,nao_se_aplica,200.6,199.34313703621345
berlin,2010,p10,M2_ridge,nao_se_aplica,197.1,189.96495149702693
berlin,2011,p10,M2_ridge,nao_se_aplica,198.0,199.4966669218508
berlin,2012,p10,M2_ridge,nao_se_aplica,196.2333333333333,196.10808099420882
berlin,2013,p10,M2_ridge,nao_se_aplica,195.5,194.01866040339846
berlin,2014,p10,M2_ridge,nao_se_aplica,195.6833333333333,197.54147413838675
berlin,2015,p10,M2_ridge,nao_se_aplica,193.76666666666668,197.34914950649926
berlin,2016,p10,M2_ridge,nao_se_aplica,196.36666666666667,201.10417556685758
berlin,2017,p10,M2_ridge,nao_se_aplica,196.56833333333333,200.6196136791188
berlin,2018,p10,M2_ridge,nao_se_aplica,198.165,193.10039695059186
berlin,2019,p10,M2_ridge,nao_se_aplica,192.83333333333331,193.8549412679924
boston,2005,p10,M2_ridge,nao_se_aplica,194.045,189.3898213234255
boston,2006,p10,M2_ridge,nao_se_aplica,188.60166666666663,189.85326866614366
boston,2007,p10,M2_ridge,nao_se_aplica,191.035,168.0569295737243
boston,2008,p10,M2_ridge,nao_se_aplica,188.58333333333331,189.7912400924322
boston,2009,p10,M2_ridge,nao_se_aplica,187.4333333333333,184.91070724575064
boston,2010,p10,M2_ridge,nao_se_aplica,187.58666666666667,196.1870322148111
boston,2011,p10,M2_ridge,nao_se_aplica,186.8,187.62380892719025
boston,2012,p10,M2_ridge,nao_se_aplica,203.03333333333333,193.59841786623676
boston,2013,p10,M2_ridge,nao_se_aplica,181.22833333333327,188.45861684748937
boston,2014,p10,M2_ridge,nao_se_aplica,184.78333333333333,187.46545843687326
boston,2015,p10,M2_ridge,nao_se_aplica,180.06166666666667,182.5275657074318
boston,2016,p10,M2_ridge,nao_se_aplica,188.6833333333333,199.36737137651608
boston,2017,p10,M2_ridge,nao_se_aplica,189.18166666666667,201.07171603146645
boston,2018,p10,M2_ridge,nao_se_aplica,185.35,154.7075671118842
boston,2019,p10,M2_ridge,nao_se_aplica,180.2333333333333,175.05284061722705
chicago,2005,p10,M2_ridge,nao_se_aplica,208.26666666666668,207.818950836578
chicago,2006,p10,M2_ridge,nao_se_aplica,204.55,201.6712552990261
chicago,2007,p10,M2_ridge,nao_se_aplica,230.4833333333333,219.99627422278724
chicago,2008,p10,M2_ridge,nao_se_aplica,219.47333333333333,218.5718776663437
chicago,2009,p10,M2_ridge,nao_se_aplica,206.08,198.9972401899089
chicago,2010,p10,M2_ridge,nao_se_aplica,214.95,219.08000127259325
chicago,2011,p10,M2_ridge,nao_se_aplica,213.9833333333333,217.2116880268856
chicago,2012,p10,M2_ridge,nao_se_aplica,208.13333333333333,203.51200281382424
chicago,2013,p10,M2_ridge,nao_se_aplica,208.6,206.20154083566
chicago,2014,p10,M2_ridge,nao_se_aplica,206.61666666666667,203.69494664251286
chicago,2015,p10,M2_ridge,nao_se_aplica,207.51666666666668,208.0519015201364
chicago,2016,p10,M2_ridge,nao_se_aplica,207.08333333333331,204.70870121713548
chicago,2017,p10,M2_ridge,nao_se_aplica,211.21666666666667,208.82485877248828
chicago,2018,p10,M2_ridge,nao_se_aplica,204.05,206.79130156952587
chicago,2019,p10,M2_ridge,nao_se_aplica,198.275,197.6512344840771
chicago,2022,p10,M2_ridge,nao_se_aplica,197.0233333333333,200.20528818515507
chicago,2023,p10,M2_ridge,nao_se_aplica,189.16666666666663,209.12659287399637
durban,2022,p10,M2_ridge,nao_se_aplica,172.715,197.59240585741983
durban,2024,p10,M2_ridge,nao_se_aplica,178.435,186.93896572436975
durban,2025,p10,M2_ridge,nao_se_aplica,190.19666666666663,174.83498516330576
honolulu,2005,p10,M2_ridge,nao_se_aplica,244.23,263.6360100741921
honolulu,2006,p10,M2_ridge,nao_se_aplica,248.12333333333336,258.89973789253725
honolulu,2007,p10,M2_ridge,nao_se_aplica,250.9,258.74641254880527
honolulu,2008,p10,M2_ridge,nao_se_aplica,250.04333333333332,250.01703253768144
honolulu,2009,p10,M2_ridge,nao_se_aplica,247.7333333333333,252.83631701706196
honolulu,2010,p10,M2_ridge,nao_se_aplica,252.80666666666667,257.70023293299045
honolulu,2011,p10,M2_ridge,nao_se_aplica,250.38666666666668,252.34904086691034
honolulu,2012,p10,M2_ridge,nao_se_aplica,254.75,256.72539392539966
honolulu,2013,p10,M2_ridge,nao_se_aplica,259.3333333333333,256.10261492989565
honolulu,2014,p10,M2_ridge,nao_se_aplica,254.2,262.3499495637356
honolulu,2015,p10,M2_ridge,nao_se_aplica,262.9,254.21931079106872
honolulu,2016,p10,M2_ridge,nao_se_aplica,263.925,254.99352731563317
honolulu,2017,p10,M2_ridge,nao_se_aplica,260.9333333333333,255.89710740155013
honolulu,2018,p10,M2_ridge,nao_se_aplica,265.81666666666666,246.51447631392475
honolulu,2019,p10,M2_ridge,nao_se_aplica,266.63666666666666,248.1873545905269
long_beach,2010,p10,M2_ridge,nao_se_aplica,222.5,224.48775871670125
long_beach,2011,p10,M2_ridge,nao_se_aplica,224.55666666666667,223.0468660857866
long_beach,2012,p10,M2_ridge,nao_se_aplica,228.29666666666668,223.55286634156187
long_beach,2013,p10,M2_ridge,nao_se_aplica,217.44166666666663,219.24784547349176
long_beach,2014,p10,M2_ridge,nao_se_aplica,222.60833333333332,222.61464587094255
long_beach,2015,p10,M2_ridge,nao_se_aplica,233.96833333333333,230.0898279567654
long_beach,2016,p10,M2_ridge,nao_se_aplica,216.85,225.47880140477312
long_beach,2017,p10,M2_ridge,nao_se_aplica,220.58333333333331,218.6749129293513
long_beach,2018,p10,M2_ridge,nao_se_aplica,220.70666666666668,216.22890466795093
long_beach,2019,p10,M2_ridge,nao_se_aplica,216.04666666666665,217.79607723789027
maui,2010,p10,M2_ridge,nao_se_aplica,232.64666666666668,238.033168016868
maui,2011,p10,M2_ridge,nao_se_aplica,233.88,234.54834995467212
maui,2012,p10,M2_ridge,nao_se_aplica,227.85666666666663,229.33184743950994
maui,2013,p10,M2_ridge,nao_se_aplica,235.15,232.6521324035205
maui,2014,p10,M2_ridge,nao_se_aplica,239.25666666666663,221.23360153899236
nyc,2005,p10,M2_ridge,nao_se_aplica,217.06166666666667,218.34655073652695
nyc,2006,p10,M2_ridge,nao_se_aplica,208.05,205.36348376452528
nyc,2007,p10,M2_ridge,nao_se_aplica,208.8,211.67649955644032
nyc,2008,p10,M2_ridge,nao_se_aplica,205.88333333333333,206.58449899619197
nyc,2009,p10,M2_ridge,nao_se_aplica,206.47166666666664,215.4476053514745
nyc,2010,p10,M2_ridge,nao_se_aplica,208.07333333333332,206.11420767736297
nyc,2011,p10,M2_ridge,nao_se_aplica,207.0283333333333,206.4128316586558
nyc,2013,p10,M2_ridge,nao_se_aplica,210.60666666666668,210.74759910472787
nyc,2014,p10,M2_ridge,nao_se_aplica,213.27166666666668,207.10251512822958
nyc,2015,p10,M2_ridge,nao_se_aplica,214.6,209.4453222341249
nyc,2016,p10,M2_ridge,nao_se_aplica,213.21666666666667,211.71453264225298
nyc,2017,p10,M2_ridge,nao_se_aplica,211.06666666666663,215.3909444323583
nyc,2018,p10,M2_ridge,nao_se_aplica,209.68833333333333,205.99217814589724
nyc,2019,p10,M2_ridge,nao_se_aplica,206.81666666666663,205.31549473051172
nyc,2022,p10,M2_ridge,nao_se_aplica,218.76666666666668,216.9369819677839
nyc,2023,p10,M2_ridge,nao_se_aplica,207.58333333333331,211.0273964347882
nyc,2024,p10,M2_ridge,nao_se_aplica,201.9,206.75759618949365
rio,2023,p10,M2_ridge,nao_se_aplica,203.44333333333333,204.0930280121382
rio,2024,p10,M2_ridge,nao_se_aplica,201.26833333333332,204.17028903608798
rio,2025,p10,M2_ridge,nao_se_aplica,204.92666666666668,204.31627288549473
savannah,2011,p10,M2_ridge,nao_se_aplica,217.8583333333333,220.072885338793
savannah,2012,p10,M2_ridge,nao_se_aplica,218.7083333333333,219.96923062060165
savannah,2013,p10,M2_ridge,nao_se_aplica,218.63,222.92417552893244
savannah,2014,p10,M2_ridge,nao_se_aplica,219.40666666666667,221.37120327360017
savannah,2015,p10,M2_ridge,nao_se_aplica,210.08333333333331,240.49662051017998
savannah,2016,p10,M2_ridge,nao_se_aplica,226.24666666666667,218.70972387655704
savannah,2017,p10,M2_ridge,nao_se_aplica,232.57666666666668,215.45051347649908
savannah,2018,p10,M2_ridge,nao_se_aplica,216.58,209.20004038154053
savannah,2019,p10,M2_ridge,nao_se_aplica,220.29666666666665,211.79048901018498
singapore,2014,p10,M2_ridge,nao_se_aplica,268.43333333333334,258.20035581960667
singapore,2015,p10,M2_ridge,nao_se_aplica,271.78000000000003,258.5259103420473
singapore,2016,p10,M2_ridge,nao_se_aplica,262.2683333333333,257.19859577621645
singapore,2017,p10,M2_ridge,nao_se_aplica,262.8066666666667,257.96119016902475
singapore,2018,p10,M2_ridge,nao_se_aplica,259.71666666666664,256.7595168388293
singapore,2019,p10,M2_ridge,nao_se_aplica,269.0566666666666,258.5207176532223
singapore,2022,p10,M2_ridge,nao_se_aplica,238.2,260.105893803542
singapore,2023,p10,M2_ridge,nao_se_aplica,246.69666666666663,255.13070460741054
berlin,2005,p10,M3_random_forest,nao_se_aplica,199.36666666666667,198.15053378141533
berlin,2006,p10,M3_random_forest,nao_se_aplica,203.75333333333336,202.08221271825386
berlin,2007,p10,M3_random_forest,nao_se_aplica,197.9,195.56177209490764
berlin,2008,p10,M3_random_forest,nao_se_aplica,196.81833333333333,196.3095370949075
berlin,2009,p10,M3_random_forest,nao_se_aplica,200.6,200.18025873015847
berlin,2010,p10,M3_random_forest,nao_se_aplica,197.1,194.2821796924605
berlin,2011,p10,M3_random_forest,nao_se_aplica,198.0,197.820479814815
berlin,2012,p10,M3_random_forest,nao_se_aplica,196.2333333333333,195.28187494378312
berlin,2013,p10,M3_random_forest,nao_se_aplica,195.5,192.9854405561568
berlin,2014,p10,M3_random_forest,nao_se_aplica,195.6833333333333,197.59942868777046
berlin,2015,p10,M3_random_forest,nao_se_aplica,193.76666666666668,196.0901190145505
berlin,2016,p10,M3_random_forest,nao_se_aplica,196.36666666666667,197.52987014219593
berlin,2017,p10,M3_random_forest,nao_se_aplica,196.56833333333333,195.4654002711642
berlin,2018,p10,M3_random_forest,nao_se_aplica,198.165,195.50175091044377
berlin,2019,p10,M3_random_forest,nao_se_aplica,192.83333333333331,196.34512482473542
boston,2005,p10,M3_random_forest,nao_se_aplica,194.045,190.19021983300254
boston,2006,p10,M3_random_forest,nao_se_aplica,188.60166666666663,191.08900493220915
boston,2007,p10,M3_random_forest,nao_se_aplica,191.035,187.8405574503969
boston,2008,p10,M3_random_forest,nao_se_aplica,188.58333333333331,190.6245930274469
boston,2009,p10,M3_random_forest,nao_se_aplica,187.4333333333333,187.9397313657406
boston,2010,p10,M3_random_forest,nao_se_aplica,187.58666666666667,187.9162794047618
boston,2011,p10,M3_random_forest,nao_se_aplica,186.8,187.0584333862432
boston,2012,p10,M3_random_forest,nao_se_aplica,203.03333333333333,197.0103468105159
boston,2013,p10,M3_random_forest,nao_se_aplica,181.22833333333327,187.88831243882257
boston,2014,p10,M3_random_forest,nao_se_aplica,184.78333333333333,188.08528921626979
boston,2015,p10,M3_random_forest,nao_se_aplica,180.06166666666667,186.69749603174603
boston,2016,p10,M3_random_forest,nao_se_aplica,188.6833333333333,187.0359662929893
boston,2017,p10,M3_random_forest,nao_se_aplica,189.18166666666667,189.01466719246014
boston,2018,p10,M3_random_forest,nao_se_aplica,185.35,185.3168590244708
boston,2019,p10,M3_random_forest,nao_se_aplica,180.2333333333333,192.69650696924614
chicago,2005,p10,M3_random_forest,nao_se_aplica,208.26666666666668,207.40998616071428
chicago,2006,p10,M3_random_forest,nao_se_aplica,204.55,208.42622354001324
chicago,2007,p10,M3_random_forest,nao_se_aplica,230.4833333333333,247.13133412698403
chicago,2008,p10,M3_random_forest,nao_se_aplica,219.47333333333333,214.20998252645506
chicago,2009,p10,M3_random_forest,nao_se_aplica,206.08,207.71088317956352
chicago,2010,p10,M3_random_forest,nao_se_aplica,214.95,214.0804531101192
chicago,2011,p10,M3_random_forest,nao_se_aplica,213.9833333333333,213.4633873462302
chicago,2012,p10,M3_random_forest,nao_se_aplica,208.13333333333333,203.47075673280418
chicago,2013,p10,M3_random_forest,nao_se_aplica,208.6,207.58347556382247
chicago,2014,p10,M3_random_forest,nao_se_aplica,206.61666666666667,207.822514107143
chicago,2015,p10,M3_random_forest,nao_se_aplica,207.51666666666668,209.9731701074734
chicago,2016,p10,M3_random_forest,nao_se_aplica,207.08333333333331,207.28474127314826
chicago,2017,p10,M3_random_forest,nao_se_aplica,211.21666666666667,209.95837299933865
chicago,2018,p10,M3_random_forest,nao_se_aplica,204.05,208.77244310019864
chicago,2019,p10,M3_random_forest,nao_se_aplica,198.275,205.86792394345238
chicago,2022,p10,M3_random_forest,nao_se_aplica,197.0233333333333,203.73194747023805
chicago,2023,p10,M3_random_forest,nao_se_aplica,189.16666666666663,204.12793094080695
durban,2022,p10,M3_random_forest,nao_se_aplica,172.715,214.0270114318785
durban,2024,p10,M3_random_forest,nao_se_aplica,178.435,201.48687394841247
durban,2025,p10,M3_random_forest,nao_se_aplica,190.19666666666663,199.67285178571444
honolulu,2005,p10,M3_random_forest,nao_se_aplica,244.23,252.92139692460324
honolulu,2006,p10,M3_random_forest,nao_se_aplica,248.12333333333336,241.7385503538361
honolulu,2007,p10,M3_random_forest,nao_se_aplica,250.9,253.30106525959013
honolulu,2008,p10,M3_random_forest,nao_se_aplica,250.04333333333332,252.79400971395498
honolulu,2009,p10,M3_random_forest,nao_se_aplica,247.7333333333333,239.43911625165347
honolulu,2010,p10,M3_random_forest,nao_se_aplica,252.80666666666667,248.3376157357803
honolulu,2011,p10,M3_random_forest,nao_se_aplica,250.38666666666668,248.90250897982799
honolulu,2012,p10,M3_random_forest,nao_se_aplica,254.75,254.75575062003966
honolulu,2013,p10,M3_random_forest,nao_se_aplica,259.3333333333333,258.789627375992
honolulu,2014,p10,M3_random_forest,nao_se_aplica,254.2,258.2175386904762
honolulu,2015,p10,M3_random_forest,nao_se_aplica,262.9,253.52449477513258
honolulu,2016,p10,M3_random_forest,nao_se_aplica,263.925,259.95024380456346
honolulu,2017,p10,M3_random_forest,nao_se_aplica,260.9333333333333,259.48143923611116
honolulu,2018,p10,M3_random_forest,nao_se_aplica,265.81666666666666,255.16495508267192
honolulu,2019,p10,M3_random_forest,nao_se_aplica,266.63666666666666,254.14249304518387
long_beach,2010,p10,M3_random_forest,nao_se_aplica,222.5,219.45097933697093
long_beach,2011,p10,M3_random_forest,nao_se_aplica,224.55666666666667,218.3854024785057
long_beach,2012,p10,M3_random_forest,nao_se_aplica,228.29666666666668,221.95815469576755
long_beach,2013,p10,M3_random_forest,nao_se_aplica,217.44166666666663,221.837701200397
long_beach,2014,p10,M3_random_forest,nao_se_aplica,222.60833333333332,223.11131745866416
long_beach,2015,p10,M3_random_forest,nao_se_aplica,233.96833333333333,230.91193527612464
long_beach,2016,p10,M3_random_forest,nao_se_aplica,216.85,223.4688651752649
long_beach,2017,p10,M3_random_forest,nao_se_aplica,220.58333333333331,221.85804577380935
long_beach,2018,p10,M3_random_forest,nao_se_aplica,220.70666666666668,220.11140555555536
long_beach,2019,p10,M3_random_forest,nao_se_aplica,216.04666666666665,218.38891146825404
maui,2010,p10,M3_random_forest,nao_se_aplica,232.64666666666668,233.1585941472764
maui,2011,p10,M3_random_forest,nao_se_aplica,233.88,231.65383579410198
maui,2012,p10,M3_random_forest,nao_se_aplica,227.85666666666663,231.83507305720912
maui,2013,p10,M3_random_forest,nao_se_aplica,235.15,232.9807546527779
maui,2014,p10,M3_random_forest,nao_se_aplica,239.25666666666663,233.33727809523836
nyc,2005,p10,M3_random_forest,nao_se_aplica,217.06166666666667,212.33692178736786
nyc,2006,p10,M3_random_forest,nao_se_aplica,208.05,208.56867559148048
nyc,2007,p10,M3_random_forest,nao_se_aplica,208.8,208.36314059328407
nyc,2008,p10,M3_random_forest,nao_se_aplica,205.88333333333333,207.82390988606303
nyc,2009,p10,M3_random_forest,nao_se_aplica,206.47166666666664,208.862638617875
nyc,2010,p10,M3_random_forest,nao_se_aplica,208.07333333333332,207.47628474206337
nyc,2011,p10,M3_random_forest,nao_se_aplica,207.0283333333333,208.54366061838638
nyc,2013,p10,M3_random_forest,nao_se_aplica,210.60666666666668,209.20353092427246
nyc,2014,p10,M3_random_forest,nao_se_aplica,213.27166666666668,207.13399343419326
nyc,2015,p10,M3_random_forest,nao_se_aplica,214.6,211.57542138723548
nyc,2016,p10,M3_random_forest,nao_se_aplica,213.21666666666667,208.94639345238085
nyc,2017,p10,M3_random_forest,nao_se_aplica,211.06666666666663,212.2526174950395
nyc,2018,p10,M3_random_forest,nao_se_aplica,209.68833333333333,207.50274804563497
nyc,2019,p10,M3_random_forest,nao_se_aplica,206.81666666666663,206.3932707671958
nyc,2022,p10,M3_random_forest,nao_se_aplica,218.76666666666668,216.94696360284416
nyc,2023,p10,M3_random_forest,nao_se_aplica,207.58333333333331,202.9334179464289
nyc,2024,p10,M3_random_forest,nao_se_aplica,201.9,202.76455319444457
rio,2023,p10,M3_random_forest,nao_se_aplica,203.44333333333333,211.39158152612438
rio,2024,p10,M3_random_forest,nao_se_aplica,201.26833333333332,210.3564149751982
rio,2025,p10,M3_random_forest,nao_se_aplica,204.92666666666668,227.94035804398175
savannah,2011,p10,M3_random_forest,nao_se_aplica,217.8583333333333,216.21246336309517
savannah,2012,p10,M3_random_forest,nao_se_aplica,218.7083333333333,220.03742661044996
savannah,2013,p10,M3_random_forest,nao_se_aplica,218.63,218.98351958002644
savannah,2014,p10,M3_random_forest,nao_se_aplica,219.40666666666667,219.14363027116394
savannah,2015,p10,M3_random_forest,nao_se_aplica,210.08333333333331,240.8742163789684
savannah,2016,p10,M3_random_forest,nao_se_aplica,226.24666666666667,217.0712523958335
savannah,2017,p10,M3_random_forest,nao_se_aplica,232.57666666666668,218.8572967096561
savannah,2018,p10,M3_random_forest,nao_se_aplica,216.58,217.21330810019856
savannah,2019,p10,M3_random_forest,nao_se_aplica,220.29666666666665,214.3570011078044
singapore,2014,p10,M3_random_forest,nao_se_aplica,268.43333333333334,254.5969925049601
singapore,2015,p10,M3_random_forest,nao_se_aplica,271.78000000000003,261.33119520171937
singapore,2016,p10,M3_random_forest,nao_se_aplica,262.2683333333333,263.0884944692461
singapore,2017,p10,M3_random_forest,nao_se_aplica,262.8066666666667,257.7731936441797
singapore,2018,p10,M3_random_forest,nao_se_aplica,259.71666666666664,262.1185083345357
singapore,2019,p10,M3_random_forest,nao_se_aplica,269.0566666666666,253.99545235119044
singapore,2022,p10,M3_random_forest,nao_se_aplica,238.2,260.0358657440476
singapore,2023,p10,M3_random_forest,nao_se_aplica,246.69666666666663,253.43955958333328
berlin,2005,p10,M4_hist_gbm,nao_se_aplica,199.36666666666667,201.34048439391745
berlin,2006,p10,M4_hist_gbm,nao_se_aplica,203.75333333333336,198.16972961176816
berlin,2007,p10,M4_hist_gbm,nao_se_aplica,197.9,196.78966721158264
berlin,2008,p10,M4_hist_gbm,nao_se_aplica,196.81833333333333,196.94262722967417
berlin,2009,p10,M4_hist_gbm,nao_se_aplica,200.6,201.05986965258924
berlin,2010,p10,M4_hist_gbm,nao_se_aplica,197.1,192.38822138438476
berlin,2011,p10,M4_hist_gbm,nao_se_aplica,198.0,197.94968095314024
berlin,2012,p10,M4_hist_gbm,nao_se_aplica,196.2333333333333,195.13327351146145
berlin,2013,p10,M4_hist_gbm,nao_se_aplica,195.5,191.45786531019385
berlin,2014,p10,M4_hist_gbm,nao_se_aplica,195.6833333333333,196.77507676800917
berlin,2015,p10,M4_hist_gbm,nao_se_aplica,193.76666666666668,196.05178562632472
berlin,2016,p10,M4_hist_gbm,nao_se_aplica,196.36666666666667,198.64004983368255
berlin,2017,p10,M4_hist_gbm,nao_se_aplica,196.56833333333333,194.83831210011627
berlin,2018,p10,M4_hist_gbm,nao_se_aplica,198.165,194.0367817248454
berlin,2019,p10,M4_hist_gbm,nao_se_aplica,192.83333333333331,195.37887873251637
boston,2005,p10,M4_hist_gbm,nao_se_aplica,194.045,193.7641615604609
boston,2006,p10,M4_hist_gbm,nao_se_aplica,188.60166666666663,192.24407170833157
boston,2007,p10,M4_hist_gbm,nao_se_aplica,191.035,184.67100401572725
boston,2008,p10,M4_hist_gbm,nao_se_aplica,188.58333333333331,192.69649782517732
boston,2009,p10,M4_hist_gbm,nao_se_aplica,187.4333333333333,189.03974171265227
boston,2010,p10,M4_hist_gbm,nao_se_aplica,187.58666666666667,191.96866216138594
boston,2011,p10,M4_hist_gbm,nao_se_aplica,186.8,184.72382178177824
boston,2012,p10,M4_hist_gbm,nao_se_aplica,203.03333333333333,198.06296538504603
boston,2013,p10,M4_hist_gbm,nao_se_aplica,181.22833333333327,186.92770273871284
boston,2014,p10,M4_hist_gbm,nao_se_aplica,184.78333333333333,189.0129850151281
boston,2015,p10,M4_hist_gbm,nao_se_aplica,180.06166666666667,182.67900447836718
boston,2016,p10,M4_hist_gbm,nao_se_aplica,188.6833333333333,188.84877989921523
boston,2017,p10,M4_hist_gbm,nao_se_aplica,189.18166666666667,187.4448358672021
boston,2018,p10,M4_hist_gbm,nao_se_aplica,185.35,181.87907910883948
boston,2019,p10,M4_hist_gbm,nao_se_aplica,180.2333333333333,191.97780811539556
chicago,2005,p10,M4_hist_gbm,nao_se_aplica,208.26666666666668,207.39147811599312
chicago,2006,p10,M4_hist_gbm,nao_se_aplica,204.55,209.82091943455836
chicago,2007,p10,M4_hist_gbm,nao_se_aplica,230.4833333333333,235.57186309361532
chicago,2008,p10,M4_hist_gbm,nao_se_aplica,219.47333333333333,214.09288993652697
chicago,2009,p10,M4_hist_gbm,nao_se_aplica,206.08,207.12894078708717
chicago,2010,p10,M4_hist_gbm,nao_se_aplica,214.95,215.07011165036488
chicago,2011,p10,M4_hist_gbm,nao_se_aplica,213.9833333333333,214.00091398763962
chicago,2012,p10,M4_hist_gbm,nao_se_aplica,208.13333333333333,205.3171710207117
chicago,2013,p10,M4_hist_gbm,nao_se_aplica,208.6,207.8596036041182
chicago,2014,p10,M4_hist_gbm,nao_se_aplica,206.61666666666667,207.25027799153992
chicago,2015,p10,M4_hist_gbm,nao_se_aplica,207.51666666666668,210.39498675502682
chicago,2016,p10,M4_hist_gbm,nao_se_aplica,207.08333333333331,207.60552052316194
chicago,2017,p10,M4_hist_gbm,nao_se_aplica,211.21666666666667,215.3520817405445
chicago,2018,p10,M4_hist_gbm,nao_se_aplica,204.05,210.10397013645624
chicago,2019,p10,M4_hist_gbm,nao_se_aplica,198.275,206.29205527383306
chicago,2022,p10,M4_hist_gbm,nao_se_aplica,197.0233333333333,193.448249268898
chicago,2023,p10,M4_hist_gbm,nao_se_aplica,189.16666666666663,202.29356251532963
durban,2022,p10,M4_hist_gbm,nao_se_aplica,172.715,209.6690341018052
durban,2024,p10,M4_hist_gbm,nao_se_aplica,178.435,204.8839217691861
durban,2025,p10,M4_hist_gbm,nao_se_aplica,190.19666666666663,201.71787466429308
honolulu,2005,p10,M4_hist_gbm,nao_se_aplica,244.23,254.19201854774343
honolulu,2006,p10,M4_hist_gbm,nao_se_aplica,248.12333333333336,235.18265803143316
honolulu,2007,p10,M4_hist_gbm,nao_se_aplica,250.9,253.47893030372552
honolulu,2008,p10,M4_hist_gbm,nao_se_aplica,250.04333333333332,254.58257311087485
honolulu,2009,p10,M4_hist_gbm,nao_se_aplica,247.7333333333333,238.10771277466614
honolulu,2010,p10,M4_hist_gbm,nao_se_aplica,252.80666666666667,249.58762973773963
honolulu,2011,p10,M4_hist_gbm,nao_se_aplica,250.38666666666668,246.611817235179
honolulu,2012,p10,M4_hist_gbm,nao_se_aplica,254.75,256.7951156398619
honolulu,2013,p10,M4_hist_gbm,nao_se_aplica,259.3333333333333,262.7768359250152
honolulu,2014,p10,M4_hist_gbm,nao_se_aplica,254.2,262.3175079304288
honolulu,2015,p10,M4_hist_gbm,nao_se_aplica,262.9,252.65076359237253
honolulu,2016,p10,M4_hist_gbm,nao_se_aplica,263.925,260.63663970704357
honolulu,2017,p10,M4_hist_gbm,nao_se_aplica,260.9333333333333,256.8374575153311
honolulu,2018,p10,M4_hist_gbm,nao_se_aplica,265.81666666666666,257.0570290831023
honolulu,2019,p10,M4_hist_gbm,nao_se_aplica,266.63666666666666,250.17321987640798
long_beach,2010,p10,M4_hist_gbm,nao_se_aplica,222.5,220.585455684407
long_beach,2011,p10,M4_hist_gbm,nao_se_aplica,224.55666666666667,218.226204157863
long_beach,2012,p10,M4_hist_gbm,nao_se_aplica,228.29666666666668,220.7778637493213
long_beach,2013,p10,M4_hist_gbm,nao_se_aplica,217.44166666666663,220.84883766038942
long_beach,2014,p10,M4_hist_gbm,nao_se_aplica,222.60833333333332,222.39637967298472
long_beach,2015,p10,M4_hist_gbm,nao_se_aplica,233.96833333333333,230.3826300780482
long_beach,2016,p10,M4_hist_gbm,nao_se_aplica,216.85,224.12049914494108
long_beach,2017,p10,M4_hist_gbm,nao_se_aplica,220.58333333333331,219.37400786937695
long_beach,2018,p10,M4_hist_gbm,nao_se_aplica,220.70666666666668,212.7810258524735
long_beach,2019,p10,M4_hist_gbm,nao_se_aplica,216.04666666666665,216.81738612003542
maui,2010,p10,M4_hist_gbm,nao_se_aplica,232.64666666666668,233.518688375929
maui,2011,p10,M4_hist_gbm,nao_se_aplica,233.88,229.7111443979125
maui,2012,p10,M4_hist_gbm,nao_se_aplica,227.85666666666663,232.12762879764037
maui,2013,p10,M4_hist_gbm,nao_se_aplica,235.15,234.38183337428347
maui,2014,p10,M4_hist_gbm,nao_se_aplica,239.25666666666663,235.7185169629819
nyc,2005,p10,M4_hist_gbm,nao_se_aplica,217.06166666666667,210.77558068149
nyc,2006,p10,M4_hist_gbm,nao_se_aplica,208.05,209.73063244148952
nyc,2007,p10,M4_hist_gbm,nao_se_aplica,208.8,208.21245638157504
nyc,2008,p10,M4_hist_gbm,nao_se_aplica,205.88333333333333,208.00853765273783
nyc,2009,p10,M4_hist_gbm,nao_se_aplica,206.47166666666664,209.76861087370887
nyc,2010,p10,M4_hist_gbm,nao_se_aplica,208.07333333333332,208.24034725352854
nyc,2011,p10,M4_hist_gbm,nao_se_aplica,207.0283333333333,207.66842470225538
nyc,2013,p10,M4_hist_gbm,nao_se_aplica,210.60666666666668,209.90574968681054
nyc,2014,p10,M4_hist_gbm,nao_se_aplica,213.27166666666668,207.81730110172361
nyc,2015,p10,M4_hist_gbm,nao_se_aplica,214.6,211.33377629835041
nyc,2016,p10,M4_hist_gbm,nao_se_aplica,213.21666666666667,208.7285833436359
nyc,2017,p10,M4_hist_gbm,nao_se_aplica,211.06666666666663,213.18920657594182
nyc,2018,p10,M4_hist_gbm,nao_se_aplica,209.68833333333333,207.59440347844742
nyc,2019,p10,M4_hist_gbm,nao_se_aplica,206.81666666666663,207.09779537291107
nyc,2022,p10,M4_hist_gbm,nao_se_aplica,218.76666666666668,236.30517638794333
nyc,2023,p10,M4_hist_gbm,nao_se_aplica,207.58333333333331,203.07948744824074
nyc,2024,p10,M4_hist_gbm,nao_se_aplica,201.9,200.67563344102652
rio,2023,p10,M4_hist_gbm,nao_se_aplica,203.44333333333333,199.0821773459268
rio,2024,p10,M4_hist_gbm,nao_se_aplica,201.26833333333332,206.44821809004367
rio,2025,p10,M4_hist_gbm,nao_se_aplica,204.92666666666668,221.08859252519534
savannah,2011,p10,M4_hist_gbm,nao_se_aplica,217.8583333333333,214.27534310207378
savannah,2012,p10,M4_hist_gbm,nao_se_aplica,218.7083333333333,221.38831787719258
savannah,2013,p10,M4_hist_gbm,nao_se_aplica,218.63,218.38441250564995
savannah,2014,p10,M4_hist_gbm,nao_se_aplica,219.40666666666667,219.68700869696815
savannah,2015,p10,M4_hist_gbm,nao_se_aplica,210.08333333333331,246.1420957296442
savannah,2016,p10,M4_hist_gbm,nao_se_aplica,226.24666666666667,221.01079136000143
savannah,2017,p10,M4_hist_gbm,nao_se_aplica,232.57666666666668,218.17040555458453
savannah,2018,p10,M4_hist_gbm,nao_se_aplica,216.58,216.112190636399
savannah,2019,p10,M4_hist_gbm,nao_se_aplica,220.29666666666665,212.75208494408315
singapore,2014,p10,M4_hist_gbm,nao_se_aplica,268.43333333333334,257.98448524920934
singapore,2015,p10,M4_hist_gbm,nao_se_aplica,271.78000000000003,253.34229921973218
singapore,2016,p10,M4_hist_gbm,nao_se_aplica,262.2683333333333,263.59242073489025
singapore,2017,p10,M4_hist_gbm,nao_se_aplica,262.8066666666667,267.55108154807374
singapore,2018,p10,M4_hist_gbm,nao_se_aplica,259.71666666666664,255.71124124888348
singapore,2019,p10,M4_hist_gbm,nao_se_aplica,269.0566666666666,255.0025763529902
singapore,2022,p10,M4_hist_gbm,nao_se_aplica,238.2,257.85594740686133
singapore,2023,p10,M4_hist_gbm,nao_se_aplica,246.69666666666663,261.77674076305414
berlin,2005,p10,M5_mlp,nao_se_aplica,199.36666666666667,213.9741231258258
berlin,2006,p10,M5_mlp,nao_se_aplica,203.75333333333336,204.97236869750333
berlin,2007,p10,M5_mlp,nao_se_aplica,197.9,194.37182481889474
berlin,2008,p10,M5_mlp,nao_se_aplica,196.81833333333333,180.37366592112812
berlin,2009,p10,M5_mlp,nao_se_aplica,200.6,239.2569290317636
berlin,2010,p10,M5_mlp,nao_se_aplica,197.1,176.11971874209743
berlin,2011,p10,M5_mlp,nao_se_aplica,198.0,193.95707606954213
berlin,2012,p10,M5_mlp,nao_se_aplica,196.2333333333333,178.4249089907916
berlin,2013,p10,M5_mlp,nao_se_aplica,195.5,196.1915790504049
berlin,2014,p10,M5_mlp,nao_se_aplica,195.6833333333333,189.5452818402325
berlin,2015,p10,M5_mlp,nao_se_aplica,193.76666666666668,196.00808515478965
berlin,2016,p10,M5_mlp,nao_se_aplica,196.36666666666667,202.03634981152823
berlin,2017,p10,M5_mlp,nao_se_aplica,196.56833333333333,219.98441471234364
berlin,2018,p10,M5_mlp,nao_se_aplica,198.165,166.18805948021154
berlin,2019,p10,M5_mlp,nao_se_aplica,192.83333333333331,205.05476933792218
boston,2005,p10,M5_mlp,nao_se_aplica,194.045,186.51542246171863
boston,2006,p10,M5_mlp,nao_se_aplica,188.60166666666663,165.42365566287128
boston,2007,p10,M5_mlp,nao_se_aplica,191.035,208.83989154514572
boston,2008,p10,M5_mlp,nao_se_aplica,188.58333333333331,164.21026227979243
boston,2009,p10,M5_mlp,nao_se_aplica,187.4333333333333,202.6567014088974
boston,2010,p10,M5_mlp,nao_se_aplica,187.58666666666667,129.66593536529894
boston,2011,p10,M5_mlp,nao_se_aplica,186.8,204.24042714644978
boston,2012,p10,M5_mlp,nao_se_aplica,203.03333333333333,145.27982709960915
boston,2013,p10,M5_mlp,nao_se_aplica,181.22833333333327,194.7429427146178
boston,2014,p10,M5_mlp,nao_se_aplica,184.78333333333333,211.96109925484853
boston,2015,p10,M5_mlp,nao_se_aplica,180.06166666666667,169.80928217920444
boston,2016,p10,M5_mlp,nao_se_aplica,188.6833333333333,202.77386924234378
boston,2017,p10,M5_mlp,nao_se_aplica,189.18166666666667,184.767803485705
boston,2018,p10,M5_mlp,nao_se_aplica,185.35,308.3206248865458
boston,2019,p10,M5_mlp,nao_se_aplica,180.2333333333333,89.25790525515751
chicago,2005,p10,M5_mlp,nao_se_aplica,208.26666666666668,186.41032135391464
chicago,2006,p10,M5_mlp,nao_se_aplica,204.55,236.8699861546477
chicago,2007,p10,M5_mlp,nao_se_aplica,230.4833333333333,155.47708574383202
chicago,2008,p10,M5_mlp,nao_se_aplica,219.47333333333333,200.027124762907
chicago,2009,p10,M5_mlp,nao_se_aplica,206.08,253.5364221602236
chicago,2010,p10,M5_mlp,nao_se_aplica,214.95,243.65488052961985
chicago,2011,p10,M5_mlp,nao_se_aplica,213.9833333333333,225.92092594335654
chicago,2012,p10,M5_mlp,nao_se_aplica,208.13333333333333,221.46598462667166
chicago,2013,p10,M5_mlp,nao_se_aplica,208.6,186.35540526230608
chicago,2014,p10,M5_mlp,nao_se_aplica,206.61666666666667,189.39658072799983
chicago,2015,p10,M5_mlp,nao_se_aplica,207.51666666666668,204.2959769123727
chicago,2016,p10,M5_mlp,nao_se_aplica,207.08333333333331,188.36341872620926
chicago,2017,p10,M5_mlp,nao_se_aplica,211.21666666666667,215.2969653404766
chicago,2018,p10,M5_mlp,nao_se_aplica,204.05,193.6220215297055
chicago,2019,p10,M5_mlp,nao_se_aplica,198.275,210.0615226981412
chicago,2022,p10,M5_mlp,nao_se_aplica,197.0233333333333,228.91475295648283
chicago,2023,p10,M5_mlp,nao_se_aplica,189.16666666666663,154.20804470193303
durban,2022,p10,M5_mlp,nao_se_aplica,172.715,246.34436516007858
durban,2024,p10,M5_mlp,nao_se_aplica,178.435,125.59245886658591
durban,2025,p10,M5_mlp,nao_se_aplica,190.19666666666663,168.18590853540738
honolulu,2005,p10,M5_mlp,nao_se_aplica,244.23,253.38306393625052
honolulu,2006,p10,M5_mlp,nao_se_aplica,248.12333333333336,240.57112010223315
honolulu,2007,p10,M5_mlp,nao_se_aplica,250.9,257.6141214035001
honolulu,2008,p10,M5_mlp,nao_se_aplica,250.04333333333332,231.04202235501194
honolulu,2009,p10,M5_mlp,nao_se_aplica,247.7333333333333,236.64211014804062
honolulu,2010,p10,M5_mlp,nao_se_aplica,252.80666666666667,248.46858791607627
honolulu,2011,p10,M5_mlp,nao_se_aplica,250.38666666666668,241.94153263741424
honolulu,2012,p10,M5_mlp,nao_se_aplica,254.75,256.1364176150501
honolulu,2013,p10,M5_mlp,nao_se_aplica,259.3333333333333,268.8095011519456
honolulu,2014,p10,M5_mlp,nao_se_aplica,254.2,275.66076451582063
honolulu,2015,p10,M5_mlp,nao_se_aplica,262.9,255.02758097854786
honolulu,2016,p10,M5_mlp,nao_se_aplica,263.925,270.22690227012254
honolulu,2017,p10,M5_mlp,nao_se_aplica,260.9333333333333,254.04798186550428
honolulu,2018,p10,M5_mlp,nao_se_aplica,265.81666666666666,235.9509796397877
honolulu,2019,p10,M5_mlp,nao_se_aplica,266.63666666666666,243.8825871282981
long_beach,2010,p10,M5_mlp,nao_se_aplica,222.5,237.12840837727296
long_beach,2011,p10,M5_mlp,nao_se_aplica,224.55666666666667,200.5488636589835
long_beach,2012,p10,M5_mlp,nao_se_aplica,228.29666666666668,234.40854814171445
long_beach,2013,p10,M5_mlp,nao_se_aplica,217.44166666666663,208.18698787126354
long_beach,2014,p10,M5_mlp,nao_se_aplica,222.60833333333332,226.08988150273012
long_beach,2015,p10,M5_mlp,nao_se_aplica,233.96833333333333,260.13628199488124
long_beach,2016,p10,M5_mlp,nao_se_aplica,216.85,240.7884027307524
long_beach,2017,p10,M5_mlp,nao_se_aplica,220.58333333333331,219.51522924897222
long_beach,2018,p10,M5_mlp,nao_se_aplica,220.70666666666668,224.29268982432595
long_beach,2019,p10,M5_mlp,nao_se_aplica,216.04666666666665,191.93631075604142
maui,2010,p10,M5_mlp,nao_se_aplica,232.64666666666668,228.9495188457666
maui,2011,p10,M5_mlp,nao_se_aplica,233.88,243.55221616480782
maui,2012,p10,M5_mlp,nao_se_aplica,227.85666666666663,217.8086207760236
maui,2013,p10,M5_mlp,nao_se_aplica,235.15,228.26731385081774
maui,2014,p10,M5_mlp,nao_se_aplica,239.25666666666663,255.0828068287571
nyc,2005,p10,M5_mlp,nao_se_aplica,217.06166666666667,182.35315139809848
nyc,2006,p10,M5_mlp,nao_se_aplica,208.05,240.33192516996252
nyc,2007,p10,M5_mlp,nao_se_aplica,208.8,179.1830373930958
nyc,2008,p10,M5_mlp,nao_se_aplica,205.88333333333333,200.18761935168519
nyc,2009,p10,M5_mlp,nao_se_aplica,206.47166666666664,213.57406210181162
nyc,2010,p10,M5_mlp,nao_se_aplica,208.07333333333332,199.82200550180403
nyc,2011,p10,M5_mlp,nao_se_aplica,207.0283333333333,197.27970501919853
nyc,2013,p10,M5_mlp,nao_se_aplica,210.60666666666668,206.24376574730277
nyc,2014,p10,M5_mlp,nao_se_aplica,213.27166666666668,239.01334155907273
nyc,2015,p10,M5_mlp,nao_se_aplica,214.6,180.022520729691
nyc,2016,p10,M5_mlp,nao_se_aplica,213.21666666666667,209.21326043605484
nyc,2017,p10,M5_mlp,nao_se_aplica,211.06666666666663,243.79056403181278
nyc,2018,p10,M5_mlp,nao_se_aplica,209.68833333333333,195.98621191505782
nyc,2019,p10,M5_mlp,nao_se_aplica,206.81666666666663,209.49345902988463
nyc,2022,p10,M5_mlp,nao_se_aplica,218.76666666666668,182.60797566610356
nyc,2023,p10,M5_mlp,nao_se_aplica,207.58333333333331,204.4810748344524
nyc,2024,p10,M5_mlp,nao_se_aplica,201.9,212.6638940260847
rio,2023,p10,M5_mlp,nao_se_aplica,203.44333333333333,192.91277315713873
rio,2024,p10,M5_mlp,nao_se_aplica,201.26833333333332,212.56186653892993
rio,2025,p10,M5_mlp,nao_se_aplica,204.92666666666668,210.98640171015435
savannah,2011,p10,M5_mlp,nao_se_aplica,217.8583333333333,248.95101291993225
savannah,2012,p10,M5_mlp,nao_se_aplica,218.7083333333333,201.86879265571156
savannah,2013,p10,M5_mlp,nao_se_aplica,218.63,215.62410060792962
savannah,2014,p10,M5_mlp,nao_se_aplica,219.40666666666667,220.02232997982784
savannah,2015,p10,M5_mlp,nao_se_aplica,210.08333333333331,239.8105565017291
savannah,2016,p10,M5_mlp,nao_se_aplica,226.24666666666667,195.45649856674885
savannah,2017,p10,M5_mlp,nao_se_aplica,232.57666666666668,251.45589994808145
savannah,2018,p10,M5_mlp,nao_se_aplica,216.58,193.22202063288535
savannah,2019,p10,M5_mlp,nao_se_aplica,220.29666666666665,175.04731237018012
singapore,2014,p10,M5_mlp,nao_se_aplica,268.43333333333334,245.831931856283
singapore,2015,p10,M5_mlp,nao_se_aplica,271.78000000000003,259.7573097339152
singapore,2016,p10,M5_mlp,nao_se_aplica,262.2683333333333,278.5819814898264
singapore,2017,p10,M5_mlp,nao_se_aplica,262.8066666666667,259.5166396819812
singapore,2018,p10,M5_mlp,nao_se_aplica,259.71666666666664,258.86650851754257
singapore,2019,p10,M5_mlp,nao_se_aplica,269.0566666666666,325.68675325163315
singapore,2022,p10,M5_mlp,nao_se_aplica,238.2,241.07148719743975
singapore,2023,p10,M5_mlp,nao_se_aplica,246.69666666666663,263.4963842594238
berlin,2005,p25,B1_global,nao_se_aplica,221.7,244.7805316091954
berlin,2006,p25,B1_global,nao_se_aplica,226.03333333333333,244.7431752873563
berlin,2007,p25,B1_global,nao_se_aplica,218.9333333333333,244.80438218390802
berlin,2008,p25,B1_global,nao_se_aplica,218.5,244.80811781609194
berlin,2009,p25,B1_global,nao_se_aplica,223.4,244.76587643678158
berlin,2010,p25,B1_global,nao_se_aplica,217.6833333333333,244.815158045977
berlin,2011,p25,B1_global,nao_se_aplica,219.83333333333331,244.7966235632184
berlin,2012,p25,B1_global,nao_se_aplica,216.91666666666663,244.82176724137932
berlin,2013,p25,B1_global,nao_se_aplica,216.56666666666663,244.82478448275862
berlin,2014,p25,B1_global,nao_se_aplica,217.16666666666663,244.8196120689655
berlin,2015,p25,B1_global,nao_se_aplica,215.96666666666667,244.8299568965517
berlin,2016,p25,B1_global,nao_se_aplica,220.01666666666668,244.79504310344825
berlin,2017,p25,B1_global,nao_se_aplica,219.85,244.79647988505747
berlin,2018,p25,B1_global,nao_se_aplica,223.28333333333333,244.76688218390802
berlin,2019,p25,B1_global,nao_se_aplica,217.38333333333333,244.81774425287355
boston,2005,p25,B1_global,nao_se_aplica,211.6833333333333,244.86688218390802
boston,2006,p25,B1_global,nao_se_aplica,205.53333333333333,244.91989942528735
boston,2007,p25,B1_global,nao_se_aplica,208.35,244.89561781609194
boston,2008,p25,B1_global,nao_se_aplica,205.58333333333331,244.91946839080455
boston,2009,p25,B1_global,nao_se_aplica,204.58333333333331,244.92808908045973
boston,2010,p25,B1_global,nao_se_aplica,204.74166666666667,244.926724137931
boston,2011,p25,B1_global,nao_se_aplica,204.1125,244.9321479885057
boston,2012,p25,B1_global,nao_se_aplica,224.7,244.75466954022986
boston,2013,p25,B1_global,nao_se_aplica,199.58333333333331,244.9711925287356
boston,2014,p25,B1_global,nao_se_aplica,205.56666666666663,244.91961206896548
boston,2015,p25,B1_global,nao_se_aplica,198.63333333333333,244.97938218390803
boston,2016,p25,B1_global,nao_se_aplica,206.4333333333333,244.91214080459767
boston,2017,p25,B1_global,nao_se_aplica,208.31666666666663,244.89590517241376
boston,2018,p25,B1_global,nao_se_aplica,204.77916666666667,244.92640086206896
boston,2019,p25,B1_global,nao_se_aplica,200.4333333333333,244.96386494252872
chicago,2005,p25,B1_global,nao_se_aplica,231.3625,244.69723419540225
chicago,2006,p25,B1_global,nao_se_aplica,229.29583333333332,244.71505028735626
chicago,2007,p25,B1_global,nao_se_aplica,260.05,244.4499281609195
chicago,2008,p25,B1_global,nao_se_aplica,248.3,244.55122126436777
chicago,2009,p25,B1_global,nao_se_aplica,230.58333333333331,244.70395114942525
chicago,2010,p25,B1_global,nao_se_aplica,243.81666666666663,244.58987068965516
chicago,2011,p25,B1_global,nao_se_aplica,240.81666666666663,244.61573275862068
chicago,2012,p25,B1_global,nao_se_aplica,232.88333333333333,244.6841235632184
chicago,2013,p25,B1_global,nao_se_aplica,233.81666666666663,244.6760775862069
chicago,2014,p25,B1_global,nao_se_aplica,232.71666666666667,244.68556034482756
chicago,2015,p25,B1_global,nao_se_aplica,234.21666666666667,244.6726293103448
chicago,2016,p25,B1_global,nao_se_aplica,232.76666666666668,244.68512931034482
chicago,2017,p25,B1_global,nao_se_aplica,240.35,244.61975574712645
chicago,2018,p25,B1_global,nao_se_aplica,230.61666666666667,244.70366379310343
chicago,2019,p25,B1_global,nao_se_aplica,225.61666666666667,244.74676724137927
chicago,2022,p25,B1_global,nao_se_aplica,223.9,244.761566091954
chicago,2023,p25,B1_global,nao_se_aplica,215.2,244.836566091954
durban,2022,p25,B1_global,nao_se_aplica,200.7625,244.96102729885055
durban,2024,p25,B1_global,nao_se_aplica,210.94166666666663,244.87327586206897
durban,2025,p25,B1_global,nao_se_aplica,220.0583333333333,244.79468390804595
honolulu,2005,p25,B1_global,nao_se_aplica,284.68333333333334,244.23757183908043
honolulu,2006,p25,B1_global,nao_se_aplica,287.4166666666667,244.21400862068967
honolulu,2007,p25,B1_global,nao_se_aplica,292.3833333333333,244.17119252873565
honolulu,2008,p25,B1_global,nao_se_aplica,289.68333333333334,244.1944683908046
honolulu,2009,p25,B1_global,nao_se_aplica,288.65,244.2033764367816
honolulu,2010,p25,B1_global,nao_se_aplica,294.3416666666667,244.15431034482756
honolulu,2011,p25,B1_global,nao_se_aplica,290.3416666666667,244.18879310344826
honolulu,2012,p25,B1_global,nao_se_aplica,294.62916666666666,244.15183189655173
honolulu,2013,p25,B1_global,nao_se_aplica,306.51666666666665,244.0493534482759
honolulu,2014,p25,B1_global,nao_se_aplica,294.375,244.15402298850574
honolulu,2015,p25,B1_global,nao_se_aplica,309.4166666666667,244.02435344827586
honolulu,2016,p25,B1_global,nao_se_aplica,310.7625,244.0127514367816
honolulu,2017,p25,B1_global,nao_se_aplica,306.2333333333333,244.05179597701147
honolulu,2018,p25,B1_global,nao_se_aplica,309.4583333333333,244.02399425287356
honolulu,2019,p25,B1_global,nao_se_aplica,316.0,243.96760057471263
long_beach,2010,p25,B1_global,nao_se_aplica,250.075,244.53591954022988
long_beach,2011,p25,B1_global,nao_se_aplica,253.59166666666667,244.50560344827585
long_beach,2012,p25,B1_global,nao_se_aplica,262.8125,244.4261135057471
long_beach,2013,p25,B1_global,nao_se_aplica,242.2458333333333,244.60341235632183
long_beach,2014,p25,B1_global,nao_se_aplica,248.625,244.54841954022987
long_beach,2015,p25,B1_global,nao_se_aplica,270.8958333333333,244.35642959770112
long_beach,2016,p25,B1_global,nao_se_aplica,245.71666666666667,244.57349137931033
long_beach,2017,p25,B1_global,nao_se_aplica,249.88333333333333,244.53757183908047
long_beach,2018,p25,B1_global,nao_se_aplica,249.75,244.5387212643678
long_beach,2019,p25,B1_global,nao_se_aplica,245.15833333333333,244.57830459770113
maui,2010,p25,B1_global,nao_se_aplica,266.32916666666665,244.3957974137931
maui,2011,p25,B1_global,nao_se_aplica,262.93333333333334,244.42507183908043
maui,2012,p25,B1_global,nao_se_aplica,262.2333333333333,244.43110632183905
maui,2013,p25,B1_global,nao_se_aplica,272.825,244.33979885057468
maui,2014,p25,B1_global,nao_se_aplica,275.31666666666666,244.31831896551722
nyc,2005,p25,B1_global,nao_se_aplica,243.9375,244.58882902298848
nyc,2006,p25,B1_global,nao_se_aplica,232.53333333333333,244.6871408045977
nyc,2007,p25,B1_global,nao_se_aplica,233.6833333333333,244.67722701149424
nyc,2008,p25,B1_global,nao_se_aplica,229.53333333333333,244.7130028735632
nyc,2009,p25,B1_global,nao_se_aplica,229.88333333333333,244.7099856321839
nyc,2010,p25,B1_global,nao_se_aplica,231.7083333333333,244.6942528735632
nyc,2011,p25,B1_global,nao_se_aplica,231.85,244.6930316091954
nyc,2013,p25,B1_global,nao_se_aplica,233.6,244.67794540229886
nyc,2014,p25,B1_global,nao_se_aplica,236.75,244.65079022988505
nyc,2015,p25,B1_global,nao_se_aplica,239.81666666666663,244.62435344827585
nyc,2016,p25,B1_global,nao_se_aplica,238.89166666666665,244.63232758620688
nyc,2017,p25,B1_global,nao_se_aplica,237.1833333333333,244.64705459770113
nyc,2018,p25,B1_global,nao_se_aplica,237.16666666666663,244.64719827586208
nyc,2019,p25,B1_global,nao_se_aplica,234.6833333333333,244.66860632183906
nyc,2022,p25,B1_global,nao_se_aplica,247.9958333333333,244.5538433908046
nyc,2023,p25,B1_global,nao_se_aplica,235.91666666666663,244.65797413793103
nyc,2024,p25,B1_global,nao_se_aplica,228.86666666666667,244.71874999999997
rio,2023,p25,B1_global,nao_se_aplica,226.96666666666667,244.7351293103448
rio,2024,p25,B1_global,nao_se_aplica,224.7375,244.75434626436777
rio,2025,p25,B1_global,nao_se_aplica,226.16666666666663,244.74202586206897
savannah,2011,p25,B1_global,nao_se_aplica,239.45,244.6275143678161
savannah,2012,p25,B1_global,nao_se_aplica,242.21666666666667,244.60366379310344
savannah,2013,p25,B1_global,nao_se_aplica,241.7083333333333,244.6080459770115
savannah,2014,p25,B1_global,nao_se_aplica,240.8958333333333,244.61505028735633
savannah,2015,p25,B1_global,nao_se_aplica,229.2125,244.7157686781609
savannah,2016,p25,B1_global,nao_se_aplica,251.58333333333331,244.52291666666667
savannah,2017,p25,B1_global,nao_se_aplica,259.45,244.45510057471265
savannah,2018,p25,B1_global,nao_se_aplica,241.53333333333333,244.60955459770113
savannah,2019,p25,B1_global,nao_se_aplica,243.03333333333333,244.59662356321837
singapore,2014,p25,B1_global,nao_se_aplica,310.0833333333333,244.01860632183906
singapore,2015,p25,B1_global,nao_se_aplica,311.26666666666665,244.00840517241377
singapore,2016,p25,B1_global,nao_se_aplica,304.30833333333334,244.06839080459767
singapore,2017,p25,B1_global,nao_se_aplica,307.3666666666667,244.04202586206893
singapore,2018,p25,B1_global,nao_se_aplica,302.93333333333334,244.0802442528735
singapore,2019,p25,B1_global,nao_se_aplica,310.01666666666665,244.01918103448273
singapore,2022,p25,B1_global,nao_se_aplica,278.3666666666667,244.29202586206893
singapore,2023,p25,B1_global,nao_se_aplica,283.325,244.24928160919535
berlin,2005,p25,B2_por_maratona,mediana,221.7,218.71666666666664
berlin,2006,p25,B2_por_maratona,mediana,226.03333333333333,218.71666666666664
berlin,2007,p25,B2_por_maratona,mediana,218.9333333333333,219.16666666666666
berlin,2008,p25,B2_por_maratona,mediana,218.5,219.38333333333333
berlin,2009,p25,B2_por_maratona,mediana,223.4,218.71666666666664
berlin,2010,p25,B2_por_maratona,mediana,217.6833333333333,219.38333333333333
berlin,2011,p25,B2_por_maratona,mediana,219.83333333333331,218.71666666666664
berlin,2012,p25,B2_por_maratona,mediana,216.91666666666663,219.38333333333333
berlin,2013,p25,B2_por_maratona,mediana,216.56666666666663,219.38333333333333
berlin,2014,p25,B2_por_maratona,mediana,217.16666666666663,219.38333333333333
berlin,2015,p25,B2_por_maratona,mediana,215.96666666666667,219.38333333333333
berlin,2016,p25,B2_por_maratona,mediana,220.01666666666668,218.71666666666664
berlin,2017,p25,B2_por_maratona,mediana,219.85,218.71666666666664
berlin,2018,p25,B2_por_maratona,mediana,223.28333333333333,218.71666666666664
berlin,2019,p25,B2_por_maratona,mediana,217.38333333333333,219.38333333333333
boston,2005,p25,B2_por_maratona,mediana,211.6833333333333,205.15625
boston,2006,p25,B2_por_maratona,mediana,205.53333333333333,205.17291666666665
boston,2007,p25,B2_por_maratona,mediana,208.35,205.15625
boston,2008,p25,B2_por_maratona,mediana,205.58333333333331,205.15625
boston,2009,p25,B2_por_maratona,mediana,204.58333333333331,205.54999999999998
boston,2010,p25,B2_por_maratona,mediana,204.74166666666667,205.54999999999998
boston,2011,p25,B2_por_maratona,mediana,204.1125,205.54999999999998
boston,2012,p25,B2_por_maratona,mediana,224.7,205.15625
boston,2013,p25,B2_por_maratona,mediana,199.58333333333331,205.54999999999998
boston,2014,p25,B2_por_maratona,mediana,205.56666666666663,205.15625
boston,2015,p25,B2_por_maratona,mediana,198.63333333333333,205.54999999999998
boston,2016,p25,B2_por_maratona,mediana,206.4333333333333,205.15625
boston,2017,p25,B2_por_maratona,mediana,208.31666666666663,205.15625
boston,2018,p25,B2_por_maratona,mediana,204.77916666666667,205.54999999999998
boston,2019,p25,B2_por_maratona,mediana,200.4333333333333,205.54999999999998
chicago,2005,p25,B2_por_maratona,mediana,231.3625,232.825
chicago,2006,p25,B2_por_maratona,mediana,229.29583333333332,232.825
chicago,2007,p25,B2_por_maratona,mediana,260.05,232.74166666666667
chicago,2008,p25,B2_por_maratona,mediana,248.3,232.74166666666667
chicago,2009,p25,B2_por_maratona,mediana,230.58333333333331,232.825
chicago,2010,p25,B2_por_maratona,mediana,243.81666666666663,232.74166666666667
chicago,2011,p25,B2_por_maratona,mediana,240.81666666666663,232.74166666666667
chicago,2012,p25,B2_por_maratona,mediana,232.88333333333333,232.74166666666667
chicago,2013,p25,B2_por_maratona,mediana,233.81666666666663,232.74166666666667
chicago,2014,p25,B2_por_maratona,mediana,232.71666666666667,232.825
chicago,2015,p25,B2_por_maratona,mediana,234.21666666666667,232.74166666666667
chicago,2016,p25,B2_por_maratona,mediana,232.76666666666668,232.8
chicago,2017,p25,B2_por_maratona,mediana,240.35,232.74166666666667
chicago,2018,p25,B2_por_maratona,mediana,230.61666666666667,232.825
chicago,2019,p25,B2_por_maratona,mediana,225.61666666666667,232.825
chicago,2022,p25,B2_por_maratona,mediana,223.9,232.825
chicago,2023,p25,B2_por_maratona,mediana,215.2,232.825
durban,2022,p25,B2_por_maratona,mediana,200.7625,215.49999999999997
durban,2024,p25,B2_por_maratona,mediana,210.94166666666663,210.41041666666666
durban,2025,p25,B2_por_maratona,mediana,220.0583333333333,205.85208333333333
honolulu,2005,p25,B2_por_maratona,mediana,284.68333333333334,294.5020833333333
honolulu,2006,p25,B2_por_maratona,mediana,287.4166666666667,294.5020833333333
honolulu,2007,p25,B2_por_maratona,mediana,292.3833333333333,294.5020833333333
honolulu,2008,p25,B2_por_maratona,mediana,289.68333333333334,294.5020833333333
honolulu,2009,p25,B2_por_maratona,mediana,288.65,294.5020833333333
honolulu,2010,p25,B2_por_maratona,mediana,294.3416666666667,294.5020833333333
honolulu,2011,p25,B2_por_maratona,mediana,290.3416666666667,294.5020833333333
honolulu,2012,p25,B2_por_maratona,mediana,294.62916666666666,294.35833333333335
honolulu,2013,p25,B2_por_maratona,mediana,306.51666666666665,294.35833333333335
honolulu,2014,p25,B2_por_maratona,mediana,294.375,294.48541666666665
honolulu,2015,p25,B2_por_maratona,mediana,309.4166666666667,294.35833333333335
honolulu,2016,p25,B2_por_maratona,mediana,310.7625,294.35833333333335
honolulu,2017,p25,B2_por_maratona,mediana,306.2333333333333,294.35833333333335
honolulu,2018,p25,B2_por_maratona,mediana,309.4583333333333,294.35833333333335
honolulu,2019,p25,B2_por_maratona,mediana,316.0,294.35833333333335
long_beach,2010,p25,B2_por_maratona,mediana,250.075,249.75
long_beach,2011,p25,B2_por_maratona,mediana,253.59166666666667,249.75
long_beach,2012,p25,B2_por_maratona,mediana,262.8125,249.75
long_beach,2013,p25,B2_por_maratona,mediana,242.2458333333333,249.88333333333333
long_beach,2014,p25,B2_por_maratona,mediana,248.625,249.88333333333333
long_beach,2015,p25,B2_por_maratona,mediana,270.8958333333333,249.75
long_beach,2016,p25,B2_por_maratona,mediana,245.71666666666667,249.88333333333333
long_beach,2017,p25,B2_por_maratona,mediana,249.88333333333333,249.75
long_beach,2018,p25,B2_por_maratona,mediana,249.75,249.88333333333333
long_beach,2019,p25,B2_por_maratona,mediana,245.15833333333333,249.88333333333333
maui,2010,p25,B2_por_maratona,mediana,266.32916666666665,267.87916666666666
maui,2011,p25,B2_por_maratona,mediana,262.93333333333334,269.57708333333335
maui,2012,p25,B2_por_maratona,mediana,262.2333333333333,269.57708333333335
maui,2013,p25,B2_por_maratona,mediana,272.825,264.63125
maui,2014,p25,B2_por_maratona,mediana,275.31666666666666,264.63125
nyc,2005,p25,B2_por_maratona,mediana,243.9375,234.1833333333333
nyc,2006,p25,B2_por_maratona,mediana,232.53333333333333,235.29999999999995
nyc,2007,p25,B2_por_maratona,mediana,233.6833333333333,235.29999999999995
nyc,2008,p25,B2_por_maratona,mediana,229.53333333333333,235.29999999999995
nyc,2009,p25,B2_por_maratona,mediana,229.88333333333333,235.29999999999995
nyc,2010,p25,B2_por_maratona,mediana,231.7083333333333,235.29999999999995
nyc,2011,p25,B2_por_maratona,mediana,231.85,235.29999999999995
nyc,2013,p25,B2_por_maratona,mediana,233.6,235.29999999999995
nyc,2014,p25,B2_por_maratona,mediana,236.75,234.1833333333333
nyc,2015,p25,B2_por_maratona,mediana,239.81666666666663,234.1833333333333
nyc,2016,p25,B2_por_maratona,mediana,238.89166666666665,234.1833333333333
nyc,2017,p25,B2_por_maratona,mediana,237.1833333333333,234.1833333333333
nyc,2018,p25,B2_por_maratona,mediana,237.16666666666663,234.1833333333333
nyc,2019,p25,B2_por_maratona,mediana,234.6833333333333,234.79999999999995
nyc,2022,p25,B2_por_maratona,mediana,247.9958333333333,234.1833333333333
nyc,2023,p25,B2_por_maratona,mediana,235.91666666666663,234.1833333333333
nyc,2024,p25,B2_por_maratona,mediana,228.86666666666667,235.29999999999995
rio,2023,p25,B2_por_maratona,mediana,226.96666666666667,225.45208333333332
rio,2024,p25,B2_por_maratona,mediana,224.7375,226.56666666666666
rio,2025,p25,B2_por_maratona,mediana,226.16666666666663,225.85208333333333
savannah,2011,p25,B2_por_maratona,mediana,239.45,241.96249999999998
savannah,2012,p25,B2_por_maratona,mediana,242.21666666666667,241.6208333333333
savannah,2013,p25,B2_por_maratona,mediana,241.7083333333333,241.875
savannah,2014,p25,B2_por_maratona,mediana,240.8958333333333,241.96249999999998
savannah,2015,p25,B2_por_maratona,mediana,229.2125,241.96249999999998
savannah,2016,p25,B2_por_maratona,mediana,251.58333333333331,241.6208333333333
savannah,2017,p25,B2_por_maratona,mediana,259.45,241.6208333333333
savannah,2018,p25,B2_por_maratona,mediana,241.53333333333333,241.96249999999998
savannah,2019,p25,B2_por_maratona,mediana,243.03333333333333,241.6208333333333
singapore,2014,p25,B2_por_maratona,mediana,310.0833333333333,304.30833333333334
singapore,2015,p25,B2_por_maratona,mediana,311.26666666666665,304.30833333333334
singapore,2016,p25,B2_por_maratona,mediana,304.30833333333334,307.3666666666667
singapore,2017,p25,B2_por_maratona,mediana,307.3666666666667,304.30833333333334
singapore,2018,p25,B2_por_maratona,mediana,302.93333333333334,307.3666666666667
singapore,2019,p25,B2_por_maratona,mediana,310.01666666666665,304.30833333333334
singapore,2022,p25,B2_por_maratona,mediana,278.3666666666667,307.3666666666667
singapore,2023,p25,B2_por_maratona,mediana,283.325,307.3666666666667
berlin,2005,p25,M1_linear,nao_se_aplica,221.7,220.67647242803187
berlin,2006,p25,M1_linear,nao_se_aplica,226.03333333333333,223.0116595684307
berlin,2007,p25,M1_linear,nao_se_aplica,218.9333333333333,221.3790880058852
berlin,2008,p25,M1_linear,nao_se_aplica,218.5,216.41465538816294
berlin,2009,p25,M1_linear,nao_se_aplica,223.4,225.01899032915003
berlin,2010,p25,M1_linear,nao_se_aplica,217.6833333333333,210.50446650534303
berlin,2011,p25,M1_linear,nao_se_aplica,219.83333333333331,221.8057630498675
berlin,2012,p25,M1_linear,nao_se_aplica,216.91666666666663,218.09449191217124
berlin,2013,p25,M1_linear,nao_se_aplica,216.56666666666663,214.08494453590566
berlin,2014,p25,M1_linear,nao_se_aplica,217.16666666666663,219.89135629380613
berlin,2015,p25,M1_linear,nao_se_aplica,215.96666666666667,220.995436200053
berlin,2016,p25,M1_linear,nao_se_aplica,220.01666666666668,226.11518532612996
berlin,2017,p25,M1_linear,nao_se_aplica,219.85,222.5804418206459
berlin,2018,p25,M1_linear,nao_se_aplica,223.28333333333333,213.81556305483434
berlin,2019,p25,M1_linear,nao_se_aplica,217.38333333333333,210.64700572704228
boston,2005,p25,M1_linear,nao_se_aplica,211.6833333333333,202.0024845581297
boston,2006,p25,M1_linear,nao_se_aplica,205.53333333333333,200.41333276541715
boston,2007,p25,M1_linear,nao_se_aplica,208.35,177.7105302815612
boston,2008,p25,M1_linear,nao_se_aplica,205.58333333333331,213.21575833775347
boston,2009,p25,M1_linear,nao_se_aplica,204.58333333333331,200.33936914514567
boston,2010,p25,M1_linear,nao_se_aplica,204.74166666666667,183.86020623352175
boston,2011,p25,M1_linear,nao_se_aplica,204.1125,208.77867245334636
boston,2012,p25,M1_linear,nao_se_aplica,224.7,220.1265090327478
boston,2013,p25,M1_linear,nao_se_aplica,199.58333333333331,211.29252376600667
boston,2014,p25,M1_linear,nao_se_aplica,205.56666666666663,209.65467743891224
boston,2015,p25,M1_linear,nao_se_aplica,198.63333333333333,197.60659478587814
boston,2016,p25,M1_linear,nao_se_aplica,206.4333333333333,233.68175604424647
boston,2017,p25,M1_linear,nao_se_aplica,208.31666666666663,228.46103420230813
boston,2018,p25,M1_linear,nao_se_aplica,204.77916666666667,194.17324330309373
boston,2019,p25,M1_linear,nao_se_aplica,200.4333333333333,194.3245578800917
chicago,2005,p25,M1_linear,nao_se_aplica,231.3625,227.3112940546835
chicago,2006,p25,M1_linear,nao_se_aplica,229.29583333333332,226.40647805097765
chicago,2007,p25,M1_linear,nao_se_aplica,260.05,246.81688916164617
chicago,2008,p25,M1_linear,nao_se_aplica,248.3,245.861650495517
chicago,2009,p25,M1_linear,nao_se_aplica,230.58333333333331,227.02914718584648
chicago,2010,p25,M1_linear,nao_se_aplica,243.81666666666663,248.2989163125828
chicago,2011,p25,M1_linear,nao_se_aplica,240.81666666666663,248.22130927721832
chicago,2012,p25,M1_linear,nao_se_aplica,232.88333333333333,230.07934510409618
chicago,2013,p25,M1_linear,nao_se_aplica,233.81666666666663,226.19790840767251
chicago,2014,p25,M1_linear,nao_se_aplica,232.71666666666667,227.79469178038752
chicago,2015,p25,M1_linear,nao_se_aplica,234.21666666666667,233.68095671700257
chicago,2016,p25,M1_linear,nao_se_aplica,232.76666666666668,228.70084140753173
chicago,2017,p25,M1_linear,nao_se_aplica,240.35,234.99908800585996
chicago,2018,p25,M1_linear,nao_se_aplica,230.61666666666667,230.9831952322973
chicago,2019,p25,M1_linear,nao_se_aplica,225.61666666666667,225.0156145939888
chicago,2022,p25,M1_linear,nao_se_aplica,223.9,234.45874456626944
chicago,2023,p25,M1_linear,nao_se_aplica,215.2,244.3783514176368
durban,2022,p25,M1_linear,nao_se_aplica,200.7625,205.2714326342925
durban,2024,p25,M1_linear,nao_se_aplica,210.94166666666663,217.41765994972423
durban,2025,p25,M1_linear,nao_se_aplica,220.0583333333333,209.84380032332066
honolulu,2005,p25,M1_linear,nao_se_aplica,284.68333333333334,303.85850345027006
honolulu,2006,p25,M1_linear,nao_se_aplica,287.4166666666667,303.6443260771277
honolulu,2007,p25,M1_linear,nao_se_aplica,292.3833333333333,300.15586394977385
honolulu,2008,p25,M1_linear,nao_se_aplica,289.68333333333334,292.2377365819569
honolulu,2009,p25,M1_linear,nao_se_aplica,288.65,294.0370893073765
honolulu,2010,p25,M1_linear,nao_se_aplica,294.3416666666667,294.41477698143177
honolulu,2011,p25,M1_linear,nao_se_aplica,290.3416666666667,294.26749226805515
honolulu,2012,p25,M1_linear,nao_se_aplica,294.62916666666666,297.7130810577762
honolulu,2013,p25,M1_linear,nao_se_aplica,306.51666666666665,302.43578541707717
honolulu,2014,p25,M1_linear,nao_se_aplica,294.375,308.8846635802141
honolulu,2015,p25,M1_linear,nao_se_aplica,309.4166666666667,298.77882662759595
honolulu,2016,p25,M1_linear,nao_se_aplica,310.7625,301.35113388611074
honolulu,2017,p25,M1_linear,nao_se_aplica,306.2333333333333,300.0196461680897
honolulu,2018,p25,M1_linear,nao_se_aplica,309.4583333333333,291.1200372566009
honolulu,2019,p25,M1_linear,nao_se_aplica,316.0,296.7261079826433
long_beach,2010,p25,M1_linear,nao_se_aplica,250.075,251.62063990888663
long_beach,2011,p25,M1_linear,nao_se_aplica,253.59166666666667,252.95169759291778
long_beach,2012,p25,M1_linear,nao_se_aplica,262.8125,252.3666880599295
long_beach,2013,p25,M1_linear,nao_se_aplica,242.2458333333333,246.22260559522365
long_beach,2014,p25,M1_linear,nao_se_aplica,248.625,251.31483503604497
long_beach,2015,p25,M1_linear,nao_se_aplica,270.8958333333333,259.75347699593385
long_beach,2016,p25,M1_linear,nao_se_aplica,245.71666666666667,259.3442018271194
long_beach,2017,p25,M1_linear,nao_se_aplica,249.88333333333333,247.26816346962207
long_beach,2018,p25,M1_linear,nao_se_aplica,249.75,247.0057621969733
long_beach,2019,p25,M1_linear,nao_se_aplica,245.15833333333333,248.03336049783167
maui,2010,p25,M1_linear,nao_se_aplica,266.32916666666665,270.0757506935403
maui,2011,p25,M1_linear,nao_se_aplica,262.93333333333334,274.0444612355566
maui,2012,p25,M1_linear,nao_se_aplica,262.2333333333333,266.28691056480795
maui,2013,p25,M1_linear,nao_se_aplica,272.825,266.84700185992057
maui,2014,p25,M1_linear,nao_se_aplica,275.31666666666666,237.1379145444384
nyc,2005,p25,M1_linear,nao_se_aplica,243.9375,243.72691258975627
nyc,2006,p25,M1_linear,nao_se_aplica,232.53333333333333,228.68612565260327
nyc,2007,p25,M1_linear,nao_se_aplica,233.6833333333333,235.7111102295808
nyc,2008,p25,M1_linear,nao_se_aplica,229.53333333333333,229.4672577297983
nyc,2009,p25,M1_linear,nao_se_aplica,229.88333333333333,247.61509474843015
nyc,2010,p25,M1_linear,nao_se_aplica,231.7083333333333,228.5876152321704
nyc,2011,p25,M1_linear,nao_se_aplica,231.85,232.20542651545276
nyc,2013,p25,M1_linear,nao_se_aplica,233.6,239.1109914926866
nyc,2014,p25,M1_linear,nao_se_aplica,236.75,230.46778903310644
nyc,2015,p25,M1_linear,nao_se_aplica,239.81666666666663,235.89800500504103
nyc,2016,p25,M1_linear,nao_se_aplica,238.89166666666665,233.49300941991496
nyc,2017,p25,M1_linear,nao_se_aplica,237.1833333333333,239.17566872841985
nyc,2018,p25,M1_linear,nao_se_aplica,237.16666666666663,229.83668217161144
nyc,2019,p25,M1_linear,nao_se_aplica,234.6833333333333,231.66062321421123
nyc,2022,p25,M1_linear,nao_se_aplica,247.9958333333333,247.58891053112185
nyc,2023,p25,M1_linear,nao_se_aplica,235.91666666666663,238.22897392301275
nyc,2024,p25,M1_linear,nao_se_aplica,228.86666666666667,233.1138980970533
rio,2023,p25,M1_linear,nao_se_aplica,226.96666666666667,222.5027821630037
rio,2024,p25,M1_linear,nao_se_aplica,224.7375,227.28645194857745
rio,2025,p25,M1_linear,nao_se_aplica,226.16666666666663,231.92049640490256
savannah,2011,p25,M1_linear,nao_se_aplica,239.45,241.8674903781439
savannah,2012,p25,M1_linear,nao_se_aplica,242.21666666666667,246.926812446187
savannah,2013,p25,M1_linear,nao_se_aplica,241.7083333333333,248.3738967811358
savannah,2014,p25,M1_linear,nao_se_aplica,240.8958333333333,245.1406154590191
savannah,2015,p25,M1_linear,nao_se_aplica,229.2125,270.8221651192313
savannah,2016,p25,M1_linear,nao_se_aplica,251.58333333333331,237.96435402786855
savannah,2017,p25,M1_linear,nao_se_aplica,259.45,243.56648314328223
savannah,2018,p25,M1_linear,nao_se_aplica,241.53333333333333,229.5920051140543
savannah,2019,p25,M1_linear,nao_se_aplica,243.03333333333333,234.5669575753213
singapore,2014,p25,M1_linear,nao_se_aplica,310.0833333333333,298.7019971396205
singapore,2015,p25,M1_linear,nao_se_aplica,311.26666666666665,300.3367342834913
singapore,2016,p25,M1_linear,nao_se_aplica,304.30833333333334,303.3445004324238
singapore,2017,p25,M1_linear,nao_se_aplica,307.3666666666667,299.00754212262757
singapore,2018,p25,M1_linear,nao_se_aplica,302.93333333333334,296.1495070645343
singapore,2019,p25,M1_linear,nao_se_aplica,310.01666666666665,437.2139170540112
singapore,2022,p25,M1_linear,nao_se_aplica,278.3666666666667,303.3611625099793
singapore,2023,p25,M1_linear,nao_se_aplica,283.325,300.99377824334795
berlin,2005,p25,M2_ridge,nao_se_aplica,221.7,221.6365810443761
berlin,2006,p25,M2_ridge,nao_se_aplica,226.03333333333333,224.75415559697166
berlin,2007,p25,M2_ridge,nao_se_aplica,218.9333333333333,218.62899873569916
berlin,2008,p25,M2_ridge,nao_se_aplica,218.5,217.5404993981511
berlin,2009,p25,M2_ridge,nao_se_aplica,223.4,221.8538117480367
berlin,2010,p25,M2_ridge,nao_se_aplica,217.6833333333333,210.61116699917488
berlin,2011,p25,M2_ridge,nao_se_aplica,219.83333333333331,222.3403196870742
berlin,2012,p25,M2_ridge,nao_se_aplica,216.91666666666663,218.48887073642766
berlin,2013,p25,M2_ridge,nao_se_aplica,216.56666666666663,215.68631084580704
berlin,2014,p25,M2_ridge,nao_se_aplica,217.16666666666663,220.11752395475924
berlin,2015,p25,M2_ridge,nao_se_aplica,215.96666666666667,220.27401712938885
berlin,2016,p25,M2_ridge,nao_se_aplica,220.01666666666668,225.26066321881854
berlin,2017,p25,M2_ridge,nao_se_aplica,219.85,224.9931454450414
berlin,2018,p25,M2_ridge,nao_se_aplica,223.28333333333333,215.88567795219657
berlin,2019,p25,M2_ridge,nao_se_aplica,217.38333333333333,212.98857810085556
boston,2005,p25,M2_ridge,nao_se_aplica,211.6833333333333,207.38381490232706
boston,2006,p25,M2_ridge,nao_se_aplica,205.53333333333333,206.24987244631063
boston,2007,p25,M2_ridge,nao_se_aplica,208.35,180.17174732905983
boston,2008,p25,M2_ridge,nao_se_aplica,205.58333333333331,207.88624191038735
boston,2009,p25,M2_ridge,nao_se_aplica,204.58333333333331,201.53291041387843
boston,2010,p25,M2_ridge,nao_se_aplica,204.74166666666667,202.5779179763107
boston,2011,p25,M2_ridge,nao_se_aplica,204.1125,206.44983603472053
boston,2012,p25,M2_ridge,nao_se_aplica,224.7,216.3257977573829
boston,2013,p25,M2_ridge,nao_se_aplica,199.58333333333331,207.30264117688202
boston,2014,p25,M2_ridge,nao_se_aplica,205.56666666666663,206.76574984813305
boston,2015,p25,M2_ridge,nao_se_aplica,198.63333333333333,196.94789262851265
boston,2016,p25,M2_ridge,nao_se_aplica,206.4333333333333,219.2441399261891
boston,2017,p25,M2_ridge,nao_se_aplica,208.31666666666663,224.65398802115843
boston,2018,p25,M2_ridge,nao_se_aplica,204.77916666666667,201.11940930872504
boston,2019,p25,M2_ridge,nao_se_aplica,200.4333333333333,198.64261251511132
chicago,2005,p25,M2_ridge,nao_se_aplica,231.3625,231.17921035666373
chicago,2006,p25,M2_ridge,nao_se_aplica,229.29583333333332,223.3158446191713
chicago,2007,p25,M2_ridge,nao_se_aplica,260.05,248.84431253294417
chicago,2008,p25,M2_ridge,nao_se_aplica,248.3,246.47708775901276
chicago,2009,p25,M2_ridge,nao_se_aplica,230.58333333333331,222.7735719547785
chicago,2010,p25,M2_ridge,nao_se_aplica,243.81666666666663,247.926964360876
chicago,2011,p25,M2_ridge,nao_se_aplica,240.81666666666663,245.16841234197273
chicago,2012,p25,M2_ridge,nao_se_aplica,232.88333333333333,229.25242634968356
chicago,2013,p25,M2_ridge,nao_se_aplica,233.81666666666663,232.19882290590368
chicago,2014,p25,M2_ridge,nao_se_aplica,232.71666666666667,229.5832554388325
chicago,2015,p25,M2_ridge,nao_se_aplica,234.21666666666667,235.25223537642148
chicago,2016,p25,M2_ridge,nao_se_aplica,232.76666666666668,231.4515025959729
chicago,2017,p25,M2_ridge,nao_se_aplica,240.35,237.1895981944945
chicago,2018,p25,M2_ridge,nao_se_aplica,230.61666666666667,231.20192760684898
chicago,2019,p25,M2_ridge,nao_se_aplica,225.61666666666667,222.49771736479443
chicago,2022,p25,M2_ridge,nao_se_aplica,223.9,232.66785110845467
chicago,2023,p25,M2_ridge,nao_se_aplica,215.2,240.0566466486089
durban,2022,p25,M2_ridge,nao_se_aplica,200.7625,219.1983065323479
durban,2024,p25,M2_ridge,nao_se_aplica,210.94166666666663,215.9248943514894
durban,2025,p25,M2_ridge,nao_se_aplica,220.0583333333333,205.93692007088606
honolulu,2005,p25,M2_ridge,nao_se_aplica,284.68333333333334,306.19384580350976
honolulu,2006,p25,M2_ridge,nao_se_aplica,287.4166666666667,301.1410149413671
honolulu,2007,p25,M2_ridge,nao_se_aplica,292.3833333333333,300.9603090227395
honolulu,2008,p25,M2_ridge,nao_se_aplica,289.68333333333334,290.57073721979134
honolulu,2009,p25,M2_ridge,nao_se_aplica,288.65,296.106185060676
honolulu,2010,p25,M2_ridge,nao_se_aplica,294.3416666666667,297.93815306635946
honolulu,2011,p25,M2_ridge,nao_se_aplica,290.3416666666667,294.7217517388724
honolulu,2012,p25,M2_ridge,nao_se_aplica,294.62916666666666,298.9317053303508
honolulu,2013,p25,M2_ridge,nao_se_aplica,306.51666666666665,301.4477161190557
honolulu,2014,p25,M2_ridge,nao_se_aplica,294.375,304.51449773835196
honolulu,2015,p25,M2_ridge,nao_se_aplica,309.4166666666667,298.7609762547213
honolulu,2016,p25,M2_ridge,nao_se_aplica,310.7625,299.3367036858137
honolulu,2017,p25,M2_ridge,nao_se_aplica,306.2333333333333,298.81845492800505
honolulu,2018,p25,M2_ridge,nao_se_aplica,309.4583333333333,287.44157800892106
honolulu,2019,p25,M2_ridge,nao_se_aplica,316.0,295.3547958909064
long_beach,2010,p25,M2_ridge,nao_se_aplica,250.075,251.86392154195966
long_beach,2011,p25,M2_ridge,nao_se_aplica,253.59166666666667,253.07948873103896
long_beach,2012,p25,M2_ridge,nao_se_aplica,262.8125,251.76507899461186
long_beach,2013,p25,M2_ridge,nao_se_aplica,242.2458333333333,247.42393939265804
long_beach,2014,p25,M2_ridge,nao_se_aplica,248.625,252.33778153955265
long_beach,2015,p25,M2_ridge,nao_se_aplica,270.8958333333333,262.03628805034805
long_beach,2016,p25,M2_ridge,nao_se_aplica,245.71666666666667,256.9013688685276
long_beach,2017,p25,M2_ridge,nao_se_aplica,249.88333333333333,247.46325149901025
long_beach,2018,p25,M2_ridge,nao_se_aplica,249.75,243.9793009550763
long_beach,2019,p25,M2_ridge,nao_se_aplica,245.15833333333333,247.501822361707
maui,2010,p25,M2_ridge,nao_se_aplica,266.32916666666665,270.76244708820366
maui,2011,p25,M2_ridge,nao_se_aplica,262.93333333333334,271.294643502192
maui,2012,p25,M2_ridge,nao_se_aplica,262.2333333333333,263.00422221092504
maui,2013,p25,M2_ridge,nao_se_aplica,272.825,265.76964808813125
maui,2014,p25,M2_ridge,nao_se_aplica,275.31666666666666,249.80144456781758
nyc,2005,p25,M2_ridge,nao_se_aplica,243.9375,243.3076463987842
nyc,2006,p25,M2_ridge,nao_se_aplica,232.53333333333333,228.88927182250677
nyc,2007,p25,M2_ridge,nao_se_aplica,233.6833333333333,236.0169303297436
nyc,2008,p25,M2_ridge,nao_se_aplica,229.53333333333333,229.67187307252766
nyc,2009,p25,M2_ridge,nao_se_aplica,229.88333333333333,242.9885225571902
nyc,2010,p25,M2_ridge,nao_se_aplica,231.7083333333333,229.39487107520978
nyc,2011,p25,M2_ridge,nao_se_aplica,231.85,230.45285966687362
nyc,2013,p25,M2_ridge,nao_se_aplica,233.6,236.6858274682758
nyc,2014,p25,M2_ridge,nao_se_aplica,236.75,230.86798604585948
nyc,2015,p25,M2_ridge,nao_se_aplica,239.81666666666663,235.715159569309
nyc,2016,p25,M2_ridge,nao_se_aplica,238.89166666666665,236.62117432916247
nyc,2017,p25,M2_ridge,nao_se_aplica,237.1833333333333,240.85974120572453
nyc,2018,p25,M2_ridge,nao_se_aplica,237.16666666666663,231.87705265601218
nyc,2019,p25,M2_ridge,nao_se_aplica,234.6833333333333,230.99153283108654
nyc,2022,p25,M2_ridge,nao_se_aplica,247.9958333333333,247.3438623730413
nyc,2023,p25,M2_ridge,nao_se_aplica,235.91666666666663,239.72295833775914
nyc,2024,p25,M2_ridge,nao_se_aplica,228.86666666666667,234.80668161393655
rio,2023,p25,M2_ridge,nao_se_aplica,226.96666666666667,226.3087267995153
rio,2024,p25,M2_ridge,nao_se_aplica,224.7375,227.352934976131
rio,2025,p25,M2_ridge,nao_se_aplica,226.16666666666663,229.08668746715898
savannah,2011,p25,M2_ridge,nao_se_aplica,239.45,241.37025518094055
savannah,2012,p25,M2_ridge,nao_se_aplica,242.21666666666667,244.02484693795418
savannah,2013,p25,M2_ridge,nao_se_aplica,241.7083333333333,247.34961476467407
savannah,2014,p25,M2_ridge,nao_se_aplica,240.8958333333333,244.79990003097353
savannah,2015,p25,M2_ridge,nao_se_aplica,229.2125,271.25151348276404
savannah,2016,p25,M2_ridge,nao_se_aplica,251.58333333333331,240.9279457127542
savannah,2017,p25,M2_ridge,nao_se_aplica,259.45,242.91913557560125
savannah,2018,p25,M2_ridge,nao_se_aplica,241.53333333333333,232.40271975893444
savannah,2019,p25,M2_ridge,nao_se_aplica,243.03333333333333,234.31516290110815
singapore,2014,p25,M2_ridge,nao_se_aplica,310.0833333333333,298.48233241664707
singapore,2015,p25,M2_ridge,nao_se_aplica,311.26666666666665,299.5353570078426
singapore,2016,p25,M2_ridge,nao_se_aplica,304.30833333333334,301.1980771101751
singapore,2017,p25,M2_ridge,nao_se_aplica,307.3666666666667,298.2483449074941
singapore,2018,p25,M2_ridge,nao_se_aplica,302.93333333333334,296.4226139727344
singapore,2019,p25,M2_ridge,nao_se_aplica,310.01666666666665,307.1118365225784
singapore,2022,p25,M2_ridge,nao_se_aplica,278.3666666666667,301.73722505876606
singapore,2023,p25,M2_ridge,nao_se_aplica,283.325,301.43002698063617
berlin,2005,p25,M3_random_forest,nao_se_aplica,221.7,219.79809928902125
berlin,2006,p25,M3_random_forest,nao_se_aplica,226.03333333333333,224.19894443617747
berlin,2007,p25,M3_random_forest,nao_se_aplica,218.9333333333333,216.68979846230152
berlin,2008,p25,M3_random_forest,nao_se_aplica,218.5,217.34731628637564
berlin,2009,p25,M3_random_forest,nao_se_aplica,223.4,221.55245013227523
berlin,2010,p25,M3_random_forest,nao_se_aplica,217.6833333333333,216.70247371031732
berlin,2011,p25,M3_random_forest,nao_se_aplica,219.83333333333331,221.3683589616402
berlin,2012,p25,M3_random_forest,nao_se_aplica,216.91666666666663,216.52499790839948
berlin,2013,p25,M3_random_forest,nao_se_aplica,216.56666666666663,212.8052367972882
berlin,2014,p25,M3_random_forest,nao_se_aplica,217.16666666666663,219.97709935966833
berlin,2015,p25,M3_random_forest,nao_se_aplica,215.96666666666667,217.21395851521166
berlin,2016,p25,M3_random_forest,nao_se_aplica,220.01666666666668,220.4041502232143
berlin,2017,p25,M3_random_forest,nao_se_aplica,219.85,218.65539479166674
berlin,2018,p25,M3_random_forest,nao_se_aplica,223.28333333333333,217.66473238260568
berlin,2019,p25,M3_random_forest,nao_se_aplica,217.38333333333333,217.71982068452365
boston,2005,p25,M3_random_forest,nao_se_aplica,211.6833333333333,208.59370448495366
boston,2006,p25,M3_random_forest,nao_se_aplica,205.53333333333333,208.28151515790339
boston,2007,p25,M3_random_forest,nao_se_aplica,208.35,206.29998311838617
boston,2008,p25,M3_random_forest,nao_se_aplica,205.58333333333331,207.67049951223552
boston,2009,p25,M3_random_forest,nao_se_aplica,204.58333333333331,204.7851519427911
boston,2010,p25,M3_random_forest,nao_se_aplica,204.74166666666667,205.7960061755951
boston,2011,p25,M3_random_forest,nao_se_aplica,204.1125,205.56302074239412
boston,2012,p25,M3_random_forest,nao_se_aplica,224.7,216.09073940972237
boston,2013,p25,M3_random_forest,nao_se_aplica,199.58333333333331,205.5081005208333
boston,2014,p25,M3_random_forest,nao_se_aplica,205.56666666666663,207.5668596064816
boston,2015,p25,M3_random_forest,nao_se_aplica,198.63333333333333,205.0088360656416
boston,2016,p25,M3_random_forest,nao_se_aplica,206.4333333333333,207.2008103505292
boston,2017,p25,M3_random_forest,nao_se_aplica,208.31666666666663,210.8478411210318
boston,2018,p25,M3_random_forest,nao_se_aplica,204.77916666666667,205.94922572751332
boston,2019,p25,M3_random_forest,nao_se_aplica,200.4333333333333,215.49825010333984
chicago,2005,p25,M3_random_forest,nao_se_aplica,231.3625,232.4983854828041
chicago,2006,p25,M3_random_forest,nao_se_aplica,229.29583333333332,233.0046123842592
chicago,2007,p25,M3_random_forest,nao_se_aplica,260.05,284.5915286830361
chicago,2008,p25,M3_random_forest,nao_se_aplica,248.3,244.30877309027775
chicago,2009,p25,M3_random_forest,nao_se_aplica,230.58333333333331,231.71196869212963
chicago,2010,p25,M3_random_forest,nao_se_aplica,243.81666666666663,245.96000293485443
chicago,2011,p25,M3_random_forest,nao_se_aplica,240.81666666666663,243.28283992642207
chicago,2012,p25,M3_random_forest,nao_se_aplica,232.88333333333333,229.8458674313822
chicago,2013,p25,M3_random_forest,nao_se_aplica,233.81666666666663,234.62293737298577
chicago,2014,p25,M3_random_forest,nao_se_aplica,232.71666666666667,232.71455696962184
chicago,2015,p25,M3_random_forest,nao_se_aplica,234.21666666666667,239.89211595155408
chicago,2016,p25,M3_random_forest,nao_se_aplica,232.76666666666668,233.7231822300384
chicago,2017,p25,M3_random_forest,nao_se_aplica,240.35,239.73784875578696
chicago,2018,p25,M3_random_forest,nao_se_aplica,230.61666666666667,238.98259565972236
chicago,2019,p25,M3_random_forest,nao_se_aplica,225.61666666666667,231.8503543154761
chicago,2022,p25,M3_random_forest,nao_se_aplica,223.9,231.64119261326016
chicago,2023,p25,M3_random_forest,nao_se_aplica,215.2,230.3390817088296
durban,2022,p25,M3_random_forest,nao_se_aplica,200.7625,245.11795902777786
durban,2024,p25,M3_random_forest,nao_se_aplica,210.94166666666663,232.34521046626952
durban,2025,p25,M3_random_forest,nao_se_aplica,220.0583333333333,227.61756315724182
honolulu,2005,p25,M3_random_forest,nao_se_aplica,284.68333333333334,294.7829935350532
honolulu,2006,p25,M3_random_forest,nao_se_aplica,287.4166666666667,276.78839474206364
honolulu,2007,p25,M3_random_forest,nao_se_aplica,292.3833333333333,295.58551783647493
honolulu,2008,p25,M3_random_forest,nao_se_aplica,289.68333333333334,294.35163594990115
honolulu,2009,p25,M3_random_forest,nao_se_aplica,288.65,276.91980688657424
honolulu,2010,p25,M3_random_forest,nao_se_aplica,294.3416666666667,285.205765873016
honolulu,2011,p25,M3_random_forest,nao_se_aplica,290.3416666666667,286.3852873553246
honolulu,2012,p25,M3_random_forest,nao_se_aplica,294.62916666666666,298.81780179398163
honolulu,2013,p25,M3_random_forest,nao_se_aplica,306.51666666666665,303.60013032407437
honolulu,2014,p25,M3_random_forest,nao_se_aplica,294.375,301.58248422619045
honolulu,2015,p25,M3_random_forest,nao_se_aplica,309.4166666666667,295.2457356481489
honolulu,2016,p25,M3_random_forest,nao_se_aplica,310.7625,304.7409457713296
honolulu,2017,p25,M3_random_forest,nao_se_aplica,306.2333333333333,301.18019529183226
honolulu,2018,p25,M3_random_forest,nao_se_aplica,309.4583333333333,298.4943541914682
honolulu,2019,p25,M3_random_forest,nao_se_aplica,316.0,299.26899875541136
long_beach,2010,p25,M3_random_forest,nao_se_aplica,250.075,245.11292024636242
long_beach,2011,p25,M3_random_forest,nao_se_aplica,253.59166666666667,245.87202544229487
long_beach,2012,p25,M3_random_forest,nao_se_aplica,262.8125,248.05786681547607
long_beach,2013,p25,M3_random_forest,nao_se_aplica,242.2458333333333,248.8787921709656
long_beach,2014,p25,M3_random_forest,nao_se_aplica,248.625,252.21000326967598
long_beach,2015,p25,M3_random_forest,nao_se_aplica,270.8958333333333,262.638642898479
long_beach,2016,p25,M3_random_forest,nao_se_aplica,245.71666666666667,252.61513097718228
long_beach,2017,p25,M3_random_forest,nao_se_aplica,249.88333333333333,250.68551386408714
long_beach,2018,p25,M3_random_forest,nao_se_aplica,249.75,248.28315027695112
long_beach,2019,p25,M3_random_forest,nao_se_aplica,245.15833333333333,246.16223464368375
maui,2010,p25,M3_random_forest,nao_se_aplica,266.32916666666665,265.9861769585736
maui,2011,p25,M3_random_forest,nao_se_aplica,262.93333333333334,266.73592862028005
maui,2012,p25,M3_random_forest,nao_se_aplica,262.2333333333333,265.2109611772488
maui,2013,p25,M3_random_forest,nao_se_aplica,272.825,266.0335088996363
maui,2014,p25,M3_random_forest,nao_se_aplica,275.31666666666666,267.16638857886915
nyc,2005,p25,M3_random_forest,nao_se_aplica,243.9375,239.15744493220893
nyc,2006,p25,M3_random_forest,nao_se_aplica,232.53333333333333,233.3730261491404
nyc,2007,p25,M3_random_forest,nao_se_aplica,233.6833333333333,233.20476483134942
nyc,2008,p25,M3_random_forest,nao_se_aplica,229.53333333333333,232.3187851934525
nyc,2009,p25,M3_random_forest,nao_se_aplica,229.88333333333333,233.48113367228854
nyc,2010,p25,M3_random_forest,nao_se_aplica,231.7083333333333,231.84998792576084
nyc,2011,p25,M3_random_forest,nao_se_aplica,231.85,233.17041424437826
nyc,2013,p25,M3_random_forest,nao_se_aplica,233.6,234.4839380704365
nyc,2014,p25,M3_random_forest,nao_se_aplica,236.75,232.66900793650805
nyc,2015,p25,M3_random_forest,nao_se_aplica,239.81666666666663,237.54120837053568
nyc,2016,p25,M3_random_forest,nao_se_aplica,238.89166666666665,234.61913825644825
nyc,2017,p25,M3_random_forest,nao_se_aplica,237.1833333333333,237.80541165261258
nyc,2018,p25,M3_random_forest,nao_se_aplica,237.16666666666663,233.54381401703037
nyc,2019,p25,M3_random_forest,nao_se_aplica,234.6833333333333,232.13317974762492
nyc,2022,p25,M3_random_forest,nao_se_aplica,247.9958333333333,245.15517977430557
nyc,2023,p25,M3_random_forest,nao_se_aplica,235.91666666666663,229.605601438492
nyc,2024,p25,M3_random_forest,nao_se_aplica,228.86666666666667,227.97580546048283
rio,2023,p25,M3_random_forest,nao_se_aplica,226.96666666666667,238.1925576554233
rio,2024,p25,M3_random_forest,nao_se_aplica,224.7375,239.04035680390223
rio,2025,p25,M3_random_forest,nao_se_aplica,226.16666666666663,253.73025821759268
savannah,2011,p25,M3_random_forest,nao_se_aplica,239.45,235.1843042948081
savannah,2012,p25,M3_random_forest,nao_se_aplica,242.21666666666667,243.23872569857798
savannah,2013,p25,M3_random_forest,nao_se_aplica,241.7083333333333,239.53926732390858
savannah,2014,p25,M3_random_forest,nao_se_aplica,240.8958333333333,241.29389895006602
savannah,2015,p25,M3_random_forest,nao_se_aplica,229.2125,279.5294646618716
savannah,2016,p25,M3_random_forest,nao_se_aplica,251.58333333333331,242.80683272569456
savannah,2017,p25,M3_random_forest,nao_se_aplica,259.45,245.2759733382938
savannah,2018,p25,M3_random_forest,nao_se_aplica,241.53333333333333,238.2940215029759
savannah,2019,p25,M3_random_forest,nao_se_aplica,243.03333333333333,236.3933692212301
singapore,2014,p25,M3_random_forest,nao_se_aplica,310.0833333333333,298.92980853587983
singapore,2015,p25,M3_random_forest,nao_se_aplica,311.26666666666665,303.8798379133598
singapore,2016,p25,M3_random_forest,nao_se_aplica,304.30833333333334,305.49976748511915
singapore,2017,p25,M3_random_forest,nao_se_aplica,307.3666666666667,298.7329063244048
singapore,2018,p25,M3_random_forest,nao_se_aplica,302.93333333333334,305.6802267278436
singapore,2019,p25,M3_random_forest,nao_se_aplica,310.01666666666665,291.60882864169974
singapore,2022,p25,M3_random_forest,nao_se_aplica,278.3666666666667,301.1765530423279
singapore,2023,p25,M3_random_forest,nao_se_aplica,283.325,293.70866216931176
berlin,2005,p25,M4_hist_gbm,nao_se_aplica,221.7,220.67241802522213
berlin,2006,p25,M4_hist_gbm,nao_se_aplica,226.03333333333333,222.42783904950622
berlin,2007,p25,M4_hist_gbm,nao_se_aplica,218.9333333333333,218.30929667768163
berlin,2008,p25,M4_hist_gbm,nao_se_aplica,218.5,218.94446349257376
berlin,2009,p25,M4_hist_gbm,nao_se_aplica,223.4,225.10489777142624
berlin,2010,p25,M4_hist_gbm,nao_se_aplica,217.6833333333333,215.9263480414484
berlin,2011,p25,M4_hist_gbm,nao_se_aplica,219.83333333333331,220.9347647564676
berlin,2012,p25,M4_hist_gbm,nao_se_aplica,216.91666666666663,217.46856795820477
berlin,2013,p25,M4_hist_gbm,nao_se_aplica,216.56666666666663,214.23035043517814
berlin,2014,p25,M4_hist_gbm,nao_se_aplica,217.16666666666663,219.71867168360149
berlin,2015,p25,M4_hist_gbm,nao_se_aplica,215.96666666666667,217.78273554267355
berlin,2016,p25,M4_hist_gbm,nao_se_aplica,220.01666666666668,222.6008454388103
berlin,2017,p25,M4_hist_gbm,nao_se_aplica,219.85,219.27206037416408
berlin,2018,p25,M4_hist_gbm,nao_se_aplica,223.28333333333333,216.39738794169887
berlin,2019,p25,M4_hist_gbm,nao_se_aplica,217.38333333333333,218.27990933941643
boston,2005,p25,M4_hist_gbm,nao_se_aplica,211.6833333333333,213.0665910658362
boston,2006,p25,M4_hist_gbm,nao_se_aplica,205.53333333333333,208.94674007789249
boston,2007,p25,M4_hist_gbm,nao_se_aplica,208.35,203.24353912752215
boston,2008,p25,M4_hist_gbm,nao_se_aplica,205.58333333333331,206.82106867470668
boston,2009,p25,M4_hist_gbm,nao_se_aplica,204.58333333333331,204.47568928818035
boston,2010,p25,M4_hist_gbm,nao_se_aplica,204.74166666666667,207.01780802268038
boston,2011,p25,M4_hist_gbm,nao_se_aplica,204.1125,204.2434181250624
boston,2012,p25,M4_hist_gbm,nao_se_aplica,224.7,215.04361602464812
boston,2013,p25,M4_hist_gbm,nao_se_aplica,199.58333333333331,204.5921395371165
boston,2014,p25,M4_hist_gbm,nao_se_aplica,205.56666666666663,206.04863962851795
boston,2015,p25,M4_hist_gbm,nao_se_aplica,198.63333333333333,200.50834953617164
boston,2016,p25,M4_hist_gbm,nao_se_aplica,206.4333333333333,207.78244227170177
boston,2017,p25,M4_hist_gbm,nao_se_aplica,208.31666666666663,208.80249287856043
boston,2018,p25,M4_hist_gbm,nao_se_aplica,204.77916666666667,201.0257782402526
boston,2019,p25,M4_hist_gbm,nao_se_aplica,200.4333333333333,216.1532080487328
chicago,2005,p25,M4_hist_gbm,nao_se_aplica,231.3625,232.54292706808718
chicago,2006,p25,M4_hist_gbm,nao_se_aplica,229.29583333333332,231.32477669076135
chicago,2007,p25,M4_hist_gbm,nao_se_aplica,260.05,278.1528035528589
chicago,2008,p25,M4_hist_gbm,nao_se_aplica,248.3,243.8335669279797
chicago,2009,p25,M4_hist_gbm,nao_se_aplica,230.58333333333331,230.31219323405935
chicago,2010,p25,M4_hist_gbm,nao_se_aplica,243.81666666666663,244.40896060825503
chicago,2011,p25,M4_hist_gbm,nao_se_aplica,240.81666666666663,242.32539878921915
chicago,2012,p25,M4_hist_gbm,nao_se_aplica,232.88333333333333,230.0968062993521
chicago,2013,p25,M4_hist_gbm,nao_se_aplica,233.81666666666663,234.80495668146298
chicago,2014,p25,M4_hist_gbm,nao_se_aplica,232.71666666666667,232.69811635065082
chicago,2015,p25,M4_hist_gbm,nao_se_aplica,234.21666666666667,238.95159015744196
chicago,2016,p25,M4_hist_gbm,nao_se_aplica,232.76666666666668,232.74247811995698
chicago,2017,p25,M4_hist_gbm,nao_se_aplica,240.35,242.83592960497091
chicago,2018,p25,M4_hist_gbm,nao_se_aplica,230.61666666666667,238.34877485708753
chicago,2019,p25,M4_hist_gbm,nao_se_aplica,225.61666666666667,230.8087265721518
chicago,2022,p25,M4_hist_gbm,nao_se_aplica,223.9,224.2381858302128
chicago,2023,p25,M4_hist_gbm,nao_se_aplica,215.2,226.98344381279662
durban,2022,p25,M4_hist_gbm,nao_se_aplica,200.7625,233.3778459841814
durban,2024,p25,M4_hist_gbm,nao_se_aplica,210.94166666666663,236.7071224107382
durban,2025,p25,M4_hist_gbm,nao_se_aplica,220.0583333333333,226.4210977047294
honolulu,2005,p25,M4_hist_gbm,nao_se_aplica,284.68333333333334,293.0731504981993
honolulu,2006,p25,M4_hist_gbm,nao_se_aplica,287.4166666666667,264.23000734044933
honolulu,2007,p25,M4_hist_gbm,nao_se_aplica,292.3833333333333,293.7400591585905
honolulu,2008,p25,M4_hist_gbm,nao_se_aplica,289.68333333333334,295.4194195088664
honolulu,2009,p25,M4_hist_gbm,nao_se_aplica,288.65,267.77137826614097
honolulu,2010,p25,M4_hist_gbm,nao_se_aplica,294.3416666666667,290.40365690012544
honolulu,2011,p25,M4_hist_gbm,nao_se_aplica,290.3416666666667,282.87329799917137
honolulu,2012,p25,M4_hist_gbm,nao_se_aplica,294.62916666666666,302.6010933865496
honolulu,2013,p25,M4_hist_gbm,nao_se_aplica,306.51666666666665,308.47009773850436
honolulu,2014,p25,M4_hist_gbm,nao_se_aplica,294.375,306.59209901126457
honolulu,2015,p25,M4_hist_gbm,nao_se_aplica,309.4166666666667,292.4155901561355
honolulu,2016,p25,M4_hist_gbm,nao_se_aplica,310.7625,307.7073896113678
honolulu,2017,p25,M4_hist_gbm,nao_se_aplica,306.2333333333333,297.62741155438124
honolulu,2018,p25,M4_hist_gbm,nao_se_aplica,309.4583333333333,301.21603707157857
honolulu,2019,p25,M4_hist_gbm,nao_se_aplica,316.0,295.62618015162957
long_beach,2010,p25,M4_hist_gbm,nao_se_aplica,250.075,246.73442161296836
long_beach,2011,p25,M4_hist_gbm,nao_se_aplica,253.59166666666667,247.27233364743512
long_beach,2012,p25,M4_hist_gbm,nao_se_aplica,262.8125,249.30424935218704
long_beach,2013,p25,M4_hist_gbm,nao_se_aplica,242.2458333333333,247.970786071763
long_beach,2014,p25,M4_hist_gbm,nao_se_aplica,248.625,252.86883977674418
long_beach,2015,p25,M4_hist_gbm,nao_se_aplica,270.8958333333333,262.0865949886486
long_beach,2016,p25,M4_hist_gbm,nao_se_aplica,245.71666666666667,253.88584095651026
long_beach,2017,p25,M4_hist_gbm,nao_se_aplica,249.88333333333333,248.1538719424245
long_beach,2018,p25,M4_hist_gbm,nao_se_aplica,249.75,242.91271855590287
long_beach,2019,p25,M4_hist_gbm,nao_se_aplica,245.15833333333333,247.9834871490011
maui,2010,p25,M4_hist_gbm,nao_se_aplica,266.32916666666665,267.49049719116795
maui,2011,p25,M4_hist_gbm,nao_se_aplica,262.93333333333334,266.12321360536373
maui,2012,p25,M4_hist_gbm,nao_se_aplica,262.2333333333333,269.5954305722686
maui,2013,p25,M4_hist_gbm,nao_se_aplica,272.825,265.1926086166955
maui,2014,p25,M4_hist_gbm,nao_se_aplica,275.31666666666666,269.70709433623085
nyc,2005,p25,M4_hist_gbm,nao_se_aplica,243.9375,236.5205333625389
nyc,2006,p25,M4_hist_gbm,nao_se_aplica,232.53333333333333,235.8246203352073
nyc,2007,p25,M4_hist_gbm,nao_se_aplica,233.6833333333333,232.9172057772035
nyc,2008,p25,M4_hist_gbm,nao_se_aplica,229.53333333333333,231.72975582989403
nyc,2009,p25,M4_hist_gbm,nao_se_aplica,229.88333333333333,235.13124446003272
nyc,2010,p25,M4_hist_gbm,nao_se_aplica,231.7083333333333,231.0702134429547
nyc,2011,p25,M4_hist_gbm,nao_se_aplica,231.85,230.678052784619
nyc,2013,p25,M4_hist_gbm,nao_se_aplica,233.6,235.18079756368232
nyc,2014,p25,M4_hist_gbm,nao_se_aplica,236.75,232.69309447541224
nyc,2015,p25,M4_hist_gbm,nao_se_aplica,239.81666666666663,238.66975895329148
nyc,2016,p25,M4_hist_gbm,nao_se_aplica,238.89166666666665,231.25498209437475
nyc,2017,p25,M4_hist_gbm,nao_se_aplica,237.1833333333333,236.386194675091
nyc,2018,p25,M4_hist_gbm,nao_se_aplica,237.16666666666663,233.15608059702492
nyc,2019,p25,M4_hist_gbm,nao_se_aplica,234.6833333333333,233.41524803068125
nyc,2022,p25,M4_hist_gbm,nao_se_aplica,247.9958333333333,265.5870208920526
nyc,2023,p25,M4_hist_gbm,nao_se_aplica,235.91666666666663,234.07854570492475
nyc,2024,p25,M4_hist_gbm,nao_se_aplica,228.86666666666667,229.31643883162562
rio,2023,p25,M4_hist_gbm,nao_se_aplica,226.96666666666667,226.41728392731292
rio,2024,p25,M4_hist_gbm,nao_se_aplica,224.7375,228.4287675615429
rio,2025,p25,M4_hist_gbm,nao_se_aplica,226.16666666666663,245.51955054368338
savannah,2011,p25,M4_hist_gbm,nao_se_aplica,239.45,236.43127090943833
savannah,2012,p25,M4_hist_gbm,nao_se_aplica,242.21666666666667,243.3713710607757
savannah,2013,p25,M4_hist_gbm,nao_se_aplica,241.7083333333333,240.4514588342014
savannah,2014,p25,M4_hist_gbm,nao_se_aplica,240.8958333333333,243.14536006205975
savannah,2015,p25,M4_hist_gbm,nao_se_aplica,229.2125,288.1174921866061
savannah,2016,p25,M4_hist_gbm,nao_se_aplica,251.58333333333331,245.0914516280023
savannah,2017,p25,M4_hist_gbm,nao_se_aplica,259.45,248.1794308798695
savannah,2018,p25,M4_hist_gbm,nao_se_aplica,241.53333333333333,234.98038290213876
savannah,2019,p25,M4_hist_gbm,nao_se_aplica,243.03333333333333,238.93110956063347
singapore,2014,p25,M4_hist_gbm,nao_se_aplica,310.0833333333333,297.7248670563111
singapore,2015,p25,M4_hist_gbm,nao_se_aplica,311.26666666666665,305.58778101308155
singapore,2016,p25,M4_hist_gbm,nao_se_aplica,304.30833333333334,306.31249095925097
singapore,2017,p25,M4_hist_gbm,nao_se_aplica,307.3666666666667,308.39262817515277
singapore,2018,p25,M4_hist_gbm,nao_se_aplica,302.93333333333334,299.6581985598711
singapore,2019,p25,M4_hist_gbm,nao_se_aplica,310.01666666666665,283.80990718254014
singapore,2022,p25,M4_hist_gbm,nao_se_aplica,278.3666666666667,296.2964205229668
singapore,2023,p25,M4_hist_gbm,nao_se_aplica,283.325,302.05032144804915
berlin,2005,p25,M5_mlp,nao_se_aplica,221.7,238.86843183571781
berlin,2006,p25,M5_mlp,nao_se_aplica,226.03333333333333,229.12914638360232
berlin,2007,p25,M5_mlp,nao_se_aplica,218.9333333333333,210.2670447082319
berlin,2008,p25,M5_mlp,nao_se_aplica,218.5,200.35450383492383
berlin,2009,p25,M5_mlp,nao_se_aplica,223.4,253.97651608192533
berlin,2010,p25,M5_mlp,nao_se_aplica,217.6833333333333,196.57552570912677
berlin,2011,p25,M5_mlp,nao_se_aplica,219.83333333333331,216.1799574084375
berlin,2012,p25,M5_mlp,nao_se_aplica,216.91666666666663,196.68729335310914
berlin,2013,p25,M5_mlp,nao_se_aplica,216.56666666666663,219.128419668061
berlin,2014,p25,M5_mlp,nao_se_aplica,217.16666666666663,212.5578352101779
berlin,2015,p25,M5_mlp,nao_se_aplica,215.96666666666667,216.00980099134503
berlin,2016,p25,M5_mlp,nao_se_aplica,220.01666666666668,224.33149827475222
berlin,2017,p25,M5_mlp,nao_se_aplica,219.85,247.62265610723458
berlin,2018,p25,M5_mlp,nao_se_aplica,223.28333333333333,193.7089416396799
berlin,2019,p25,M5_mlp,nao_se_aplica,217.38333333333333,225.54017832200205
boston,2005,p25,M5_mlp,nao_se_aplica,211.6833333333333,199.6548647955618
boston,2006,p25,M5_mlp,nao_se_aplica,205.53333333333333,176.45578313615644
boston,2007,p25,M5_mlp,nao_se_aplica,208.35,229.9272916170795
boston,2008,p25,M5_mlp,nao_se_aplica,205.58333333333331,179.67947785137164
boston,2009,p25,M5_mlp,nao_se_aplica,204.58333333333331,219.64726562829213
boston,2010,p25,M5_mlp,nao_se_aplica,204.74166666666667,139.2282001965647
boston,2011,p25,M5_mlp,nao_se_aplica,204.1125,222.17462015956625
boston,2012,p25,M5_mlp,nao_se_aplica,224.7,159.7303639895864
boston,2013,p25,M5_mlp,nao_se_aplica,199.58333333333331,209.82785321824173
boston,2014,p25,M5_mlp,nao_se_aplica,205.56666666666663,231.2114113492996
boston,2015,p25,M5_mlp,nao_se_aplica,198.63333333333333,188.13858787208642
boston,2016,p25,M5_mlp,nao_se_aplica,206.4333333333333,225.40134345640843
boston,2017,p25,M5_mlp,nao_se_aplica,208.31666666666663,205.09660101196113
boston,2018,p25,M5_mlp,nao_se_aplica,204.77916666666667,343.42715066825224
boston,2019,p25,M5_mlp,nao_se_aplica,200.4333333333333,89.6162409239092
chicago,2005,p25,M5_mlp,nao_se_aplica,231.3625,210.33325586374954
chicago,2006,p25,M5_mlp,nao_se_aplica,229.29583333333332,264.24413029864735
chicago,2007,p25,M5_mlp,nao_se_aplica,260.05,179.44379471690593
chicago,2008,p25,M5_mlp,nao_se_aplica,248.3,225.2734586098093
chicago,2009,p25,M5_mlp,nao_se_aplica,230.58333333333331,290.1354507117684
chicago,2010,p25,M5_mlp,nao_se_aplica,243.81666666666663,276.21561655734206
chicago,2011,p25,M5_mlp,nao_se_aplica,240.81666666666663,255.57084018550464
chicago,2012,p25,M5_mlp,nao_se_aplica,232.88333333333333,237.02519427140686
chicago,2013,p25,M5_mlp,nao_se_aplica,233.81666666666663,209.2984357899812
chicago,2014,p25,M5_mlp,nao_se_aplica,232.71666666666667,211.88843948710868
chicago,2015,p25,M5_mlp,nao_se_aplica,234.21666666666667,227.03745416566997
chicago,2016,p25,M5_mlp,nao_se_aplica,232.76666666666668,208.61363925169024
chicago,2017,p25,M5_mlp,nao_se_aplica,240.35,242.74820015423185
chicago,2018,p25,M5_mlp,nao_se_aplica,230.61666666666667,208.04319888166972
chicago,2019,p25,M5_mlp,nao_se_aplica,225.61666666666667,242.3374467438156
chicago,2022,p25,M5_mlp,nao_se_aplica,223.9,265.2136191834617
chicago,2023,p25,M5_mlp,nao_se_aplica,215.2,166.26382417494216
durban,2022,p25,M5_mlp,nao_se_aplica,200.7625,275.45311631165043
durban,2024,p25,M5_mlp,nao_se_aplica,210.94166666666663,150.05014739167189
durban,2025,p25,M5_mlp,nao_se_aplica,220.0583333333333,198.70159489271003
honolulu,2005,p25,M5_mlp,nao_se_aplica,284.68333333333334,297.5266483793258
honolulu,2006,p25,M5_mlp,nao_se_aplica,287.4166666666667,274.96354236198505
honolulu,2007,p25,M5_mlp,nao_se_aplica,292.3833333333333,303.61899345640904
honolulu,2008,p25,M5_mlp,nao_se_aplica,289.68333333333334,269.64646573430997
honolulu,2009,p25,M5_mlp,nao_se_aplica,288.65,278.33586925777144
honolulu,2010,p25,M5_mlp,nao_se_aplica,294.3416666666667,290.4405019856503
honolulu,2011,p25,M5_mlp,nao_se_aplica,290.3416666666667,282.51892636816194
honolulu,2012,p25,M5_mlp,nao_se_aplica,294.62916666666666,297.49495476765924
honolulu,2013,p25,M5_mlp,nao_se_aplica,306.51666666666665,316.1980268736808
honolulu,2014,p25,M5_mlp,nao_se_aplica,294.375,323.92784444180984
honolulu,2015,p25,M5_mlp,nao_se_aplica,309.4166666666667,299.95117373844147
honolulu,2016,p25,M5_mlp,nao_se_aplica,310.7625,315.37469171357947
honolulu,2017,p25,M5_mlp,nao_se_aplica,306.2333333333333,296.3889375714611
honolulu,2018,p25,M5_mlp,nao_se_aplica,309.4583333333333,276.40181736052693
honolulu,2019,p25,M5_mlp,nao_se_aplica,316.0,284.72988923717355
long_beach,2010,p25,M5_mlp,nao_se_aplica,250.075,265.11565283515125
long_beach,2011,p25,M5_mlp,nao_se_aplica,253.59166666666667,223.6395449979672
long_beach,2012,p25,M5_mlp,nao_se_aplica,262.8125,263.50744320608374
long_beach,2013,p25,M5_mlp,nao_se_aplica,242.2458333333333,234.43353118924628
long_beach,2014,p25,M5_mlp,nao_se_aplica,248.625,256.35132743749705
long_beach,2015,p25,M5_mlp,nao_se_aplica,270.8958333333333,300.8751141987359
long_beach,2016,p25,M5_mlp,nao_se_aplica,245.71666666666667,274.39366856032973
long_beach,2017,p25,M5_mlp,nao_se_aplica,249.88333333333333,249.40947661625862
long_beach,2018,p25,M5_mlp,nao_se_aplica,249.75,254.81397529727695
long_beach,2019,p25,M5_mlp,nao_se_aplica,245.15833333333333,218.96841329327577
maui,2010,p25,M5_mlp,nao_se_aplica,266.32916666666665,258.5494760872012
maui,2011,p25,M5_mlp,nao_se_aplica,262.93333333333334,280.18098475893163
maui,2012,p25,M5_mlp,nao_se_aplica,262.2333333333333,247.0966001068654
maui,2013,p25,M5_mlp,nao_se_aplica,272.825,256.478512833024
maui,2014,p25,M5_mlp,nao_se_aplica,275.31666666666666,292.4643339809395
nyc,2005,p25,M5_mlp,nao_se_aplica,243.9375,195.43883040948236
nyc,2006,p25,M5_mlp,nao_se_aplica,232.53333333333333,274.1779660116893
nyc,2007,p25,M5_mlp,nao_se_aplica,233.6833333333333,198.6388352003165
nyc,2008,p25,M5_mlp,nao_se_aplica,229.53333333333333,223.1636573250516
nyc,2009,p25,M5_mlp,nao_se_aplica,229.88333333333333,251.30656837730615
nyc,2010,p25,M5_mlp,nao_se_aplica,231.7083333333333,223.58845661686095
nyc,2011,p25,M5_mlp,nao_se_aplica,231.85,222.19304936888744
nyc,2013,p25,M5_mlp,nao_se_aplica,233.6,230.2855952863827
nyc,2014,p25,M5_mlp,nao_se_aplica,236.75,263.3804211546891
nyc,2015,p25,M5_mlp,nao_se_aplica,239.81666666666663,209.49329267698565
nyc,2016,p25,M5_mlp,nao_se_aplica,238.89166666666665,224.54325129025946
nyc,2017,p25,M5_mlp,nao_se_aplica,237.1833333333333,278.43856538844864
nyc,2018,p25,M5_mlp,nao_se_aplica,237.16666666666663,221.88523227167846
nyc,2019,p25,M5_mlp,nao_se_aplica,234.6833333333333,238.2084934472207
nyc,2022,p25,M5_mlp,nao_se_aplica,247.9958333333333,217.8524627687957
nyc,2023,p25,M5_mlp,nao_se_aplica,235.91666666666663,232.10542827322968
nyc,2024,p25,M5_mlp,nao_se_aplica,228.86666666666667,238.57019656616308
rio,2023,p25,M5_mlp,nao_se_aplica,226.96666666666667,214.1787910899748
rio,2024,p25,M5_mlp,nao_se_aplica,224.7375,236.07152280458223
rio,2025,p25,M5_mlp,nao_se_aplica,226.16666666666663,240.11646655250053
savannah,2011,p25,M5_mlp,nao_se_aplica,239.45,275.56171391608314
savannah,2012,p25,M5_mlp,nao_se_aplica,242.21666666666667,222.80780431847649
savannah,2013,p25,M5_mlp,nao_se_aplica,241.7083333333333,238.9860886967282
savannah,2014,p25,M5_mlp,nao_se_aplica,240.8958333333333,240.2442273037802
savannah,2015,p25,M5_mlp,nao_se_aplica,229.2125,271.578824243731
savannah,2016,p25,M5_mlp,nao_se_aplica,251.58333333333331,217.12568636799662
savannah,2017,p25,M5_mlp,nao_se_aplica,259.45,272.2652358620463
savannah,2018,p25,M5_mlp,nao_se_aplica,241.53333333333333,208.60844249519135
savannah,2019,p25,M5_mlp,nao_se_aplica,243.03333333333333,193.25622488120635
singapore,2014,p25,M5_mlp,nao_se_aplica,310.0833333333333,286.0201422696273
singapore,2015,p25,M5_mlp,nao_se_aplica,311.26666666666665,303.7876843019927
singapore,2016,p25,M5_mlp,nao_se_aplica,304.30833333333334,323.92775405093334
singapore,2017,p25,M5_mlp,nao_se_aplica,307.3666666666667,301.9159644241909
singapore,2018,p25,M5_mlp,nao_se_aplica,302.93333333333334,297.5043474990957
singapore,2019,p25,M5_mlp,nao_se_aplica,310.01666666666665,366.54029637882667
singapore,2022,p25,M5_mlp,nao_se_aplica,278.3666666666667,278.8352570243107
singapore,2023,p25,M5_mlp,nao_se_aplica,283.325,300.8718673166964
berlin,2005,p50,B1_global,nao_se_aplica,248.08333333333331,281.2676724137931
berlin,2006,p50,B1_global,nao_se_aplica,253.51666666666668,281.2208333333333
berlin,2007,p50,B1_global,nao_se_aplica,242.25,281.31795977011495
berlin,2008,p50,B1_global,nao_se_aplica,242.36666666666667,281.3169540229885
berlin,2009,p50,B1_global,nao_se_aplica,250.11666666666667,281.2501436781609
berlin,2010,p50,B1_global,nao_se_aplica,241.05,281.32830459770116
berlin,2011,p50,B1_global,nao_se_aplica,245.26666666666668,281.29195402298853
berlin,2012,p50,B1_global,nao_se_aplica,241.06666666666663,281.3281609195402
berlin,2013,p50,B1_global,nao_se_aplica,239.6833333333333,281.3400862068965
berlin,2014,p50,B1_global,nao_se_aplica,241.9333333333333,281.3206896551724
berlin,2015,p50,B1_global,nao_se_aplica,241.3083333333333,281.32607758620685
berlin,2016,p50,B1_global,nao_se_aplica,247.2333333333333,281.275
berlin,2017,p50,B1_global,nao_se_aplica,247.2,281.2752873563218
berlin,2018,p50,B1_global,nao_se_aplica,253.45,281.221408045977
berlin,2019,p50,B1_global,nao_se_aplica,244.61666666666667,281.2975574712644
boston,2005,p50,B1_global,nao_se_aplica,233.05,281.39727011494256
boston,2006,p50,B1_global,nao_se_aplica,224.78333333333333,281.4685344827586
boston,2007,p50,B1_global,nao_se_aplica,228.66666666666663,281.4350574712644
boston,2008,p50,B1_global,nao_se_aplica,226.21666666666667,281.45617816091954
boston,2009,p50,B1_global,nao_se_aplica,224.08333333333331,281.4745689655172
boston,2010,p50,B1_global,nao_se_aplica,224.28333333333333,281.4728448275862
boston,2011,p50,B1_global,nao_se_aplica,224.9833333333333,281.4668103448276
boston,2012,p50,B1_global,nao_se_aplica,251.06666666666663,281.2419540229885
boston,2013,p50,B1_global,nao_se_aplica,220.88333333333333,281.5021551724138
boston,2014,p50,B1_global,nao_se_aplica,232.2333333333333,281.4043103448276
boston,2015,p50,B1_global,nao_se_aplica,219.66666666666663,281.51264367816094
boston,2016,p50,B1_global,nao_se_aplica,228.08333333333331,281.4400862068965
boston,2017,p50,B1_global,nao_se_aplica,231.65833333333333,281.4092672413793
boston,2018,p50,B1_global,nao_se_aplica,228.6,281.43563218390807
boston,2019,p50,B1_global,nao_se_aplica,225.575,281.4617097701149
chicago,2005,p50,B1_global,nao_se_aplica,262.85,281.14037356321836
chicago,2006,p50,B1_global,nao_se_aplica,261.05,281.1558908045977
chicago,2007,p50,B1_global,nao_se_aplica,295.01666666666665,280.86307471264365
chicago,2008,p50,B1_global,nao_se_aplica,283.7,280.96063218390805
chicago,2009,p50,B1_global,nao_se_aplica,263.43333333333334,281.1353448275862
chicago,2010,p50,B1_global,nao_se_aplica,280.64166666666665,280.9869971264368
chicago,2011,p50,B1_global,nao_se_aplica,277.875,281.01084770114943
chicago,2012,p50,B1_global,nao_se_aplica,267.4,281.1011494252873
chicago,2013,p50,B1_global,nao_se_aplica,267.43333333333334,281.1008620689655
chicago,2014,p50,B1_global,nao_se_aplica,267.4166666666667,281.1010057471264
chicago,2015,p50,B1_global,nao_se_aplica,270.75,281.0722701149425
chicago,2016,p50,B1_global,nao_se_aplica,268.3833333333333,281.0926724137931
chicago,2017,p50,B1_global,nao_se_aplica,282.71666666666664,280.96910919540227
chicago,2018,p50,B1_global,nao_se_aplica,267.4833333333333,281.10043103448277
chicago,2019,p50,B1_global,nao_se_aplica,262.1083333333333,281.1467672413793
chicago,2022,p50,B1_global,nao_se_aplica,261.76666666666665,281.14971264367813
chicago,2023,p50,B1_global,nao_se_aplica,251.6833333333333,281.23663793103447
durban,2022,p50,B1_global,nao_se_aplica,237.78333333333333,281.35646551724136
durban,2024,p50,B1_global,nao_se_aplica,247.49166666666667,281.2727729885057
durban,2025,p50,B1_global,nao_se_aplica,252.2083333333333,281.2321120689655
honolulu,2005,p50,B1_global,nao_se_aplica,339.4833333333333,280.47974137931027
honolulu,2006,p50,B1_global,nao_se_aplica,343.6166666666667,280.4441091954023
honolulu,2007,p50,B1_global,nao_se_aplica,350.06666666666666,280.3885057471264
honolulu,2008,p50,B1_global,nao_se_aplica,346.45,280.41968390804595
honolulu,2009,p50,B1_global,nao_se_aplica,344.7333333333333,280.4344827586207
honolulu,2010,p50,B1_global,nao_se_aplica,350.8666666666667,280.3816091954023
honolulu,2011,p50,B1_global,nao_se_aplica,346.6,280.4183908045977
honolulu,2012,p50,B1_global,nao_se_aplica,348.8,280.39942528735634
honolulu,2013,p50,B1_global,nao_se_aplica,367.55,280.2377873563218
honolulu,2014,p50,B1_global,nao_se_aplica,351.96666666666664,280.37212643678157
honolulu,2015,p50,B1_global,nao_se_aplica,372.05,280.19899425287355
honolulu,2016,p50,B1_global,nao_se_aplica,374.9583333333333,280.1739224137931
honolulu,2017,p50,B1_global,nao_se_aplica,369.35833333333335,280.22219827586207
honolulu,2018,p50,B1_global,nao_se_aplica,375.26666666666665,280.1712643678161
honolulu,2019,p50,B1_global,nao_se_aplica,381.78333333333336,280.11508620689654
long_beach,2010,p50,B1_global,nao_se_aplica,288.5083333333333,280.91918103448273
long_beach,2011,p50,B1_global,nao_se_aplica,297.1,280.8451149425287
long_beach,2012,p50,B1_global,nao_se_aplica,309.46666666666664,280.7385057471264
long_beach,2013,p50,B1_global,nao_se_aplica,279.81666666666666,280.9941091954023
long_beach,2014,p50,B1_global,nao_se_aplica,285.19166666666666,280.94777298850573
long_beach,2015,p50,B1_global,nao_se_aplica,315.2583333333333,280.6885775862069
long_beach,2016,p50,B1_global,nao_se_aplica,288.3833333333333,280.92025862068965
long_beach,2017,p50,B1_global,nao_se_aplica,288.4,280.9201149425287
long_beach,2018,p50,B1_global,nao_se_aplica,289.78333333333336,280.9081896551724
long_beach,2019,p50,B1_global,nao_se_aplica,283.95,280.95847701149427
maui,2010,p50,B1_global,nao_se_aplica,307.475,280.7556752873563
maui,2011,p50,B1_global,nao_se_aplica,301.18333333333334,280.8099137931034
maui,2012,p50,B1_global,nao_se_aplica,305.75,280.77054597701147
maui,2013,p50,B1_global,nao_se_aplica,317.25,280.671408045977
maui,2014,p50,B1_global,nao_se_aplica,320.56666666666666,280.642816091954
nyc,2005,p50,B1_global,nao_se_aplica,278.55,281.00502873563215
nyc,2006,p50,B1_global,nao_se_aplica,262.28333333333336,281.1452586206896
nyc,2007,p50,B1_global,nao_se_aplica,263.65,281.1334770114942
nyc,2008,p50,B1_global,nao_se_aplica,259.25,281.171408045977
nyc,2009,p50,B1_global,nao_se_aplica,259.05,281.173132183908
nyc,2010,p50,B1_global,nao_se_aplica,261.3333333333333,281.15344827586205
nyc,2011,p50,B1_global,nao_se_aplica,262.71666666666664,281.1415229885057
nyc,2013,p50,B1_global,nao_se_aplica,262.3333333333333,281.1448275862069
nyc,2014,p50,B1_global,nao_se_aplica,267.8666666666667,281.0971264367816
nyc,2015,p50,B1_global,nao_se_aplica,273.1333333333333,281.051724137931
nyc,2016,p50,B1_global,nao_se_aplica,271.46666666666664,281.06609195402297
nyc,2017,p50,B1_global,nao_se_aplica,270.45,281.07485632183904
nyc,2018,p50,B1_global,nao_se_aplica,272.03333333333336,281.0612068965517
nyc,2019,p50,B1_global,nao_se_aplica,269.2,281.08563218390805
nyc,2022,p50,B1_global,nao_se_aplica,284.75,280.95158045977007
nyc,2023,p50,B1_global,nao_se_aplica,272.78333333333336,281.0547413793103
nyc,2024,p50,B1_global,nao_se_aplica,263.55,281.1343390804597
rio,2023,p50,B1_global,nao_se_aplica,254.5833333333333,281.21163793103443
rio,2024,p50,B1_global,nao_se_aplica,251.4833333333333,281.2383620689655
rio,2025,p50,B1_global,nao_se_aplica,250.35,281.24813218390807
savannah,2011,p50,B1_global,nao_se_aplica,270.125,281.077658045977
savannah,2012,p50,B1_global,nao_se_aplica,277.6166666666667,281.0130747126437
savannah,2013,p50,B1_global,nao_se_aplica,274.3833333333333,281.0409482758621
savannah,2014,p50,B1_global,nao_se_aplica,274.71666666666664,281.03807471264366
savannah,2015,p50,B1_global,nao_se_aplica,249.3083333333333,281.2571120689655
savannah,2016,p50,B1_global,nao_se_aplica,286.6166666666667,280.9354885057471
savannah,2017,p50,B1_global,nao_se_aplica,300.45,280.8162356321839
savannah,2018,p50,B1_global,nao_se_aplica,280.96666666666664,280.98419540229884
savannah,2019,p50,B1_global,nao_se_aplica,279.2,280.9994252873563
singapore,2014,p50,B1_global,nao_se_aplica,358.0,280.32011494252873
singapore,2015,p50,B1_global,nao_se_aplica,360.81666666666666,280.29583333333335
singapore,2016,p50,B1_global,nao_se_aplica,354.1333333333333,280.3534482758621
singapore,2017,p50,B1_global,nao_se_aplica,355.3666666666667,280.34281609195403
singapore,2018,p50,B1_global,nao_se_aplica,353.56666666666666,280.35833333333335
singapore,2019,p50,B1_global,nao_se_aplica,358.06666666666666,280.31954022988504
singapore,2022,p50,B1_global,nao_se_aplica,327.65,280.5817528735632
singapore,2023,p50,B1_global,nao_se_aplica,329.53333333333336,280.5655172413793
berlin,2005,p50,B2_por_maratona,mediana,248.08333333333331,243.49166666666667
berlin,2006,p50,B2_por_maratona,mediana,253.51666666666668,243.49166666666667
berlin,2007,p50,B2_por_maratona,mediana,242.25,244.94166666666666
berlin,2008,p50,B2_por_maratona,mediana,242.36666666666667,244.94166666666666
berlin,2009,p50,B2_por_maratona,mediana,250.11666666666667,243.49166666666667
berlin,2010,p50,B2_por_maratona,mediana,241.05,244.94166666666666
berlin,2011,p50,B2_por_maratona,mediana,245.26666666666668,243.49166666666667
berlin,2012,p50,B2_por_maratona,mediana,241.06666666666663,244.94166666666666
berlin,2013,p50,B2_por_maratona,mediana,239.6833333333333,244.94166666666666
berlin,2014,p50,B2_por_maratona,mediana,241.9333333333333,244.94166666666666
berlin,2015,p50,B2_por_maratona,mediana,241.3083333333333,244.94166666666666
berlin,2016,p50,B2_por_maratona,mediana,247.2333333333333,243.49166666666667
berlin,2017,p50,B2_por_maratona,mediana,247.2,243.49166666666667
berlin,2018,p50,B2_por_maratona,mediana,253.45,243.49166666666667
berlin,2019,p50,B2_por_maratona,mediana,244.61666666666667,243.81666666666666
boston,2005,p50,B2_por_maratona,mediana,233.05,225.89583333333331
boston,2006,p50,B2_por_maratona,mediana,224.78333333333333,227.14999999999998
boston,2007,p50,B2_por_maratona,mediana,228.66666666666663,225.89583333333331
boston,2008,p50,B2_por_maratona,mediana,226.21666666666667,226.82916666666665
boston,2009,p50,B2_por_maratona,mediana,224.08333333333331,227.14999999999998
boston,2010,p50,B2_por_maratona,mediana,224.28333333333333,227.14999999999998
boston,2011,p50,B2_por_maratona,mediana,224.9833333333333,227.14999999999998
boston,2012,p50,B2_por_maratona,mediana,251.06666666666663,225.89583333333331
boston,2013,p50,B2_por_maratona,mediana,220.88333333333333,227.14999999999998
boston,2014,p50,B2_por_maratona,mediana,232.2333333333333,225.89583333333331
boston,2015,p50,B2_por_maratona,mediana,219.66666666666663,227.14999999999998
boston,2016,p50,B2_por_maratona,mediana,228.08333333333331,225.89583333333331
boston,2017,p50,B2_por_maratona,mediana,231.65833333333333,225.89583333333331
boston,2018,p50,B2_por_maratona,mediana,228.6,225.89583333333331
boston,2019,p50,B2_por_maratona,mediana,225.575,227.14999999999998
chicago,2005,p50,B2_por_maratona,mediana,262.85,267.4583333333333
chicago,2006,p50,B2_por_maratona,mediana,261.05,267.4583333333333
chicago,2007,p50,B2_por_maratona,mediana,295.01666666666665,267.425
chicago,2008,p50,B2_por_maratona,mediana,283.7,267.425
chicago,2009,p50,B2_por_maratona,mediana,263.43333333333334,267.4583333333333
chicago,2010,p50,B2_por_maratona,mediana,280.64166666666665,267.425
chicago,2011,p50,B2_por_maratona,mediana,277.875,267.425
chicago,2012,p50,B2_por_maratona,mediana,267.4,267.4583333333333
chicago,2013,p50,B2_por_maratona,mediana,267.43333333333334,267.45
chicago,2014,p50,B2_por_maratona,mediana,267.4166666666667,267.4583333333333
chicago,2015,p50,B2_por_maratona,mediana,270.75,267.425
chicago,2016,p50,B2_por_maratona,mediana,268.3833333333333,267.425
chicago,2017,p50,B2_por_maratona,mediana,282.71666666666664,267.425
chicago,2018,p50,B2_por_maratona,mediana,267.4833333333333,267.425
chicago,2019,p50,B2_por_maratona,mediana,262.1083333333333,267.4583333333333
chicago,2022,p50,B2_por_maratona,mediana,261.76666666666665,267.4583333333333
chicago,2023,p50,B2_por_maratona,mediana,251.6833333333333,267.4583333333333
durban,2022,p50,B2_por_maratona,mediana,237.78333333333333,249.84999999999997
durban,2024,p50,B2_por_maratona,mediana,247.49166666666667,244.9958333333333
durban,2025,p50,B2_por_maratona,mediana,252.2083333333333,242.6375
honolulu,2005,p50,B2_por_maratona,mediana,339.4833333333333,351.41666666666663
honolulu,2006,p50,B2_por_maratona,mediana,343.6166666666667,351.41666666666663
honolulu,2007,p50,B2_por_maratona,mediana,350.06666666666666,351.41666666666663
honolulu,2008,p50,B2_por_maratona,mediana,346.45,351.41666666666663
honolulu,2009,p50,B2_por_maratona,mediana,344.7333333333333,351.41666666666663
honolulu,2010,p50,B2_por_maratona,mediana,350.8666666666667,351.01666666666665
honolulu,2011,p50,B2_por_maratona,mediana,346.6,351.41666666666663
honolulu,2012,p50,B2_por_maratona,mediana,348.8,351.41666666666663
honolulu,2013,p50,B2_por_maratona,mediana,367.55,350.4666666666667
honolulu,2014,p50,B2_por_maratona,mediana,351.96666666666664,350.4666666666667
honolulu,2015,p50,B2_por_maratona,mediana,372.05,350.4666666666667
honolulu,2016,p50,B2_por_maratona,mediana,374.9583333333333,350.4666666666667
honolulu,2017,p50,B2_por_maratona,mediana,369.35833333333335,350.4666666666667
honolulu,2018,p50,B2_por_maratona,mediana,375.26666666666665,350.4666666666667
honolulu,2019,p50,B2_por_maratona,mediana,381.78333333333336,350.4666666666667
long_beach,2010,p50,B2_por_maratona,mediana,288.5083333333333,288.4
long_beach,2011,p50,B2_por_maratona,mediana,297.1,288.4
long_beach,2012,p50,B2_por_maratona,mediana,309.46666666666664,288.4
long_beach,2013,p50,B2_por_maratona,mediana,279.81666666666666,288.5083333333333
long_beach,2014,p50,B2_por_maratona,mediana,285.19166666666666,288.5083333333333
long_beach,2015,p50,B2_por_maratona,mediana,315.2583333333333,288.4
long_beach,2016,p50,B2_por_maratona,mediana,288.3833333333333,288.5083333333333
long_beach,2017,p50,B2_por_maratona,mediana,288.4,288.5083333333333
long_beach,2018,p50,B2_por_maratona,mediana,289.78333333333336,288.4
long_beach,2019,p50,B2_por_maratona,mediana,283.95,288.5083333333333
maui,2010,p50,B2_por_maratona,mediana,307.475,311.5
maui,2011,p50,B2_por_maratona,mediana,301.18333333333334,312.3625
maui,2012,p50,B2_por_maratona,mediana,305.75,312.3625
maui,2013,p50,B2_por_maratona,mediana,317.25,306.6125
maui,2014,p50,B2_por_maratona,mediana,320.56666666666666,306.6125
nyc,2005,p50,B2_por_maratona,mediana,278.55,265.7583333333333
nyc,2006,p50,B2_por_maratona,mediana,262.28333333333336,268.5333333333333
nyc,2007,p50,B2_por_maratona,mediana,263.65,268.5333333333333
nyc,2008,p50,B2_por_maratona,mediana,259.25,268.5333333333333
nyc,2009,p50,B2_por_maratona,mediana,259.05,268.5333333333333
nyc,2010,p50,B2_por_maratona,mediana,261.3333333333333,268.5333333333333
nyc,2011,p50,B2_por_maratona,mediana,262.71666666666664,268.5333333333333
nyc,2013,p50,B2_por_maratona,mediana,262.3333333333333,268.5333333333333
nyc,2014,p50,B2_por_maratona,mediana,267.8666666666667,266.42499999999995
nyc,2015,p50,B2_por_maratona,mediana,273.1333333333333,265.7583333333333
nyc,2016,p50,B2_por_maratona,mediana,271.46666666666664,265.7583333333333
nyc,2017,p50,B2_por_maratona,mediana,270.45,265.7583333333333
nyc,2018,p50,B2_por_maratona,mediana,272.03333333333336,265.7583333333333
nyc,2019,p50,B2_por_maratona,mediana,269.2,265.7583333333333
nyc,2022,p50,B2_por_maratona,mediana,284.75,265.7583333333333
nyc,2023,p50,B2_por_maratona,mediana,272.78333333333336,265.7583333333333
nyc,2024,p50,B2_por_maratona,mediana,263.55,268.5333333333333
rio,2023,p50,B2_por_maratona,mediana,254.5833333333333,250.91666666666663
rio,2024,p50,B2_por_maratona,mediana,251.4833333333333,252.46666666666664
rio,2025,p50,B2_por_maratona,mediana,250.35,253.0333333333333
savannah,2011,p50,B2_por_maratona,mediana,270.125,278.4083333333333
savannah,2012,p50,B2_por_maratona,mediana,277.6166666666667,276.9583333333333
savannah,2013,p50,B2_por_maratona,mediana,274.3833333333333,278.4083333333333
savannah,2014,p50,B2_por_maratona,mediana,274.71666666666664,278.4083333333333
savannah,2015,p50,B2_por_maratona,mediana,249.3083333333333,278.4083333333333
savannah,2016,p50,B2_por_maratona,mediana,286.6166666666667,276.16666666666663
savannah,2017,p50,B2_por_maratona,mediana,300.45,276.16666666666663
savannah,2018,p50,B2_por_maratona,mediana,280.96666666666664,276.16666666666663
savannah,2019,p50,B2_por_maratona,mediana,279.2,276.16666666666663
singapore,2014,p50,B2_por_maratona,mediana,358.0,354.1333333333333
singapore,2015,p50,B2_por_maratona,mediana,360.81666666666666,354.1333333333333
singapore,2016,p50,B2_por_maratona,mediana,354.1333333333333,355.3666666666667
singapore,2017,p50,B2_por_maratona,mediana,355.3666666666667,354.1333333333333
singapore,2018,p50,B2_por_maratona,mediana,353.56666666666666,355.3666666666667
singapore,2019,p50,B2_por_maratona,mediana,358.06666666666666,354.1333333333333
singapore,2022,p50,B2_por_maratona,mediana,327.65,355.3666666666667
singapore,2023,p50,B2_por_maratona,mediana,329.53333333333336,355.3666666666667
berlin,2005,p50,M1_linear,nao_se_aplica,248.08333333333331,244.69025567663255
berlin,2006,p50,M1_linear,nao_se_aplica,253.51666666666668,247.94586900516512
berlin,2007,p50,M1_linear,nao_se_aplica,242.25,244.38473257409242
berlin,2008,p50,M1_linear,nao_se_aplica,242.36666666666667,239.86434072001327
berlin,2009,p50,M1_linear,nao_se_aplica,250.11666666666667,252.5821465760631
berlin,2010,p50,M1_linear,nao_se_aplica,241.05,232.76032234665766
berlin,2011,p50,M1_linear,nao_se_aplica,245.26666666666668,248.72358226756782
berlin,2012,p50,M1_linear,nao_se_aplica,241.06666666666663,243.2635257830816
berlin,2013,p50,M1_linear,nao_se_aplica,239.6833333333333,238.01132161736942
berlin,2014,p50,M1_linear,nao_se_aplica,241.9333333333333,246.28021567329915
berlin,2015,p50,M1_linear,nao_se_aplica,241.3083333333333,246.66406960920494
berlin,2016,p50,M1_linear,nao_se_aplica,247.2333333333333,254.37712511608206
berlin,2017,p50,M1_linear,nao_se_aplica,247.2,251.84432951378594
berlin,2018,p50,M1_linear,nao_se_aplica,253.45,241.82528786822172
berlin,2019,p50,M1_linear,nao_se_aplica,244.61666666666667,235.58447689013695
boston,2005,p50,M1_linear,nao_se_aplica,233.05,219.90690627008794
boston,2006,p50,M1_linear,nao_se_aplica,224.78333333333333,215.53838185772577
boston,2007,p50,M1_linear,nao_se_aplica,228.66666666666663,194.27145917968016
boston,2008,p50,M1_linear,nao_se_aplica,226.21666666666667,235.95675000862215
boston,2009,p50,M1_linear,nao_se_aplica,224.08333333333331,218.004662196067
boston,2010,p50,M1_linear,nao_se_aplica,224.28333333333333,201.4104788249742
boston,2011,p50,M1_linear,nao_se_aplica,224.9833333333333,232.17211297773127
boston,2012,p50,M1_linear,nao_se_aplica,251.06666666666663,247.2730006777295
boston,2013,p50,M1_linear,nao_se_aplica,220.88333333333333,234.87746318165216
boston,2014,p50,M1_linear,nao_se_aplica,232.2333333333333,233.21576820845658
boston,2015,p50,M1_linear,nao_se_aplica,219.66666666666663,220.646605341311
boston,2016,p50,M1_linear,nao_se_aplica,228.08333333333331,255.76124239584576
boston,2017,p50,M1_linear,nao_se_aplica,231.65833333333333,262.37058328784343
boston,2018,p50,M1_linear,nao_se_aplica,228.6,228.97241730272276
boston,2019,p50,M1_linear,nao_se_aplica,225.575,216.08454435633496
chicago,2005,p50,M1_linear,nao_se_aplica,262.85,257.17987310340277
chicago,2006,p50,M1_linear,nao_se_aplica,261.05,255.91506109218076
chicago,2007,p50,M1_linear,nao_se_aplica,295.01666666666665,280.57252021912683
chicago,2008,p50,M1_linear,nao_se_aplica,283.7,282.09958905284805
chicago,2009,p50,M1_linear,nao_se_aplica,263.43333333333334,260.53920485303
chicago,2010,p50,M1_linear,nao_se_aplica,280.64166666666665,288.8188963917801
chicago,2011,p50,M1_linear,nao_se_aplica,277.875,285.32351604615445
chicago,2012,p50,M1_linear,nao_se_aplica,267.4,265.2948215665223
chicago,2013,p50,M1_linear,nao_se_aplica,267.43333333333334,258.70207172595224
chicago,2014,p50,M1_linear,nao_se_aplica,267.4166666666667,263.5726476908969
chicago,2015,p50,M1_linear,nao_se_aplica,270.75,271.21886972732864
chicago,2016,p50,M1_linear,nao_se_aplica,268.3833333333333,262.23415419385145
chicago,2017,p50,M1_linear,nao_se_aplica,282.71666666666664,273.05769795529926
chicago,2018,p50,M1_linear,nao_se_aplica,267.4833333333333,264.9540242966038
chicago,2019,p50,M1_linear,nao_se_aplica,262.1083333333333,260.529758792269
chicago,2022,p50,M1_linear,nao_se_aplica,261.76666666666665,274.7492121648684
chicago,2023,p50,M1_linear,nao_se_aplica,251.6833333333333,285.6660253612067
durban,2022,p50,M1_linear,nao_se_aplica,237.78333333333333,233.1712405989078
durban,2024,p50,M1_linear,nao_se_aplica,247.49166666666667,251.5819703587743
durban,2025,p50,M1_linear,nao_se_aplica,252.2083333333333,250.66299828267765
honolulu,2005,p50,M1_linear,nao_se_aplica,339.4833333333333,360.9355326617603
honolulu,2006,p50,M1_linear,nao_se_aplica,343.6166666666667,365.3292839044535
honolulu,2007,p50,M1_linear,nao_se_aplica,350.06666666666666,358.7544874903268
honolulu,2008,p50,M1_linear,nao_se_aplica,346.45,348.26150984433195
honolulu,2009,p50,M1_linear,nao_se_aplica,344.7333333333333,357.2356887072609
honolulu,2010,p50,M1_linear,nao_se_aplica,350.8666666666667,352.1211541806508
honolulu,2011,p50,M1_linear,nao_se_aplica,346.6,354.04823838271096
honolulu,2012,p50,M1_linear,nao_se_aplica,348.8,355.52232612746786
honolulu,2013,p50,M1_linear,nao_se_aplica,367.55,363.3682994875475
honolulu,2014,p50,M1_linear,nao_se_aplica,351.96666666666664,368.4507009668648
honolulu,2015,p50,M1_linear,nao_se_aplica,372.05,358.2899652907189
honolulu,2016,p50,M1_linear,nao_se_aplica,374.9583333333333,361.4664862754762
honolulu,2017,p50,M1_linear,nao_se_aplica,369.35833333333335,359.83598965169824
honolulu,2018,p50,M1_linear,nao_se_aplica,375.26666666666665,349.24165521053925
honolulu,2019,p50,M1_linear,nao_se_aplica,381.78333333333336,356.7391148780808
long_beach,2010,p50,M1_linear,nao_se_aplica,288.5083333333333,289.27272280213305
long_beach,2011,p50,M1_linear,nao_se_aplica,297.1,293.97848418254705
long_beach,2012,p50,M1_linear,nao_se_aplica,309.46666666666664,290.2727932817189
long_beach,2013,p50,M1_linear,nao_se_aplica,279.81666666666666,284.130195279707
long_beach,2014,p50,M1_linear,nao_se_aplica,285.19166666666666,291.60438780690254
long_beach,2015,p50,M1_linear,nao_se_aplica,315.2583333333333,302.06677396840826
long_beach,2016,p50,M1_linear,nao_se_aplica,288.3833333333333,303.39224097193636
long_beach,2017,p50,M1_linear,nao_se_aplica,288.4,289.15752330796374
long_beach,2018,p50,M1_linear,nao_se_aplica,289.78333333333336,288.5789282944496
long_beach,2019,p50,M1_linear,nao_se_aplica,283.95,289.8384956668281
maui,2010,p50,M1_linear,nao_se_aplica,307.475,311.9886767879604
maui,2011,p50,M1_linear,nao_se_aplica,301.18333333333334,320.27321131831485
maui,2012,p50,M1_linear,nao_se_aplica,305.75,312.5974247443598
maui,2013,p50,M1_linear,nao_se_aplica,317.25,306.4454680695313
maui,2014,p50,M1_linear,nao_se_aplica,320.56666666666666,262.52615792224935
nyc,2005,p50,M1_linear,nao_se_aplica,278.55,274.4475451381382
nyc,2006,p50,M1_linear,nao_se_aplica,262.28333333333336,257.83191597285423
nyc,2007,p50,M1_linear,nao_se_aplica,263.65,265.347522851601
nyc,2008,p50,M1_linear,nao_se_aplica,259.25,258.6464236819447
nyc,2009,p50,M1_linear,nao_se_aplica,259.05,281.19319680559164
nyc,2010,p50,M1_linear,nao_se_aplica,261.3333333333333,256.55204522689
nyc,2011,p50,M1_linear,nao_se_aplica,262.71666666666664,262.34950731378416
nyc,2013,p50,M1_linear,nao_se_aplica,262.3333333333333,272.0257217789545
nyc,2014,p50,M1_linear,nao_se_aplica,267.8666666666667,261.11545829756136
nyc,2015,p50,M1_linear,nao_se_aplica,273.1333333333333,270.50896473145843
nyc,2016,p50,M1_linear,nao_se_aplica,271.46666666666664,264.82581399092146
nyc,2017,p50,M1_linear,nao_se_aplica,270.45,272.3382851330142
nyc,2018,p50,M1_linear,nao_se_aplica,272.03333333333336,263.728892062027
nyc,2019,p50,M1_linear,nao_se_aplica,269.2,264.2066902522776
nyc,2022,p50,M1_linear,nao_se_aplica,284.75,283.75584641094815
nyc,2023,p50,M1_linear,nao_se_aplica,272.78333333333336,274.88868683507394
nyc,2024,p50,M1_linear,nao_se_aplica,263.55,271.16435783902574
rio,2023,p50,M1_linear,nao_se_aplica,254.5833333333333,246.94241331031697
rio,2024,p50,M1_linear,nao_se_aplica,251.4833333333333,258.19998035726405
rio,2025,p50,M1_linear,nao_se_aplica,250.35,257.34507780299305
savannah,2011,p50,M1_linear,nao_se_aplica,270.125,271.9528689045117
savannah,2012,p50,M1_linear,nao_se_aplica,277.6166666666667,282.5609846865845
savannah,2013,p50,M1_linear,nao_se_aplica,274.3833333333333,282.1929291818302
savannah,2014,p50,M1_linear,nao_se_aplica,274.71666666666664,278.93717600843166
savannah,2015,p50,M1_linear,nao_se_aplica,249.3083333333333,309.57016979611365
savannah,2016,p50,M1_linear,nao_se_aplica,286.6166666666667,271.6306692357291
savannah,2017,p50,M1_linear,nao_se_aplica,300.45,277.98188223158115
savannah,2018,p50,M1_linear,nao_se_aplica,280.96666666666664,263.05120791007397
savannah,2019,p50,M1_linear,nao_se_aplica,279.2,270.5521119824651
singapore,2014,p50,M1_linear,nao_se_aplica,358.0,346.52280727919305
singapore,2015,p50,M1_linear,nao_se_aplica,360.81666666666666,349.29271100880493
singapore,2016,p50,M1_linear,nao_se_aplica,354.1333333333333,351.9095448043993
singapore,2017,p50,M1_linear,nao_se_aplica,355.3666666666667,348.1089526085125
singapore,2018,p50,M1_linear,nao_se_aplica,353.56666666666666,343.8879941642388
singapore,2019,p50,M1_linear,nao_se_aplica,358.06666666666666,526.3897734943203
singapore,2022,p50,M1_linear,nao_se_aplica,327.65,352.6991076930075
singapore,2023,p50,M1_linear,nao_se_aplica,329.53333333333336,352.0277891136902
berlin,2005,p50,M2_ridge,nao_se_aplica,248.08333333333331,245.93646450959906
berlin,2006,p50,M2_ridge,nao_se_aplica,253.51666666666668,250.43962587599236
berlin,2007,p50,M2_ridge,nao_se_aplica,242.25,241.30910797127385
berlin,2008,p50,M2_ridge,nao_se_aplica,242.36666666666667,241.6179925398472
berlin,2009,p50,M2_ridge,nao_se_aplica,250.11666666666667,247.95410657898674
berlin,2010,p50,M2_ridge,nao_se_aplica,241.05,233.13772705618098
berlin,2011,p50,M2_ridge,nao_se_aplica,245.26666666666668,248.98499512428285
berlin,2012,p50,M2_ridge,nao_se_aplica,241.06666666666663,244.2192570402655
berlin,2013,p50,M2_ridge,nao_se_aplica,239.6833333333333,240.22988204693104
berlin,2014,p50,M2_ridge,nao_se_aplica,241.9333333333333,246.64101316642876
berlin,2015,p50,M2_ridge,nao_se_aplica,241.3083333333333,245.99146799075794
berlin,2016,p50,M2_ridge,nao_se_aplica,247.2333333333333,253.53220242558103
berlin,2017,p50,M2_ridge,nao_se_aplica,247.2,253.41568516038103
berlin,2018,p50,M2_ridge,nao_se_aplica,253.45,243.83371098224066
berlin,2019,p50,M2_ridge,nao_se_aplica,244.61666666666667,239.13629124103838
boston,2005,p50,M2_ridge,nao_se_aplica,233.05,227.57655957710426
boston,2006,p50,M2_ridge,nao_se_aplica,224.78333333333333,224.49263529823804
boston,2007,p50,M2_ridge,nao_se_aplica,228.66666666666663,196.6085884269205
boston,2008,p50,M2_ridge,nao_se_aplica,226.21666666666667,228.25318017585784
boston,2009,p50,M2_ridge,nao_se_aplica,224.08333333333331,219.90679224018655
boston,2010,p50,M2_ridge,nao_se_aplica,224.28333333333333,224.96061699164568
boston,2011,p50,M2_ridge,nao_se_aplica,224.9833333333333,229.11921673901776
boston,2012,p50,M2_ridge,nao_se_aplica,251.06666666666663,242.18329158604857
boston,2013,p50,M2_ridge,nao_se_aplica,220.88333333333333,229.58204559034647
boston,2014,p50,M2_ridge,nao_se_aplica,232.2333333333333,230.23702093804906
boston,2015,p50,M2_ridge,nao_se_aplica,219.66666666666663,218.20050111051285
boston,2016,p50,M2_ridge,nao_se_aplica,228.08333333333331,240.42354653139398
boston,2017,p50,M2_ridge,nao_se_aplica,231.65833333333333,254.53028192315153
boston,2018,p50,M2_ridge,nao_se_aplica,228.6,239.8938666157983
boston,2019,p50,M2_ridge,nao_se_aplica,225.575,224.15165720859792
chicago,2005,p50,M2_ridge,nao_se_aplica,262.85,261.250287416454
chicago,2006,p50,M2_ridge,nao_se_aplica,261.05,252.15888563429485
chicago,2007,p50,M2_ridge,nao_se_aplica,295.01666666666665,282.3607319533134
chicago,2008,p50,M2_ridge,nao_se_aplica,283.7,283.26609879588426
chicago,2009,p50,M2_ridge,nao_se_aplica,263.43333333333334,254.92738601637507
chicago,2010,p50,M2_ridge,nao_se_aplica,280.64166666666665,288.2635284040778
chicago,2011,p50,M2_ridge,nao_se_aplica,277.875,282.3323836073255
chicago,2012,p50,M2_ridge,nao_se_aplica,267.4,264.361953773311
chicago,2013,p50,M2_ridge,nao_se_aplica,267.43333333333334,267.04486975817656
chicago,2014,p50,M2_ridge,nao_se_aplica,267.4166666666667,265.2580438363445
chicago,2015,p50,M2_ridge,nao_se_aplica,270.75,272.7015614462583
chicago,2016,p50,M2_ridge,nao_se_aplica,268.3833333333333,265.9631540630789
chicago,2017,p50,M2_ridge,nao_se_aplica,282.71666666666664,275.8298534737319
chicago,2018,p50,M2_ridge,nao_se_aplica,267.4833333333333,265.85369606085936
chicago,2019,p50,M2_ridge,nao_se_aplica,262.1083333333333,257.79615508237094
chicago,2022,p50,M2_ridge,nao_se_aplica,261.76666666666665,271.90765972291405
chicago,2023,p50,M2_ridge,nao_se_aplica,251.6833333333333,280.6066940493777
durban,2022,p50,M2_ridge,nao_se_aplica,237.78333333333333,252.12355988587314
durban,2024,p50,M2_ridge,nao_se_aplica,247.49166666666667,249.6887490507465
durban,2025,p50,M2_ridge,nao_se_aplica,252.2083333333333,244.8978921867366
honolulu,2005,p50,M2_ridge,nao_se_aplica,339.4833333333333,370.32619887221114
honolulu,2006,p50,M2_ridge,nao_se_aplica,343.6166666666667,361.58395020244734
honolulu,2007,p50,M2_ridge,nao_se_aplica,350.06666666666666,359.2025384050261
honolulu,2008,p50,M2_ridge,nao_se_aplica,346.45,345.76072892425486
honolulu,2009,p50,M2_ridge,nao_se_aplica,344.7333333333333,359.3477974746568
honolulu,2010,p50,M2_ridge,nao_se_aplica,350.8666666666667,356.09178960860004
honolulu,2011,p50,M2_ridge,nao_se_aplica,346.6,354.33277781113145
honolulu,2012,p50,M2_ridge,nao_se_aplica,348.8,357.2685858854603
honolulu,2013,p50,M2_ridge,nao_se_aplica,367.55,362.23650410340497
honolulu,2014,p50,M2_ridge,nao_se_aplica,351.96666666666664,363.6138166651572
honolulu,2015,p50,M2_ridge,nao_se_aplica,372.05,358.49043428908266
honolulu,2016,p50,M2_ridge,nao_se_aplica,374.9583333333333,358.75459717978543
honolulu,2017,p50,M2_ridge,nao_se_aplica,369.35833333333335,357.8592595175529
honolulu,2018,p50,M2_ridge,nao_se_aplica,375.26666666666665,344.910299891563
honolulu,2019,p50,M2_ridge,nao_se_aplica,381.78333333333336,355.25035335823213
long_beach,2010,p50,M2_ridge,nao_se_aplica,288.5083333333333,290.3880368507276
long_beach,2011,p50,M2_ridge,nao_se_aplica,297.1,293.64706180020227
long_beach,2012,p50,M2_ridge,nao_se_aplica,309.46666666666664,290.08090349920525
long_beach,2013,p50,M2_ridge,nao_se_aplica,279.81666666666666,286.01693968265886
long_beach,2014,p50,M2_ridge,nao_se_aplica,285.19166666666666,293.31153171020736
long_beach,2015,p50,M2_ridge,nao_se_aplica,315.2583333333333,304.88078531099467
long_beach,2016,p50,M2_ridge,nao_se_aplica,288.3833333333333,300.55782254534256
long_beach,2017,p50,M2_ridge,nao_se_aplica,288.4,288.97984289692596
long_beach,2018,p50,M2_ridge,nao_se_aplica,289.78333333333336,283.8812946221356
long_beach,2019,p50,M2_ridge,nao_se_aplica,283.95,288.82218065994584
maui,2010,p50,M2_ridge,nao_se_aplica,307.475,312.55151619933974
maui,2011,p50,M2_ridge,nao_se_aplica,301.18333333333334,316.0264238869785
maui,2012,p50,M2_ridge,nao_se_aplica,305.75,308.0806447332608
maui,2013,p50,M2_ridge,nao_se_aplica,317.25,306.5879587801775
maui,2014,p50,M2_ridge,nao_se_aplica,320.56666666666666,281.0256957905731
nyc,2005,p50,M2_ridge,nao_se_aplica,278.55,273.90015388034846
nyc,2006,p50,M2_ridge,nao_se_aplica,262.28333333333336,257.8645530296677
nyc,2007,p50,M2_ridge,nao_se_aplica,263.65,265.790794801723
nyc,2008,p50,M2_ridge,nao_se_aplica,259.25,259.10764598694294
nyc,2009,p50,M2_ridge,nao_se_aplica,259.05,275.0256075140947
nyc,2010,p50,M2_ridge,nao_se_aplica,261.3333333333333,258.4488319587363
nyc,2011,p50,M2_ridge,nao_se_aplica,262.71666666666664,260.3963193093725
nyc,2013,p50,M2_ridge,nao_se_aplica,262.3333333333333,268.68217485769065
nyc,2014,p50,M2_ridge,nao_se_aplica,267.8666666666667,261.11090635945243
nyc,2015,p50,M2_ridge,nao_se_aplica,273.1333333333333,269.9345367041942
nyc,2016,p50,M2_ridge,nao_se_aplica,271.46666666666664,268.71236884407926
nyc,2017,p50,M2_ridge,nao_se_aplica,270.45,274.70462207279775
nyc,2018,p50,M2_ridge,nao_se_aplica,272.03333333333336,265.6739831259548
nyc,2019,p50,M2_ridge,nao_se_aplica,269.2,263.7645773465987
nyc,2022,p50,M2_ridge,nao_se_aplica,284.75,284.61300494132377
nyc,2023,p50,M2_ridge,nao_se_aplica,272.78333333333336,276.51249082205806
nyc,2024,p50,M2_ridge,nao_se_aplica,263.55,272.79875072118296
rio,2023,p50,M2_ridge,nao_se_aplica,254.5833333333333,251.76268412747686
rio,2024,p50,M2_ridge,nao_se_aplica,251.4833333333333,256.10040942603456
rio,2025,p50,M2_ridge,nao_se_aplica,250.35,256.12860434524725
savannah,2011,p50,M2_ridge,nao_se_aplica,270.125,271.9419338921463
savannah,2012,p50,M2_ridge,nao_se_aplica,277.6166666666667,278.5618613678616
savannah,2013,p50,M2_ridge,nao_se_aplica,274.3833333333333,281.9805254438655
savannah,2014,p50,M2_ridge,nao_se_aplica,274.71666666666664,279.05511490799273
savannah,2015,p50,M2_ridge,nao_se_aplica,249.3083333333333,310.6022078479087
savannah,2016,p50,M2_ridge,nao_se_aplica,286.6166666666667,275.1098238017008
savannah,2017,p50,M2_ridge,nao_se_aplica,300.45,277.6547893705285
savannah,2018,p50,M2_ridge,nao_se_aplica,280.96666666666664,265.64745506947503
savannah,2019,p50,M2_ridge,nao_se_aplica,279.2,269.51705584781297
singapore,2014,p50,M2_ridge,nao_se_aplica,358.0,346.1301499755732
singapore,2015,p50,M2_ridge,nao_se_aplica,360.81666666666666,347.84632598969233
singapore,2016,p50,M2_ridge,nao_se_aplica,354.1333333333333,349.0924717971353
singapore,2017,p50,M2_ridge,nao_se_aplica,355.3666666666667,346.51799392212007
singapore,2018,p50,M2_ridge,nao_se_aplica,353.56666666666666,344.1525941654898
singapore,2019,p50,M2_ridge,nao_se_aplica,358.06666666666666,362.9089330296214
singapore,2022,p50,M2_ridge,nao_se_aplica,327.65,350.57523100267383
singapore,2023,p50,M2_ridge,nao_se_aplica,329.53333333333336,352.9638965333642
berlin,2005,p50,M3_random_forest,nao_se_aplica,248.08333333333331,244.905512119709
berlin,2006,p50,M3_random_forest,nao_se_aplica,253.51666666666668,255.49510404265845
berlin,2007,p50,M3_random_forest,nao_se_aplica,242.25,240.09484670965597
berlin,2008,p50,M3_random_forest,nao_se_aplica,242.36666666666667,241.12740873015866
berlin,2009,p50,M3_random_forest,nao_se_aplica,250.11666666666667,248.10659980158727
berlin,2010,p50,M3_random_forest,nao_se_aplica,241.05,242.13171520337292
berlin,2011,p50,M3_random_forest,nao_se_aplica,245.26666666666668,248.78088731812176
berlin,2012,p50,M3_random_forest,nao_se_aplica,241.06666666666663,241.05541875826736
berlin,2013,p50,M3_random_forest,nao_se_aplica,239.6833333333333,236.06019933862433
berlin,2014,p50,M3_random_forest,nao_se_aplica,241.9333333333333,245.94831505456364
berlin,2015,p50,M3_random_forest,nao_se_aplica,241.3083333333333,241.38278935185173
berlin,2016,p50,M3_random_forest,nao_se_aplica,247.2333333333333,246.67533313492058
berlin,2017,p50,M3_random_forest,nao_se_aplica,247.2,243.85782622354492
berlin,2018,p50,M3_random_forest,nao_se_aplica,253.45,243.70679957837302
berlin,2019,p50,M3_random_forest,nao_se_aplica,244.61666666666667,241.93690415013225
boston,2005,p50,M3_random_forest,nao_se_aplica,233.05,229.8503190641533
boston,2006,p50,M3_random_forest,nao_se_aplica,224.78333333333333,226.61862569444457
boston,2007,p50,M3_random_forest,nao_se_aplica,228.66666666666663,226.73305545634895
boston,2008,p50,M3_random_forest,nao_se_aplica,226.21666666666667,229.069758738426
boston,2009,p50,M3_random_forest,nao_se_aplica,224.08333333333331,224.14301470734114
boston,2010,p50,M3_random_forest,nao_se_aplica,224.28333333333333,227.8415619212962
boston,2011,p50,M3_random_forest,nao_se_aplica,224.9833333333333,227.14056145833337
boston,2012,p50,M3_random_forest,nao_se_aplica,251.06666666666663,244.87018888888866
boston,2013,p50,M3_random_forest,nao_se_aplica,220.88333333333333,225.2374239500661
boston,2014,p50,M3_random_forest,nao_se_aplica,232.2333333333333,230.4877672123014
boston,2015,p50,M3_random_forest,nao_se_aplica,219.66666666666663,226.29977318948409
boston,2016,p50,M3_random_forest,nao_se_aplica,228.08333333333331,230.91030392691792
boston,2017,p50,M3_random_forest,nao_se_aplica,231.65833333333333,237.51190200892836
boston,2018,p50,M3_random_forest,nao_se_aplica,228.6,229.95096470734134
boston,2019,p50,M3_random_forest,nao_se_aplica,225.575,240.90440838293637
chicago,2005,p50,M3_random_forest,nao_se_aplica,262.85,265.22765012400794
chicago,2006,p50,M3_random_forest,nao_se_aplica,261.05,264.2925284722225
chicago,2007,p50,M3_random_forest,nao_se_aplica,295.01666666666665,331.60431035052926
chicago,2008,p50,M3_random_forest,nao_se_aplica,283.7,279.3099111441797
chicago,2009,p50,M3_random_forest,nao_se_aplica,263.43333333333334,263.54269968885245
chicago,2010,p50,M3_random_forest,nao_se_aplica,280.64166666666665,283.1302281994046
chicago,2011,p50,M3_random_forest,nao_se_aplica,277.875,281.66956939484123
chicago,2012,p50,M3_random_forest,nao_se_aplica,267.4,262.28767036285444
chicago,2013,p50,M3_random_forest,nao_se_aplica,267.43333333333334,268.9188715673215
chicago,2014,p50,M3_random_forest,nao_se_aplica,267.4166666666667,265.69279997519857
chicago,2015,p50,M3_random_forest,nao_se_aplica,270.75,278.40217033475795
chicago,2016,p50,M3_random_forest,nao_se_aplica,268.3833333333333,268.6480589368382
chicago,2017,p50,M3_random_forest,nao_se_aplica,282.71666666666664,276.68165219907405
chicago,2018,p50,M3_random_forest,nao_se_aplica,267.4833333333333,270.09453421792324
chicago,2019,p50,M3_random_forest,nao_se_aplica,262.1083333333333,264.1505062830688
chicago,2022,p50,M3_random_forest,nao_se_aplica,261.76666666666665,271.6379811342589
chicago,2023,p50,M3_random_forest,nao_se_aplica,251.6833333333333,265.62127299933877
durban,2022,p50,M3_random_forest,nao_se_aplica,237.78333333333333,275.6273721064813
durban,2024,p50,M3_random_forest,nao_se_aplica,247.49166666666667,272.48781774140224
durban,2025,p50,M3_random_forest,nao_se_aplica,252.2083333333333,266.7980517195771
honolulu,2005,p50,M3_random_forest,nao_se_aplica,339.4833333333333,352.93053280423317
honolulu,2006,p50,M3_random_forest,nao_se_aplica,343.6166666666667,317.3191711309525
honolulu,2007,p50,M3_random_forest,nao_se_aplica,350.06666666666666,350.2833467757937
honolulu,2008,p50,M3_random_forest,nao_se_aplica,346.45,353.77794383267195
honolulu,2009,p50,M3_random_forest,nao_se_aplica,344.7333333333333,319.5413282738094
honolulu,2010,p50,M3_random_forest,nao_se_aplica,350.8666666666667,337.4178474371694
honolulu,2011,p50,M3_random_forest,nao_se_aplica,346.6,338.885875462963
honolulu,2012,p50,M3_random_forest,nao_se_aplica,348.8,358.6371461640212
honolulu,2013,p50,M3_random_forest,nao_se_aplica,367.55,357.541716220238
honolulu,2014,p50,M3_random_forest,nao_se_aplica,351.96666666666664,362.17192812499997
honolulu,2015,p50,M3_random_forest,nao_se_aplica,372.05,352.5035698412698
honolulu,2016,p50,M3_random_forest,nao_se_aplica,374.9583333333333,361.4581513137325
honolulu,2017,p50,M3_random_forest,nao_se_aplica,369.35833333333335,363.3687038111773
honolulu,2018,p50,M3_random_forest,nao_se_aplica,375.26666666666665,356.3520876074734
honolulu,2019,p50,M3_random_forest,nao_se_aplica,381.78333333333336,352.0375387400795
long_beach,2010,p50,M3_random_forest,nao_se_aplica,288.5083333333333,283.1628302496693
long_beach,2011,p50,M3_random_forest,nao_se_aplica,297.1,285.3176972470237
long_beach,2012,p50,M3_random_forest,nao_se_aplica,309.46666666666664,288.2250429563491
long_beach,2013,p50,M3_random_forest,nao_se_aplica,279.81666666666666,286.43197020502635
long_beach,2014,p50,M3_random_forest,nao_se_aplica,285.19166666666666,292.75301088789683
long_beach,2015,p50,M3_random_forest,nao_se_aplica,315.2583333333333,301.2886411240383
long_beach,2016,p50,M3_random_forest,nao_se_aplica,288.3833333333333,292.47825811011893
long_beach,2017,p50,M3_random_forest,nao_se_aplica,288.4,289.9237079034392
long_beach,2018,p50,M3_random_forest,nao_se_aplica,289.78333333333336,284.65470818452394
long_beach,2019,p50,M3_random_forest,nao_se_aplica,283.95,283.93239973544956
maui,2010,p50,M3_random_forest,nao_se_aplica,307.475,305.783605745701
maui,2011,p50,M3_random_forest,nao_se_aplica,301.18333333333334,308.85883410218264
maui,2012,p50,M3_random_forest,nao_se_aplica,305.75,304.66092417328036
maui,2013,p50,M3_random_forest,nao_se_aplica,317.25,306.53949169146813
maui,2014,p50,M3_random_forest,nao_se_aplica,320.56666666666666,308.2652894014551
nyc,2005,p50,M3_random_forest,nao_se_aplica,278.55,271.81984403935184
nyc,2006,p50,M3_random_forest,nao_se_aplica,262.28333333333336,263.9492719246031
nyc,2007,p50,M3_random_forest,nao_se_aplica,263.65,263.9836748511905
nyc,2008,p50,M3_random_forest,nao_se_aplica,259.25,263.87997503908116
nyc,2009,p50,M3_random_forest,nao_se_aplica,259.05,265.2940270337299
nyc,2010,p50,M3_random_forest,nao_se_aplica,261.3333333333333,262.19723670484586
nyc,2011,p50,M3_random_forest,nao_se_aplica,262.71666666666664,263.73301294642863
nyc,2013,p50,M3_random_forest,nao_se_aplica,262.3333333333333,266.2791275462962
nyc,2014,p50,M3_random_forest,nao_se_aplica,267.8666666666667,264.0462168650794
nyc,2015,p50,M3_random_forest,nao_se_aplica,273.1333333333333,274.65697142857147
nyc,2016,p50,M3_random_forest,nao_se_aplica,271.46666666666664,266.94746622023814
nyc,2017,p50,M3_random_forest,nao_se_aplica,270.45,272.03996516203694
nyc,2018,p50,M3_random_forest,nao_se_aplica,272.03333333333336,265.82334743716956
nyc,2019,p50,M3_random_forest,nao_se_aplica,269.2,264.39190203373005
nyc,2022,p50,M3_random_forest,nao_se_aplica,284.75,292.73678249007935
nyc,2023,p50,M3_random_forest,nao_se_aplica,272.78333333333336,270.1948912863761
nyc,2024,p50,M3_random_forest,nao_se_aplica,263.55,264.2574562417331
rio,2023,p50,M3_random_forest,nao_se_aplica,254.5833333333333,275.2491573908727
rio,2024,p50,M3_random_forest,nao_se_aplica,251.4833333333333,277.92965696924574
rio,2025,p50,M3_random_forest,nao_se_aplica,250.35,302.7252575396826
savannah,2011,p50,M3_random_forest,nao_se_aplica,270.125,269.6947967179232
savannah,2012,p50,M3_random_forest,nao_se_aplica,277.6166666666667,280.62883668981453
savannah,2013,p50,M3_random_forest,nao_se_aplica,274.3833333333333,275.4204266369047
savannah,2014,p50,M3_random_forest,nao_se_aplica,274.71666666666664,276.0484256283068
savannah,2015,p50,M3_random_forest,nao_se_aplica,249.3083333333333,323.7048207506618
savannah,2016,p50,M3_random_forest,nao_se_aplica,286.6166666666667,276.831209887566
savannah,2017,p50,M3_random_forest,nao_se_aplica,300.45,278.50953769014546
savannah,2018,p50,M3_random_forest,nao_se_aplica,280.96666666666664,272.53057059358457
savannah,2019,p50,M3_random_forest,nao_se_aplica,279.2,271.7792354745368
singapore,2014,p50,M3_random_forest,nao_se_aplica,358.0,349.6578321924602
singapore,2015,p50,M3_random_forest,nao_se_aplica,360.81666666666666,358.74346555735957
singapore,2016,p50,M3_random_forest,nao_se_aplica,354.1333333333333,355.3084755952381
singapore,2017,p50,M3_random_forest,nao_se_aplica,355.3666666666667,346.66555415013215
singapore,2018,p50,M3_random_forest,nao_se_aplica,353.56666666666666,357.7559616402117
singapore,2019,p50,M3_random_forest,nao_se_aplica,358.06666666666666,339.18197250330684
singapore,2022,p50,M3_random_forest,nao_se_aplica,327.65,344.7562233781269
singapore,2023,p50,M3_random_forest,nao_se_aplica,329.53333333333336,339.0450326636905
berlin,2005,p50,M4_hist_gbm,nao_se_aplica,248.08333333333331,245.37106633563613
berlin,2006,p50,M4_hist_gbm,nao_se_aplica,253.51666666666668,250.15377194490173
berlin,2007,p50,M4_hist_gbm,nao_se_aplica,242.25,241.91792568224594
berlin,2008,p50,M4_hist_gbm,nao_se_aplica,242.36666666666667,242.168649403968
berlin,2009,p50,M4_hist_gbm,nao_se_aplica,250.11666666666667,253.29013592346422
berlin,2010,p50,M4_hist_gbm,nao_se_aplica,241.05,240.4067831963762
berlin,2011,p50,M4_hist_gbm,nao_se_aplica,245.26666666666668,247.58832730603004
berlin,2012,p50,M4_hist_gbm,nao_se_aplica,241.06666666666663,241.72053574441313
berlin,2013,p50,M4_hist_gbm,nao_se_aplica,239.6833333333333,236.6942959135078
berlin,2014,p50,M4_hist_gbm,nao_se_aplica,241.9333333333333,245.63029824792363
berlin,2015,p50,M4_hist_gbm,nao_se_aplica,241.3083333333333,241.99447315937087
berlin,2016,p50,M4_hist_gbm,nao_se_aplica,247.2333333333333,247.84355258251733
berlin,2017,p50,M4_hist_gbm,nao_se_aplica,247.2,244.89827264944654
berlin,2018,p50,M4_hist_gbm,nao_se_aplica,253.45,243.7859248499613
berlin,2019,p50,M4_hist_gbm,nao_se_aplica,244.61666666666667,243.62846236743854
boston,2005,p50,M4_hist_gbm,nao_se_aplica,233.05,236.0056265578153
boston,2006,p50,M4_hist_gbm,nao_se_aplica,224.78333333333333,225.45035704559524
boston,2007,p50,M4_hist_gbm,nao_se_aplica,228.66666666666663,225.43965030176597
boston,2008,p50,M4_hist_gbm,nao_se_aplica,226.21666666666667,229.46344310040112
boston,2009,p50,M4_hist_gbm,nao_se_aplica,224.08333333333331,224.18935291068843
boston,2010,p50,M4_hist_gbm,nao_se_aplica,224.28333333333333,230.08558815789067
boston,2011,p50,M4_hist_gbm,nao_se_aplica,224.9833333333333,227.90851583953557
boston,2012,p50,M4_hist_gbm,nao_se_aplica,251.06666666666663,234.1772732162284
boston,2013,p50,M4_hist_gbm,nao_se_aplica,220.88333333333333,224.36573035089606
boston,2014,p50,M4_hist_gbm,nao_se_aplica,232.2333333333333,226.98592780951103
boston,2015,p50,M4_hist_gbm,nao_se_aplica,219.66666666666663,225.04129932253417
boston,2016,p50,M4_hist_gbm,nao_se_aplica,228.08333333333331,232.2418963271182
boston,2017,p50,M4_hist_gbm,nao_se_aplica,231.65833333333333,237.93988907292268
boston,2018,p50,M4_hist_gbm,nao_se_aplica,228.6,225.0373166906179
boston,2019,p50,M4_hist_gbm,nao_se_aplica,225.575,238.31965251230238
chicago,2005,p50,M4_hist_gbm,nao_se_aplica,262.85,265.7018258606675
chicago,2006,p50,M4_hist_gbm,nao_se_aplica,261.05,264.0775257317851
chicago,2007,p50,M4_hist_gbm,nao_se_aplica,295.01666666666665,318.4380120007905
chicago,2008,p50,M4_hist_gbm,nao_se_aplica,283.7,276.36096082732286
chicago,2009,p50,M4_hist_gbm,nao_se_aplica,263.43333333333334,263.38357666310105
chicago,2010,p50,M4_hist_gbm,nao_se_aplica,280.64166666666665,280.3203692589325
chicago,2011,p50,M4_hist_gbm,nao_se_aplica,277.875,279.78570001158437
chicago,2012,p50,M4_hist_gbm,nao_se_aplica,267.4,262.30609077218827
chicago,2013,p50,M4_hist_gbm,nao_se_aplica,267.43333333333334,269.0788678561644
chicago,2014,p50,M4_hist_gbm,nao_se_aplica,267.4166666666667,265.349005785067
chicago,2015,p50,M4_hist_gbm,nao_se_aplica,270.75,276.3106067858612
chicago,2016,p50,M4_hist_gbm,nao_se_aplica,268.3833333333333,265.6015279884947
chicago,2017,p50,M4_hist_gbm,nao_se_aplica,282.71666666666664,285.57912333325805
chicago,2018,p50,M4_hist_gbm,nao_se_aplica,267.4833333333333,271.8433186159052
chicago,2019,p50,M4_hist_gbm,nao_se_aplica,262.1083333333333,262.9805707638638
chicago,2022,p50,M4_hist_gbm,nao_se_aplica,261.76666666666665,265.4364090131199
chicago,2023,p50,M4_hist_gbm,nao_se_aplica,251.6833333333333,261.5697261532749
durban,2022,p50,M4_hist_gbm,nao_se_aplica,237.78333333333333,257.8665161464493
durban,2024,p50,M4_hist_gbm,nao_se_aplica,247.49166666666667,268.14972335083803
durban,2025,p50,M4_hist_gbm,nao_se_aplica,252.2083333333333,254.0975252432827
honolulu,2005,p50,M4_hist_gbm,nao_se_aplica,339.4833333333333,352.05927066158085
honolulu,2006,p50,M4_hist_gbm,nao_se_aplica,343.6166666666667,302.0485331092933
honolulu,2007,p50,M4_hist_gbm,nao_se_aplica,350.06666666666666,350.338262257664
honolulu,2008,p50,M4_hist_gbm,nao_se_aplica,346.45,353.2374424523667
honolulu,2009,p50,M4_hist_gbm,nao_se_aplica,344.7333333333333,299.0981022340079
honolulu,2010,p50,M4_hist_gbm,nao_se_aplica,350.8666666666667,346.800402531044
honolulu,2011,p50,M4_hist_gbm,nao_se_aplica,346.6,329.2437770904569
honolulu,2012,p50,M4_hist_gbm,nao_se_aplica,348.8,361.18224198294627
honolulu,2013,p50,M4_hist_gbm,nao_se_aplica,367.55,357.668532708922
honolulu,2014,p50,M4_hist_gbm,nao_se_aplica,351.96666666666664,367.99736984727315
honolulu,2015,p50,M4_hist_gbm,nao_se_aplica,372.05,350.29248658926406
honolulu,2016,p50,M4_hist_gbm,nao_se_aplica,374.9583333333333,366.37464400418685
honolulu,2017,p50,M4_hist_gbm,nao_se_aplica,369.35833333333335,367.5202310295735
honolulu,2018,p50,M4_hist_gbm,nao_se_aplica,375.26666666666665,357.4710163774956
honolulu,2019,p50,M4_hist_gbm,nao_se_aplica,381.78333333333336,350.7206697133996
long_beach,2010,p50,M4_hist_gbm,nao_se_aplica,288.5083333333333,282.0477225133006
long_beach,2011,p50,M4_hist_gbm,nao_se_aplica,297.1,287.0677212367904
long_beach,2012,p50,M4_hist_gbm,nao_se_aplica,309.46666666666664,289.48367735493815
long_beach,2013,p50,M4_hist_gbm,nao_se_aplica,279.81666666666666,284.8727697067984
long_beach,2014,p50,M4_hist_gbm,nao_se_aplica,285.19166666666666,293.36872279786564
long_beach,2015,p50,M4_hist_gbm,nao_se_aplica,315.2583333333333,308.72947947635015
long_beach,2016,p50,M4_hist_gbm,nao_se_aplica,288.3833333333333,293.6786274989789
long_beach,2017,p50,M4_hist_gbm,nao_se_aplica,288.4,284.88333371371147
long_beach,2018,p50,M4_hist_gbm,nao_se_aplica,289.78333333333336,284.07281787917873
long_beach,2019,p50,M4_hist_gbm,nao_se_aplica,283.95,284.25911230791684
maui,2010,p50,M4_hist_gbm,nao_se_aplica,307.475,303.3814135249668
maui,2011,p50,M4_hist_gbm,nao_se_aplica,301.18333333333334,311.95531651895965
maui,2012,p50,M4_hist_gbm,nao_se_aplica,305.75,308.56306396683885
maui,2013,p50,M4_hist_gbm,nao_se_aplica,317.25,304.00053254544116
maui,2014,p50,M4_hist_gbm,nao_se_aplica,320.56666666666666,304.92214686835285
nyc,2005,p50,M4_hist_gbm,nao_se_aplica,278.55,268.66522446793454
nyc,2006,p50,M4_hist_gbm,nao_se_aplica,262.28333333333336,265.4415645268795
nyc,2007,p50,M4_hist_gbm,nao_se_aplica,263.65,265.00178206692317
nyc,2008,p50,M4_hist_gbm,nao_se_aplica,259.25,263.568830524815
nyc,2009,p50,M4_hist_gbm,nao_se_aplica,259.05,266.42671393976514
nyc,2010,p50,M4_hist_gbm,nao_se_aplica,261.3333333333333,258.89216127144795
nyc,2011,p50,M4_hist_gbm,nao_se_aplica,262.71666666666664,261.94756949971907
nyc,2013,p50,M4_hist_gbm,nao_se_aplica,262.3333333333333,264.0095236948369
nyc,2014,p50,M4_hist_gbm,nao_se_aplica,267.8666666666667,265.009686442908
nyc,2015,p50,M4_hist_gbm,nao_se_aplica,273.1333333333333,273.0878163534973
nyc,2016,p50,M4_hist_gbm,nao_se_aplica,271.46666666666664,261.945521672286
nyc,2017,p50,M4_hist_gbm,nao_se_aplica,270.45,270.54539935038986
nyc,2018,p50,M4_hist_gbm,nao_se_aplica,272.03333333333336,267.51673203121226
nyc,2019,p50,M4_hist_gbm,nao_se_aplica,269.2,265.08440431056715
nyc,2022,p50,M4_hist_gbm,nao_se_aplica,284.75,295.8399199060806
nyc,2023,p50,M4_hist_gbm,nao_se_aplica,272.78333333333336,270.9388721416102
nyc,2024,p50,M4_hist_gbm,nao_se_aplica,263.55,264.4808163497867
rio,2023,p50,M4_hist_gbm,nao_se_aplica,254.5833333333333,255.81856597786387
rio,2024,p50,M4_hist_gbm,nao_se_aplica,251.4833333333333,251.39324951243523
rio,2025,p50,M4_hist_gbm,nao_se_aplica,250.35,283.26771190087993
savannah,2011,p50,M4_hist_gbm,nao_se_aplica,270.125,271.7872243649988
savannah,2012,p50,M4_hist_gbm,nao_se_aplica,277.6166666666667,279.5951928151427
savannah,2013,p50,M4_hist_gbm,nao_se_aplica,274.3833333333333,275.647635297461
savannah,2014,p50,M4_hist_gbm,nao_se_aplica,274.71666666666664,275.3720655107769
savannah,2015,p50,M4_hist_gbm,nao_se_aplica,249.3083333333333,331.80847765548015
savannah,2016,p50,M4_hist_gbm,nao_se_aplica,286.6166666666667,277.94476676725736
savannah,2017,p50,M4_hist_gbm,nao_se_aplica,300.45,281.1454510326225
savannah,2018,p50,M4_hist_gbm,nao_se_aplica,280.96666666666664,272.2641127964963
savannah,2019,p50,M4_hist_gbm,nao_se_aplica,279.2,276.0079233393004
singapore,2014,p50,M4_hist_gbm,nao_se_aplica,358.0,344.3301704182228
singapore,2015,p50,M4_hist_gbm,nao_se_aplica,360.81666666666666,361.9008746332663
singapore,2016,p50,M4_hist_gbm,nao_se_aplica,354.1333333333333,349.5442319787319
singapore,2017,p50,M4_hist_gbm,nao_se_aplica,355.3666666666667,348.6974332847052
singapore,2018,p50,M4_hist_gbm,nao_se_aplica,353.56666666666666,353.12688591627517
singapore,2019,p50,M4_hist_gbm,nao_se_aplica,358.06666666666666,337.1077543268453
singapore,2022,p50,M4_hist_gbm,nao_se_aplica,327.65,347.9399660747319
singapore,2023,p50,M4_hist_gbm,nao_se_aplica,329.53333333333336,347.34199588504384
berlin,2005,p50,M5_mlp,nao_se_aplica,248.08333333333331,266.08655361189375
berlin,2006,p50,M5_mlp,nao_se_aplica,253.51666666666668,249.53429891186585
berlin,2007,p50,M5_mlp,nao_se_aplica,242.25,227.29656434294813
berlin,2008,p50,M5_mlp,nao_se_aplica,242.36666666666667,212.72104469099946
berlin,2009,p50,M5_mlp,nao_se_aplica,250.11666666666667,304.858909863183
berlin,2010,p50,M5_mlp,nao_se_aplica,241.05,211.6042137629911
berlin,2011,p50,M5_mlp,nao_se_aplica,245.26666666666668,241.14274833088243
berlin,2012,p50,M5_mlp,nao_se_aplica,241.06666666666663,226.85484749804772
berlin,2013,p50,M5_mlp,nao_se_aplica,239.6833333333333,247.2991655470992
berlin,2014,p50,M5_mlp,nao_se_aplica,241.9333333333333,235.43264055235483
berlin,2015,p50,M5_mlp,nao_se_aplica,241.3083333333333,235.75702434599862
berlin,2016,p50,M5_mlp,nao_se_aplica,247.2333333333333,253.74166069187973
berlin,2017,p50,M5_mlp,nao_se_aplica,247.2,276.202580059489
berlin,2018,p50,M5_mlp,nao_se_aplica,253.45,219.6294672913132
berlin,2019,p50,M5_mlp,nao_se_aplica,244.61666666666667,252.5861769726737
boston,2005,p50,M5_mlp,nao_se_aplica,233.05,214.49243712275165
boston,2006,p50,M5_mlp,nao_se_aplica,224.78333333333333,189.46128356013296
boston,2007,p50,M5_mlp,nao_se_aplica,228.66666666666663,266.18919252274804
boston,2008,p50,M5_mlp,nao_se_aplica,226.21666666666667,190.94924233236958
boston,2009,p50,M5_mlp,nao_se_aplica,224.08333333333331,236.66570364695605
boston,2010,p50,M5_mlp,nao_se_aplica,224.28333333333333,147.302548484215
boston,2011,p50,M5_mlp,nao_se_aplica,224.9833333333333,270.2777323612528
boston,2012,p50,M5_mlp,nao_se_aplica,251.06666666666663,164.30837613420047
boston,2013,p50,M5_mlp,nao_se_aplica,220.88333333333333,239.5126972929016
boston,2014,p50,M5_mlp,nao_se_aplica,232.2333333333333,263.7291243792616
boston,2015,p50,M5_mlp,nao_se_aplica,219.66666666666663,209.03053242036057
boston,2016,p50,M5_mlp,nao_se_aplica,228.08333333333331,245.5301702503561
boston,2017,p50,M5_mlp,nao_se_aplica,231.65833333333333,228.06279835954624
boston,2018,p50,M5_mlp,nao_se_aplica,228.6,400.31013532398066
boston,2019,p50,M5_mlp,nao_se_aplica,225.575,83.4913224497453
chicago,2005,p50,M5_mlp,nao_se_aplica,262.85,237.61323361249586
chicago,2006,p50,M5_mlp,nao_se_aplica,261.05,275.2188940893794
chicago,2007,p50,M5_mlp,nao_se_aplica,295.01666666666665,199.32248971024765
chicago,2008,p50,M5_mlp,nao_se_aplica,283.7,264.89707056428756
chicago,2009,p50,M5_mlp,nao_se_aplica,263.43333333333334,329.52642443388646
chicago,2010,p50,M5_mlp,nao_se_aplica,280.64166666666665,319.66645347176666
chicago,2011,p50,M5_mlp,nao_se_aplica,277.875,294.6510619111899
chicago,2012,p50,M5_mlp,nao_se_aplica,267.4,272.6478580203716
chicago,2013,p50,M5_mlp,nao_se_aplica,267.43333333333334,241.6119209210349
chicago,2014,p50,M5_mlp,nao_se_aplica,267.4166666666667,239.55376163507225
chicago,2015,p50,M5_mlp,nao_se_aplica,270.75,262.33608573037304
chicago,2016,p50,M5_mlp,nao_se_aplica,268.3833333333333,241.09685319506397
chicago,2017,p50,M5_mlp,nao_se_aplica,282.71666666666664,276.8285007307871
chicago,2018,p50,M5_mlp,nao_se_aplica,267.4833333333333,236.94380406930992
chicago,2019,p50,M5_mlp,nao_se_aplica,262.1083333333333,293.2266244535389
chicago,2022,p50,M5_mlp,nao_se_aplica,261.76666666666665,310.31044151081875
chicago,2023,p50,M5_mlp,nao_se_aplica,251.6833333333333,190.46131191287606
durban,2022,p50,M5_mlp,nao_se_aplica,237.78333333333333,321.16843430064455
durban,2024,p50,M5_mlp,nao_se_aplica,247.49166666666667,171.5251249708938
durban,2025,p50,M5_mlp,nao_se_aplica,252.2083333333333,229.73651532300565
honolulu,2005,p50,M5_mlp,nao_se_aplica,339.4833333333333,356.9678322658094
honolulu,2006,p50,M5_mlp,nao_se_aplica,343.6166666666667,325.90892339905633
honolulu,2007,p50,M5_mlp,nao_se_aplica,350.06666666666666,362.9434515261827
honolulu,2008,p50,M5_mlp,nao_se_aplica,346.45,325.68896087664456
honolulu,2009,p50,M5_mlp,nao_se_aplica,344.7333333333333,327.06743001229506
honolulu,2010,p50,M5_mlp,nao_se_aplica,350.8666666666667,348.63419328037315
honolulu,2011,p50,M5_mlp,nao_se_aplica,346.6,338.1314681654953
honolulu,2012,p50,M5_mlp,nao_se_aplica,348.8,361.9312075670543
honolulu,2013,p50,M5_mlp,nao_se_aplica,367.55,379.10357462204223
honolulu,2014,p50,M5_mlp,nao_se_aplica,351.96666666666664,391.32257208432804
honolulu,2015,p50,M5_mlp,nao_se_aplica,372.05,359.35701825283115
honolulu,2016,p50,M5_mlp,nao_se_aplica,374.9583333333333,376.4500881295847
honolulu,2017,p50,M5_mlp,nao_se_aplica,369.35833333333335,355.87858201847956
honolulu,2018,p50,M5_mlp,nao_se_aplica,375.26666666666665,325.40792120540243
honolulu,2019,p50,M5_mlp,nao_se_aplica,381.78333333333336,339.8053626165902
long_beach,2010,p50,M5_mlp,nao_se_aplica,288.5083333333333,305.4275374481397
long_beach,2011,p50,M5_mlp,nao_se_aplica,297.1,262.17221917727517
long_beach,2012,p50,M5_mlp,nao_se_aplica,309.46666666666664,305.19650819282015
long_beach,2013,p50,M5_mlp,nao_se_aplica,279.81666666666666,271.09146383801544
long_beach,2014,p50,M5_mlp,nao_se_aplica,285.19166666666666,298.0045618796112
long_beach,2015,p50,M5_mlp,nao_se_aplica,315.2583333333333,354.36498327271636
long_beach,2016,p50,M5_mlp,nao_se_aplica,288.3833333333333,325.26146359870773
long_beach,2017,p50,M5_mlp,nao_se_aplica,288.4,288.85638671579187
long_beach,2018,p50,M5_mlp,nao_se_aplica,289.78333333333336,294.5425020992665
long_beach,2019,p50,M5_mlp,nao_se_aplica,283.95,253.11773845319223
maui,2010,p50,M5_mlp,nao_se_aplica,307.475,299.2194235697149
maui,2011,p50,M5_mlp,nao_se_aplica,301.18333333333334,327.33801605575724
maui,2012,p50,M5_mlp,nao_se_aplica,305.75,286.9546352307807
maui,2013,p50,M5_mlp,nao_se_aplica,317.25,296.85041660027434
maui,2014,p50,M5_mlp,nao_se_aplica,320.56666666666666,335.5775089336251
nyc,2005,p50,M5_mlp,nao_se_aplica,278.55,213.22630089874608
nyc,2006,p50,M5_mlp,nao_se_aplica,262.28333333333336,309.8437238297027
nyc,2007,p50,M5_mlp,nao_se_aplica,263.65,221.94069162847066
nyc,2008,p50,M5_mlp,nao_se_aplica,259.25,253.81711217937254
nyc,2009,p50,M5_mlp,nao_se_aplica,259.05,281.6198793842668
nyc,2010,p50,M5_mlp,nao_se_aplica,261.3333333333333,262.2147227347021
nyc,2011,p50,M5_mlp,nao_se_aplica,262.71666666666664,247.0870891224034
nyc,2013,p50,M5_mlp,nao_se_aplica,262.3333333333333,261.2538928204966
nyc,2014,p50,M5_mlp,nao_se_aplica,267.8666666666667,311.21957464534455
nyc,2015,p50,M5_mlp,nao_se_aplica,273.1333333333333,233.941535093246
nyc,2016,p50,M5_mlp,nao_se_aplica,271.46666666666664,256.440391200821
nyc,2017,p50,M5_mlp,nao_se_aplica,270.45,315.5347359648214
nyc,2018,p50,M5_mlp,nao_se_aplica,272.03333333333336,255.59020044788494
nyc,2019,p50,M5_mlp,nao_se_aplica,269.2,276.7176899645856
nyc,2022,p50,M5_mlp,nao_se_aplica,284.75,256.6135469756674
nyc,2023,p50,M5_mlp,nao_se_aplica,272.78333333333336,265.5557142220352
nyc,2024,p50,M5_mlp,nao_se_aplica,263.55,280.8760298854001
rio,2023,p50,M5_mlp,nao_se_aplica,254.5833333333333,234.31279974636368
rio,2024,p50,M5_mlp,nao_se_aplica,251.4833333333333,264.4710055465649
rio,2025,p50,M5_mlp,nao_se_aplica,250.35,276.76297066992504
savannah,2011,p50,M5_mlp,nao_se_aplica,270.125,298.5915046396676
savannah,2012,p50,M5_mlp,nao_se_aplica,277.6166666666667,252.64038172446794
savannah,2013,p50,M5_mlp,nao_se_aplica,274.3833333333333,277.98470441037495
savannah,2014,p50,M5_mlp,nao_se_aplica,274.71666666666664,272.2325233036509
savannah,2015,p50,M5_mlp,nao_se_aplica,249.3083333333333,318.0588186673829
savannah,2016,p50,M5_mlp,nao_se_aplica,286.6166666666667,254.3566464280972
savannah,2017,p50,M5_mlp,nao_se_aplica,300.45,320.6996680013895
savannah,2018,p50,M5_mlp,nao_se_aplica,280.96666666666664,245.5676186923215
savannah,2019,p50,M5_mlp,nao_se_aplica,279.2,219.68347996519495
singapore,2014,p50,M5_mlp,nao_se_aplica,358.0,332.6811395151909
singapore,2015,p50,M5_mlp,nao_se_aplica,360.81666666666666,353.0061147865124
singapore,2016,p50,M5_mlp,nao_se_aplica,354.1333333333333,375.2482204898339
singapore,2017,p50,M5_mlp,nao_se_aplica,355.3666666666667,353.82215217303536
singapore,2018,p50,M5_mlp,nao_se_aplica,353.56666666666666,347.2470668090499
singapore,2019,p50,M5_mlp,nao_se_aplica,358.06666666666666,457.69281396165354
singapore,2022,p50,M5_mlp,nao_se_aplica,327.65,319.38784885125335
singapore,2023,p50,M5_mlp,nao_se_aplica,329.53333333333336,347.2828953603954
berlin,2005,p75,B1_global,nao_se_aplica,277.7,323.1697916666667
berlin,2006,p75,B1_global,nao_se_aplica,284.2791666666667,323.1130747126437
berlin,2007,p75,B1_global,nao_se_aplica,271.74583333333334,323.2211206896552
berlin,2008,p75,B1_global,nao_se_aplica,272.9,323.2111709770115
berlin,2009,p75,B1_global,nao_se_aplica,280.30833333333334,323.14730603448277
berlin,2010,p75,B1_global,nao_se_aplica,270.56666666666666,323.23128591954026
berlin,2011,p75,B1_global,nao_se_aplica,276.7,323.17841235632187
berlin,2012,p75,B1_global,nao_se_aplica,271.71666666666664,323.2213721264368
berlin,2013,p75,B1_global,nao_se_aplica,270.76666666666665,323.22956178160916
berlin,2014,p75,B1_global,nao_se_aplica,274.975,323.19328304597707
berlin,2015,p75,B1_global,nao_se_aplica,274.8875,323.19403735632187
berlin,2016,p75,B1_global,nao_se_aplica,281.81666666666666,323.13430316091956
berlin,2017,p75,B1_global,nao_se_aplica,281.1166666666667,323.1403376436782
berlin,2018,p75,B1_global,nao_se_aplica,291.4,323.05168821839084
berlin,2019,p75,B1_global,nao_se_aplica,282.0833333333333,323.1320043103448
boston,2005,p75,B1_global,nao_se_aplica,259.51666666666665,323.3265445402299
boston,2006,p75,B1_global,nao_se_aplica,249.71666666666667,323.41102729885057
boston,2007,p75,B1_global,nao_se_aplica,254.5,323.36979166666674
boston,2008,p75,B1_global,nao_se_aplica,251.63333333333333,323.39450431034487
boston,2009,p75,B1_global,nao_se_aplica,248.41666666666663,323.4222341954023
boston,2010,p75,B1_global,nao_se_aplica,248.88333333333333,323.4182112068966
boston,2011,p75,B1_global,nao_se_aplica,249.78333333333333,323.41045258620693
boston,2012,p75,B1_global,nao_se_aplica,285.31666666666666,323.10413074712653
boston,2013,p75,B1_global,nao_se_aplica,247.9625,323.42614942528735
boston,2014,p75,B1_global,nao_se_aplica,272.7,323.2128951149425
boston,2015,p75,B1_global,nao_se_aplica,246.41666666666663,323.4394755747127
boston,2016,p75,B1_global,nao_se_aplica,256.71666666666664,323.3506824712644
boston,2017,p75,B1_global,nao_se_aplica,261.8,323.30686063218394
boston,2018,p75,B1_global,nao_se_aplica,262.31666666666666,323.30240660919543
boston,2019,p75,B1_global,nao_se_aplica,259.0,323.3309985632185
chicago,2005,p75,B1_global,nao_se_aplica,295.71666666666664,323.01447557471266
chicago,2006,p75,B1_global,nao_se_aplica,296.06666666666666,323.01145833333345
chicago,2007,p75,B1_global,nao_se_aplica,329.3,322.7249640804598
chicago,2008,p75,B1_global,nao_se_aplica,321.6,322.7913433908046
chicago,2009,p75,B1_global,nao_se_aplica,299.7333333333333,322.97984913793107
chicago,2010,p75,B1_global,nao_se_aplica,321.21666666666664,322.79464798850574
chicago,2011,p75,B1_global,nao_se_aplica,316.875,322.83207614942535
chicago,2012,p75,B1_global,nao_se_aplica,305.09583333333336,322.9336206896552
chicago,2013,p75,B1_global,nao_se_aplica,306.5,322.9215158045978
chicago,2014,p75,B1_global,nao_se_aplica,308.1,322.90772270114945
chicago,2015,p75,B1_global,nao_se_aplica,311.24583333333334,322.88060344827596
chicago,2016,p75,B1_global,nao_se_aplica,310.5708333333333,322.8864224137931
chicago,2017,p75,B1_global,nao_se_aplica,328.4166666666667,322.73257902298855
chicago,2018,p75,B1_global,nao_se_aplica,310.6666666666667,322.88559626436785
chicago,2019,p75,B1_global,nao_se_aplica,307.25,322.91505028735634
chicago,2022,p75,B1_global,nao_se_aplica,307.95,322.9090158045977
chicago,2023,p75,B1_global,nao_se_aplica,297.95,322.99522270114943
durban,2022,p75,B1_global,nao_se_aplica,275.09166666666664,323.19227729885057
durban,2024,p75,B1_global,nao_se_aplica,282.71666666666664,323.12654454022993
durban,2025,p75,B1_global,nao_se_aplica,285.7083333333333,323.1007543103448
honolulu,2005,p75,B1_global,nao_se_aplica,403.1333333333333,322.08846982758627
honolulu,2006,p75,B1_global,nao_se_aplica,408.73333333333335,322.0401939655173
honolulu,2007,p75,B1_global,nao_se_aplica,417.2708333333333,321.9665948275863
honolulu,2008,p75,B1_global,nao_se_aplica,411.8333333333333,322.0134698275863
honolulu,2009,p75,B1_global,nao_se_aplica,410.03333333333336,322.02898706896553
honolulu,2010,p75,B1_global,nao_se_aplica,414.975,321.9863864942529
honolulu,2011,p75,B1_global,nao_se_aplica,409.7083333333333,322.0317887931035
honolulu,2012,p75,B1_global,nao_se_aplica,408.28333333333336,322.0440732758621
honolulu,2013,p75,B1_global,nao_se_aplica,437.85,321.78918821839085
honolulu,2014,p75,B1_global,nao_se_aplica,422.675,321.9200071839081
honolulu,2015,p75,B1_global,nao_se_aplica,442.17083333333335,321.75193965517246
honolulu,2016,p75,B1_global,nao_se_aplica,450.45,321.68056752873565
honolulu,2017,p75,B1_global,nao_se_aplica,441.6125,321.7567528735633
honolulu,2018,p75,B1_global,nao_se_aplica,444.3083333333333,321.73351293103457
honolulu,2019,p75,B1_global,nao_se_aplica,456.44166666666666,321.62891522988514
long_beach,2010,p75,B1_global,nao_se_aplica,331.2416666666667,322.7082255747127
long_beach,2011,p75,B1_global,nao_se_aplica,346.05833333333334,322.58049568965527
long_beach,2012,p75,B1_global,nao_se_aplica,358.2958333333333,322.475
long_beach,2013,p75,B1_global,nao_se_aplica,318.78333333333336,322.815625
long_beach,2014,p75,B1_global,nao_se_aplica,331.78333333333336,322.7035560344828
long_beach,2015,p75,B1_global,nao_se_aplica,368.5625,322.38649425287366
long_beach,2016,p75,B1_global,nao_se_aplica,333.7583333333333,322.6865301724138
long_beach,2017,p75,B1_global,nao_se_aplica,338.46666666666664,322.64594109195406
long_beach,2018,p75,B1_global,nao_se_aplica,337.35,322.6555675287357
long_beach,2019,p75,B1_global,nao_se_aplica,330.2,322.71720545977024
maui,2010,p75,B1_global,nao_se_aplica,355.19166666666666,322.50176005747136
maui,2011,p75,B1_global,nao_se_aplica,351.5333333333333,322.53329741379315
maui,2012,p75,B1_global,nao_se_aplica,354.4833333333333,322.50786637931037
maui,2013,p75,B1_global,nao_se_aplica,364.3416666666667,322.42288074712644
maui,2014,p75,B1_global,nao_se_aplica,366.2875,322.4061063218391
nyc,2005,p75,B1_global,nao_se_aplica,314.1666666666667,322.85542385057477
nyc,2006,p75,B1_global,nao_se_aplica,294.8833333333333,323.02165948275865
nyc,2007,p75,B1_global,nao_se_aplica,296.78333333333336,323.0052801724138
nyc,2008,p75,B1_global,nao_se_aplica,293.43333333333334,323.03415948275864
nyc,2009,p75,B1_global,nao_se_aplica,292.56666666666666,323.0416307471265
nyc,2010,p75,B1_global,nao_se_aplica,296.53333333333336,323.0074353448276
nyc,2011,p75,B1_global,nao_se_aplica,298.55,322.9900502873564
nyc,2013,p75,B1_global,nao_se_aplica,296.9166666666667,323.00413074712645
nyc,2014,p75,B1_global,nao_se_aplica,304.43333333333334,322.9393318965518
nyc,2015,p75,B1_global,nao_se_aplica,310.53333333333336,322.8867456896552
nyc,2016,p75,B1_global,nao_se_aplica,309.01666666666665,322.89982040229893
nyc,2017,p75,B1_global,nao_se_aplica,309.35,322.8969468390805
nyc,2018,p75,B1_global,nao_se_aplica,312.00416666666666,322.8740660919541
nyc,2019,p75,B1_global,nao_se_aplica,309.75416666666666,322.8934626436783
nyc,2022,p75,B1_global,nao_se_aplica,327.31666666666666,322.74206178160927
nyc,2023,p75,B1_global,nao_se_aplica,315.95,322.84005028735635
nyc,2024,p75,B1_global,nao_se_aplica,305.4083333333333,322.930926724138
rio,2023,p75,B1_global,nao_se_aplica,289.15833333333336,323.0710129310345
rio,2024,p75,B1_global,nao_se_aplica,284.27916666666664,323.1130747126437
rio,2025,p75,B1_global,nao_se_aplica,281.01666666666665,323.1411997126437
savannah,2011,p75,B1_global,nao_se_aplica,305.6125,322.92916666666673
savannah,2012,p75,B1_global,nao_se_aplica,311.7,322.8766882183908
savannah,2013,p75,B1_global,nao_se_aplica,311.76666666666665,322.8761135057472
savannah,2014,p75,B1_global,nao_se_aplica,310.5708333333333,322.8864224137931
savannah,2015,p75,B1_global,nao_se_aplica,273.6875,323.2043821839081
savannah,2016,p75,B1_global,nao_se_aplica,332.31666666666666,322.69895833333334
savannah,2017,p75,B1_global,nao_se_aplica,346.31666666666666,322.57826867816095
savannah,2018,p75,B1_global,nao_se_aplica,318.85,322.81505028735637
savannah,2019,p75,B1_global,nao_se_aplica,320.5,322.80082614942535
singapore,2014,p75,B1_global,nao_se_aplica,404.8666666666667,322.07352729885065
singapore,2015,p75,B1_global,nao_se_aplica,412.1,322.01117097701155
singapore,2016,p75,B1_global,nao_se_aplica,406.39166666666665,322.06038074712654
singapore,2017,p75,B1_global,nao_se_aplica,405.14166666666665,322.0711566091955
singapore,2018,p75,B1_global,nao_se_aplica,395.6833333333333,322.15269396551736
singapore,2019,p75,B1_global,nao_se_aplica,405.0833333333333,322.0716594827587
singapore,2022,p75,B1_global,nao_se_aplica,380.2166666666667,322.28602729885074
singapore,2023,p75,B1_global,nao_se_aplica,381.3083333333333,322.2766163793105
berlin,2005,p75,B2_por_maratona,mediana,277.7,275.8375
berlin,2006,p75,B2_por_maratona,mediana,284.2791666666667,275.8375
berlin,2007,p75,B2_por_maratona,mediana,271.74583333333334,277.2
berlin,2008,p75,B2_por_maratona,mediana,272.9,277.2
berlin,2009,p75,B2_por_maratona,mediana,280.30833333333334,275.8375
berlin,2010,p75,B2_por_maratona,mediana,270.56666666666666,277.2
berlin,2011,p75,B2_por_maratona,mediana,276.7,276.3375
berlin,2012,p75,B2_por_maratona,mediana,271.71666666666664,277.2
berlin,2013,p75,B2_por_maratona,mediana,270.76666666666665,277.2
berlin,2014,p75,B2_por_maratona,mediana,274.975,277.2
berlin,2015,p75,B2_por_maratona,mediana,274.8875,277.2
berlin,2016,p75,B2_por_maratona,mediana,281.81666666666666,275.8375
berlin,2017,p75,B2_por_maratona,mediana,281.1166666666667,275.8375
berlin,2018,p75,B2_por_maratona,mediana,291.4,275.8375
berlin,2019,p75,B2_por_maratona,mediana,282.0833333333333,275.8375
boston,2005,p75,B2_por_maratona,mediana,259.51666666666665,253.06666666666666
boston,2006,p75,B2_por_maratona,mediana,249.71666666666667,255.60833333333332
boston,2007,p75,B2_por_maratona,mediana,254.5,254.17499999999998
boston,2008,p75,B2_por_maratona,mediana,251.63333333333333,255.60833333333332
boston,2009,p75,B2_por_maratona,mediana,248.41666666666663,255.60833333333332
boston,2010,p75,B2_por_maratona,mediana,248.88333333333333,255.60833333333332
boston,2011,p75,B2_por_maratona,mediana,249.78333333333333,255.60833333333332
boston,2012,p75,B2_por_maratona,mediana,285.31666666666666,253.06666666666666
boston,2013,p75,B2_por_maratona,mediana,247.9625,255.60833333333332
boston,2014,p75,B2_por_maratona,mediana,272.7,253.06666666666666
boston,2015,p75,B2_por_maratona,mediana,246.41666666666663,255.60833333333332
boston,2016,p75,B2_por_maratona,mediana,256.71666666666664,253.06666666666666
boston,2017,p75,B2_por_maratona,mediana,261.8,253.06666666666666
boston,2018,p75,B2_por_maratona,mediana,262.31666666666666,253.06666666666666
boston,2019,p75,B2_por_maratona,mediana,259.0,253.06666666666666
chicago,2005,p75,B2_por_maratona,mediana,295.71666666666664,309.3354166666667
chicago,2006,p75,B2_por_maratona,mediana,296.06666666666666,309.3354166666667
chicago,2007,p75,B2_por_maratona,mediana,329.3,308.025
chicago,2008,p75,B2_por_maratona,mediana,321.6,308.025
chicago,2009,p75,B2_por_maratona,mediana,299.7333333333333,309.3354166666667
chicago,2010,p75,B2_por_maratona,mediana,321.21666666666664,308.025
chicago,2011,p75,B2_por_maratona,mediana,316.875,308.025
chicago,2012,p75,B2_por_maratona,mediana,305.09583333333336,309.3354166666667
chicago,2013,p75,B2_por_maratona,mediana,306.5,309.3354166666667
chicago,2014,p75,B2_por_maratona,mediana,308.1,309.26041666666663
chicago,2015,p75,B2_por_maratona,mediana,311.24583333333334,308.025
chicago,2016,p75,B2_por_maratona,mediana,310.5708333333333,308.025
chicago,2017,p75,B2_por_maratona,mediana,328.4166666666667,308.025
chicago,2018,p75,B2_por_maratona,mediana,310.6666666666667,308.025
chicago,2019,p75,B2_por_maratona,mediana,307.25,309.3354166666667
chicago,2022,p75,B2_por_maratona,mediana,307.95,309.3354166666667
chicago,2023,p75,B2_por_maratona,mediana,297.95,309.3354166666667
durban,2022,p75,B2_por_maratona,mediana,275.09166666666664,284.2125
durban,2024,p75,B2_por_maratona,mediana,282.71666666666664,280.4
durban,2025,p75,B2_por_maratona,mediana,285.7083333333333,278.90416666666664
honolulu,2005,p75,B2_por_maratona,mediana,403.1333333333333,419.97291666666666
honolulu,2006,p75,B2_por_maratona,mediana,408.73333333333335,419.97291666666666
honolulu,2007,p75,B2_por_maratona,mediana,417.2708333333333,418.82500000000005
honolulu,2008,p75,B2_por_maratona,mediana,411.8333333333333,419.97291666666666
honolulu,2009,p75,B2_por_maratona,mediana,410.03333333333336,419.97291666666666
honolulu,2010,p75,B2_por_maratona,mediana,414.975,419.97291666666666
honolulu,2011,p75,B2_por_maratona,mediana,409.7083333333333,419.97291666666666
honolulu,2012,p75,B2_por_maratona,mediana,408.28333333333336,419.97291666666666
honolulu,2013,p75,B2_por_maratona,mediana,437.85,416.1229166666667
honolulu,2014,p75,B2_por_maratona,mediana,422.675,416.1229166666667
honolulu,2015,p75,B2_por_maratona,mediana,442.17083333333335,416.1229166666667
honolulu,2016,p75,B2_por_maratona,mediana,450.45,416.1229166666667
honolulu,2017,p75,B2_por_maratona,mediana,441.6125,416.1229166666667
honolulu,2018,p75,B2_por_maratona,mediana,444.3083333333333,416.1229166666667
honolulu,2019,p75,B2_por_maratona,mediana,456.44166666666666,416.1229166666667
long_beach,2010,p75,B2_por_maratona,mediana,331.2416666666667,337.35
long_beach,2011,p75,B2_por_maratona,mediana,346.05833333333334,333.7583333333333
long_beach,2012,p75,B2_por_maratona,mediana,358.2958333333333,333.7583333333333
long_beach,2013,p75,B2_por_maratona,mediana,318.78333333333336,337.35
long_beach,2014,p75,B2_por_maratona,mediana,331.78333333333336,337.35
long_beach,2015,p75,B2_por_maratona,mediana,368.5625,333.7583333333333
long_beach,2016,p75,B2_por_maratona,mediana,333.7583333333333,337.35
long_beach,2017,p75,B2_por_maratona,mediana,338.46666666666664,333.7583333333333
long_beach,2018,p75,B2_por_maratona,mediana,337.35,333.7583333333333
long_beach,2019,p75,B2_por_maratona,mediana,330.2,337.35
maui,2010,p75,B2_por_maratona,mediana,355.19166666666666,359.4125
maui,2011,p75,B2_por_maratona,mediana,351.5333333333333,359.76666666666665
maui,2012,p75,B2_por_maratona,mediana,354.4833333333333,359.76666666666665
maui,2013,p75,B2_por_maratona,mediana,364.3416666666667,354.8375
maui,2014,p75,B2_por_maratona,mediana,366.2875,354.8375
nyc,2005,p75,B2_por_maratona,mediana,314.1666666666667,304.92083333333335
nyc,2006,p75,B2_por_maratona,mediana,294.8833333333333,307.2125
nyc,2007,p75,B2_por_maratona,mediana,296.78333333333336,307.2125
nyc,2008,p75,B2_por_maratona,mediana,293.43333333333334,307.2125
nyc,2009,p75,B2_por_maratona,mediana,292.56666666666666,307.2125
nyc,2010,p75,B2_por_maratona,mediana,296.53333333333336,307.2125
nyc,2011,p75,B2_por_maratona,mediana,298.55,307.2125
nyc,2013,p75,B2_por_maratona,mediana,296.9166666666667,307.2125
nyc,2014,p75,B2_por_maratona,mediana,304.43333333333334,307.2125
nyc,2015,p75,B2_por_maratona,mediana,310.53333333333336,304.92083333333335
nyc,2016,p75,B2_por_maratona,mediana,309.01666666666665,304.92083333333335
nyc,2017,p75,B2_por_maratona,mediana,309.35,304.92083333333335
nyc,2018,p75,B2_por_maratona,mediana,312.00416666666666,304.92083333333335
nyc,2019,p75,B2_por_maratona,mediana,309.75416666666666,304.92083333333335
nyc,2022,p75,B2_por_maratona,mediana,327.31666666666666,304.92083333333335
nyc,2023,p75,B2_por_maratona,mediana,315.95,304.92083333333335
nyc,2024,p75,B2_por_maratona,mediana,305.4083333333333,306.725
rio,2023,p75,B2_por_maratona,mediana,289.15833333333336,282.6479166666667
rio,2024,p75,B2_por_maratona,mediana,284.27916666666664,285.0875
rio,2025,p75,B2_por_maratona,mediana,281.01666666666665,286.71875
savannah,2011,p75,B2_por_maratona,mediana,305.6125,315.30833333333334
savannah,2012,p75,B2_por_maratona,mediana,311.7,315.30833333333334
savannah,2013,p75,B2_por_maratona,mediana,311.76666666666665,315.275
savannah,2014,p75,B2_por_maratona,mediana,310.5708333333333,315.30833333333334
savannah,2015,p75,B2_por_maratona,mediana,273.6875,315.30833333333334
savannah,2016,p75,B2_por_maratona,mediana,332.31666666666666,311.73333333333335
savannah,2017,p75,B2_por_maratona,mediana,346.31666666666666,311.73333333333335
savannah,2018,p75,B2_por_maratona,mediana,318.85,311.73333333333335
savannah,2019,p75,B2_por_maratona,mediana,320.5,311.73333333333335
singapore,2014,p75,B2_por_maratona,mediana,404.8666666666667,405.0833333333333
singapore,2015,p75,B2_por_maratona,mediana,412.1,404.8666666666667
singapore,2016,p75,B2_por_maratona,mediana,406.39166666666665,404.8666666666667
singapore,2017,p75,B2_por_maratona,mediana,405.14166666666665,404.8666666666667
singapore,2018,p75,B2_por_maratona,mediana,395.6833333333333,405.0833333333333
singapore,2019,p75,B2_por_maratona,mediana,405.0833333333333,404.8666666666667
singapore,2022,p75,B2_por_maratona,mediana,380.2166666666667,405.0833333333333
singapore,2023,p75,B2_por_maratona,mediana,381.3083333333333,405.0833333333333
berlin,2005,p75,M1_linear,nao_se_aplica,277.7,273.62917840266925
berlin,2006,p75,M1_linear,nao_se_aplica,284.2791666666667,279.6690968746532
berlin,2007,p75,M1_linear,nao_se_aplica,271.74583333333334,271.5636633087195
berlin,2008,p75,M1_linear,nao_se_aplica,272.9,268.9392940324968
berlin,2009,p75,M1_linear,nao_se_aplica,280.30833333333334,284.24300185037646
berlin,2010,p75,M1_linear,nao_se_aplica,270.56666666666666,262.9323820740199
berlin,2011,p75,M1_linear,nao_se_aplica,276.7,282.2048716041967
berlin,2012,p75,M1_linear,nao_se_aplica,271.71666666666664,275.940943316732
berlin,2013,p75,M1_linear,nao_se_aplica,270.76666666666665,268.81339592478935
berlin,2014,p75,M1_linear,nao_se_aplica,274.975,279.04392146799233
berlin,2015,p75,M1_linear,nao_se_aplica,274.8875,280.30360924074967
berlin,2016,p75,M1_linear,nao_se_aplica,281.81666666666666,289.5012941456523
berlin,2017,p75,M1_linear,nao_se_aplica,281.1166666666667,289.90713000248667
berlin,2018,p75,M1_linear,nao_se_aplica,291.4,275.3710034497767
berlin,2019,p75,M1_linear,nao_se_aplica,282.0833333333333,268.1837775515336
boston,2005,p75,M1_linear,nao_se_aplica,259.51666666666665,242.7713083609549
boston,2006,p75,M1_linear,nao_se_aplica,249.71666666666667,228.41323431894526
boston,2007,p75,M1_linear,nao_se_aplica,254.5,222.01058754014022
boston,2008,p75,M1_linear,nao_se_aplica,251.63333333333333,264.396164257912
boston,2009,p75,M1_linear,nao_se_aplica,248.41666666666663,243.78372763992886
boston,2010,p75,M1_linear,nao_se_aplica,248.88333333333333,226.5810986840014
boston,2011,p75,M1_linear,nao_se_aplica,249.78333333333333,266.2298643781517
boston,2012,p75,M1_linear,nao_se_aplica,285.31666666666666,279.48311702759463
boston,2013,p75,M1_linear,nao_se_aplica,247.9625,265.6341700882749
boston,2014,p75,M1_linear,nao_se_aplica,272.7,261.3143418970815
boston,2015,p75,M1_linear,nao_se_aplica,246.41666666666663,250.88740759275908
boston,2016,p75,M1_linear,nao_se_aplica,256.71666666666664,288.6453626982356
boston,2017,p75,M1_linear,nao_se_aplica,261.8,304.9783387183568
boston,2018,p75,M1_linear,nao_se_aplica,262.31666666666666,286.51439331068474
boston,2019,p75,M1_linear,nao_se_aplica,259.0,237.89047189399295
chicago,2005,p75,M1_linear,nao_se_aplica,295.71666666666664,287.8700574936405
chicago,2006,p75,M1_linear,nao_se_aplica,296.06666666666666,287.956447871365
chicago,2007,p75,M1_linear,nao_se_aplica,329.3,317.01032571165206
chicago,2008,p75,M1_linear,nao_se_aplica,321.6,319.607091471668
chicago,2009,p75,M1_linear,nao_se_aplica,299.7333333333333,299.0238711534575
chicago,2010,p75,M1_linear,nao_se_aplica,321.21666666666664,331.884425071887
chicago,2011,p75,M1_linear,nao_se_aplica,316.875,326.5611447636093
chicago,2012,p75,M1_linear,nao_se_aplica,305.09583333333336,306.8583097719076
chicago,2013,p75,M1_linear,nao_se_aplica,306.5,296.8660757500064
chicago,2014,p75,M1_linear,nao_se_aplica,308.1,304.87812550450883
chicago,2015,p75,M1_linear,nao_se_aplica,311.24583333333334,314.19072742283987
chicago,2016,p75,M1_linear,nao_se_aplica,310.5708333333333,300.77854693100835
chicago,2017,p75,M1_linear,nao_se_aplica,328.4166666666667,317.0824808491716
chicago,2018,p75,M1_linear,nao_se_aplica,310.6666666666667,306.13096693848894
chicago,2019,p75,M1_linear,nao_se_aplica,307.25,300.70268148581766
chicago,2022,p75,M1_linear,nao_se_aplica,307.95,320.1882757001285
chicago,2023,p75,M1_linear,nao_se_aplica,297.95,333.82809913541064
durban,2022,p75,M1_linear,nao_se_aplica,275.09166666666664,265.8410360905966
durban,2024,p75,M1_linear,nao_se_aplica,282.71666666666664,285.5804830764193
durban,2025,p75,M1_linear,nao_se_aplica,285.7083333333333,288.58657149385857
honolulu,2005,p75,M1_linear,nao_se_aplica,403.1333333333333,424.15932903067426
honolulu,2006,p75,M1_linear,nao_se_aplica,408.73333333333335,431.0463610351407
honolulu,2007,p75,M1_linear,nao_se_aplica,417.2708333333333,425.79952119261327
honolulu,2008,p75,M1_linear,nao_se_aplica,411.8333333333333,409.6783662896158
honolulu,2009,p75,M1_linear,nao_se_aplica,410.03333333333336,425.48874688497506
honolulu,2010,p75,M1_linear,nao_se_aplica,414.975,418.55527922869254
honolulu,2011,p75,M1_linear,nao_se_aplica,409.7083333333333,422.1194937959817
honolulu,2012,p75,M1_linear,nao_se_aplica,408.28333333333336,422.1878167339423
honolulu,2013,p75,M1_linear,nao_se_aplica,437.85,434.73278632895176
honolulu,2014,p75,M1_linear,nao_se_aplica,422.675,434.8954874905909
honolulu,2015,p75,M1_linear,nao_se_aplica,442.17083333333335,428.08408989351864
honolulu,2016,p75,M1_linear,nao_se_aplica,450.45,431.648221028396
honolulu,2017,p75,M1_linear,nao_se_aplica,441.6125,430.06293460894074
honolulu,2018,p75,M1_linear,nao_se_aplica,444.3083333333333,417.59210421926366
honolulu,2019,p75,M1_linear,nao_se_aplica,456.44166666666666,428.23697861091034
long_beach,2010,p75,M1_linear,nao_se_aplica,331.2416666666667,332.39428908898736
long_beach,2011,p75,M1_linear,nao_se_aplica,346.05833333333334,339.63430409954117
long_beach,2012,p75,M1_linear,nao_se_aplica,358.2958333333333,337.07738311058165
long_beach,2013,p75,M1_linear,nao_se_aplica,318.78333333333336,328.5312807509316
long_beach,2014,p75,M1_linear,nao_se_aplica,331.78333333333336,338.1785292495083
long_beach,2015,p75,M1_linear,nao_se_aplica,368.5625,348.2604076541845
long_beach,2016,p75,M1_linear,nao_se_aplica,333.7583333333333,354.00416641275046
long_beach,2017,p75,M1_linear,nao_se_aplica,338.46666666666664,337.6120681709713
long_beach,2018,p75,M1_linear,nao_se_aplica,337.35,334.1785461708278
long_beach,2019,p75,M1_linear,nao_se_aplica,330.2,338.72735103144544
maui,2010,p75,M1_linear,nao_se_aplica,355.19166666666666,357.8267195475689
maui,2011,p75,M1_linear,nao_se_aplica,351.5333333333333,369.73935845773894
maui,2012,p75,M1_linear,nao_se_aplica,354.4833333333333,365.86226001670565
maui,2013,p75,M1_linear,nao_se_aplica,364.3416666666667,357.6186414587643
maui,2014,p75,M1_linear,nao_se_aplica,366.2875,294.2891439326489
nyc,2005,p75,M1_linear,nao_se_aplica,314.1666666666667,307.6418572705441
nyc,2006,p75,M1_linear,nao_se_aplica,294.8833333333333,290.17358771612766
nyc,2007,p75,M1_linear,nao_se_aplica,296.78333333333336,298.3653892634225
nyc,2008,p75,M1_linear,nao_se_aplica,293.43333333333334,291.3471781616722
nyc,2009,p75,M1_linear,nao_se_aplica,292.56666666666666,316.85470425119007
nyc,2010,p75,M1_linear,nao_se_aplica,296.53333333333336,288.950613303114
nyc,2011,p75,M1_linear,nao_se_aplica,298.55,295.80712055466347
nyc,2013,p75,M1_linear,nao_se_aplica,296.9166666666667,309.3849875427226
nyc,2014,p75,M1_linear,nao_se_aplica,304.43333333333334,299.1837793668805
nyc,2015,p75,M1_linear,nao_se_aplica,310.53333333333336,309.0928887148224
nyc,2016,p75,M1_linear,nao_se_aplica,309.01666666666665,301.20244021544414
nyc,2017,p75,M1_linear,nao_se_aplica,309.35,309.82548973430096
nyc,2018,p75,M1_linear,nao_se_aplica,312.00416666666666,302.7625537639844
nyc,2019,p75,M1_linear,nao_se_aplica,309.75416666666666,303.4547965656438
nyc,2022,p75,M1_linear,nao_se_aplica,327.31666666666666,328.71702090675046
nyc,2023,p75,M1_linear,nao_se_aplica,315.95,318.89048824930524
nyc,2024,p75,M1_linear,nao_se_aplica,305.4083333333333,317.08909682763056
rio,2023,p75,M1_linear,nao_se_aplica,289.15833333333336,276.44011567625165
rio,2024,p75,M1_linear,nao_se_aplica,284.27916666666664,295.8884568907968
rio,2025,p75,M1_linear,nao_se_aplica,281.01666666666665,292.1390694632613
savannah,2011,p75,M1_linear,nao_se_aplica,305.6125,306.174262224164
savannah,2012,p75,M1_linear,nao_se_aplica,311.7,322.1882874869435
savannah,2013,p75,M1_linear,nao_se_aplica,311.76666666666665,318.0944194242176
savannah,2014,p75,M1_linear,nao_se_aplica,310.5708333333333,317.04882941296376
savannah,2015,p75,M1_linear,nao_se_aplica,273.6875,348.3004922944377
savannah,2016,p75,M1_linear,nao_se_aplica,332.31666666666666,308.52775545566675
savannah,2017,p75,M1_linear,nao_se_aplica,346.31666666666666,315.4018881916631
savannah,2018,p75,M1_linear,nao_se_aplica,318.85,303.4065587024404
savannah,2019,p75,M1_linear,nao_se_aplica,320.5,311.4998973538695
singapore,2014,p75,M1_linear,nao_se_aplica,404.8666666666667,394.3213641263544
singapore,2015,p75,M1_linear,nao_se_aplica,412.1,396.8138990410513
singapore,2016,p75,M1_linear,nao_se_aplica,406.39166666666665,400.2851033825408
singapore,2017,p75,M1_linear,nao_se_aplica,405.14166666666665,398.14282117804726
singapore,2018,p75,M1_linear,nao_se_aplica,395.6833333333333,394.39577725862387
singapore,2019,p75,M1_linear,nao_se_aplica,405.0833333333333,595.056386176101
singapore,2022,p75,M1_linear,nao_se_aplica,380.2166666666667,401.8938372588862
singapore,2023,p75,M1_linear,nao_se_aplica,381.3083333333333,404.76397673903494
berlin,2005,p75,M2_ridge,nao_se_aplica,277.7,274.55248890806195
berlin,2006,p75,M2_ridge,nao_se_aplica,284.2791666666667,282.56819070924706
berlin,2007,p75,M2_ridge,nao_se_aplica,271.74583333333334,268.58658191280284
berlin,2008,p75,M2_ridge,nao_se_aplica,272.9,271.50645534229903
berlin,2009,p75,M2_ridge,nao_se_aplica,280.30833333333334,278.8595563571064
berlin,2010,p75,M2_ridge,nao_se_aplica,270.56666666666666,263.6793017053616
berlin,2011,p75,M2_ridge,nao_se_aplica,276.7,281.79802442178436
berlin,2012,p75,M2_ridge,nao_se_aplica,271.71666666666664,277.28320636809667
berlin,2013,p75,M2_ridge,nao_se_aplica,270.76666666666665,271.50334535722186
berlin,2014,p75,M2_ridge,nao_se_aplica,274.975,279.2498738974957
berlin,2015,p75,M2_ridge,nao_se_aplica,274.8875,279.06990641775405
berlin,2016,p75,M2_ridge,nao_se_aplica,281.81666666666666,288.95221062825794
berlin,2017,p75,M2_ridge,nao_se_aplica,281.1166666666667,289.7300326763082
berlin,2018,p75,M2_ridge,nao_se_aplica,291.4,279.83412168354664
berlin,2019,p75,M2_ridge,nao_se_aplica,282.0833333333333,272.34610285327386
boston,2005,p75,M2_ridge,nao_se_aplica,259.51666666666665,251.8629877687077
boston,2006,p75,M2_ridge,nao_se_aplica,249.71666666666667,242.93663213664928
boston,2007,p75,M2_ridge,nao_se_aplica,254.5,221.6887491093317
boston,2008,p75,M2_ridge,nao_se_aplica,251.63333333333333,255.2826069918276
boston,2009,p75,M2_ridge,nao_se_aplica,248.41666666666663,245.80518728053224
boston,2010,p75,M2_ridge,nao_se_aplica,248.88333333333333,253.63789597906637
boston,2011,p75,M2_ridge,nao_se_aplica,249.78333333333333,260.62493733594096
boston,2012,p75,M2_ridge,nao_se_aplica,285.31666666666666,273.13291914505646
boston,2013,p75,M2_ridge,nao_se_aplica,247.9625,259.2777577933085
boston,2014,p75,M2_ridge,nao_se_aplica,272.7,259.61972870354793
boston,2015,p75,M2_ridge,nao_se_aplica,246.41666666666663,247.9178435961963
boston,2016,p75,M2_ridge,nao_se_aplica,256.71666666666664,271.1788191688963
boston,2017,p75,M2_ridge,nao_se_aplica,261.8,294.3865210979533
boston,2018,p75,M2_ridge,nao_se_aplica,262.31666666666666,295.14396466617796
boston,2019,p75,M2_ridge,nao_se_aplica,259.0,248.4112175710702
chicago,2005,p75,M2_ridge,nao_se_aplica,295.71666666666664,293.2315004842088
chicago,2006,p75,M2_ridge,nao_se_aplica,296.06666666666666,285.2909506900928
chicago,2007,p75,M2_ridge,nao_se_aplica,329.3,319.5817312248844
chicago,2008,p75,M2_ridge,nao_se_aplica,321.6,321.11811105339274
chicago,2009,p75,M2_ridge,nao_se_aplica,299.7333333333333,290.76025009777834
chicago,2010,p75,M2_ridge,nao_se_aplica,321.21666666666664,331.22942250393646
chicago,2011,p75,M2_ridge,nao_se_aplica,316.875,322.79305749685324
chicago,2012,p75,M2_ridge,nao_se_aplica,305.09583333333336,304.7165798986317
chicago,2013,p75,M2_ridge,nao_se_aplica,306.5,306.44626841484893
chicago,2014,p75,M2_ridge,nao_se_aplica,308.1,306.95403065014693
chicago,2015,p75,M2_ridge,nao_se_aplica,311.24583333333334,315.22535196583
chicago,2016,p75,M2_ridge,nao_se_aplica,310.5708333333333,305.71166883733196
chicago,2017,p75,M2_ridge,nao_se_aplica,328.4166666666667,320.1991320420239
chicago,2018,p75,M2_ridge,nao_se_aplica,310.6666666666667,307.5997761537206
chicago,2019,p75,M2_ridge,nao_se_aplica,307.25,298.43922697047356
chicago,2022,p75,M2_ridge,nao_se_aplica,307.95,316.61704571059676
chicago,2023,p75,M2_ridge,nao_se_aplica,297.95,328.7061119786722
durban,2022,p75,M2_ridge,nao_se_aplica,275.09166666666664,288.1143799627879
durban,2024,p75,M2_ridge,nao_se_aplica,282.71666666666664,283.7001927067134
durban,2025,p75,M2_ridge,nao_se_aplica,285.7083333333333,282.180870910845
honolulu,2005,p75,M2_ridge,nao_se_aplica,403.1333333333333,437.5171543005501
honolulu,2006,p75,M2_ridge,nao_se_aplica,408.73333333333335,426.8184593725039
honolulu,2007,p75,M2_ridge,nao_se_aplica,417.2708333333333,425.41470165392974
honolulu,2008,p75,M2_ridge,nao_se_aplica,411.8333333333333,407.6007035683049
honolulu,2009,p75,M2_ridge,nao_se_aplica,410.03333333333336,428.0951961520408
honolulu,2010,p75,M2_ridge,nao_se_aplica,414.975,423.02499233654095
honolulu,2011,p75,M2_ridge,nao_se_aplica,409.7083333333333,421.3648944640708
honolulu,2012,p75,M2_ridge,nao_se_aplica,408.28333333333336,424.6751879066453
honolulu,2013,p75,M2_ridge,nao_se_aplica,437.85,433.13135525784594
honolulu,2014,p75,M2_ridge,nao_se_aplica,422.675,430.3932127559895
honolulu,2015,p75,M2_ridge,nao_se_aplica,442.17083333333335,428.6198431960382
honolulu,2016,p75,M2_ridge,nao_se_aplica,450.45,427.78812549456296
honolulu,2017,p75,M2_ridge,nao_se_aplica,441.6125,426.91350588784053
honolulu,2018,p75,M2_ridge,nao_se_aplica,444.3083333333333,412.3450190916795
honolulu,2019,p75,M2_ridge,nao_se_aplica,456.44166666666666,426.46855012271635
long_beach,2010,p75,M2_ridge,nao_se_aplica,331.2416666666667,334.1302311473117
long_beach,2011,p75,M2_ridge,nao_se_aplica,346.05833333333334,339.390620633869
long_beach,2012,p75,M2_ridge,nao_se_aplica,358.2958333333333,336.3793619411841
long_beach,2013,p75,M2_ridge,nao_se_aplica,318.78333333333336,331.354580755155
long_beach,2014,p75,M2_ridge,nao_se_aplica,331.78333333333336,340.1581249696182
long_beach,2015,p75,M2_ridge,nao_se_aplica,368.5625,352.3239000418915
long_beach,2016,p75,M2_ridge,nao_se_aplica,333.7583333333333,350.2208572386121
long_beach,2017,p75,M2_ridge,nao_se_aplica,338.46666666666664,337.0841925130705
long_beach,2018,p75,M2_ridge,nao_se_aplica,337.35,328.68699038587647
long_beach,2019,p75,M2_ridge,nao_se_aplica,330.2,337.1254988446648
maui,2010,p75,M2_ridge,nao_se_aplica,355.19166666666666,358.2663180170806
maui,2011,p75,M2_ridge,nao_se_aplica,351.5333333333333,364.9170434582968
maui,2012,p75,M2_ridge,nao_se_aplica,354.4833333333333,360.3805540772327
maui,2013,p75,M2_ridge,nao_se_aplica,364.3416666666667,357.4079946072563
maui,2014,p75,M2_ridge,nao_se_aplica,366.2875,317.068858282074
nyc,2005,p75,M2_ridge,nao_se_aplica,314.1666666666667,306.856231586538
nyc,2006,p75,M2_ridge,nao_se_aplica,294.8833333333333,289.6204068366812
nyc,2007,p75,M2_ridge,nao_se_aplica,296.78333333333336,298.97892281895224
nyc,2008,p75,M2_ridge,nao_se_aplica,293.43333333333334,292.0375604370752
nyc,2009,p75,M2_ridge,nao_se_aplica,292.56666666666666,309.1651615806622
nyc,2010,p75,M2_ridge,nao_se_aplica,296.53333333333336,291.8943999163078
nyc,2011,p75,M2_ridge,nao_se_aplica,298.55,294.43527846476843
nyc,2013,p75,M2_ridge,nao_se_aplica,296.9166666666667,305.12875228382967
nyc,2014,p75,M2_ridge,nao_se_aplica,304.43333333333334,298.3304368589016
nyc,2015,p75,M2_ridge,nao_se_aplica,310.53333333333336,308.786532480311
nyc,2016,p75,M2_ridge,nao_se_aplica,309.01666666666665,305.79622003982666
nyc,2017,p75,M2_ridge,nao_se_aplica,309.35,312.75042340180676
nyc,2018,p75,M2_ridge,nao_se_aplica,312.00416666666666,305.0689988496891
nyc,2019,p75,M2_ridge,nao_se_aplica,309.75416666666666,303.6872917192446
nyc,2022,p75,M2_ridge,nao_se_aplica,327.31666666666666,329.68352355822213
nyc,2023,p75,M2_ridge,nao_se_aplica,315.95,320.6091211743791
nyc,2024,p75,M2_ridge,nao_se_aplica,305.4083333333333,318.346126340743
rio,2023,p75,M2_ridge,nao_se_aplica,289.15833333333336,282.2056698978126
rio,2024,p75,M2_ridge,nao_se_aplica,284.27916666666664,291.46121575054633
rio,2025,p75,M2_ridge,nao_se_aplica,281.01666666666665,291.3216681894637
savannah,2011,p75,M2_ridge,nao_se_aplica,305.6125,306.73891715108493
savannah,2012,p75,M2_ridge,nao_se_aplica,311.7,317.1556430849986
savannah,2013,p75,M2_ridge,nao_se_aplica,311.76666666666665,318.93590046437953
savannah,2014,p75,M2_ridge,nao_se_aplica,310.5708333333333,317.13842997618826
savannah,2015,p75,M2_ridge,nao_se_aplica,273.6875,349.9499962358356
savannah,2016,p75,M2_ridge,nao_se_aplica,332.31666666666666,312.72341705275534
savannah,2017,p75,M2_ridge,nao_se_aplica,346.31666666666666,315.8141084316632
savannah,2018,p75,M2_ridge,nao_se_aplica,318.85,305.2550026547734
savannah,2019,p75,M2_ridge,nao_se_aplica,320.5,308.85391160860394
singapore,2014,p75,M2_ridge,nao_se_aplica,404.8666666666667,393.96806827065876
singapore,2015,p75,M2_ridge,nao_se_aplica,412.1,394.86515090537955
singapore,2016,p75,M2_ridge,nao_se_aplica,406.39166666666665,396.473437414983
singapore,2017,p75,M2_ridge,nao_se_aplica,405.14166666666665,395.65486971340226
singapore,2018,p75,M2_ridge,nao_se_aplica,395.6833333333333,394.4557913744424
singapore,2019,p75,M2_ridge,nao_se_aplica,405.0833333333333,421.363793400815
singapore,2022,p75,M2_ridge,nao_se_aplica,380.2166666666667,399.8248284736961
singapore,2023,p75,M2_ridge,nao_se_aplica,381.3083333333333,405.9741884345685
berlin,2005,p75,M3_random_forest,nao_se_aplica,277.7,277.17542588308686
berlin,2006,p75,M3_random_forest,nao_se_aplica,284.2791666666667,289.41849990079345
berlin,2007,p75,M3_random_forest,nao_se_aplica,271.74583333333334,271.05550560102523
berlin,2008,p75,M3_random_forest,nao_se_aplica,272.9,272.0501051917988
berlin,2009,p75,M3_random_forest,nao_se_aplica,280.30833333333334,278.2563194320436
berlin,2010,p75,M3_random_forest,nao_se_aplica,270.56666666666666,270.8626460648149
berlin,2011,p75,M3_random_forest,nao_se_aplica,276.7,281.12450087632254
berlin,2012,p75,M3_random_forest,nao_se_aplica,271.71666666666664,271.7122959614752
berlin,2013,p75,M3_random_forest,nao_se_aplica,270.76666666666665,265.3053183159723
berlin,2014,p75,M3_random_forest,nao_se_aplica,274.975,277.38665318700373
berlin,2015,p75,M3_random_forest,nao_se_aplica,274.8875,272.00987052744694
berlin,2016,p75,M3_random_forest,nao_se_aplica,281.81666666666666,281.7706235863095
berlin,2017,p75,M3_random_forest,nao_se_aplica,281.1166666666667,277.34429399012413
berlin,2018,p75,M3_random_forest,nao_se_aplica,291.4,281.2768569816466
berlin,2019,p75,M3_random_forest,nao_se_aplica,282.0833333333333,275.26945282738075
boston,2005,p75,M3_random_forest,nao_se_aplica,259.51666666666665,259.1702716724534
boston,2006,p75,M3_random_forest,nao_se_aplica,249.71666666666667,252.903127889385
boston,2007,p75,M3_random_forest,nao_se_aplica,254.5,254.00353442460357
boston,2008,p75,M3_random_forest,nao_se_aplica,251.63333333333333,260.81746775380316
boston,2009,p75,M3_random_forest,nao_se_aplica,248.41666666666663,250.65973582175934
boston,2010,p75,M3_random_forest,nao_se_aplica,248.88333333333333,256.78723184523795
boston,2011,p75,M3_random_forest,nao_se_aplica,249.78333333333333,254.24062177579373
boston,2012,p75,M3_random_forest,nao_se_aplica,285.31666666666666,269.8226949404758
boston,2013,p75,M3_random_forest,nao_se_aplica,247.9625,250.98936812169345
boston,2014,p75,M3_random_forest,nao_se_aplica,272.7,257.35425277777756
boston,2015,p75,M3_random_forest,nao_se_aplica,246.41666666666663,253.6863812417328
boston,2016,p75,M3_random_forest,nao_se_aplica,256.71666666666664,261.53529121197084
boston,2017,p75,M3_random_forest,nao_se_aplica,261.8,268.8612565972223
boston,2018,p75,M3_random_forest,nao_se_aplica,262.31666666666666,255.90528731812162
boston,2019,p75,M3_random_forest,nao_se_aplica,259.0,271.0584197999338
chicago,2005,p75,M3_random_forest,nao_se_aplica,295.71666666666664,305.9829151041668
chicago,2006,p75,M3_random_forest,nao_se_aplica,296.06666666666666,300.89049890346917
chicago,2007,p75,M3_random_forest,nao_se_aplica,329.3,392.75740221297764
chicago,2008,p75,M3_random_forest,nao_se_aplica,321.6,320.4713330853175
chicago,2009,p75,M3_random_forest,nao_se_aplica,299.7333333333333,301.4014944981814
chicago,2010,p75,M3_random_forest,nao_se_aplica,321.21666666666664,323.486420436508
chicago,2011,p75,M3_random_forest,nao_se_aplica,316.875,321.66493695436515
chicago,2012,p75,M3_random_forest,nao_se_aplica,305.09583333333336,301.85440280257933
chicago,2013,p75,M3_random_forest,nao_se_aplica,306.5,311.4138862475197
chicago,2014,p75,M3_random_forest,nao_se_aplica,308.1,307.6875782925986
chicago,2015,p75,M3_random_forest,nao_se_aplica,311.24583333333334,318.752418812004
chicago,2016,p75,M3_random_forest,nao_se_aplica,310.5708333333333,309.785938888889
chicago,2017,p75,M3_random_forest,nao_se_aplica,328.4166666666667,315.4937101975861
chicago,2018,p75,M3_random_forest,nao_se_aplica,310.6666666666667,310.89678135972804
chicago,2019,p75,M3_random_forest,nao_se_aplica,307.25,301.9784987343674
chicago,2022,p75,M3_random_forest,nao_se_aplica,307.95,313.0475528769841
chicago,2023,p75,M3_random_forest,nao_se_aplica,297.95,306.9244991360785
durban,2022,p75,M3_random_forest,nao_se_aplica,275.09166666666664,309.92846315310834
durban,2024,p75,M3_random_forest,nao_se_aplica,282.71666666666664,312.7464201636905
durban,2025,p75,M3_random_forest,nao_se_aplica,285.7083333333333,303.39638843832677
honolulu,2005,p75,M3_random_forest,nao_se_aplica,403.1333333333333,419.54499606894825
honolulu,2006,p75,M3_random_forest,nao_se_aplica,408.73333333333335,377.13025600198364
honolulu,2007,p75,M3_random_forest,nao_se_aplica,417.2708333333333,416.2913989914017
honolulu,2008,p75,M3_random_forest,nao_se_aplica,411.8333333333333,425.43820599785016
honolulu,2009,p75,M3_random_forest,nao_se_aplica,410.03333333333336,379.2866969742062
honolulu,2010,p75,M3_random_forest,nao_se_aplica,414.975,397.34616955191785
honolulu,2011,p75,M3_random_forest,nao_se_aplica,409.7083333333333,402.46950407798204
honolulu,2012,p75,M3_random_forest,nao_se_aplica,408.28333333333336,423.82712244957025
honolulu,2013,p75,M3_random_forest,nao_se_aplica,437.85,421.4497116349506
honolulu,2014,p75,M3_random_forest,nao_se_aplica,422.675,424.4283410920957
honolulu,2015,p75,M3_random_forest,nao_se_aplica,442.17083333333335,419.4946486637203
honolulu,2016,p75,M3_random_forest,nao_se_aplica,450.45,417.9597027901784
honolulu,2017,p75,M3_random_forest,nao_se_aplica,441.6125,423.9639346380471
honolulu,2018,p75,M3_random_forest,nao_se_aplica,444.3083333333333,409.1944066426916
honolulu,2019,p75,M3_random_forest,nao_se_aplica,456.44166666666666,403.2168120734878
long_beach,2010,p75,M3_random_forest,nao_se_aplica,331.2416666666667,322.7734401413689
long_beach,2011,p75,M3_random_forest,nao_se_aplica,346.05833333333334,328.47725626240106
long_beach,2012,p75,M3_random_forest,nao_se_aplica,358.2958333333333,333.95447054398153
long_beach,2013,p75,M3_random_forest,nao_se_aplica,318.78333333333336,329.44184607308205
long_beach,2014,p75,M3_random_forest,nao_se_aplica,331.78333333333336,339.64364632936514
long_beach,2015,p75,M3_random_forest,nao_se_aplica,368.5625,344.7866568933383
long_beach,2016,p75,M3_random_forest,nao_se_aplica,333.7583333333333,337.57489047619026
long_beach,2017,p75,M3_random_forest,nao_se_aplica,338.46666666666664,333.9858686135909
long_beach,2018,p75,M3_random_forest,nao_se_aplica,337.35,325.25219906994056
long_beach,2019,p75,M3_random_forest,nao_se_aplica,330.2,320.9921127645504
maui,2010,p75,M3_random_forest,nao_se_aplica,355.19166666666666,351.49581180968903
maui,2011,p75,M3_random_forest,nao_se_aplica,351.5333333333333,354.5589421378969
maui,2012,p75,M3_random_forest,nao_se_aplica,354.4833333333333,350.35810047123
maui,2013,p75,M3_random_forest,nao_se_aplica,364.3416666666667,354.94374418402754
maui,2014,p75,M3_random_forest,nao_se_aplica,366.2875,356.8186870039679
nyc,2005,p75,M3_random_forest,nao_se_aplica,314.1666666666667,299.3225727141204
nyc,2006,p75,M3_random_forest,nao_se_aplica,294.8833333333333,298.31653342427256
nyc,2007,p75,M3_random_forest,nao_se_aplica,296.78333333333336,296.21170762235454
nyc,2008,p75,M3_random_forest,nao_se_aplica,293.43333333333334,298.0403918196099
nyc,2009,p75,M3_random_forest,nao_se_aplica,292.56666666666666,300.372246875
nyc,2010,p75,M3_random_forest,nao_se_aplica,296.53333333333336,298.23830482390883
nyc,2011,p75,M3_random_forest,nao_se_aplica,298.55,300.34289381200415
nyc,2013,p75,M3_random_forest,nao_se_aplica,296.9166666666667,302.78773088210977
nyc,2014,p75,M3_random_forest,nao_se_aplica,304.43333333333334,302.824351554233
nyc,2015,p75,M3_random_forest,nao_se_aplica,310.53333333333336,313.4232100777116
nyc,2016,p75,M3_random_forest,nao_se_aplica,309.01666666666665,305.3741727471893
nyc,2017,p75,M3_random_forest,nao_se_aplica,309.35,312.0648139384919
nyc,2018,p75,M3_random_forest,nao_se_aplica,312.00416666666666,305.7972064690807
nyc,2019,p75,M3_random_forest,nao_se_aplica,309.75416666666666,302.5773069775134
nyc,2022,p75,M3_random_forest,nao_se_aplica,327.31666666666666,335.93697710813484
nyc,2023,p75,M3_random_forest,nao_se_aplica,315.95,312.19325316220227
nyc,2024,p75,M3_random_forest,nao_se_aplica,305.4083333333333,304.58055780836645
rio,2023,p75,M3_random_forest,nao_se_aplica,289.15833333333336,322.7382746569112
rio,2024,p75,M3_random_forest,nao_se_aplica,284.27916666666664,316.94493944279117
rio,2025,p75,M3_random_forest,nao_se_aplica,281.01666666666665,352.0854834201385
savannah,2011,p75,M3_random_forest,nao_se_aplica,305.6125,311.591534188988
savannah,2012,p75,M3_random_forest,nao_se_aplica,311.7,321.373974446098
savannah,2013,p75,M3_random_forest,nao_se_aplica,311.76666666666665,312.4657229456021
savannah,2014,p75,M3_random_forest,nao_se_aplica,310.5708333333333,313.4897531291335
savannah,2015,p75,M3_random_forest,nao_se_aplica,273.6875,370.40871243799614
savannah,2016,p75,M3_random_forest,nao_se_aplica,332.31666666666666,314.45017659970244
savannah,2017,p75,M3_random_forest,nao_se_aplica,346.31666666666666,319.2885538070438
savannah,2018,p75,M3_random_forest,nao_se_aplica,318.85,314.0048634589946
savannah,2019,p75,M3_random_forest,nao_se_aplica,320.5,312.9869427331346
singapore,2014,p75,M3_random_forest,nao_se_aplica,404.8666666666667,404.2895580522489
singapore,2015,p75,M3_random_forest,nao_se_aplica,412.1,412.8332807002317
singapore,2016,p75,M3_random_forest,nao_se_aplica,406.39166666666665,407.52396006944457
singapore,2017,p75,M3_random_forest,nao_se_aplica,405.14166666666665,397.1618581845239
singapore,2018,p75,M3_random_forest,nao_se_aplica,395.6833333333333,414.60974739583366
singapore,2019,p75,M3_random_forest,nao_se_aplica,405.0833333333333,391.9461619212962
singapore,2022,p75,M3_random_forest,nao_se_aplica,380.2166666666667,394.17229204695735
singapore,2023,p75,M3_random_forest,nao_se_aplica,381.3083333333333,386.12419716848575
berlin,2005,p75,M4_hist_gbm,nao_se_aplica,277.7,276.6521796405449
berlin,2006,p75,M4_hist_gbm,nao_se_aplica,284.2791666666667,284.3672004117697
berlin,2007,p75,M4_hist_gbm,nao_se_aplica,271.74583333333334,272.77316151821464
berlin,2008,p75,M4_hist_gbm,nao_se_aplica,272.9,274.7859759520847
berlin,2009,p75,M4_hist_gbm,nao_se_aplica,280.30833333333334,283.78844793810987
berlin,2010,p75,M4_hist_gbm,nao_se_aplica,270.56666666666666,269.65105617521334
berlin,2011,p75,M4_hist_gbm,nao_se_aplica,276.7,280.48553911775224
berlin,2012,p75,M4_hist_gbm,nao_se_aplica,271.71666666666664,272.327208566355
berlin,2013,p75,M4_hist_gbm,nao_se_aplica,270.76666666666665,268.2865043862529
berlin,2014,p75,M4_hist_gbm,nao_se_aplica,274.975,276.6222438795359
berlin,2015,p75,M4_hist_gbm,nao_se_aplica,274.8875,273.9804527557746
berlin,2016,p75,M4_hist_gbm,nao_se_aplica,281.81666666666666,286.77760998694635
berlin,2017,p75,M4_hist_gbm,nao_se_aplica,281.1166666666667,278.23109051745604
berlin,2018,p75,M4_hist_gbm,nao_se_aplica,291.4,283.23163788786013
berlin,2019,p75,M4_hist_gbm,nao_se_aplica,282.0833333333333,279.21119191062303
boston,2005,p75,M4_hist_gbm,nao_se_aplica,259.51666666666665,255.50380264576816
boston,2006,p75,M4_hist_gbm,nao_se_aplica,249.71666666666667,248.58581213844255
boston,2007,p75,M4_hist_gbm,nao_se_aplica,254.5,251.9833039707816
boston,2008,p75,M4_hist_gbm,nao_se_aplica,251.63333333333333,260.2115776078935
boston,2009,p75,M4_hist_gbm,nao_se_aplica,248.41666666666663,249.17933145312836
boston,2010,p75,M4_hist_gbm,nao_se_aplica,248.88333333333333,255.73299910127596
boston,2011,p75,M4_hist_gbm,nao_se_aplica,249.78333333333333,258.1656314563475
boston,2012,p75,M4_hist_gbm,nao_se_aplica,285.31666666666666,259.72652033594306
boston,2013,p75,M4_hist_gbm,nao_se_aplica,247.9625,248.45810409149746
boston,2014,p75,M4_hist_gbm,nao_se_aplica,272.7,253.15625042064923
boston,2015,p75,M4_hist_gbm,nao_se_aplica,246.41666666666663,252.4140625535205
boston,2016,p75,M4_hist_gbm,nao_se_aplica,256.71666666666664,259.022721076491
boston,2017,p75,M4_hist_gbm,nao_se_aplica,261.8,265.61866441711237
boston,2018,p75,M4_hist_gbm,nao_se_aplica,262.31666666666666,255.5135004159818
boston,2019,p75,M4_hist_gbm,nao_se_aplica,259.0,270.43770911390135
chicago,2005,p75,M4_hist_gbm,nao_se_aplica,295.71666666666664,303.5645950086891
chicago,2006,p75,M4_hist_gbm,nao_se_aplica,296.06666666666666,298.3707748871301
chicago,2007,p75,M4_hist_gbm,nao_se_aplica,329.3,373.0836937300775
chicago,2008,p75,M4_hist_gbm,nao_se_aplica,321.6,311.8389058563935
chicago,2009,p75,M4_hist_gbm,nao_se_aplica,299.7333333333333,299.8715301445831
chicago,2010,p75,M4_hist_gbm,nao_se_aplica,321.21666666666664,316.61346516909174
chicago,2011,p75,M4_hist_gbm,nao_se_aplica,316.875,315.3538209349475
chicago,2012,p75,M4_hist_gbm,nao_se_aplica,305.09583333333336,300.85372330539866
chicago,2013,p75,M4_hist_gbm,nao_se_aplica,306.5,309.9208139616633
chicago,2014,p75,M4_hist_gbm,nao_se_aplica,308.1,306.59035057387484
chicago,2015,p75,M4_hist_gbm,nao_se_aplica,311.24583333333334,316.317228257797
chicago,2016,p75,M4_hist_gbm,nao_se_aplica,310.5708333333333,307.70575548311547
chicago,2017,p75,M4_hist_gbm,nao_se_aplica,328.4166666666667,326.8138128473212
chicago,2018,p75,M4_hist_gbm,nao_se_aplica,310.6666666666667,305.5818439624232
chicago,2019,p75,M4_hist_gbm,nao_se_aplica,307.25,302.63390774863495
chicago,2022,p75,M4_hist_gbm,nao_se_aplica,307.95,311.2416959208079
chicago,2023,p75,M4_hist_gbm,nao_se_aplica,297.95,306.26940193371337
durban,2022,p75,M4_hist_gbm,nao_se_aplica,275.09166666666664,291.015236755049
durban,2024,p75,M4_hist_gbm,nao_se_aplica,282.71666666666664,306.0889379571394
durban,2025,p75,M4_hist_gbm,nao_se_aplica,285.7083333333333,289.30895103018
honolulu,2005,p75,M4_hist_gbm,nao_se_aplica,403.1333333333333,411.72646043696784
honolulu,2006,p75,M4_hist_gbm,nao_se_aplica,408.73333333333335,352.4042037510419
honolulu,2007,p75,M4_hist_gbm,nao_se_aplica,417.2708333333333,417.26403564664434
honolulu,2008,p75,M4_hist_gbm,nao_se_aplica,411.8333333333333,420.0827048361632
honolulu,2009,p75,M4_hist_gbm,nao_se_aplica,410.03333333333336,355.88864763549486
honolulu,2010,p75,M4_hist_gbm,nao_se_aplica,414.975,404.68488143112506
honolulu,2011,p75,M4_hist_gbm,nao_se_aplica,409.7083333333333,388.5647771210544
honolulu,2012,p75,M4_hist_gbm,nao_se_aplica,408.28333333333336,432.844589261602
honolulu,2013,p75,M4_hist_gbm,nao_se_aplica,437.85,424.64415036837926
honolulu,2014,p75,M4_hist_gbm,nao_se_aplica,422.675,434.02501632186437
honolulu,2015,p75,M4_hist_gbm,nao_se_aplica,442.17083333333335,421.8830872682364
honolulu,2016,p75,M4_hist_gbm,nao_se_aplica,450.45,433.973307282309
honolulu,2017,p75,M4_hist_gbm,nao_se_aplica,441.6125,438.9217775452459
honolulu,2018,p75,M4_hist_gbm,nao_se_aplica,444.3083333333333,419.0418373726958
honolulu,2019,p75,M4_hist_gbm,nao_se_aplica,456.44166666666666,391.8201597159233
long_beach,2010,p75,M4_hist_gbm,nao_se_aplica,331.2416666666667,320.73995432750684
long_beach,2011,p75,M4_hist_gbm,nao_se_aplica,346.05833333333334,334.42259753066133
long_beach,2012,p75,M4_hist_gbm,nao_se_aplica,358.2958333333333,340.102914705702
long_beach,2013,p75,M4_hist_gbm,nao_se_aplica,318.78333333333336,328.4542890227133
long_beach,2014,p75,M4_hist_gbm,nao_se_aplica,331.78333333333336,340.03887932496673
long_beach,2015,p75,M4_hist_gbm,nao_se_aplica,368.5625,357.37836162742667
long_beach,2016,p75,M4_hist_gbm,nao_se_aplica,333.7583333333333,333.75095619863333
long_beach,2017,p75,M4_hist_gbm,nao_se_aplica,338.46666666666664,331.54696646955
long_beach,2018,p75,M4_hist_gbm,nao_se_aplica,337.35,328.99378503516954
long_beach,2019,p75,M4_hist_gbm,nao_se_aplica,330.2,326.1131554233286
maui,2010,p75,M4_hist_gbm,nao_se_aplica,355.19166666666666,352.451700890972
maui,2011,p75,M4_hist_gbm,nao_se_aplica,351.5333333333333,362.00562801933285
maui,2012,p75,M4_hist_gbm,nao_se_aplica,354.4833333333333,355.95468252234025
maui,2013,p75,M4_hist_gbm,nao_se_aplica,364.3416666666667,347.5164551516136
maui,2014,p75,M4_hist_gbm,nao_se_aplica,366.2875,351.5511665269957
nyc,2005,p75,M4_hist_gbm,nao_se_aplica,314.1666666666667,303.5981776980996
nyc,2006,p75,M4_hist_gbm,nao_se_aplica,294.8833333333333,300.9120243658983
nyc,2007,p75,M4_hist_gbm,nao_se_aplica,296.78333333333336,294.8196848958384
nyc,2008,p75,M4_hist_gbm,nao_se_aplica,293.43333333333334,297.5340052945427
nyc,2009,p75,M4_hist_gbm,nao_se_aplica,292.56666666666666,298.5364973628868
nyc,2010,p75,M4_hist_gbm,nao_se_aplica,296.53333333333336,293.2445402352659
nyc,2011,p75,M4_hist_gbm,nao_se_aplica,298.55,298.4313561032091
nyc,2013,p75,M4_hist_gbm,nao_se_aplica,296.9166666666667,298.045014449748
nyc,2014,p75,M4_hist_gbm,nao_se_aplica,304.43333333333334,297.96723401934264
nyc,2015,p75,M4_hist_gbm,nao_se_aplica,310.53333333333336,311.5592223402432
nyc,2016,p75,M4_hist_gbm,nao_se_aplica,309.01666666666665,300.7844969643047
nyc,2017,p75,M4_hist_gbm,nao_se_aplica,309.35,310.5273170436106
nyc,2018,p75,M4_hist_gbm,nao_se_aplica,312.00416666666666,308.4995851934271
nyc,2019,p75,M4_hist_gbm,nao_se_aplica,309.75416666666666,305.8842227783468
nyc,2022,p75,M4_hist_gbm,nao_se_aplica,327.31666666666666,334.93988197999073
nyc,2023,p75,M4_hist_gbm,nao_se_aplica,315.95,308.2744582062849
nyc,2024,p75,M4_hist_gbm,nao_se_aplica,305.4083333333333,308.39025316007064
rio,2023,p75,M4_hist_gbm,nao_se_aplica,289.15833333333336,291.62147670347565
rio,2024,p75,M4_hist_gbm,nao_se_aplica,284.27916666666664,282.29898203090687
rio,2025,p75,M4_hist_gbm,nao_se_aplica,281.01666666666665,316.5057986627099
savannah,2011,p75,M4_hist_gbm,nao_se_aplica,305.6125,307.99854116101517
savannah,2012,p75,M4_hist_gbm,nao_se_aplica,311.7,321.57565073048835
savannah,2013,p75,M4_hist_gbm,nao_se_aplica,311.76666666666665,308.86340377636003
savannah,2014,p75,M4_hist_gbm,nao_se_aplica,310.5708333333333,313.13146720293827
savannah,2015,p75,M4_hist_gbm,nao_se_aplica,273.6875,392.4913964848564
savannah,2016,p75,M4_hist_gbm,nao_se_aplica,332.31666666666666,317.8870291786444
savannah,2017,p75,M4_hist_gbm,nao_se_aplica,346.31666666666666,314.8123874434474
savannah,2018,p75,M4_hist_gbm,nao_se_aplica,318.85,308.92953013583974
savannah,2019,p75,M4_hist_gbm,nao_se_aplica,320.5,309.33929927242946
singapore,2014,p75,M4_hist_gbm,nao_se_aplica,404.8666666666667,408.0210712099853
singapore,2015,p75,M4_hist_gbm,nao_se_aplica,412.1,412.09232315900647
singapore,2016,p75,M4_hist_gbm,nao_se_aplica,406.39166666666665,403.05079470401
singapore,2017,p75,M4_hist_gbm,nao_se_aplica,405.14166666666665,400.70592215089164
singapore,2018,p75,M4_hist_gbm,nao_se_aplica,395.6833333333333,411.07969364505743
singapore,2019,p75,M4_hist_gbm,nao_se_aplica,405.0833333333333,391.6062270997444
singapore,2022,p75,M4_hist_gbm,nao_se_aplica,380.2166666666667,398.3883255374548
singapore,2023,p75,M4_hist_gbm,nao_se_aplica,381.3083333333333,394.7260183938788
berlin,2005,p75,M5_mlp,nao_se_aplica,277.7,299.6959718522151
berlin,2006,p75,M5_mlp,nao_se_aplica,284.2791666666667,281.1331595484256
berlin,2007,p75,M5_mlp,nao_se_aplica,271.74583333333334,248.42878379527124
berlin,2008,p75,M5_mlp,nao_se_aplica,272.9,229.76545393592033
berlin,2009,p75,M5_mlp,nao_se_aplica,280.30833333333334,346.10197951307936
berlin,2010,p75,M5_mlp,nao_se_aplica,270.56666666666666,231.72656871255884
berlin,2011,p75,M5_mlp,nao_se_aplica,276.7,268.52763648916584
berlin,2012,p75,M5_mlp,nao_se_aplica,271.71666666666664,242.99353799725387
berlin,2013,p75,M5_mlp,nao_se_aplica,270.76666666666665,280.5786386086448
berlin,2014,p75,M5_mlp,nao_se_aplica,274.975,265.3056066212167
berlin,2015,p75,M5_mlp,nao_se_aplica,274.8875,274.3171982108779
berlin,2016,p75,M5_mlp,nao_se_aplica,281.81666666666666,286.4580582285006
berlin,2017,p75,M5_mlp,nao_se_aplica,281.1166666666667,332.8039613178808
berlin,2018,p75,M5_mlp,nao_se_aplica,291.4,244.458836574913
berlin,2019,p75,M5_mlp,nao_se_aplica,282.0833333333333,280.24628649888905
boston,2005,p75,M5_mlp,nao_se_aplica,259.51666666666665,230.7437162030639
boston,2006,p75,M5_mlp,nao_se_aplica,249.71666666666667,212.87262078486222
boston,2007,p75,M5_mlp,nao_se_aplica,254.5,298.1654574928871
boston,2008,p75,M5_mlp,nao_se_aplica,251.63333333333333,206.95309183959634
boston,2009,p75,M5_mlp,nao_se_aplica,248.41666666666663,269.38431358898094
boston,2010,p75,M5_mlp,nao_se_aplica,248.88333333333333,150.64281062602996
boston,2011,p75,M5_mlp,nao_se_aplica,249.78333333333333,299.21364812674364
boston,2012,p75,M5_mlp,nao_se_aplica,285.31666666666666,186.17717588862905
boston,2013,p75,M5_mlp,nao_se_aplica,247.9625,279.0576630581097
boston,2014,p75,M5_mlp,nao_se_aplica,272.7,301.3905481768642
boston,2015,p75,M5_mlp,nao_se_aplica,246.41666666666663,243.84417429402103
boston,2016,p75,M5_mlp,nao_se_aplica,256.71666666666664,276.25814830382046
boston,2017,p75,M5_mlp,nao_se_aplica,261.8,256.9095566807933
boston,2018,p75,M5_mlp,nao_se_aplica,262.31666666666666,465.4239803621333
boston,2019,p75,M5_mlp,nao_se_aplica,259.0,93.65872968373566
chicago,2005,p75,M5_mlp,nao_se_aplica,295.71666666666664,267.1184208164066
chicago,2006,p75,M5_mlp,nao_se_aplica,296.06666666666666,309.3508698413012
chicago,2007,p75,M5_mlp,nao_se_aplica,329.3,221.89406290702158
chicago,2008,p75,M5_mlp,nao_se_aplica,321.6,300.0654609743929
chicago,2009,p75,M5_mlp,nao_se_aplica,299.7333333333333,387.657108161947
chicago,2010,p75,M5_mlp,nao_se_aplica,321.21666666666664,364.52805043297224
chicago,2011,p75,M5_mlp,nao_se_aplica,316.875,338.7599700640119
chicago,2012,p75,M5_mlp,nao_se_aplica,305.09583333333336,315.2008806447525
chicago,2013,p75,M5_mlp,nao_se_aplica,306.5,277.62352978967914
chicago,2014,p75,M5_mlp,nao_se_aplica,308.1,277.04044718423256
chicago,2015,p75,M5_mlp,nao_se_aplica,311.24583333333334,300.71806941237634
chicago,2016,p75,M5_mlp,nao_se_aplica,310.5708333333333,274.14582752906335
chicago,2017,p75,M5_mlp,nao_se_aplica,328.4166666666667,317.1357950162886
chicago,2018,p75,M5_mlp,nao_se_aplica,310.6666666666667,278.69496448027576
chicago,2019,p75,M5_mlp,nao_se_aplica,307.25,338.83089277275997
chicago,2022,p75,M5_mlp,nao_se_aplica,307.95,349.0847921171724
chicago,2023,p75,M5_mlp,nao_se_aplica,297.95,221.08159641700996
durban,2022,p75,M5_mlp,nao_se_aplica,275.09166666666664,368.4585670073515
durban,2024,p75,M5_mlp,nao_se_aplica,282.71666666666664,190.89234051061248
durban,2025,p75,M5_mlp,nao_se_aplica,285.7083333333333,261.1490490494315
honolulu,2005,p75,M5_mlp,nao_se_aplica,403.1333333333333,418.0230293385162
honolulu,2006,p75,M5_mlp,nao_se_aplica,408.73333333333335,382.6428060972908
honolulu,2007,p75,M5_mlp,nao_se_aplica,417.2708333333333,426.00233637533137
honolulu,2008,p75,M5_mlp,nao_se_aplica,411.8333333333333,388.3417990029552
honolulu,2009,p75,M5_mlp,nao_se_aplica,410.03333333333336,381.8137801271569
honolulu,2010,p75,M5_mlp,nao_se_aplica,414.975,413.3756960516962
honolulu,2011,p75,M5_mlp,nao_se_aplica,409.7083333333333,404.35508814026866
honolulu,2012,p75,M5_mlp,nao_se_aplica,408.28333333333336,431.6377486473625
honolulu,2013,p75,M5_mlp,nao_se_aplica,437.85,449.30747325746154
honolulu,2014,p75,M5_mlp,nao_se_aplica,422.675,464.5266483868851
honolulu,2015,p75,M5_mlp,nao_se_aplica,442.17083333333335,425.0678916823833
honolulu,2016,p75,M5_mlp,nao_se_aplica,450.45,448.94552409668097
honolulu,2017,p75,M5_mlp,nao_se_aplica,441.6125,430.96835967934646
honolulu,2018,p75,M5_mlp,nao_se_aplica,444.3083333333333,389.6991843168931
honolulu,2019,p75,M5_mlp,nao_se_aplica,456.44166666666666,400.9024538559857
long_beach,2010,p75,M5_mlp,nao_se_aplica,331.2416666666667,350.34708408452275
long_beach,2011,p75,M5_mlp,nao_se_aplica,346.05833333333334,303.02071466304847
long_beach,2012,p75,M5_mlp,nao_se_aplica,358.2958333333333,352.4503731381947
long_beach,2013,p75,M5_mlp,nao_se_aplica,318.78333333333336,315.4736540725317
long_beach,2014,p75,M5_mlp,nao_se_aplica,331.78333333333336,346.0723900850026
long_beach,2015,p75,M5_mlp,nao_se_aplica,368.5625,412.0832526604074
long_beach,2016,p75,M5_mlp,nao_se_aplica,333.7583333333333,373.7649655365472
long_beach,2017,p75,M5_mlp,nao_se_aplica,338.46666666666664,334.22114619404505
long_beach,2018,p75,M5_mlp,nao_se_aplica,337.35,339.7417340212002
long_beach,2019,p75,M5_mlp,nao_se_aplica,330.2,296.04793036404124
maui,2010,p75,M5_mlp,nao_se_aplica,355.19166666666666,344.43027313135093
maui,2011,p75,M5_mlp,nao_se_aplica,351.5333333333333,378.52467178306796
maui,2012,p75,M5_mlp,nao_se_aplica,354.4833333333333,333.233208465193
maui,2013,p75,M5_mlp,nao_se_aplica,364.3416666666667,345.8733276581057
maui,2014,p75,M5_mlp,nao_se_aplica,366.2875,383.6701231219871
nyc,2005,p75,M5_mlp,nao_se_aplica,314.1666666666667,238.62973737322795
nyc,2006,p75,M5_mlp,nao_se_aplica,294.8833333333333,350.4706501633491
nyc,2007,p75,M5_mlp,nao_se_aplica,296.78333333333336,250.21798907883178
nyc,2008,p75,M5_mlp,nao_se_aplica,293.43333333333334,289.56947136529163
nyc,2009,p75,M5_mlp,nao_se_aplica,292.56666666666666,306.618772960048
nyc,2010,p75,M5_mlp,nao_se_aplica,296.53333333333336,297.5226562014022
nyc,2011,p75,M5_mlp,nao_se_aplica,298.55,279.18174836792
nyc,2013,p75,M5_mlp,nao_se_aplica,296.9166666666667,295.4890689443949
nyc,2014,p75,M5_mlp,nao_se_aplica,304.43333333333334,351.6342827660397
nyc,2015,p75,M5_mlp,nao_se_aplica,310.53333333333336,260.2508065551114
nyc,2016,p75,M5_mlp,nao_se_aplica,309.01666666666665,285.49282966071104
nyc,2017,p75,M5_mlp,nao_se_aplica,309.35,372.4501200021006
nyc,2018,p75,M5_mlp,nao_se_aplica,312.00416666666666,292.44046700047824
nyc,2019,p75,M5_mlp,nao_se_aplica,309.75416666666666,315.9212391089589
nyc,2022,p75,M5_mlp,nao_se_aplica,327.31666666666666,308.2995754072624
nyc,2023,p75,M5_mlp,nao_se_aplica,315.95,306.6586728133967
nyc,2024,p75,M5_mlp,nao_se_aplica,305.4083333333333,323.97293142742
rio,2023,p75,M5_mlp,nao_se_aplica,289.15833333333336,260.08408169997705
rio,2024,p75,M5_mlp,nao_se_aplica,284.27916666666664,303.8522862202639
rio,2025,p75,M5_mlp,nao_se_aplica,281.01666666666665,320.8460142298202
savannah,2011,p75,M5_mlp,nao_se_aplica,305.6125,330.0373566293411
savannah,2012,p75,M5_mlp,nao_se_aplica,311.7,290.24987119179406
savannah,2013,p75,M5_mlp,nao_se_aplica,311.76666666666665,308.37449007280645
savannah,2014,p75,M5_mlp,nao_se_aplica,310.5708333333333,315.34323083913506
savannah,2015,p75,M5_mlp,nao_se_aplica,273.6875,367.3042388117137
savannah,2016,p75,M5_mlp,nao_se_aplica,332.31666666666666,281.3959085694955
savannah,2017,p75,M5_mlp,nao_se_aplica,346.31666666666666,366.7149892659904
savannah,2018,p75,M5_mlp,nao_se_aplica,318.85,278.2001591057947
savannah,2019,p75,M5_mlp,nao_se_aplica,320.5,248.81953044571728
singapore,2014,p75,M5_mlp,nao_se_aplica,404.8666666666667,377.06255100740725
singapore,2015,p75,M5_mlp,nao_se_aplica,412.1,399.7269635509
singapore,2016,p75,M5_mlp,nao_se_aplica,406.39166666666665,427.5395916540479
singapore,2017,p75,M5_mlp,nao_se_aplica,405.14166666666665,405.3348364444779
singapore,2018,p75,M5_mlp,nao_se_aplica,395.6833333333333,399.14181271459904
singapore,2019,p75,M5_mlp,nao_se_aplica,405.0833333333333,474.90346752121155
singapore,2022,p75,M5_mlp,nao_se_aplica,380.2166666666667,361.74488097699935
singapore,2023,p75,M5_mlp,nao_se_aplica,381.3083333333333,391.84730995618804
berlin,2005,p90,B1_global,nao_se_aplica,306.3466666666667,364.72189655172406
berlin,2006,p90,B1_global,nao_se_aplica,312.55,364.6684195402298
berlin,2007,p90,B1_global,nao_se_aplica,300.4083333333333,364.7730890804597
berlin,2008,p90,B1_global,nao_se_aplica,301.46333333333337,364.7639942528735
berlin,2009,p90,B1_global,nao_se_aplica,309.1166666666667,364.69801724137926
berlin,2010,p90,B1_global,nao_se_aplica,298.2583333333333,364.79162356321837
berlin,2011,p90,B1_global,nao_se_aplica,306.71666666666664,364.7187068965517
berlin,2012,p90,B1_global,nao_se_aplica,301.81666666666666,364.76094827586206
berlin,2013,p90,B1_global,nao_se_aplica,299.46666666666664,364.7812068965517
berlin,2014,p90,B1_global,nao_se_aplica,306.74666666666667,364.71844827586204
berlin,2015,p90,B1_global,nao_se_aplica,307.0766666666668,364.71560344827583
berlin,2016,p90,B1_global,nao_se_aplica,316.455,364.6347557471264
berlin,2017,p90,B1_global,nao_se_aplica,314.93333333333334,364.64787356321835
berlin,2018,p90,B1_global,nao_se_aplica,329.15,364.525316091954
berlin,2019,p90,B1_global,nao_se_aplica,320.15,364.60290229885055
boston,2005,p90,B1_global,nao_se_aplica,290.3333333333333,364.8599425287356
boston,2006,p90,B1_global,nao_se_aplica,281.1283333333334,364.93929597701145
boston,2007,p90,B1_global,nao_se_aplica,287.8666666666667,364.88120689655165
boston,2008,p90,B1_global,nao_se_aplica,284.54,364.90988505747123
boston,2009,p90,B1_global,nao_se_aplica,280.1066666666667,364.94810344827584
boston,2010,p90,B1_global,nao_se_aplica,280.8833333333333,364.94140804597697
boston,2011,p90,B1_global,nao_se_aplica,281.26166666666666,364.9381465517241
boston,2012,p90,B1_global,nao_se_aplica,326.36333333333334,364.54933908045973
boston,2013,p90,B1_global,nao_se_aplica,284.77166666666665,364.90788793103445
boston,2014,p90,B1_global,nao_se_aplica,317.05,364.6296264367816
boston,2015,p90,B1_global,nao_se_aplica,282.1,364.93091954022987
boston,2016,p90,B1_global,nao_se_aplica,293.1366666666667,364.83577586206894
boston,2017,p90,B1_global,nao_se_aplica,297.75,364.7960057471264
boston,2018,p90,B1_global,nao_se_aplica,307.67499999999995,364.71044540229883
boston,2019,p90,B1_global,nao_se_aplica,297.4166666666667,364.79887931034483
chicago,2005,p90,B1_global,nao_se_aplica,331.8333333333333,364.50218390804594
chicago,2006,p90,B1_global,nao_se_aplica,332.875,364.4932040229884
chicago,2007,p90,B1_global,nao_se_aplica,353.4166666666667,364.3161206896551
chicago,2008,p90,B1_global,nao_se_aplica,358.21666666666664,364.2747413793103
chicago,2009,p90,B1_global,nao_se_aplica,339.1666666666667,364.4389655172413
chicago,2010,p90,B1_global,nao_se_aplica,358.8666666666667,364.2691379310344
chicago,2011,p90,B1_global,nao_se_aplica,354.1,364.3102298850574
chicago,2012,p90,B1_global,nao_se_aplica,346.1666666666667,364.3786206896552
chicago,2013,p90,B1_global,nao_se_aplica,346.09666666666675,364.379224137931
chicago,2014,p90,B1_global,nao_se_aplica,350.36,364.34247126436776
chicago,2015,p90,B1_global,nao_se_aplica,350.6483333333333,364.3399856321838
chicago,2016,p90,B1_global,nao_se_aplica,352.76666666666665,364.32172413793097
chicago,2017,p90,B1_global,nao_se_aplica,371.3666666666667,364.1613793103447
chicago,2018,p90,B1_global,nao_se_aplica,354.53333333333336,364.3064942528735
chicago,2019,p90,B1_global,nao_se_aplica,353.89166666666665,364.3120258620689
chicago,2022,p90,B1_global,nao_se_aplica,355.51000000000005,364.2980747126436
chicago,2023,p90,B1_global,nao_se_aplica,346.8,364.37316091954017
durban,2022,p90,B1_global,nao_se_aplica,299.9433333333334,364.7770977011494
durban,2024,p90,B1_global,nao_se_aplica,309.88666666666666,364.6913793103448
durban,2025,p90,B1_global,nao_se_aplica,309.1166666666667,364.69801724137926
honolulu,2005,p90,B1_global,nao_se_aplica,468.27333333333337,363.32597701149416
honolulu,2006,p90,B1_global,nao_se_aplica,472.5666666666666,363.2889655172413
honolulu,2007,p90,B1_global,nao_se_aplica,486.6,363.167988505747
honolulu,2008,p90,B1_global,nao_se_aplica,481.03,363.21600574712636
honolulu,2009,p90,B1_global,nao_se_aplica,474.8333333333333,363.2694252873563
honolulu,2010,p90,B1_global,nao_se_aplica,481.2166666666666,363.214396551724
honolulu,2011,p90,B1_global,nao_se_aplica,473.62000000000006,363.27988505747123
honolulu,2012,p90,B1_global,nao_se_aplica,457.76666666666665,363.4165517241379
honolulu,2013,p90,B1_global,nao_se_aplica,506.36,362.99764367816084
honolulu,2014,p90,B1_global,nao_se_aplica,492.2366666666667,363.11939655172404
honolulu,2015,p90,B1_global,nao_se_aplica,510.0,362.966264367816
honolulu,2016,p90,B1_global,nao_se_aplica,525.2,362.8352298850574
honolulu,2017,p90,B1_global,nao_se_aplica,510.5083333333333,362.96188218390796
honolulu,2018,p90,B1_global,nao_se_aplica,510.98333333333335,362.9577873563218
honolulu,2019,p90,B1_global,nao_se_aplica,528.2499999999999,362.80893678160913
long_beach,2010,p90,B1_global,nao_se_aplica,371.4916666666667,364.16030172413787
long_beach,2011,p90,B1_global,nao_se_aplica,389.2266666666666,364.0074137931034
long_beach,2012,p90,B1_global,nao_se_aplica,402.7183333333333,363.89110632183906
long_beach,2013,p90,B1_global,nao_se_aplica,357.7216666666667,364.2790086206896
long_beach,2014,p90,B1_global,nao_se_aplica,376.125,364.1203591954022
long_beach,2015,p90,B1_global,nao_se_aplica,407.7483333333333,363.8477442528735
long_beach,2016,p90,B1_global,nao_se_aplica,381.15,364.07704022988503
long_beach,2017,p90,B1_global,nao_se_aplica,381.47333333333336,364.0742528735632
long_beach,2018,p90,B1_global,nao_se_aplica,378.7733333333333,364.0975287356321
long_beach,2019,p90,B1_global,nao_se_aplica,379.8033333333334,364.0886494252873
maui,2010,p90,B1_global,nao_se_aplica,397.995,363.9318247126436
maui,2011,p90,B1_global,nao_se_aplica,395.47,363.9535919540229
maui,2012,p90,B1_global,nao_se_aplica,399.0833333333333,363.9224425287356
maui,2013,p90,B1_global,nao_se_aplica,412.0866666666667,363.81034482758616
maui,2014,p90,B1_global,nao_se_aplica,405.6933333333333,363.86545977011485
nyc,2005,p90,B1_global,nao_se_aplica,351.06666666666666,364.33637931034474
nyc,2006,p90,B1_global,nao_se_aplica,332.6666666666667,364.49499999999995
nyc,2007,p90,B1_global,nao_se_aplica,334.6333333333333,364.4780459770114
nyc,2008,p90,B1_global,nao_se_aplica,333.51666666666665,364.48767241379306
nyc,2009,p90,B1_global,nao_se_aplica,332.14500000000004,364.4994971264367
nyc,2010,p90,B1_global,nao_se_aplica,337.1766666666667,364.45612068965505
nyc,2011,p90,B1_global,nao_se_aplica,336.5,364.4619540229884
nyc,2013,p90,B1_global,nao_se_aplica,337.24333333333334,364.4555459770114
nyc,2014,p90,B1_global,nao_se_aplica,347.4,364.36798850574706
nyc,2015,p90,B1_global,nao_se_aplica,350.93333333333334,364.33752873563213
nyc,2016,p90,B1_global,nao_se_aplica,349.5,364.3498850574712
nyc,2017,p90,B1_global,nao_se_aplica,352.28333333333336,364.3258908045977
nyc,2018,p90,B1_global,nao_se_aplica,355.5,364.2981609195402
nyc,2019,p90,B1_global,nao_se_aplica,354.5833333333333,364.30606321839076
nyc,2022,p90,B1_global,nao_se_aplica,369.965,364.1734626436781
nyc,2023,p90,B1_global,nao_se_aplica,361.55,364.2460057471264
nyc,2024,p90,B1_global,nao_se_aplica,353.02666666666664,364.3194827586206
rio,2023,p90,B1_global,nao_se_aplica,321.08,364.5948850574712
rio,2024,p90,B1_global,nao_se_aplica,316.3983333333333,364.63524425287346
rio,2025,p90,B1_global,nao_se_aplica,310.9,364.68264367816084
savannah,2011,p90,B1_global,nao_se_aplica,345.26166666666666,364.386422413793
savannah,2012,p90,B1_global,nao_se_aplica,348.7,364.3567816091953
savannah,2013,p90,B1_global,nao_se_aplica,351.2233333333335,364.33502873563214
savannah,2014,p90,B1_global,nao_se_aplica,351.26666666666665,364.3346551724137
savannah,2015,p90,B1_global,nao_se_aplica,295.45,364.8158333333333
savannah,2016,p90,B1_global,nao_se_aplica,373.2,364.1455747126436
savannah,2017,p90,B1_global,nao_se_aplica,389.7633333333333,364.0027873563218
savannah,2018,p90,B1_global,nao_se_aplica,360.43,364.2556609195402
savannah,2019,p90,B1_global,nao_se_aplica,359.39,364.2646264367815
singapore,2014,p90,B1_global,nao_se_aplica,445.6666666666667,363.5208620689655
singapore,2015,p90,B1_global,nao_se_aplica,452.0266666666667,363.4660344827586
singapore,2016,p90,B1_global,nao_se_aplica,444.565,363.53035919540224
singapore,2017,p90,B1_global,nao_se_aplica,443.38666666666666,363.5405172413793
singapore,2018,p90,B1_global,nao_se_aplica,424.31666666666666,363.7049137931034
singapore,2019,p90,B1_global,nao_se_aplica,437.84,363.5883333333333
singapore,2022,p90,B1_global,nao_se_aplica,420.5,363.73781609195396
singapore,2023,p90,B1_global,nao_se_aplica,418.4266666666666,363.7556896551724
berlin,2005,p90,B2_por_maratona,mediana,306.3466666666667,306.91166666666675
berlin,2006,p90,B2_por_maratona,mediana,312.55,306.7316666666667
berlin,2007,p90,B2_por_maratona,mediana,300.4083333333333,306.91166666666675
berlin,2008,p90,B2_por_maratona,mediana,301.46333333333337,306.91166666666675
berlin,2009,p90,B2_por_maratona,mediana,309.1166666666667,306.7316666666667
berlin,2010,p90,B2_por_maratona,mediana,298.2583333333333,306.91166666666675
berlin,2011,p90,B2_por_maratona,mediana,306.71666666666664,306.91166666666675
berlin,2012,p90,B2_por_maratona,mediana,301.81666666666666,306.91166666666675
berlin,2013,p90,B2_por_maratona,mediana,299.46666666666664,306.91166666666675
berlin,2014,p90,B2_por_maratona,mediana,306.74666666666667,306.89666666666676
berlin,2015,p90,B2_por_maratona,mediana,307.0766666666668,306.7316666666667
berlin,2016,p90,B2_por_maratona,mediana,316.455,306.7316666666667
berlin,2017,p90,B2_por_maratona,mediana,314.93333333333334,306.7316666666667
berlin,2018,p90,B2_por_maratona,mediana,329.15,306.7316666666667
berlin,2019,p90,B2_por_maratona,mediana,320.15,306.7316666666667
boston,2005,p90,B2_por_maratona,mediana,290.3333333333333,286.31916666666666
boston,2006,p90,B2_por_maratona,mediana,281.1283333333334,289.1
boston,2007,p90,B2_por_maratona,mediana,287.8666666666667,287.5525
boston,2008,p90,B2_por_maratona,mediana,284.54,289.1
boston,2009,p90,B2_por_maratona,mediana,280.1066666666667,289.1
boston,2010,p90,B2_por_maratona,mediana,280.8833333333333,289.1
boston,2011,p90,B2_por_maratona,mediana,281.26166666666666,289.1
boston,2012,p90,B2_por_maratona,mediana,326.36333333333334,286.31916666666666
boston,2013,p90,B2_por_maratona,mediana,284.77166666666665,289.1
boston,2014,p90,B2_por_maratona,mediana,317.05,286.31916666666666
boston,2015,p90,B2_por_maratona,mediana,282.1,289.1
boston,2016,p90,B2_por_maratona,mediana,293.1366666666667,286.31916666666666
boston,2017,p90,B2_por_maratona,mediana,297.75,286.31916666666666
boston,2018,p90,B2_por_maratona,mediana,307.67499999999995,286.31916666666666
boston,2019,p90,B2_por_maratona,mediana,297.4166666666667,286.31916666666666
chicago,2005,p90,B2_por_maratona,mediana,331.8333333333333,353.0916666666667
chicago,2006,p90,B2_por_maratona,mediana,332.875,353.0916666666667
chicago,2007,p90,B2_por_maratona,mediana,353.4166666666667,351.7075
chicago,2008,p90,B2_por_maratona,mediana,358.21666666666664,351.7075
chicago,2009,p90,B2_por_maratona,mediana,339.1666666666667,353.0916666666667
chicago,2010,p90,B2_por_maratona,mediana,358.8666666666667,351.7075
chicago,2011,p90,B2_por_maratona,mediana,354.1,351.7075
chicago,2012,p90,B2_por_maratona,mediana,346.1666666666667,353.0916666666667
chicago,2013,p90,B2_por_maratona,mediana,346.09666666666675,353.0916666666667
chicago,2014,p90,B2_por_maratona,mediana,350.36,353.0916666666667
chicago,2015,p90,B2_por_maratona,mediana,350.6483333333333,353.0916666666667
chicago,2016,p90,B2_por_maratona,mediana,352.76666666666665,352.0325
chicago,2017,p90,B2_por_maratona,mediana,371.3666666666667,351.7075
chicago,2018,p90,B2_por_maratona,mediana,354.53333333333336,351.7075
chicago,2019,p90,B2_por_maratona,mediana,353.89166666666665,351.7075
chicago,2022,p90,B2_por_maratona,mediana,355.51000000000005,351.7075
chicago,2023,p90,B2_por_maratona,mediana,346.8,353.0916666666667
durban,2022,p90,B2_por_maratona,mediana,299.9433333333334,309.50166666666667
durban,2024,p90,B2_por_maratona,mediana,309.88666666666666,304.53000000000003
durban,2025,p90,B2_por_maratona,mediana,309.1166666666667,304.915
honolulu,2005,p90,B2_por_maratona,mediana,468.27333333333337,489.41833333333335
honolulu,2006,p90,B2_por_maratona,mediana,472.5666666666666,489.41833333333335
honolulu,2007,p90,B2_por_maratona,mediana,486.6,486.72666666666663
honolulu,2008,p90,B2_por_maratona,mediana,481.03,489.41833333333335
honolulu,2009,p90,B2_por_maratona,mediana,474.8333333333333,489.41833333333335
honolulu,2010,p90,B2_por_maratona,mediana,481.2166666666666,489.41833333333335
honolulu,2011,p90,B2_por_maratona,mediana,473.62000000000006,489.41833333333335
honolulu,2012,p90,B2_por_maratona,mediana,457.76666666666665,489.41833333333335
honolulu,2013,p90,B2_por_maratona,mediana,506.36,483.9083333333333
honolulu,2014,p90,B2_por_maratona,mediana,492.2366666666667,483.9083333333333
honolulu,2015,p90,B2_por_maratona,mediana,510.0,483.9083333333333
honolulu,2016,p90,B2_por_maratona,mediana,525.2,483.9083333333333
honolulu,2017,p90,B2_por_maratona,mediana,510.5083333333333,483.9083333333333
honolulu,2018,p90,B2_por_maratona,mediana,510.98333333333335,483.9083333333333
honolulu,2019,p90,B2_por_maratona,mediana,528.2499999999999,483.9083333333333
long_beach,2010,p90,B2_por_maratona,mediana,371.4916666666667,381.15
long_beach,2011,p90,B2_por_maratona,mediana,389.2266666666666,379.8033333333334
long_beach,2012,p90,B2_por_maratona,mediana,402.7183333333333,379.8033333333334
long_beach,2013,p90,B2_por_maratona,mediana,357.7216666666667,381.15
long_beach,2014,p90,B2_por_maratona,mediana,376.125,381.15
long_beach,2015,p90,B2_por_maratona,mediana,407.7483333333333,379.8033333333334
long_beach,2016,p90,B2_por_maratona,mediana,381.15,379.8033333333334
long_beach,2017,p90,B2_por_maratona,mediana,381.47333333333336,379.8033333333334
long_beach,2018,p90,B2_por_maratona,mediana,378.7733333333333,381.15
long_beach,2019,p90,B2_por_maratona,mediana,379.8033333333334,381.15
maui,2010,p90,B2_por_maratona,mediana,397.995,402.3883333333333
maui,2011,p90,B2_por_maratona,mediana,395.47,402.3883333333333
maui,2012,p90,B2_por_maratona,mediana,399.0833333333333,401.84416666666664
maui,2013,p90,B2_por_maratona,mediana,412.0866666666667,398.5391666666667
maui,2014,p90,B2_por_maratona,mediana,405.6933333333333,398.5391666666667
nyc,2005,p90,B2_por_maratona,mediana,351.06666666666666,348.45
nyc,2006,p90,B2_por_maratona,mediana,332.6666666666667,350.2166666666667
nyc,2007,p90,B2_por_maratona,mediana,334.6333333333333,350.2166666666667
nyc,2008,p90,B2_por_maratona,mediana,333.51666666666665,350.2166666666667
nyc,2009,p90,B2_por_maratona,mediana,332.14500000000004,350.2166666666667
nyc,2010,p90,B2_por_maratona,mediana,337.1766666666667,350.2166666666667
nyc,2011,p90,B2_por_maratona,mediana,336.5,350.2166666666667
nyc,2013,p90,B2_por_maratona,mediana,337.24333333333334,350.2166666666667
nyc,2014,p90,B2_por_maratona,mediana,347.4,350.2166666666667
nyc,2015,p90,B2_por_maratona,mediana,350.93333333333334,348.45
nyc,2016,p90,B2_por_maratona,mediana,349.5,349.16666666666663
nyc,2017,p90,B2_por_maratona,mediana,352.28333333333336,348.45
nyc,2018,p90,B2_por_maratona,mediana,355.5,348.45
nyc,2019,p90,B2_por_maratona,mediana,354.5833333333333,348.45
nyc,2022,p90,B2_por_maratona,mediana,369.965,348.45
nyc,2023,p90,B2_por_maratona,mediana,361.55,348.45
nyc,2024,p90,B2_por_maratona,mediana,353.02666666666664,348.45
rio,2023,p90,B2_por_maratona,mediana,321.08,313.64916666666664
rio,2024,p90,B2_por_maratona,mediana,316.3983333333333,315.99
rio,2025,p90,B2_por_maratona,mediana,310.9,318.7391666666666
savannah,2011,p90,B2_por_maratona,mediana,345.26166666666666,355.3283333333333
savannah,2012,p90,B2_por_maratona,mediana,348.7,355.3283333333333
savannah,2013,p90,B2_por_maratona,mediana,351.2233333333335,355.3283333333333
savannah,2014,p90,B2_por_maratona,mediana,351.26666666666665,355.30666666666673
savannah,2015,p90,B2_por_maratona,mediana,295.45,355.3283333333333
savannah,2016,p90,B2_por_maratona,mediana,373.2,351.2450000000001
savannah,2017,p90,B2_por_maratona,mediana,389.7633333333333,351.2450000000001
savannah,2018,p90,B2_por_maratona,mediana,360.43,351.2450000000001
savannah,2019,p90,B2_por_maratona,mediana,359.39,351.2450000000001
singapore,2014,p90,B2_por_maratona,mediana,445.6666666666667,437.84
singapore,2015,p90,B2_por_maratona,mediana,452.0266666666667,437.84
singapore,2016,p90,B2_por_maratona,mediana,444.565,437.84
singapore,2017,p90,B2_por_maratona,mediana,443.38666666666666,437.84
singapore,2018,p90,B2_por_maratona,mediana,424.31666666666666,443.38666666666666
singapore,2019,p90,B2_por_maratona,mediana,437.84,443.38666666666666
singapore,2022,p90,B2_por_maratona,mediana,420.5,443.38666666666666
singapore,2023,p90,B2_por_maratona,mediana,418.4266666666666,443.38666666666666
berlin,2005,p90,M1_linear,nao_se_aplica,306.3466666666667,300.98435861973576
berlin,2006,p90,M1_linear,nao_se_aplica,312.55,306.53436930625753
berlin,2007,p90,M1_linear,nao_se_aplica,300.4083333333333,298.18622203907097
berlin,2008,p90,M1_linear,nao_se_aplica,301.46333333333337,297.9293478697962
berlin,2009,p90,M1_linear,nao_se_aplica,309.1166666666667,314.69226180405747
berlin,2010,p90,M1_linear,nao_se_aplica,298.2583333333333,296.6030653986454
berlin,2011,p90,M1_linear,nao_se_aplica,306.71666666666664,314.63817557642403
berlin,2012,p90,M1_linear,nao_se_aplica,301.81666666666666,308.06982469142724
berlin,2013,p90,M1_linear,nao_se_aplica,299.46666666666664,299.2112755216557
berlin,2014,p90,M1_linear,nao_se_aplica,306.74666666666667,310.3297395374885
berlin,2015,p90,M1_linear,nao_se_aplica,307.0766666666668,314.0842608541277
berlin,2016,p90,M1_linear,nao_se_aplica,316.455,320.7268504471724
berlin,2017,p90,M1_linear,nao_se_aplica,314.93333333333334,325.40157991402793
berlin,2018,p90,M1_linear,nao_se_aplica,329.15,304.5341517284719
berlin,2019,p90,M1_linear,nao_se_aplica,320.15,302.96440550455225
boston,2005,p90,M1_linear,nao_se_aplica,290.3333333333333,272.83486221965757
boston,2006,p90,M1_linear,nao_se_aplica,281.1283333333334,253.00560265261026
boston,2007,p90,M1_linear,nao_se_aplica,287.8666666666667,253.25894320273403
boston,2008,p90,M1_linear,nao_se_aplica,284.54,298.87423062516984
boston,2009,p90,M1_linear,nao_se_aplica,280.1066666666667,276.9190381049226
boston,2010,p90,M1_linear,nao_se_aplica,280.8833333333333,257.607602860145
boston,2011,p90,M1_linear,nao_se_aplica,281.26166666666666,307.61382833480843
boston,2012,p90,M1_linear,nao_se_aplica,326.36333333333334,314.80528358442916
boston,2013,p90,M1_linear,nao_se_aplica,284.77166666666665,304.1153451981486
boston,2014,p90,M1_linear,nao_se_aplica,317.05,296.7720905099063
boston,2015,p90,M1_linear,nao_se_aplica,282.1,287.57638608811806
boston,2016,p90,M1_linear,nao_se_aplica,293.1366666666667,331.2894731693807
boston,2017,p90,M1_linear,nao_se_aplica,297.75,347.7940934621391
boston,2018,p90,M1_linear,nao_se_aplica,307.67499999999995,347.7349267832184
boston,2019,p90,M1_linear,nao_se_aplica,297.4166666666667,279.0652558741522
chicago,2005,p90,M1_linear,nao_se_aplica,331.8333333333333,318.03370600350524
chicago,2006,p90,M1_linear,nao_se_aplica,332.875,325.3343367190349
chicago,2007,p90,M1_linear,nao_se_aplica,353.4166666666667,346.78828391544204
chicago,2008,p90,M1_linear,nao_se_aplica,358.21666666666664,352.8099990970181
chicago,2009,p90,M1_linear,nao_se_aplica,339.1666666666667,341.4409458446876
chicago,2010,p90,M1_linear,nao_se_aplica,358.8666666666667,374.33575709561813
chicago,2011,p90,M1_linear,nao_se_aplica,354.1,367.0197267212836
chicago,2012,p90,M1_linear,nao_se_aplica,346.1666666666667,350.03287376008086
chicago,2013,p90,M1_linear,nao_se_aplica,346.09666666666675,336.4417661774592
chicago,2014,p90,M1_linear,nao_se_aplica,350.36,345.7165142330032
chicago,2015,p90,M1_linear,nao_se_aplica,350.6483333333333,357.17812410760075
chicago,2016,p90,M1_linear,nao_se_aplica,352.76666666666665,339.59818267212444
chicago,2017,p90,M1_linear,nao_se_aplica,371.3666666666667,361.66552784545723
chicago,2018,p90,M1_linear,nao_se_aplica,354.53333333333336,348.9835221476269
chicago,2019,p90,M1_linear,nao_se_aplica,353.89166666666665,343.02824874014647
chicago,2022,p90,M1_linear,nao_se_aplica,355.51000000000005,365.19373821256664
chicago,2023,p90,M1_linear,nao_se_aplica,346.8,380.62153621801156
durban,2022,p90,M1_linear,nao_se_aplica,299.9433333333334,287.0310374980081
durban,2024,p90,M1_linear,nao_se_aplica,309.88666666666666,306.67805353064006
durban,2025,p90,M1_linear,nao_se_aplica,309.1166666666667,321.2004666753685
honolulu,2005,p90,M1_linear,nao_se_aplica,468.27333333333337,485.69122874727896
honolulu,2006,p90,M1_linear,nao_se_aplica,472.5666666666666,495.63733825204986
honolulu,2007,p90,M1_linear,nao_se_aplica,486.6,491.9613690543646
honolulu,2008,p90,M1_linear,nao_se_aplica,481.03,469.822489465395
honolulu,2009,p90,M1_linear,nao_se_aplica,474.8333333333333,495.24617821025566
honolulu,2010,p90,M1_linear,nao_se_aplica,481.2166666666666,483.6552216179906
honolulu,2011,p90,M1_linear,nao_se_aplica,473.62000000000006,489.26354782338774
honolulu,2012,p90,M1_linear,nao_se_aplica,457.76666666666665,489.5928430235877
honolulu,2013,p90,M1_linear,nao_se_aplica,506.36,503.7867477360157
honolulu,2014,p90,M1_linear,nao_se_aplica,492.2366666666667,498.50791935961445
honolulu,2015,p90,M1_linear,nao_se_aplica,510.0,496.85957014688864
honolulu,2016,p90,M1_linear,nao_se_aplica,525.2,500.32429311459936
honolulu,2017,p90,M1_linear,nao_se_aplica,510.5083333333333,499.67598998028615
honolulu,2018,p90,M1_linear,nao_se_aplica,510.98333333333335,483.1820008188772
honolulu,2019,p90,M1_linear,nao_se_aplica,528.2499999999999,498.3697471964115
long_beach,2010,p90,M1_linear,nao_se_aplica,371.4916666666667,373.91351333763345
long_beach,2011,p90,M1_linear,nao_se_aplica,389.2266666666666,384.1617817787127
long_beach,2012,p90,M1_linear,nao_se_aplica,402.7183333333333,379.42835017886205
long_beach,2013,p90,M1_linear,nao_se_aplica,357.7216666666667,369.791211621336
long_beach,2014,p90,M1_linear,nao_se_aplica,376.125,380.6050297205619
long_beach,2015,p90,M1_linear,nao_se_aplica,407.7483333333333,391.51946899355426
long_beach,2016,p90,M1_linear,nao_se_aplica,381.15,398.3696718954063
long_beach,2017,p90,M1_linear,nao_se_aplica,381.47333333333336,382.87369370041864
long_beach,2018,p90,M1_linear,nao_se_aplica,378.7733333333333,378.399676653954
long_beach,2019,p90,M1_linear,nao_se_aplica,379.8033333333334,382.8936711397788
maui,2010,p90,M1_linear,nao_se_aplica,397.995,399.9049406858078
maui,2011,p90,M1_linear,nao_se_aplica,395.47,416.1962265418801
maui,2012,p90,M1_linear,nao_se_aplica,399.0833333333333,416.1772799029765
maui,2013,p90,M1_linear,nao_se_aplica,412.0866666666667,400.83579309779486
maui,2014,p90,M1_linear,nao_se_aplica,405.6933333333333,325.54047516970445
nyc,2005,p90,M1_linear,nao_se_aplica,351.06666666666666,344.59595007390084
nyc,2006,p90,M1_linear,nao_se_aplica,332.6666666666667,328.9492651994489
nyc,2007,p90,M1_linear,nao_se_aplica,334.6333333333333,336.13483238284107
nyc,2008,p90,M1_linear,nao_se_aplica,333.51666666666665,328.49914218520007
nyc,2009,p90,M1_linear,nao_se_aplica,332.14500000000004,356.70844515959874
nyc,2010,p90,M1_linear,nao_se_aplica,337.1766666666667,326.4544904506813
nyc,2011,p90,M1_linear,nao_se_aplica,336.5,335.4666599579014
nyc,2013,p90,M1_linear,nao_se_aplica,337.24333333333334,351.50853858519986
nyc,2014,p90,M1_linear,nao_se_aplica,347.4,340.91825169560263
nyc,2015,p90,M1_linear,nao_se_aplica,350.93333333333334,350.4705680628738
nyc,2016,p90,M1_linear,nao_se_aplica,349.5,342.5868006580144
nyc,2017,p90,M1_linear,nao_se_aplica,352.28333333333336,349.7185808584438
nyc,2018,p90,M1_linear,nao_se_aplica,355.5,347.09702768425336
nyc,2019,p90,M1_linear,nao_se_aplica,354.5833333333333,346.4963479879598
nyc,2022,p90,M1_linear,nao_se_aplica,369.965,370.2649715085832
nyc,2023,p90,M1_linear,nao_se_aplica,361.55,367.12283814940315
nyc,2024,p90,M1_linear,nao_se_aplica,353.02666666666664,367.3146738014451
rio,2023,p90,M1_linear,nao_se_aplica,321.08,305.89975322408384
rio,2024,p90,M1_linear,nao_se_aplica,316.3983333333333,326.60976261528896
rio,2025,p90,M1_linear,nao_se_aplica,310.9,328.5956206881608
savannah,2011,p90,M1_linear,nao_se_aplica,345.26166666666666,342.92092978472215
savannah,2012,p90,M1_linear,nao_se_aplica,348.7,364.1614132706775
savannah,2013,p90,M1_linear,nao_se_aplica,351.2233333333335,355.25401271102106
savannah,2014,p90,M1_linear,nao_se_aplica,351.26666666666665,356.32360944038226
savannah,2015,p90,M1_linear,nao_se_aplica,295.45,376.6413928396313
savannah,2016,p90,M1_linear,nao_se_aplica,373.2,350.00749987010613
savannah,2017,p90,M1_linear,nao_se_aplica,389.7633333333333,349.3293164636368
savannah,2018,p90,M1_linear,nao_se_aplica,360.43,345.13106125107663
savannah,2019,p90,M1_linear,nao_se_aplica,359.39,356.70993237903497
singapore,2014,p90,M1_linear,nao_se_aplica,445.6666666666667,429.6969898555901
singapore,2015,p90,M1_linear,nao_se_aplica,452.0266666666667,432.64444751702143
singapore,2016,p90,M1_linear,nao_se_aplica,444.565,436.7898028468724
singapore,2017,p90,M1_linear,nao_se_aplica,443.38666666666666,436.3229230983312
singapore,2018,p90,M1_linear,nao_se_aplica,424.31666666666666,434.09876526884614
singapore,2019,p90,M1_linear,nao_se_aplica,437.84,669.9363428182651
singapore,2022,p90,M1_linear,nao_se_aplica,420.5,437.79150540740955
singapore,2023,p90,M1_linear,nao_se_aplica,418.4266666666666,447.0432635459833
berlin,2005,p90,M2_ridge,nao_se_aplica,306.3466666666667,301.25392554439475
berlin,2006,p90,M2_ridge,nao_se_aplica,312.55,310.33679576437675
berlin,2007,p90,M2_ridge,nao_se_aplica,300.4083333333333,295.3292444012182
berlin,2008,p90,M2_ridge,nao_se_aplica,301.46333333333337,301.09207289042513
berlin,2009,p90,M2_ridge,nao_se_aplica,309.1166666666667,308.4258493291674
berlin,2010,p90,M2_ridge,nao_se_aplica,298.2583333333333,297.5173366679486
berlin,2011,p90,M2_ridge,nao_se_aplica,306.71666666666664,313.1235556462374
berlin,2012,p90,M2_ridge,nao_se_aplica,301.81666666666666,309.991463725567
berlin,2013,p90,M2_ridge,nao_se_aplica,299.46666666666664,302.3552616409612
berlin,2014,p90,M2_ridge,nao_se_aplica,306.74666666666667,310.3593781286149
berlin,2015,p90,M2_ridge,nao_se_aplica,307.0766666666668,311.56513589496296
berlin,2016,p90,M2_ridge,nao_se_aplica,316.455,321.53501139538434
berlin,2017,p90,M2_ridge,nao_se_aplica,314.93333333333334,323.93224541061727
berlin,2018,p90,M2_ridge,nao_se_aplica,329.15,313.2684855206613
berlin,2019,p90,M2_ridge,nao_se_aplica,320.15,306.9835927542319
boston,2005,p90,M2_ridge,nao_se_aplica,290.3333333333333,283.32344328278793
boston,2006,p90,M2_ridge,nao_se_aplica,281.1283333333334,270.9549492530016
boston,2007,p90,M2_ridge,nao_se_aplica,287.8666666666667,250.02532781092702
boston,2008,p90,M2_ridge,nao_se_aplica,284.54,288.8310088110118
boston,2009,p90,M2_ridge,nao_se_aplica,280.1066666666667,278.7582914353392
boston,2010,p90,M2_ridge,nao_se_aplica,280.8833333333333,288.7921218308508
boston,2011,p90,M2_ridge,nao_se_aplica,281.26166666666666,299.25039320556573
boston,2012,p90,M2_ridge,nao_se_aplica,326.36333333333334,307.0012335127619
boston,2013,p90,M2_ridge,nao_se_aplica,284.77166666666665,297.14993614820156
boston,2014,p90,M2_ridge,nao_se_aplica,317.05,296.43309822205435
boston,2015,p90,M2_ridge,nao_se_aplica,282.1,285.33535732792996
boston,2016,p90,M2_ridge,nao_se_aplica,293.1366666666667,310.9063826144814
boston,2017,p90,M2_ridge,nao_se_aplica,297.75,337.15125289288915
boston,2018,p90,M2_ridge,nao_se_aplica,307.67499999999995,350.4796486977103
boston,2019,p90,M2_ridge,nao_se_aplica,297.4166666666667,286.60583603624826
chicago,2005,p90,M2_ridge,nao_se_aplica,331.8333333333333,325.62364337841575
chicago,2006,p90,M2_ridge,nao_se_aplica,332.875,323.1083206235512
chicago,2007,p90,M2_ridge,nao_se_aplica,353.4166666666667,350.08824775454866
chicago,2008,p90,M2_ridge,nao_se_aplica,358.21666666666664,355.2978653863275
chicago,2009,p90,M2_ridge,nao_se_aplica,339.1666666666667,330.4915763146757
chicago,2010,p90,M2_ridge,nao_se_aplica,358.8666666666667,373.80530059844824
chicago,2011,p90,M2_ridge,nao_se_aplica,354.1,362.482111801954
chicago,2012,p90,M2_ridge,nao_se_aplica,346.1666666666667,346.7037857751097
chicago,2013,p90,M2_ridge,nao_se_aplica,346.09666666666675,346.7547353859019
chicago,2014,p90,M2_ridge,nao_se_aplica,350.36,348.6509134330439
chicago,2015,p90,M2_ridge,nao_se_aplica,350.6483333333333,357.0754756682802
chicago,2016,p90,M2_ridge,nao_se_aplica,352.76666666666665,345.33229595134065
chicago,2017,p90,M2_ridge,nao_se_aplica,371.3666666666667,364.720070574601
chicago,2018,p90,M2_ridge,nao_se_aplica,354.53333333333336,351.0458236461262
chicago,2019,p90,M2_ridge,nao_se_aplica,353.89166666666665,340.5353882136739
chicago,2022,p90,M2_ridge,nao_se_aplica,355.51000000000005,360.81497877896965
chicago,2023,p90,M2_ridge,nao_se_aplica,346.8,375.8744411374553
durban,2022,p90,M2_ridge,nao_se_aplica,299.9433333333334,313.1233761292565
durban,2024,p90,M2_ridge,nao_se_aplica,309.88666666666666,305.16996942503937
durban,2025,p90,M2_ridge,nao_se_aplica,309.1166666666667,314.044193285469
honolulu,2005,p90,M2_ridge,nao_se_aplica,468.27333333333337,491.566746333255
honolulu,2006,p90,M2_ridge,nao_se_aplica,472.5666666666666,490.94286573251514
honolulu,2007,p90,M2_ridge,nao_se_aplica,486.6,490.96049132715234
honolulu,2008,p90,M2_ridge,nao_se_aplica,481.03,468.15458817206195
honolulu,2009,p90,M2_ridge,nao_se_aplica,474.8333333333333,497.9131272882203
honolulu,2010,p90,M2_ridge,nao_se_aplica,481.2166666666666,489.17472294649724
honolulu,2011,p90,M2_ridge,nao_se_aplica,473.62000000000006,486.92254773485735
honolulu,2012,p90,M2_ridge,nao_se_aplica,457.76666666666665,492.8177331200725
honolulu,2013,p90,M2_ridge,nao_se_aplica,506.36,502.3238726392884
honolulu,2014,p90,M2_ridge,nao_se_aplica,492.2366666666667,494.8956682961975
honolulu,2015,p90,M2_ridge,nao_se_aplica,510.0,497.69333393219506
honolulu,2016,p90,M2_ridge,nao_se_aplica,525.2,494.9001503637604
honolulu,2017,p90,M2_ridge,nao_se_aplica,510.5083333333333,494.69366195750257
honolulu,2018,p90,M2_ridge,nao_se_aplica,510.98333333333335,476.85715464369287
honolulu,2019,p90,M2_ridge,nao_se_aplica,528.2499999999999,496.48401071189
long_beach,2010,p90,M2_ridge,nao_se_aplica,371.4916666666667,376.64825063238015
long_beach,2011,p90,M2_ridge,nao_se_aplica,389.2266666666666,383.8652277362882
long_beach,2012,p90,M2_ridge,nao_se_aplica,402.7183333333333,378.426371924812
long_beach,2013,p90,M2_ridge,nao_se_aplica,357.7216666666667,374.06807105843694
long_beach,2014,p90,M2_ridge,nao_se_aplica,376.125,383.01121871891144
long_beach,2015,p90,M2_ridge,nao_se_aplica,407.7483333333333,395.67103679200187
long_beach,2016,p90,M2_ridge,nao_se_aplica,381.15,394.4054430356314
long_beach,2017,p90,M2_ridge,nao_se_aplica,381.47333333333336,381.76702640632914
long_beach,2018,p90,M2_ridge,nao_se_aplica,378.7733333333333,371.1934175164717
long_beach,2019,p90,M2_ridge,nao_se_aplica,379.8033333333334,380.7869249750556
maui,2010,p90,M2_ridge,nao_se_aplica,397.995,400.1940232426193
maui,2011,p90,M2_ridge,nao_se_aplica,395.47,410.85062779076776
maui,2012,p90,M2_ridge,nao_se_aplica,399.0833333333333,409.6239462608092
maui,2013,p90,M2_ridge,nao_se_aplica,412.0866666666667,400.69647517280134
maui,2014,p90,M2_ridge,nao_se_aplica,405.6933333333333,350.4060907569685
nyc,2005,p90,M2_ridge,nao_se_aplica,351.06666666666666,343.1891317048945
nyc,2006,p90,M2_ridge,nao_se_aplica,332.6666666666667,327.318421049824
nyc,2007,p90,M2_ridge,nao_se_aplica,334.6333333333333,336.2897943111206
nyc,2008,p90,M2_ridge,nao_se_aplica,333.51666666666665,329.9120671919785
nyc,2009,p90,M2_ridge,nao_se_aplica,332.14500000000004,347.0891032213512
nyc,2010,p90,M2_ridge,nao_se_aplica,337.1766666666667,330.63429554793527
nyc,2011,p90,M2_ridge,nao_se_aplica,336.5,333.8875679838119
nyc,2013,p90,M2_ridge,nao_se_aplica,337.24333333333334,346.11915888713736
nyc,2014,p90,M2_ridge,nao_se_aplica,347.4,339.7105513868636
nyc,2015,p90,M2_ridge,nao_se_aplica,350.93333333333334,351.1548590296488
nyc,2016,p90,M2_ridge,nao_se_aplica,349.5,347.66223168455895
nyc,2017,p90,M2_ridge,nao_se_aplica,352.28333333333336,353.7949842330197
nyc,2018,p90,M2_ridge,nao_se_aplica,355.5,349.79373504379936
nyc,2019,p90,M2_ridge,nao_se_aplica,354.5833333333333,347.9128198207056
nyc,2022,p90,M2_ridge,nao_se_aplica,369.965,371.51759786088024
nyc,2023,p90,M2_ridge,nao_se_aplica,361.55,368.64205317784433
nyc,2024,p90,M2_ridge,nao_se_aplica,353.02666666666664,368.22950007007694
rio,2023,p90,M2_ridge,nao_se_aplica,321.08,312.28883286763414
rio,2024,p90,M2_ridge,nao_se_aplica,316.3983333333333,324.08847143166935
rio,2025,p90,M2_ridge,nao_se_aplica,310.9,325.12987566509463
savannah,2011,p90,M2_ridge,nao_se_aplica,345.26166666666666,343.9141762970013
savannah,2012,p90,M2_ridge,nao_se_aplica,348.7,357.78324232793864
savannah,2013,p90,M2_ridge,nao_se_aplica,351.2233333333335,357.6465462909295
savannah,2014,p90,M2_ridge,nao_se_aplica,351.26666666666665,356.57023512105906
savannah,2015,p90,M2_ridge,nao_se_aplica,295.45,379.79998072506976
savannah,2016,p90,M2_ridge,nao_se_aplica,373.2,353.9196989376977
savannah,2017,p90,M2_ridge,nao_se_aplica,389.7633333333333,351.2048467519686
savannah,2018,p90,M2_ridge,nao_se_aplica,360.43,347.03623525224856
savannah,2019,p90,M2_ridge,nao_se_aplica,359.39,351.190252589285
singapore,2014,p90,M2_ridge,nao_se_aplica,445.6666666666667,429.3383687012677
singapore,2015,p90,M2_ridge,nao_se_aplica,452.0266666666667,430.1252419616467
singapore,2016,p90,M2_ridge,nao_se_aplica,444.565,432.0137147535488
singapore,2017,p90,M2_ridge,nao_se_aplica,443.38666666666666,432.82283903755035
singapore,2018,p90,M2_ridge,nao_se_aplica,424.31666666666666,433.90331772000764
singapore,2019,p90,M2_ridge,nao_se_aplica,437.84,470.6073393452552
singapore,2022,p90,M2_ridge,nao_se_aplica,420.5,436.291824291057
singapore,2023,p90,M2_ridge,nao_se_aplica,418.4266666666666,448.3998623484479
berlin,2005,p90,M3_random_forest,nao_se_aplica,306.3466666666667,308.5262869775134
berlin,2006,p90,M3_random_forest,nao_se_aplica,312.55,320.579620496032
berlin,2007,p90,M3_random_forest,nao_se_aplica,300.4083333333333,303.4614879199738
berlin,2008,p90,M3_random_forest,nao_se_aplica,301.46333333333337,304.32455078538385
berlin,2009,p90,M3_random_forest,nao_se_aplica,309.1166666666667,309.2681096398511
berlin,2010,p90,M3_random_forest,nao_se_aplica,298.2583333333333,301.95657116567503
berlin,2011,p90,M3_random_forest,nao_se_aplica,306.71666666666664,311.4140241600529
berlin,2012,p90,M3_random_forest,nao_se_aplica,301.81666666666666,301.9939975099209
berlin,2013,p90,M3_random_forest,nao_se_aplica,299.46666666666664,303.0294023318004
berlin,2014,p90,M3_random_forest,nao_se_aplica,306.74666666666667,307.7692375942461
berlin,2015,p90,M3_random_forest,nao_se_aplica,307.0766666666668,303.14035483630977
berlin,2016,p90,M3_random_forest,nao_se_aplica,316.455,311.9541485006314
berlin,2017,p90,M3_random_forest,nao_se_aplica,314.93333333333334,310.52082106481475
berlin,2018,p90,M3_random_forest,nao_se_aplica,329.15,315.50685329695773
berlin,2019,p90,M3_random_forest,nao_se_aplica,320.15,306.90953523644197
boston,2005,p90,M3_random_forest,nao_se_aplica,290.3333333333333,295.67883625330705
boston,2006,p90,M3_random_forest,nao_se_aplica,281.1283333333334,288.39367733134964
boston,2007,p90,M3_random_forest,nao_se_aplica,287.8666666666667,288.34685592261917
boston,2008,p90,M3_random_forest,nao_se_aplica,284.54,298.2470569444447
boston,2009,p90,M3_random_forest,nao_se_aplica,280.1066666666667,284.9168818303575
boston,2010,p90,M3_random_forest,nao_se_aplica,280.8833333333333,296.66601132936535
boston,2011,p90,M3_random_forest,nao_se_aplica,281.26166666666666,290.5638009871033
boston,2012,p90,M3_random_forest,nao_se_aplica,326.36333333333334,315.0360235681217
boston,2013,p90,M3_random_forest,nao_se_aplica,284.77166666666665,284.2939355076058
boston,2014,p90,M3_random_forest,nao_se_aplica,317.05,288.14137437334676
boston,2015,p90,M3_random_forest,nao_se_aplica,282.1,293.4306995568782
boston,2016,p90,M3_random_forest,nao_se_aplica,293.1366666666667,297.89665129629685
boston,2017,p90,M3_random_forest,nao_se_aplica,297.75,306.4099350446432
boston,2018,p90,M3_random_forest,nao_se_aplica,307.67499999999995,289.20696149470916
boston,2019,p90,M3_random_forest,nao_se_aplica,297.4166666666667,309.91907283895483
chicago,2005,p90,M3_random_forest,nao_se_aplica,331.8333333333333,345.8401934077381
chicago,2006,p90,M3_random_forest,nao_se_aplica,332.875,340.3103724107144
chicago,2007,p90,M3_random_forest,nao_se_aplica,353.4166666666667,416.349416255261
chicago,2008,p90,M3_random_forest,nao_se_aplica,358.21666666666664,358.2842309424605
chicago,2009,p90,M3_random_forest,nao_se_aplica,339.1666666666667,340.29279822420636
chicago,2010,p90,M3_random_forest,nao_se_aplica,358.8666666666667,362.97461253968277
chicago,2011,p90,M3_random_forest,nao_se_aplica,354.1,360.9703862599206
chicago,2012,p90,M3_random_forest,nao_se_aplica,346.1666666666667,344.0035456849749
chicago,2013,p90,M3_random_forest,nao_se_aplica,346.09666666666675,351.8091495138888
chicago,2014,p90,M3_random_forest,nao_se_aplica,350.36,351.595919940476
chicago,2015,p90,M3_random_forest,nao_se_aplica,350.6483333333333,357.64346531250004
chicago,2016,p90,M3_random_forest,nao_se_aplica,352.76666666666665,352.1009739351854
chicago,2017,p90,M3_random_forest,nao_se_aplica,371.3666666666667,355.02422130456347
chicago,2018,p90,M3_random_forest,nao_se_aplica,354.53333333333336,352.4109559341929
chicago,2019,p90,M3_random_forest,nao_se_aplica,353.89166666666665,347.6968668220894
chicago,2022,p90,M3_random_forest,nao_se_aplica,355.51000000000005,356.2663727529758
chicago,2023,p90,M3_random_forest,nao_se_aplica,346.8,352.34977390872984
durban,2022,p90,M3_random_forest,nao_se_aplica,299.9433333333334,335.76823111276457
durban,2024,p90,M3_random_forest,nao_se_aplica,309.88666666666666,339.66006640046277
durban,2025,p90,M3_random_forest,nao_se_aplica,309.1166666666667,337.93004386078036
honolulu,2005,p90,M3_random_forest,nao_se_aplica,468.27333333333337,480.76966266534424
honolulu,2006,p90,M3_random_forest,nao_se_aplica,472.5666666666666,437.8616471990743
honolulu,2007,p90,M3_random_forest,nao_se_aplica,486.6,479.60454449074103
honolulu,2008,p90,M3_random_forest,nao_se_aplica,481.03,483.1666150429896
honolulu,2009,p90,M3_random_forest,nao_se_aplica,474.8333333333333,435.11310507936525
honolulu,2010,p90,M3_random_forest,nao_se_aplica,481.2166666666666,456.6838389252646
honolulu,2011,p90,M3_random_forest,nao_se_aplica,473.62000000000006,460.33211042162725
honolulu,2012,p90,M3_random_forest,nao_se_aplica,457.76666666666665,491.62173830522494
honolulu,2013,p90,M3_random_forest,nao_se_aplica,506.36,478.42969685019835
honolulu,2014,p90,M3_random_forest,nao_se_aplica,492.2366666666667,497.57123097552903
honolulu,2015,p90,M3_random_forest,nao_se_aplica,510.0,484.0927749173284
honolulu,2016,p90,M3_random_forest,nao_se_aplica,525.2,504.04108944083737
honolulu,2017,p90,M3_random_forest,nao_se_aplica,510.5083333333333,504.5852479220774
honolulu,2018,p90,M3_random_forest,nao_se_aplica,510.98333333333335,477.4503907593803
honolulu,2019,p90,M3_random_forest,nao_se_aplica,528.2499999999999,484.12573414291745
long_beach,2010,p90,M3_random_forest,nao_se_aplica,371.4916666666667,365.4531437301587
long_beach,2011,p90,M3_random_forest,nao_se_aplica,389.2266666666666,369.83757243551605
long_beach,2012,p90,M3_random_forest,nao_se_aplica,402.7183333333333,377.11270220899496
long_beach,2013,p90,M3_random_forest,nao_se_aplica,357.7216666666667,369.76687779596546
long_beach,2014,p90,M3_random_forest,nao_se_aplica,376.125,382.7680098908731
long_beach,2015,p90,M3_random_forest,nao_se_aplica,407.7483333333333,393.7322805215849
long_beach,2016,p90,M3_random_forest,nao_se_aplica,381.15,381.4386172123014
long_beach,2017,p90,M3_random_forest,nao_se_aplica,381.47333333333336,376.3484060168651
long_beach,2018,p90,M3_random_forest,nao_se_aplica,378.7733333333333,366.1713141947751
long_beach,2019,p90,M3_random_forest,nao_se_aplica,379.8033333333334,352.300365416667
maui,2010,p90,M3_random_forest,nao_se_aplica,397.995,395.48584804563484
maui,2011,p90,M3_random_forest,nao_se_aplica,395.47,398.5091925231478
maui,2012,p90,M3_random_forest,nao_se_aplica,399.0833333333333,395.66807630291026
maui,2013,p90,M3_random_forest,nao_se_aplica,412.0866666666667,398.7633097619047
maui,2014,p90,M3_random_forest,nao_se_aplica,405.6933333333333,409.3208929265869
nyc,2005,p90,M3_random_forest,nao_se_aplica,351.06666666666666,340.0995006150793
nyc,2006,p90,M3_random_forest,nao_se_aplica,332.6666666666667,337.5604424570109
nyc,2007,p90,M3_random_forest,nao_se_aplica,334.6333333333333,333.91218591765863
nyc,2008,p90,M3_random_forest,nao_se_aplica,333.51666666666665,336.4898702083334
nyc,2009,p90,M3_random_forest,nao_se_aplica,332.14500000000004,339.3991316286376
nyc,2010,p90,M3_random_forest,nao_se_aplica,337.1766666666667,336.4200429960316
nyc,2011,p90,M3_random_forest,nao_se_aplica,336.5,343.39997471395503
nyc,2013,p90,M3_random_forest,nao_se_aplica,337.24333333333334,346.3653043187829
nyc,2014,p90,M3_random_forest,nao_se_aplica,347.4,344.28781035383577
nyc,2015,p90,M3_random_forest,nao_se_aplica,350.93333333333334,353.3763305985449
nyc,2016,p90,M3_random_forest,nao_se_aplica,349.5,345.9845922371033
nyc,2017,p90,M3_random_forest,nao_se_aplica,352.28333333333336,354.28441192460303
nyc,2018,p90,M3_random_forest,nao_se_aplica,355.5,351.394728864087
nyc,2019,p90,M3_random_forest,nao_se_aplica,354.5833333333333,348.79958962797616
nyc,2022,p90,M3_random_forest,nao_se_aplica,369.965,375.18117868055515
nyc,2023,p90,M3_random_forest,nao_se_aplica,361.55,351.23359629464284
nyc,2024,p90,M3_random_forest,nao_se_aplica,353.02666666666664,348.2323823958336
rio,2023,p90,M3_random_forest,nao_se_aplica,321.08,375.3172363293652
rio,2024,p90,M3_random_forest,nao_se_aplica,316.3983333333333,364.2142890955688
rio,2025,p90,M3_random_forest,nao_se_aplica,310.9,397.7958477132935
savannah,2011,p90,M3_random_forest,nao_se_aplica,345.26166666666666,351.93627915178547
savannah,2012,p90,M3_random_forest,nao_se_aplica,348.7,361.36692724537045
savannah,2013,p90,M3_random_forest,nao_se_aplica,351.2233333333335,350.4394115294315
savannah,2014,p90,M3_random_forest,nao_se_aplica,351.26666666666665,351.261320790344
savannah,2015,p90,M3_random_forest,nao_se_aplica,295.45,415.7788213144843
savannah,2016,p90,M3_random_forest,nao_se_aplica,373.2,354.0277558002645
savannah,2017,p90,M3_random_forest,nao_se_aplica,389.7633333333333,352.1824991335981
savannah,2018,p90,M3_random_forest,nao_se_aplica,360.43,357.6886758597884
savannah,2019,p90,M3_random_forest,nao_se_aplica,359.39,355.3822958449075
singapore,2014,p90,M3_random_forest,nao_se_aplica,445.6666666666667,442.1780070701056
singapore,2015,p90,M3_random_forest,nao_se_aplica,452.0266666666667,434.09539714451074
singapore,2016,p90,M3_random_forest,nao_se_aplica,444.565,441.334168300265
singapore,2017,p90,M3_random_forest,nao_se_aplica,443.38666666666666,432.4796146362433
singapore,2018,p90,M3_random_forest,nao_se_aplica,424.31666666666666,460.2400214021168
singapore,2019,p90,M3_random_forest,nao_se_aplica,437.84,417.8253208035717
singapore,2022,p90,M3_random_forest,nao_se_aplica,420.5,422.82085540343957
singapore,2023,p90,M3_random_forest,nao_se_aplica,418.4266666666666,415.9257814550266
berlin,2005,p90,M4_hist_gbm,nao_se_aplica,306.3466666666667,306.4935346209496
berlin,2006,p90,M4_hist_gbm,nao_se_aplica,312.55,317.2734539920334
berlin,2007,p90,M4_hist_gbm,nao_se_aplica,300.4083333333333,300.03099104555537
berlin,2008,p90,M4_hist_gbm,nao_se_aplica,301.46333333333337,306.554124444004
berlin,2009,p90,M4_hist_gbm,nao_se_aplica,309.1166666666667,307.7726400097502
berlin,2010,p90,M4_hist_gbm,nao_se_aplica,298.2583333333333,298.46496760953494
berlin,2011,p90,M4_hist_gbm,nao_se_aplica,306.71666666666664,311.71943583693707
berlin,2012,p90,M4_hist_gbm,nao_se_aplica,301.81666666666666,300.5523060076336
berlin,2013,p90,M4_hist_gbm,nao_se_aplica,299.46666666666664,305.4271253724336
berlin,2014,p90,M4_hist_gbm,nao_se_aplica,306.74666666666667,308.3400632704523
berlin,2015,p90,M4_hist_gbm,nao_se_aplica,307.0766666666668,306.08847173259795
berlin,2016,p90,M4_hist_gbm,nao_se_aplica,316.455,317.5609732881682
berlin,2017,p90,M4_hist_gbm,nao_se_aplica,314.93333333333334,315.0973217084456
berlin,2018,p90,M4_hist_gbm,nao_se_aplica,329.15,317.7861678065941
berlin,2019,p90,M4_hist_gbm,nao_se_aplica,320.15,312.05978108151373
boston,2005,p90,M4_hist_gbm,nao_se_aplica,290.3333333333333,303.2234336117351
boston,2006,p90,M4_hist_gbm,nao_se_aplica,281.1283333333334,281.3995694815464
boston,2007,p90,M4_hist_gbm,nao_se_aplica,287.8666666666667,284.7863697728953
boston,2008,p90,M4_hist_gbm,nao_se_aplica,284.54,295.71726352868797
boston,2009,p90,M4_hist_gbm,nao_se_aplica,280.1066666666667,283.0304968940976
boston,2010,p90,M4_hist_gbm,nao_se_aplica,280.8833333333333,294.94298347643723
boston,2011,p90,M4_hist_gbm,nao_se_aplica,281.26166666666666,304.5088700432315
boston,2012,p90,M4_hist_gbm,nao_se_aplica,326.36333333333334,299.12890244371687
boston,2013,p90,M4_hist_gbm,nao_se_aplica,284.77166666666665,282.0826375621917
boston,2014,p90,M4_hist_gbm,nao_se_aplica,317.05,294.7628292277132
boston,2015,p90,M4_hist_gbm,nao_se_aplica,282.1,296.43611641496415
boston,2016,p90,M4_hist_gbm,nao_se_aplica,293.1366666666667,304.49924417172554
boston,2017,p90,M4_hist_gbm,nao_se_aplica,297.75,307.6148335727403
boston,2018,p90,M4_hist_gbm,nao_se_aplica,307.67499999999995,286.4864658268422
boston,2019,p90,M4_hist_gbm,nao_se_aplica,297.4166666666667,311.1402135301198
chicago,2005,p90,M4_hist_gbm,nao_se_aplica,331.8333333333333,339.97836670257936
chicago,2006,p90,M4_hist_gbm,nao_se_aplica,332.875,333.83783688201663
chicago,2007,p90,M4_hist_gbm,nao_se_aplica,353.4166666666667,444.82408820615785
chicago,2008,p90,M4_hist_gbm,nao_se_aplica,358.21666666666664,354.8814286804263
chicago,2009,p90,M4_hist_gbm,nao_se_aplica,339.1666666666667,336.15445165295506
chicago,2010,p90,M4_hist_gbm,nao_se_aplica,358.8666666666667,361.44163255879533
chicago,2011,p90,M4_hist_gbm,nao_se_aplica,354.1,352.2482423512479
chicago,2012,p90,M4_hist_gbm,nao_se_aplica,346.1666666666667,345.1418595679541
chicago,2013,p90,M4_hist_gbm,nao_se_aplica,346.09666666666675,345.7662011413075
chicago,2014,p90,M4_hist_gbm,nao_se_aplica,350.36,346.24889690713076
chicago,2015,p90,M4_hist_gbm,nao_se_aplica,350.6483333333333,361.57932372370794
chicago,2016,p90,M4_hist_gbm,nao_se_aplica,352.76666666666665,349.01787238416824
chicago,2017,p90,M4_hist_gbm,nao_se_aplica,371.3666666666667,360.0428875097072
chicago,2018,p90,M4_hist_gbm,nao_se_aplica,354.53333333333336,353.02977877115296
chicago,2019,p90,M4_hist_gbm,nao_se_aplica,353.89166666666665,348.43924871453845
chicago,2022,p90,M4_hist_gbm,nao_se_aplica,355.51000000000005,349.45914816433725
chicago,2023,p90,M4_hist_gbm,nao_se_aplica,346.8,354.24686229582755
durban,2022,p90,M4_hist_gbm,nao_se_aplica,299.9433333333334,320.3212801868554
durban,2024,p90,M4_hist_gbm,nao_se_aplica,309.88666666666666,331.3198087088125
durban,2025,p90,M4_hist_gbm,nao_se_aplica,309.1166666666667,320.69548970760655
honolulu,2005,p90,M4_hist_gbm,nao_se_aplica,468.27333333333337,477.3338018700296
honolulu,2006,p90,M4_hist_gbm,nao_se_aplica,472.5666666666666,403.74801890636917
honolulu,2007,p90,M4_hist_gbm,nao_se_aplica,486.6,486.2337877196896
honolulu,2008,p90,M4_hist_gbm,nao_se_aplica,481.03,490.4519038498593
honolulu,2009,p90,M4_hist_gbm,nao_se_aplica,474.8333333333333,407.7345541153546
honolulu,2010,p90,M4_hist_gbm,nao_se_aplica,481.2166666666666,466.30363583279836
honolulu,2011,p90,M4_hist_gbm,nao_se_aplica,473.62000000000006,450.3456429217148
honolulu,2012,p90,M4_hist_gbm,nao_se_aplica,457.76666666666665,503.2506536579014
honolulu,2013,p90,M4_hist_gbm,nao_se_aplica,506.36,496.5585307855706
honolulu,2014,p90,M4_hist_gbm,nao_se_aplica,492.2366666666667,501.79002192372906
honolulu,2015,p90,M4_hist_gbm,nao_se_aplica,510.0,494.36733084960207
honolulu,2016,p90,M4_hist_gbm,nao_se_aplica,525.2,504.6759644283127
honolulu,2017,p90,M4_hist_gbm,nao_se_aplica,510.5083333333333,513.8558109455354
honolulu,2018,p90,M4_hist_gbm,nao_se_aplica,510.98333333333335,482.218704118157
honolulu,2019,p90,M4_hist_gbm,nao_se_aplica,528.2499999999999,482.2981273935707
long_beach,2010,p90,M4_hist_gbm,nao_se_aplica,371.4916666666667,366.5951686490594
long_beach,2011,p90,M4_hist_gbm,nao_se_aplica,389.2266666666666,373.18650034751994
long_beach,2012,p90,M4_hist_gbm,nao_se_aplica,402.7183333333333,381.22767081258
long_beach,2013,p90,M4_hist_gbm,nao_se_aplica,357.7216666666667,372.80783500069253
long_beach,2014,p90,M4_hist_gbm,nao_se_aplica,376.125,378.0650086696072
long_beach,2015,p90,M4_hist_gbm,nao_se_aplica,407.7483333333333,401.27531972920764
long_beach,2016,p90,M4_hist_gbm,nao_se_aplica,381.15,382.43274505072515
long_beach,2017,p90,M4_hist_gbm,nao_se_aplica,381.47333333333336,378.61718060889814
long_beach,2018,p90,M4_hist_gbm,nao_se_aplica,378.7733333333333,363.1662379869316
long_beach,2019,p90,M4_hist_gbm,nao_se_aplica,379.8033333333334,366.796214255743
maui,2010,p90,M4_hist_gbm,nao_se_aplica,397.995,399.26395122395235
maui,2011,p90,M4_hist_gbm,nao_se_aplica,395.47,405.3301884565108
maui,2012,p90,M4_hist_gbm,nao_se_aplica,399.0833333333333,399.3128975740233
maui,2013,p90,M4_hist_gbm,nao_se_aplica,412.0866666666667,399.3557194641156
maui,2014,p90,M4_hist_gbm,nao_se_aplica,405.6933333333333,416.514575075031
nyc,2005,p90,M4_hist_gbm,nao_se_aplica,351.06666666666666,340.10112681288604
nyc,2006,p90,M4_hist_gbm,nao_se_aplica,332.6666666666667,342.24695994596203
nyc,2007,p90,M4_hist_gbm,nao_se_aplica,334.6333333333333,332.42260581330135
nyc,2008,p90,M4_hist_gbm,nao_se_aplica,333.51666666666665,338.5221144116988
nyc,2009,p90,M4_hist_gbm,nao_se_aplica,332.14500000000004,340.069279533341
nyc,2010,p90,M4_hist_gbm,nao_se_aplica,337.1766666666667,333.94927991598206
nyc,2011,p90,M4_hist_gbm,nao_se_aplica,336.5,339.6480475825551
nyc,2013,p90,M4_hist_gbm,nao_se_aplica,337.24333333333334,340.17460986241724
nyc,2014,p90,M4_hist_gbm,nao_se_aplica,347.4,339.7400194982021
nyc,2015,p90,M4_hist_gbm,nao_se_aplica,350.93333333333334,349.0433347966799
nyc,2016,p90,M4_hist_gbm,nao_se_aplica,349.5,341.41205086180884
nyc,2017,p90,M4_hist_gbm,nao_se_aplica,352.28333333333336,356.7606394223331
nyc,2018,p90,M4_hist_gbm,nao_se_aplica,355.5,353.4060150031947
nyc,2019,p90,M4_hist_gbm,nao_se_aplica,354.5833333333333,348.7773874201405
nyc,2022,p90,M4_hist_gbm,nao_se_aplica,369.965,360.40776588769074
nyc,2023,p90,M4_hist_gbm,nao_se_aplica,361.55,352.67290975938016
nyc,2024,p90,M4_hist_gbm,nao_se_aplica,353.02666666666664,355.1026104428758
rio,2023,p90,M4_hist_gbm,nao_se_aplica,321.08,331.6029010347637
rio,2024,p90,M4_hist_gbm,nao_se_aplica,316.3983333333333,320.96234657818957
rio,2025,p90,M4_hist_gbm,nao_se_aplica,310.9,360.85357010358956
savannah,2011,p90,M4_hist_gbm,nao_se_aplica,345.26166666666666,346.7025767991582
savannah,2012,p90,M4_hist_gbm,nao_se_aplica,348.7,355.18307533039894
savannah,2013,p90,M4_hist_gbm,nao_se_aplica,351.2233333333335,347.93017454959994
savannah,2014,p90,M4_hist_gbm,nao_se_aplica,351.26666666666665,353.5411844886869
savannah,2015,p90,M4_hist_gbm,nao_se_aplica,295.45,414.9473581116574
savannah,2016,p90,M4_hist_gbm,nao_se_aplica,373.2,361.36335676156864
savannah,2017,p90,M4_hist_gbm,nao_se_aplica,389.7633333333333,360.9696502462577
savannah,2018,p90,M4_hist_gbm,nao_se_aplica,360.43,360.6180157983934
savannah,2019,p90,M4_hist_gbm,nao_se_aplica,359.39,347.44934429279186
singapore,2014,p90,M4_hist_gbm,nao_se_aplica,445.6666666666667,447.20434696569345
singapore,2015,p90,M4_hist_gbm,nao_se_aplica,452.0266666666667,437.6715716196666
singapore,2016,p90,M4_hist_gbm,nao_se_aplica,444.565,431.7213755299096
singapore,2017,p90,M4_hist_gbm,nao_se_aplica,443.38666666666666,434.22841587543786
singapore,2018,p90,M4_hist_gbm,nao_se_aplica,424.31666666666666,482.71086836157036
singapore,2019,p90,M4_hist_gbm,nao_se_aplica,437.84,428.73739591471474
singapore,2022,p90,M4_hist_gbm,nao_se_aplica,420.5,423.3669149885277
singapore,2023,p90,M4_hist_gbm,nao_se_aplica,418.4266666666666,426.18594149536784
berlin,2005,p90,M5_mlp,nao_se_aplica,306.3466666666667,330.04551715464595
berlin,2006,p90,M5_mlp,nao_se_aplica,312.55,312.73685625876703
berlin,2007,p90,M5_mlp,nao_se_aplica,300.4083333333333,265.84654161121665
berlin,2008,p90,M5_mlp,nao_se_aplica,301.46333333333337,255.99632042115704
berlin,2009,p90,M5_mlp,nao_se_aplica,309.1166666666667,388.19691486257125
berlin,2010,p90,M5_mlp,nao_se_aplica,298.2583333333333,264.38322854919767
berlin,2011,p90,M5_mlp,nao_se_aplica,306.71666666666664,300.2732082382062
berlin,2012,p90,M5_mlp,nao_se_aplica,301.81666666666666,274.2064157947663
berlin,2013,p90,M5_mlp,nao_se_aplica,299.46666666666664,317.6865089787256
berlin,2014,p90,M5_mlp,nao_se_aplica,306.74666666666667,295.69937163657744
berlin,2015,p90,M5_mlp,nao_se_aplica,307.0766666666668,306.08139984979823
berlin,2016,p90,M5_mlp,nao_se_aplica,316.455,321.70414328044996
berlin,2017,p90,M5_mlp,nao_se_aplica,314.93333333333334,369.25290638248424
berlin,2018,p90,M5_mlp,nao_se_aplica,329.15,277.42089438319215
berlin,2019,p90,M5_mlp,nao_se_aplica,320.15,303.3519630320757
boston,2005,p90,M5_mlp,nao_se_aplica,290.3333333333333,258.4298537814287
boston,2006,p90,M5_mlp,nao_se_aplica,281.1283333333334,233.38747700864
boston,2007,p90,M5_mlp,nao_se_aplica,287.8666666666667,337.4451623108942
boston,2008,p90,M5_mlp,nao_se_aplica,284.54,232.67910547400047
boston,2009,p90,M5_mlp,nao_se_aplica,280.1066666666667,305.8971355587256
boston,2010,p90,M5_mlp,nao_se_aplica,280.8833333333333,172.58036183287217
boston,2011,p90,M5_mlp,nao_se_aplica,281.26166666666666,361.77547680592676
boston,2012,p90,M5_mlp,nao_se_aplica,326.36333333333334,206.1604484194193
boston,2013,p90,M5_mlp,nao_se_aplica,284.77166666666665,322.2158760292014
boston,2014,p90,M5_mlp,nao_se_aplica,317.05,351.90935397320675
boston,2015,p90,M5_mlp,nao_se_aplica,282.1,291.4461899748553
boston,2016,p90,M5_mlp,nao_se_aplica,293.1366666666667,312.2090433700334
boston,2017,p90,M5_mlp,nao_se_aplica,297.75,278.08762172521773
boston,2018,p90,M5_mlp,nao_se_aplica,307.67499999999995,550.780082768246
boston,2019,p90,M5_mlp,nao_se_aplica,297.4166666666667,104.44663778508938
chicago,2005,p90,M5_mlp,nao_se_aplica,331.8333333333333,290.9323552451409
chicago,2006,p90,M5_mlp,nao_se_aplica,332.875,376.8588415750597
chicago,2007,p90,M5_mlp,nao_se_aplica,353.4166666666667,244.811769603525
chicago,2008,p90,M5_mlp,nao_se_aplica,358.21666666666664,333.2768478077071
chicago,2009,p90,M5_mlp,nao_se_aplica,339.1666666666667,435.32225653303243
chicago,2010,p90,M5_mlp,nao_se_aplica,358.8666666666667,406.2569286235905
chicago,2011,p90,M5_mlp,nao_se_aplica,354.1,380.3068970480316
chicago,2012,p90,M5_mlp,nao_se_aplica,346.1666666666667,359.95677550995185
chicago,2013,p90,M5_mlp,nao_se_aplica,346.09666666666675,313.76593087994775
chicago,2014,p90,M5_mlp,nao_se_aplica,350.36,314.453134949266
chicago,2015,p90,M5_mlp,nao_se_aplica,350.6483333333333,343.0018961515137
chicago,2016,p90,M5_mlp,nao_se_aplica,352.76666666666665,308.7426350433583
chicago,2017,p90,M5_mlp,nao_se_aplica,371.3666666666667,362.3354754578204
chicago,2018,p90,M5_mlp,nao_se_aplica,354.53333333333336,337.65995754093706
chicago,2019,p90,M5_mlp,nao_se_aplica,353.89166666666665,390.0475175404819
chicago,2022,p90,M5_mlp,nao_se_aplica,355.51000000000005,403.42477721344085
chicago,2023,p90,M5_mlp,nao_se_aplica,346.8,254.6306468424924
durban,2022,p90,M5_mlp,nao_se_aplica,299.9433333333334,400.29244500829395
durban,2024,p90,M5_mlp,nao_se_aplica,309.88666666666666,197.85150870517285
durban,2025,p90,M5_mlp,nao_se_aplica,309.1166666666667,296.08009407598144
honolulu,2005,p90,M5_mlp,nao_se_aplica,468.27333333333337,478.28367784090875
honolulu,2006,p90,M5_mlp,nao_se_aplica,472.5666666666666,441.43016621918196
honolulu,2007,p90,M5_mlp,nao_se_aplica,486.6,493.12010405702483
honolulu,2008,p90,M5_mlp,nao_se_aplica,481.03,454.1132295993867
honolulu,2009,p90,M5_mlp,nao_se_aplica,474.8333333333333,440.2971674297674
honolulu,2010,p90,M5_mlp,nao_se_aplica,481.2166666666666,476.60213084965994
honolulu,2011,p90,M5_mlp,nao_se_aplica,473.62000000000006,467.26270246369756
honolulu,2012,p90,M5_mlp,nao_se_aplica,457.76666666666665,497.45031755083653
honolulu,2013,p90,M5_mlp,nao_se_aplica,506.36,513.3167286787726
honolulu,2014,p90,M5_mlp,nao_se_aplica,492.2366666666667,536.6734414686482
honolulu,2015,p90,M5_mlp,nao_se_aplica,510.0,490.98868520966676
honolulu,2016,p90,M5_mlp,nao_se_aplica,525.2,514.9922511870595
honolulu,2017,p90,M5_mlp,nao_se_aplica,510.5083333333333,497.3201276722278
honolulu,2018,p90,M5_mlp,nao_se_aplica,510.98333333333335,450.9428703995692
honolulu,2019,p90,M5_mlp,nao_se_aplica,528.2499999999999,460.04625379400653
long_beach,2010,p90,M5_mlp,nao_se_aplica,371.4916666666667,401.77302355489024
long_beach,2011,p90,M5_mlp,nao_se_aplica,389.2266666666666,343.44704694111084
long_beach,2012,p90,M5_mlp,nao_se_aplica,402.7183333333333,394.8102459320335
long_beach,2013,p90,M5_mlp,nao_se_aplica,357.7216666666667,357.49391534190465
long_beach,2014,p90,M5_mlp,nao_se_aplica,376.125,387.3077817297541
long_beach,2015,p90,M5_mlp,nao_se_aplica,407.7483333333333,464.7147970202925
long_beach,2016,p90,M5_mlp,nao_se_aplica,381.15,423.02032538133676
long_beach,2017,p90,M5_mlp,nao_se_aplica,381.47333333333336,378.9868559958728
long_beach,2018,p90,M5_mlp,nao_se_aplica,378.7733333333333,384.0106362400991
long_beach,2019,p90,M5_mlp,nao_se_aplica,379.8033333333334,331.8766386071265
maui,2010,p90,M5_mlp,nao_se_aplica,397.995,387.40546215700664
maui,2011,p90,M5_mlp,nao_se_aplica,395.47,427.4418622102609
maui,2012,p90,M5_mlp,nao_se_aplica,399.0833333333333,377.8094917983493
maui,2013,p90,M5_mlp,nao_se_aplica,412.0866666666667,386.7910699955112
maui,2014,p90,M5_mlp,nao_se_aplica,405.6933333333333,433.1926094349552
nyc,2005,p90,M5_mlp,nao_se_aplica,351.06666666666666,260.78082842600503
nyc,2006,p90,M5_mlp,nao_se_aplica,332.6666666666667,401.6606509394944
nyc,2007,p90,M5_mlp,nao_se_aplica,334.6333333333333,285.09109801676794
nyc,2008,p90,M5_mlp,nao_se_aplica,333.51666666666665,327.52061149636455
nyc,2009,p90,M5_mlp,nao_se_aplica,332.14500000000004,342.99558032257056
nyc,2010,p90,M5_mlp,nao_se_aplica,337.1766666666667,337.11620526745253
nyc,2011,p90,M5_mlp,nao_se_aplica,336.5,315.07011715830254
nyc,2013,p90,M5_mlp,nao_se_aplica,337.24333333333334,345.3002400436741
nyc,2014,p90,M5_mlp,nao_se_aplica,347.4,400.14950715007694
nyc,2015,p90,M5_mlp,nao_se_aplica,350.93333333333334,294.2408316998204
nyc,2016,p90,M5_mlp,nao_se_aplica,349.5,333.9481509111168
nyc,2017,p90,M5_mlp,nao_se_aplica,352.28333333333336,407.9803435871078
nyc,2018,p90,M5_mlp,nao_se_aplica,355.5,335.4639915430465
nyc,2019,p90,M5_mlp,nao_se_aplica,354.5833333333333,361.6692334135216
nyc,2022,p90,M5_mlp,nao_se_aplica,369.965,359.46478942016245
nyc,2023,p90,M5_mlp,nao_se_aplica,361.55,345.3872832164168
nyc,2024,p90,M5_mlp,nao_se_aplica,353.02666666666664,375.07783533146016
rio,2023,p90,M5_mlp,nao_se_aplica,321.08,284.49592451257337
rio,2024,p90,M5_mlp,nao_se_aplica,316.3983333333333,341.64040034832794
rio,2025,p90,M5_mlp,nao_se_aplica,310.9,364.65067411856955
savannah,2011,p90,M5_mlp,nao_se_aplica,345.26166666666666,370.74045610114285
savannah,2012,p90,M5_mlp,nao_se_aplica,348.7,326.50876237734167
savannah,2013,p90,M5_mlp,nao_se_aplica,351.2233333333335,334.3237821117036
savannah,2014,p90,M5_mlp,nao_se_aplica,351.26666666666665,355.1174139027273
savannah,2015,p90,M5_mlp,nao_se_aplica,295.45,405.81560539192327
savannah,2016,p90,M5_mlp,nao_se_aplica,373.2,316.1128915128342
savannah,2017,p90,M5_mlp,nao_se_aplica,389.7633333333333,415.2234171111285
savannah,2018,p90,M5_mlp,nao_se_aplica,360.43,319.6204158610051
savannah,2019,p90,M5_mlp,nao_se_aplica,359.39,295.61868556702694
singapore,2014,p90,M5_mlp,nao_se_aplica,445.6666666666667,409.54482867758605
singapore,2015,p90,M5_mlp,nao_se_aplica,452.0266666666667,434.1381570797815
singapore,2016,p90,M5_mlp,nao_se_aplica,444.565,469.4001401345642
singapore,2017,p90,M5_mlp,nao_se_aplica,443.38666666666666,446.0510171773149
singapore,2018,p90,M5_mlp,nao_se_aplica,424.31666666666666,440.4212428189284
singapore,2019,p90,M5_mlp,nao_se_aplica,437.84,533.6247473369625
singapore,2022,p90,M5_mlp,nao_se_aplica,420.5,390.87730510264845
singapore,2023,p90,M5_mlp,nao_se_aplica,418.4266666666666,428.4477405566462
berlin,2005,p10,M2a_ridge_anom,mediana,199.36666666666667,200.50494879461988
berlin,2006,p10,M2a_ridge_anom,mediana,203.75333333333336,201.7085018269904
berlin,2007,p10,M2a_ridge_anom,mediana,197.9,196.78074812246652
berlin,2008,p10,M2a_ridge_anom,mediana,196.81833333333333,197.5233368352872
berlin,2009,p10,M2a_ridge_anom,mediana,200.6,200.9444049672734
berlin,2010,p10,M2a_ridge_anom,mediana,197.1,192.8952251021675
berlin,2011,p10,M2a_ridge_anom,mediana,198.0,199.62176856994552
berlin,2012,p10,M2a_ridge_anom,mediana,196.2333333333333,196.8682018419658
berlin,2013,p10,M2a_ridge_anom,mediana,195.5,197.51328978199825
berlin,2014,p10,M2a_ridge_anom,mediana,195.6833333333333,198.83167020052994
berlin,2015,p10,M2a_ridge_anom,mediana,193.76666666666668,198.1038583742728
berlin,2016,p10,M2a_ridge_anom,mediana,196.36666666666667,200.70531956879447
berlin,2017,p10,M2a_ridge_anom,mediana,196.56833333333333,199.01597258586838
berlin,2018,p10,M2a_ridge_anom,mediana,198.165,197.63706994901025
berlin,2019,p10,M2a_ridge_anom,mediana,192.83333333333331,195.69124075864505
boston,2005,p10,M2a_ridge_anom,mediana,194.045,189.37752594644644
boston,2006,p10,M2a_ridge_anom,mediana,188.60166666666663,187.4158383625229
boston,2007,p10,M2a_ridge_anom,mediana,191.035,185.26756196097026
boston,2008,p10,M2a_ridge_anom,mediana,188.58333333333331,188.5428495700364
boston,2009,p10,M2a_ridge_anom,mediana,187.4333333333333,186.49652290285812
boston,2010,p10,M2a_ridge_anom,mediana,187.58666666666667,185.69844025984727
boston,2011,p10,M2a_ridge_anom,mediana,186.8,187.93927141404578
boston,2012,p10,M2a_ridge_anom,mediana,203.03333333333333,191.28514183846056
boston,2013,p10,M2a_ridge_anom,mediana,181.22833333333327,188.48737879561466
boston,2014,p10,M2a_ridge_anom,mediana,184.78333333333333,189.69171836537726
boston,2015,p10,M2a_ridge_anom,mediana,180.06166666666667,183.62739227457809
boston,2016,p10,M2a_ridge_anom,mediana,188.6833333333333,188.7685051374043
boston,2017,p10,M2a_ridge_anom,mediana,189.18166666666667,189.5471918470256
boston,2018,p10,M2a_ridge_anom,mediana,185.35,169.6834627253644
boston,2019,p10,M2a_ridge_anom,mediana,180.2333333333333,187.61146706070846
chicago,2005,p10,M2a_ridge_anom,mediana,208.26666666666668,208.93291681563306
chicago,2006,p10,M2a_ridge_anom,mediana,204.55,203.0057798161775
chicago,2007,p10,M2a_ridge_anom,mediana,230.4833333333333,210.5454069468607
chicago,2008,p10,M2a_ridge_anom,mediana,219.47333333333333,212.61725935281103
chicago,2009,p10,M2a_ridge_anom,mediana,206.08,204.31382990227928
chicago,2010,p10,M2a_ridge_anom,mediana,214.95,212.12910950020583
chicago,2011,p10,M2a_ridge_anom,mediana,213.9833333333333,211.29600989597242
chicago,2012,p10,M2a_ridge_anom,mediana,208.13333333333333,203.8932030322509
chicago,2013,p10,M2a_ridge_anom,mediana,208.6,207.66440346288616
chicago,2014,p10,M2a_ridge_anom,mediana,206.61666666666667,207.73154617135756
chicago,2015,p10,M2a_ridge_anom,mediana,207.51666666666668,209.7099860981498
chicago,2016,p10,M2a_ridge_anom,mediana,207.08333333333331,208.7151205471446
chicago,2017,p10,M2a_ridge_anom,mediana,211.21666666666667,209.80088092984687
chicago,2018,p10,M2a_ridge_anom,mediana,204.05,204.04485538391984
chicago,2019,p10,M2a_ridge_anom,mediana,198.275,204.19581224696904
chicago,2022,p10,M2a_ridge_anom,mediana,197.0233333333333,208.67619843600983
chicago,2023,p10,M2a_ridge_anom,mediana,189.16666666666663,204.94050300910885
durban,2022,p10,M2a_ridge_anom,mediana,172.715,183.154890832696
durban,2024,p10,M2a_ridge_anom,mediana,178.435,182.3734734483805
durban,2025,p10,M2a_ridge_anom,mediana,190.19666666666663,175.1854539795096
honolulu,2005,p10,M2a_ridge_anom,mediana,244.23,257.9826100055968
honolulu,2006,p10,M2a_ridge_anom,mediana,248.12333333333336,257.9520423630758
honolulu,2007,p10,M2a_ridge_anom,mediana,250.9,256.26313001250793
honolulu,2008,p10,M2a_ridge_anom,mediana,250.04333333333332,254.31984213660326
honolulu,2009,p10,M2a_ridge_anom,mediana,247.7333333333333,257.429614996773
honolulu,2010,p10,M2a_ridge_anom,mediana,252.80666666666667,255.72672764939418
honolulu,2011,p10,M2a_ridge_anom,mediana,250.38666666666668,255.63742674998144
honolulu,2012,p10,M2a_ridge_anom,mediana,254.75,256.1721483105735
honolulu,2013,p10,M2a_ridge_anom,mediana,259.3333333333333,255.7276950274194
honolulu,2014,p10,M2a_ridge_anom,mediana,254.2,255.37956653919923
honolulu,2015,p10,M2a_ridge_anom,mediana,262.9,254.86451782232368
honolulu,2016,p10,M2a_ridge_anom,mediana,263.925,254.557285584214
honolulu,2017,p10,M2a_ridge_anom,mediana,260.9333333333333,254.76278711929834
honolulu,2018,p10,M2a_ridge_anom,mediana,265.81666666666666,254.35438882613678
honolulu,2019,p10,M2a_ridge_anom,mediana,266.63666666666666,254.02729946272356
long_beach,2010,p10,M2a_ridge_anom,mediana,222.5,220.73612221292257
long_beach,2011,p10,M2a_ridge_anom,mediana,224.55666666666667,221.56731567705444
long_beach,2012,p10,M2a_ridge_anom,mediana,228.29666666666668,221.8076438881571
long_beach,2013,p10,M2a_ridge_anom,mediana,217.44166666666663,221.56697630340472
long_beach,2014,p10,M2a_ridge_anom,mediana,222.60833333333332,221.63548830196314
long_beach,2015,p10,M2a_ridge_anom,mediana,233.96833333333333,223.7105852115569
long_beach,2016,p10,M2a_ridge_anom,mediana,216.85,223.94365520151246
long_beach,2017,p10,M2a_ridge_anom,mediana,220.58333333333331,222.1618041339436
long_beach,2018,p10,M2a_ridge_anom,mediana,220.70666666666668,222.0372947419928
long_beach,2019,p10,M2a_ridge_anom,mediana,216.04666666666665,221.39214084735517
maui,2010,p10,M2a_ridge_anom,mediana,232.64666666666668,235.58289176119055
maui,2011,p10,M2a_ridge_anom,mediana,233.88,235.794553253029
maui,2012,p10,M2a_ridge_anom,mediana,227.85666666666663,236.23046791493283
maui,2013,p10,M2a_ridge_anom,mediana,235.15,234.72448866849862
maui,2014,p10,M2a_ridge_anom,mediana,239.25666666666663,232.6046239850663
nyc,2005,p10,M2a_ridge_anom,mediana,217.06166666666667,211.6707001878883
nyc,2006,p10,M2a_ridge_anom,mediana,208.05,208.9230719624428
nyc,2007,p10,M2a_ridge_anom,mediana,208.8,208.79396037002277
nyc,2008,p10,M2a_ridge_anom,mediana,205.88333333333333,207.73217345722767
nyc,2009,p10,M2a_ridge_anom,mediana,206.47166666666664,209.90793733323625
nyc,2010,p10,M2a_ridge_anom,mediana,208.07333333333332,207.31508034367096
nyc,2011,p10,M2a_ridge_anom,mediana,207.0283333333333,208.32255036322775
nyc,2013,p10,M2a_ridge_anom,mediana,210.60666666666668,207.51955007640342
nyc,2014,p10,M2a_ridge_anom,mediana,213.27166666666668,205.7194266301857
nyc,2015,p10,M2a_ridge_anom,mediana,214.6,208.4765833856243
nyc,2016,p10,M2a_ridge_anom,mediana,213.21666666666667,208.61971741677604
nyc,2017,p10,M2a_ridge_anom,mediana,211.06666666666663,208.34314476372398
nyc,2018,p10,M2a_ridge_anom,mediana,209.68833333333333,207.60393961714678
nyc,2019,p10,M2a_ridge_anom,mediana,206.81666666666663,207.2131846571409
nyc,2022,p10,M2a_ridge_anom,mediana,218.76666666666668,209.8619426411393
nyc,2023,p10,M2a_ridge_anom,mediana,207.58333333333331,210.28677953337456
nyc,2024,p10,M2a_ridge_anom,mediana,201.9,207.51196115841145
rio,2023,p10,M2a_ridge_anom,mediana,203.44333333333333,203.02518626342535
rio,2024,p10,M2a_ridge_anom,mediana,201.26833333333332,203.58457210257342
rio,2025,p10,M2a_ridge_anom,mediana,204.92666666666668,201.88086116672434
savannah,2011,p10,M2a_ridge_anom,mediana,217.8583333333333,219.55383406311861
savannah,2012,p10,M2a_ridge_anom,mediana,218.7083333333333,221.64474359282482
savannah,2013,p10,M2a_ridge_anom,mediana,218.63,220.96268425798064
savannah,2014,p10,M2a_ridge_anom,mediana,219.40666666666667,220.10170833448592
savannah,2015,p10,M2a_ridge_anom,mediana,210.08333333333331,221.88104369604352
savannah,2016,p10,M2a_ridge_anom,mediana,226.24666666666667,219.83571732566637
savannah,2017,p10,M2a_ridge_anom,mediana,232.57666666666668,220.8774885979132
savannah,2018,p10,M2a_ridge_anom,mediana,216.58,219.3822647684395
savannah,2019,p10,M2a_ridge_anom,mediana,220.29666666666665,216.2191085232784
singapore,2014,p10,M2a_ridge_anom,mediana,268.43333333333334,261.4334286418067
singapore,2015,p10,M2a_ridge_anom,mediana,271.78000000000003,261.73415452268597
singapore,2016,p10,M2a_ridge_anom,mediana,262.2683333333333,262.6124589202242
singapore,2017,p10,M2a_ridge_anom,mediana,262.8066666666667,261.50958809496655
singapore,2018,p10,M2a_ridge_anom,mediana,259.71666666666664,261.7111156509258
singapore,2019,p10,M2a_ridge_anom,mediana,269.0566666666666,255.2987343428437
singapore,2022,p10,M2a_ridge_anom,mediana,238.2,263.03656759695764
singapore,2023,p10,M2a_ridge_anom,mediana,246.69666666666663,261.4743326569617
berlin,2005,p10,M4a_hist_gbm_anom,mediana,199.36666666666667,201.39973994362472
berlin,2006,p10,M4a_hist_gbm_anom,mediana,203.75333333333336,208.03917968442883
berlin,2007,p10,M4a_hist_gbm_anom,mediana,197.9,198.14783235198448
berlin,2008,p10,M4a_hist_gbm_anom,mediana,196.81833333333333,196.3650656052105
berlin,2009,p10,M4a_hist_gbm_anom,mediana,200.6,200.80196695582245
berlin,2010,p10,M4a_hist_gbm_anom,mediana,197.1,191.9873097608515
berlin,2011,p10,M4a_hist_gbm_anom,mediana,198.0,198.55396291116654
berlin,2012,p10,M4a_hist_gbm_anom,mediana,196.2333333333333,195.8383881583549
berlin,2013,p10,M4a_hist_gbm_anom,mediana,195.5,195.33608525080757
berlin,2014,p10,M4a_hist_gbm_anom,mediana,195.6833333333333,197.95174194236677
berlin,2015,p10,M4a_hist_gbm_anom,mediana,193.76666666666668,195.91394440953692
berlin,2016,p10,M4a_hist_gbm_anom,mediana,196.36666666666667,198.2752979834779
berlin,2017,p10,M4a_hist_gbm_anom,mediana,196.56833333333333,199.2605636955734
berlin,2018,p10,M4a_hist_gbm_anom,mediana,198.165,193.95192098790514
berlin,2019,p10,M4a_hist_gbm_anom,mediana,192.83333333333331,195.70549056910818
boston,2005,p10,M4a_hist_gbm_anom,mediana,194.045,187.98290909105012
boston,2006,p10,M4a_hist_gbm_anom,mediana,188.60166666666663,186.83848192930205
boston,2007,p10,M4a_hist_gbm_anom,mediana,191.035,186.9920108927077
boston,2008,p10,M4a_hist_gbm_anom,mediana,188.58333333333331,187.62624841638274
boston,2009,p10,M4a_hist_gbm_anom,mediana,187.4333333333333,184.5907400464064
boston,2010,p10,M4a_hist_gbm_anom,mediana,187.58666666666667,186.35995386726194
boston,2011,p10,M4a_hist_gbm_anom,mediana,186.8,187.66369667028437
boston,2012,p10,M4a_hist_gbm_anom,mediana,203.03333333333333,197.68147144238245
boston,2013,p10,M4a_hist_gbm_anom,mediana,181.22833333333327,189.1989578982185
boston,2014,p10,M4a_hist_gbm_anom,mediana,184.78333333333333,188.8455132186307
boston,2015,p10,M4a_hist_gbm_anom,mediana,180.06166666666667,185.33767094135695
boston,2016,p10,M4a_hist_gbm_anom,mediana,188.6833333333333,188.8906187674345
boston,2017,p10,M4a_hist_gbm_anom,mediana,189.18166666666667,189.40457212689194
boston,2018,p10,M4a_hist_gbm_anom,mediana,185.35,177.41310057116908
boston,2019,p10,M4a_hist_gbm_anom,mediana,180.2333333333333,183.51413240695925
chicago,2005,p10,M4a_hist_gbm_anom,mediana,208.26666666666668,206.25988243097933
chicago,2006,p10,M4a_hist_gbm_anom,mediana,204.55,207.26911546381427
chicago,2007,p10,M4a_hist_gbm_anom,mediana,230.4833333333333,216.70408939607472
chicago,2008,p10,M4a_hist_gbm_anom,mediana,219.47333333333333,212.5400389946747
chicago,2009,p10,M4a_hist_gbm_anom,mediana,206.08,207.1370823253963
chicago,2010,p10,M4a_hist_gbm_anom,mediana,214.95,216.62976939367695
chicago,2011,p10,M4a_hist_gbm_anom,mediana,213.9833333333333,212.8459074183438
chicago,2012,p10,M4a_hist_gbm_anom,mediana,208.13333333333333,204.13127328934326
chicago,2013,p10,M4a_hist_gbm_anom,mediana,208.6,207.00246908981075
chicago,2014,p10,M4a_hist_gbm_anom,mediana,206.61666666666667,206.88640876278595
chicago,2015,p10,M4a_hist_gbm_anom,mediana,207.51666666666668,207.00369040938438
chicago,2016,p10,M4a_hist_gbm_anom,mediana,207.08333333333331,207.3115081802256
chicago,2017,p10,M4a_hist_gbm_anom,mediana,211.21666666666667,211.37243270904415
chicago,2018,p10,M4a_hist_gbm_anom,mediana,204.05,206.26829743996367
chicago,2019,p10,M4a_hist_gbm_anom,mediana,198.275,203.30762280398793
chicago,2022,p10,M4a_hist_gbm_anom,mediana,197.0233333333333,204.61845473190377
chicago,2023,p10,M4a_hist_gbm_anom,mediana,189.16666666666663,201.99606230186754
durban,2022,p10,M4a_hist_gbm_anom,mediana,172.715,180.8012694855267
durban,2024,p10,M4a_hist_gbm_anom,mediana,178.435,183.3894255930985
durban,2025,p10,M4a_hist_gbm_anom,mediana,190.19666666666663,176.43885532377783
honolulu,2005,p10,M4a_hist_gbm_anom,mediana,244.23,255.31428281730877
honolulu,2006,p10,M4a_hist_gbm_anom,mediana,248.12333333333336,255.3356748853132
honolulu,2007,p10,M4a_hist_gbm_anom,mediana,250.9,254.65294201114858
honolulu,2008,p10,M4a_hist_gbm_anom,mediana,250.04333333333332,249.6541050729544
honolulu,2009,p10,M4a_hist_gbm_anom,mediana,247.7333333333333,262.652756432127
honolulu,2010,p10,M4a_hist_gbm_anom,mediana,252.80666666666667,252.1998978751055
honolulu,2011,p10,M4a_hist_gbm_anom,mediana,250.38666666666668,256.68675639679145
honolulu,2012,p10,M4a_hist_gbm_anom,mediana,254.75,255.40215220211888
honolulu,2013,p10,M4a_hist_gbm_anom,mediana,259.3333333333333,258.8957654376338
honolulu,2014,p10,M4a_hist_gbm_anom,mediana,254.2,255.73877388250636
honolulu,2015,p10,M4a_hist_gbm_anom,mediana,262.9,252.11916663390315
honolulu,2016,p10,M4a_hist_gbm_anom,mediana,263.925,258.3228932987124
honolulu,2017,p10,M4a_hist_gbm_anom,mediana,260.9333333333333,253.3256137905342
honolulu,2018,p10,M4a_hist_gbm_anom,mediana,265.81666666666666,258.37383878584353
honolulu,2019,p10,M4a_hist_gbm_anom,mediana,266.63666666666666,252.1942153918816
long_beach,2010,p10,M4a_hist_gbm_anom,mediana,222.5,223.12031991451127
long_beach,2011,p10,M4a_hist_gbm_anom,mediana,224.55666666666667,218.6513610972357
long_beach,2012,p10,M4a_hist_gbm_anom,mediana,228.29666666666668,221.0537868605255
long_beach,2013,p10,M4a_hist_gbm_anom,mediana,217.44166666666663,223.11246167124565
long_beach,2014,p10,M4a_hist_gbm_anom,mediana,222.60833333333332,223.21310139592094
long_beach,2015,p10,M4a_hist_gbm_anom,mediana,233.96833333333333,231.80224603969845
long_beach,2016,p10,M4a_hist_gbm_anom,mediana,216.85,225.05214069218476
long_beach,2017,p10,M4a_hist_gbm_anom,mediana,220.58333333333331,222.87230329261521
long_beach,2018,p10,M4a_hist_gbm_anom,mediana,220.70666666666668,219.9231089905097
long_beach,2019,p10,M4a_hist_gbm_anom,mediana,216.04666666666665,223.05333373916673
maui,2010,p10,M4a_hist_gbm_anom,mediana,232.64666666666668,236.83878359169412
maui,2011,p10,M4a_hist_gbm_anom,mediana,233.88,232.02125516338754
maui,2012,p10,M4a_hist_gbm_anom,mediana,227.85666666666663,234.14914426751756
maui,2013,p10,M4a_hist_gbm_anom,mediana,235.15,235.50095716595268
maui,2014,p10,M4a_hist_gbm_anom,mediana,239.25666666666663,238.89015666902932
nyc,2005,p10,M4a_hist_gbm_anom,mediana,217.06166666666667,209.8432531974111
nyc,2006,p10,M4a_hist_gbm_anom,mediana,208.05,206.54921198682382
nyc,2007,p10,M4a_hist_gbm_anom,mediana,208.8,209.51861617603672
nyc,2008,p10,M4a_hist_gbm_anom,mediana,205.88333333333333,207.634906292953
nyc,2009,p10,M4a_hist_gbm_anom,mediana,206.47166666666664,209.46598409667035
nyc,2010,p10,M4a_hist_gbm_anom,mediana,208.07333333333332,206.88661037985275
nyc,2011,p10,M4a_hist_gbm_anom,mediana,207.0283333333333,207.33124528341006
nyc,2013,p10,M4a_hist_gbm_anom,mediana,210.60666666666668,211.21463727011746
nyc,2014,p10,M4a_hist_gbm_anom,mediana,213.27166666666668,209.2733490610395
nyc,2015,p10,M4a_hist_gbm_anom,mediana,214.6,209.99938422667256
nyc,2016,p10,M4a_hist_gbm_anom,mediana,213.21666666666667,212.07647065979413
nyc,2017,p10,M4a_hist_gbm_anom,mediana,211.06666666666663,210.77741125021743
nyc,2018,p10,M4a_hist_gbm_anom,mediana,209.68833333333333,210.54544143384283
nyc,2019,p10,M4a_hist_gbm_anom,mediana,206.81666666666663,204.72164475392964
nyc,2022,p10,M4a_hist_gbm_anom,mediana,218.76666666666668,206.33234989010234
nyc,2023,p10,M4a_hist_gbm_anom,mediana,207.58333333333331,207.98308625119518
nyc,2024,p10,M4a_hist_gbm_anom,mediana,201.9,201.77348507063752
rio,2023,p10,M4a_hist_gbm_anom,mediana,203.44333333333333,203.08600016252305
rio,2024,p10,M4a_hist_gbm_anom,mediana,201.26833333333332,204.95126332063083
rio,2025,p10,M4a_hist_gbm_anom,mediana,204.92666666666668,202.15369602446523
savannah,2011,p10,M4a_hist_gbm_anom,mediana,217.8583333333333,221.6308278336409
savannah,2012,p10,M4a_hist_gbm_anom,mediana,218.7083333333333,220.79483317926662
savannah,2013,p10,M4a_hist_gbm_anom,mediana,218.63,219.19486892133185
savannah,2014,p10,M4a_hist_gbm_anom,mediana,219.40666666666667,221.45215003887506
savannah,2015,p10,M4a_hist_gbm_anom,mediana,210.08333333333331,225.94874175128987
savannah,2016,p10,M4a_hist_gbm_anom,mediana,226.24666666666667,219.3973501930756
savannah,2017,p10,M4a_hist_gbm_anom,mediana,232.57666666666668,220.04644564461503
savannah,2018,p10,M4a_hist_gbm_anom,mediana,216.58,217.82634659059127
savannah,2019,p10,M4a_hist_gbm_anom,mediana,220.29666666666665,218.1279139808786
singapore,2014,p10,M4a_hist_gbm_anom,mediana,268.43333333333334,265.45176817886596
singapore,2015,p10,M4a_hist_gbm_anom,mediana,271.78000000000003,263.5661783381326
singapore,2016,p10,M4a_hist_gbm_anom,mediana,262.2683333333333,259.49161576208525
singapore,2017,p10,M4a_hist_gbm_anom,mediana,262.8066666666667,260.2914340320445
singapore,2018,p10,M4a_hist_gbm_anom,mediana,259.71666666666664,264.7606651011
singapore,2019,p10,M4a_hist_gbm_anom,mediana,269.0566666666666,256.8153909213807
singapore,2022,p10,M4a_hist_gbm_anom,mediana,238.2,259.4523821169257
singapore,2023,p10,M4a_hist_gbm_anom,mediana,246.69666666666663,252.04672612020568
berlin,2005,p25,M2a_ridge_anom,mediana,221.7,222.96621461794038
berlin,2006,p25,M2a_ridge_anom,mediana,226.03333333333333,224.61940712602413
berlin,2007,p25,M2a_ridge_anom,mediana,218.9333333333333,218.21218799580274
berlin,2008,p25,M2a_ridge_anom,mediana,218.5,219.55820245777923
berlin,2009,p25,M2a_ridge_anom,mediana,223.4,223.98375623809108
berlin,2010,p25,M2a_ridge_anom,mediana,217.6833333333333,214.0712707075437
berlin,2011,p25,M2a_ridge_anom,mediana,219.83333333333331,222.3430857393451
berlin,2012,p25,M2a_ridge_anom,mediana,216.91666666666663,218.86170002293417
berlin,2013,p25,M2a_ridge_anom,mediana,216.56666666666663,219.25787872508099
berlin,2014,p25,M2a_ridge_anom,mediana,217.16666666666663,221.75906237433674
berlin,2015,p25,M2a_ridge_anom,mediana,215.96666666666667,220.06651174421117
berlin,2016,p25,M2a_ridge_anom,mediana,220.01666666666668,223.4888090297346
berlin,2017,p25,M2a_ridge_anom,mediana,219.85,220.7251678223684
berlin,2018,p25,M2a_ridge_anom,mediana,223.28333333333333,220.86632025709366
berlin,2019,p25,M2a_ridge_anom,mediana,217.38333333333333,217.4138635743199
boston,2005,p25,M2a_ridge_anom,mediana,211.6833333333333,207.65239897895597
boston,2006,p25,M2a_ridge_anom,mediana,205.53333333333333,204.75204083480511
boston,2007,p25,M2a_ridge_anom,mediana,208.35,202.19781500244537
boston,2008,p25,M2a_ridge_anom,mediana,205.58333333333331,206.87897432830397
boston,2009,p25,M2a_ridge_anom,mediana,204.58333333333331,203.86990458488086
boston,2010,p25,M2a_ridge_anom,mediana,204.74166666666667,203.3883683215472
boston,2011,p25,M2a_ridge_anom,mediana,204.1125,206.30214276895532
boston,2012,p25,M2a_ridge_anom,mediana,224.7,210.9989803236715
boston,2013,p25,M2a_ridge_anom,mediana,199.58333333333331,206.44192537965793
boston,2014,p25,M2a_ridge_anom,mediana,205.56666666666663,208.75593376831222
boston,2015,p25,M2a_ridge_anom,mediana,198.63333333333333,201.08185083573136
boston,2016,p25,M2a_ridge_anom,mediana,206.4333333333333,207.4751463019879
boston,2017,p25,M2a_ridge_anom,mediana,208.31666666666663,208.581602972091
boston,2018,p25,M2a_ridge_anom,mediana,204.77916666666667,188.16048454292115
boston,2019,p25,M2a_ridge_anom,mediana,200.4333333333333,207.0654845647073
chicago,2005,p25,M2a_ridge_anom,mediana,231.3625,234.29837532034296
chicago,2006,p25,M2a_ridge_anom,mediana,229.29583333333332,225.4831745872594
chicago,2007,p25,M2a_ridge_anom,mediana,260.05,237.9970106756418
chicago,2008,p25,M2a_ridge_anom,mediana,248.3,239.93403312752056
chicago,2009,p25,M2a_ridge_anom,mediana,230.58333333333331,228.64550217977717
chicago,2010,p25,M2a_ridge_anom,mediana,243.81666666666663,239.74998968824642
chicago,2011,p25,M2a_ridge_anom,mediana,240.81666666666663,238.78836440832174
chicago,2012,p25,M2a_ridge_anom,mediana,232.88333333333333,228.94973371152992
chicago,2013,p25,M2a_ridge_anom,mediana,233.81666666666663,233.7009728005711
chicago,2014,p25,M2a_ridge_anom,mediana,232.71666666666667,233.9214210251837
chicago,2015,p25,M2a_ridge_anom,mediana,234.21666666666667,236.77901586740424
chicago,2016,p25,M2a_ridge_anom,mediana,232.76666666666668,234.6071052094478
chicago,2017,p25,M2a_ridge_anom,mediana,240.35,237.41886977363362
chicago,2018,p25,M2a_ridge_anom,mediana,230.61666666666667,229.16480780288785
chicago,2019,p25,M2a_ridge_anom,mediana,225.61666666666667,229.3894243816765
chicago,2022,p25,M2a_ridge_anom,mediana,223.9,235.53970831192572
chicago,2023,p25,M2a_ridge_anom,mediana,215.2,230.78605555405142
durban,2022,p25,M2a_ridge_anom,mediana,200.7625,215.03831876039234
durban,2024,p25,M2a_ridge_anom,mediana,210.94166666666663,211.6100968365207
durban,2025,p25,M2a_ridge_anom,mediana,220.0583333333333,205.95900467809713
honolulu,2005,p25,M2a_ridge_anom,mediana,284.68333333333334,299.77677727487537
honolulu,2006,p25,M2a_ridge_anom,mediana,287.4166666666667,299.5526444513008
honolulu,2007,p25,M2a_ridge_anom,mediana,292.3833333333333,298.4211102375734
honolulu,2008,p25,M2a_ridge_anom,mediana,289.68333333333334,296.4438526180884
honolulu,2009,p25,M2a_ridge_anom,mediana,288.65,299.60169330862226
honolulu,2010,p25,M2a_ridge_anom,mediana,294.3416666666667,297.5687389894396
honolulu,2011,p25,M2a_ridge_anom,mediana,290.3416666666667,296.7545278006512
honolulu,2012,p25,M2a_ridge_anom,mediana,294.62916666666666,298.2772945954572
honolulu,2013,p25,M2a_ridge_anom,mediana,306.51666666666665,298.2344226120448
honolulu,2014,p25,M2a_ridge_anom,mediana,294.375,296.55185552642746
honolulu,2015,p25,M2a_ridge_anom,mediana,309.4166666666667,297.4122457558914
honolulu,2016,p25,M2a_ridge_anom,mediana,310.7625,296.9073955526109
honolulu,2017,p25,M2a_ridge_anom,mediana,306.2333333333333,296.45828608533526
honolulu,2018,p25,M2a_ridge_anom,mediana,309.4583333333333,295.5269329080392
honolulu,2019,p25,M2a_ridge_anom,mediana,316.0,296.55022232832897
long_beach,2010,p25,M2a_ridge_anom,mediana,250.075,249.823836174437
long_beach,2011,p25,M2a_ridge_anom,mediana,253.59166666666667,251.2271601737108
long_beach,2012,p25,M2a_ridge_anom,mediana,262.8125,251.33531689738672
long_beach,2013,p25,M2a_ridge_anom,mediana,242.2458333333333,249.773055590498
long_beach,2014,p25,M2a_ridge_anom,mediana,248.625,251.6248276223215
long_beach,2015,p25,M2a_ridge_anom,mediana,270.8958333333333,254.3384149934704
long_beach,2016,p25,M2a_ridge_anom,mediana,245.71666666666667,252.93072385810933
long_beach,2017,p25,M2a_ridge_anom,mediana,249.88333333333333,250.50640299680256
long_beach,2018,p25,M2a_ridge_anom,mediana,249.75,250.37097201978966
long_beach,2019,p25,M2a_ridge_anom,mediana,245.15833333333333,249.5775661482401
maui,2010,p25,M2a_ridge_anom,mediana,266.32916666666665,269.34603778224505
maui,2011,p25,M2a_ridge_anom,mediana,262.93333333333334,272.4238406727353
maui,2012,p25,M2a_ridge_anom,mediana,262.2333333333333,271.9310794685548
maui,2013,p25,M2a_ridge_anom,mediana,272.825,267.29098324755256
maui,2014,p25,M2a_ridge_anom,mediana,275.31666666666666,264.5729665403382
nyc,2005,p25,M2a_ridge_anom,mediana,243.9375,237.55439870683938
nyc,2006,p25,M2a_ridge_anom,mediana,232.53333333333333,234.04669511833288
nyc,2007,p25,M2a_ridge_anom,mediana,233.6833333333333,234.25236755743222
nyc,2008,p25,M2a_ridge_anom,mediana,229.53333333333333,232.66182456599924
nyc,2009,p25,M2a_ridge_anom,mediana,229.88333333333333,235.230254251132
nyc,2010,p25,M2a_ridge_anom,mediana,231.7083333333333,232.27978297659016
nyc,2011,p25,M2a_ridge_anom,mediana,231.85,234.28193741472128
nyc,2013,p25,M2a_ridge_anom,mediana,233.6,233.01241342653998
nyc,2014,p25,M2a_ridge_anom,mediana,236.75,229.96108707697954
nyc,2015,p25,M2a_ridge_anom,mediana,239.81666666666663,235.04170952344958
nyc,2016,p25,M2a_ridge_anom,mediana,238.89166666666665,233.97365447455618
nyc,2017,p25,M2a_ridge_anom,mediana,237.1833333333333,234.5405674512698
nyc,2018,p25,M2a_ridge_anom,mediana,237.16666666666663,233.83192223442975
nyc,2019,p25,M2a_ridge_anom,mediana,234.6833333333333,233.0477367012907
nyc,2022,p25,M2a_ridge_anom,mediana,247.9958333333333,237.62030524559103
nyc,2023,p25,M2a_ridge_anom,mediana,235.91666666666663,236.8423989833225
nyc,2024,p25,M2a_ridge_anom,mediana,228.86666666666667,234.01578505901952
rio,2023,p25,M2a_ridge_anom,mediana,226.96666666666667,226.41866229669768
rio,2024,p25,M2a_ridge_anom,mediana,224.7375,227.21976846371928
rio,2025,p25,M2a_ridge_anom,mediana,226.16666666666663,226.7577399273166
savannah,2011,p25,M2a_ridge_anom,mediana,239.45,241.75418275317503
savannah,2012,p25,M2a_ridge_anom,mediana,242.21666666666667,245.4145134891784
savannah,2013,p25,M2a_ridge_anom,mediana,241.7083333333333,244.6880427524583
savannah,2014,p25,M2a_ridge_anom,mediana,240.8958333333333,244.1557557246834
savannah,2015,p25,M2a_ridge_anom,mediana,229.2125,246.23639006034722
savannah,2016,p25,M2a_ridge_anom,mediana,251.58333333333331,242.75944597871114
savannah,2017,p25,M2a_ridge_anom,mediana,259.45,245.87909029158155
savannah,2018,p25,M2a_ridge_anom,mediana,241.53333333333333,242.55173436084317
savannah,2019,p25,M2a_ridge_anom,mediana,243.03333333333333,239.54219361322149
singapore,2014,p25,M2a_ridge_anom,mediana,310.0833333333333,303.3838645518128
singapore,2015,p25,M2a_ridge_anom,mediana,311.26666666666665,303.85156337866454
singapore,2016,p25,M2a_ridge_anom,mediana,304.30833333333334,306.04372921725127
singapore,2017,p25,M2a_ridge_anom,mediana,307.3666666666667,303.5951659454012
singapore,2018,p25,M2a_ridge_anom,mediana,302.93333333333334,304.9168522458545
singapore,2019,p25,M2a_ridge_anom,mediana,310.01666666666665,300.9931138366992
singapore,2022,p25,M2a_ridge_anom,mediana,278.3666666666667,306.4150581238422
singapore,2023,p25,M2a_ridge_anom,mediana,283.325,305.4569253191514
berlin,2005,p25,M4a_hist_gbm_anom,mediana,221.7,222.69196514530074
berlin,2006,p25,M4a_hist_gbm_anom,mediana,226.03333333333333,229.7836174414148
berlin,2007,p25,M4a_hist_gbm_anom,mediana,218.9333333333333,221.3640192115168
berlin,2008,p25,M4a_hist_gbm_anom,mediana,218.5,217.40457510152925
berlin,2009,p25,M4a_hist_gbm_anom,mediana,223.4,221.2585900446796
berlin,2010,p25,M4a_hist_gbm_anom,mediana,217.6833333333333,212.56928881561785
berlin,2011,p25,M4a_hist_gbm_anom,mediana,219.83333333333331,219.9657590200864
berlin,2012,p25,M4a_hist_gbm_anom,mediana,216.91666666666663,217.57764555165826
berlin,2013,p25,M4a_hist_gbm_anom,mediana,216.56666666666663,217.23966947674154
berlin,2014,p25,M4a_hist_gbm_anom,mediana,217.16666666666663,220.6226084406391
berlin,2015,p25,M4a_hist_gbm_anom,mediana,215.96666666666667,218.32041216120464
berlin,2016,p25,M4a_hist_gbm_anom,mediana,220.01666666666668,220.22245526466583
berlin,2017,p25,M4a_hist_gbm_anom,mediana,219.85,220.6144368208837
berlin,2018,p25,M4a_hist_gbm_anom,mediana,223.28333333333333,215.95335053191218
berlin,2019,p25,M4a_hist_gbm_anom,mediana,217.38333333333333,216.72237895873022
boston,2005,p25,M4a_hist_gbm_anom,mediana,211.6833333333333,205.35406021110566
boston,2006,p25,M4a_hist_gbm_anom,mediana,205.53333333333333,202.51560422794105
boston,2007,p25,M4a_hist_gbm_anom,mediana,208.35,203.78214082393896
boston,2008,p25,M4a_hist_gbm_anom,mediana,205.58333333333331,204.28038112249882
boston,2009,p25,M4a_hist_gbm_anom,mediana,204.58333333333331,202.63364300469223
boston,2010,p25,M4a_hist_gbm_anom,mediana,204.74166666666667,204.46593617524084
boston,2011,p25,M4a_hist_gbm_anom,mediana,204.1125,205.1716810737466
boston,2012,p25,M4a_hist_gbm_anom,mediana,224.7,220.46668888764566
boston,2013,p25,M4a_hist_gbm_anom,mediana,199.58333333333331,205.75497465603604
boston,2014,p25,M4a_hist_gbm_anom,mediana,205.56666666666663,206.8020437589995
boston,2015,p25,M4a_hist_gbm_anom,mediana,198.63333333333333,202.79806114742252
boston,2016,p25,M4a_hist_gbm_anom,mediana,206.4333333333333,206.50876545642836
boston,2017,p25,M4a_hist_gbm_anom,mediana,208.31666666666663,211.65289518324832
boston,2018,p25,M4a_hist_gbm_anom,mediana,204.77916666666667,196.5896928654614
boston,2019,p25,M4a_hist_gbm_anom,mediana,200.4333333333333,203.30384387674917
chicago,2005,p25,M4a_hist_gbm_anom,mediana,231.3625,231.25824315055172
chicago,2006,p25,M4a_hist_gbm_anom,mediana,229.29583333333332,231.36376034083563
chicago,2007,p25,M4a_hist_gbm_anom,mediana,260.05,251.60841580374873
chicago,2008,p25,M4a_hist_gbm_anom,mediana,248.3,241.84411610126944
chicago,2009,p25,M4a_hist_gbm_anom,mediana,230.58333333333331,230.11167554564832
chicago,2010,p25,M4a_hist_gbm_anom,mediana,243.81666666666663,241.90393218455986
chicago,2011,p25,M4a_hist_gbm_anom,mediana,240.81666666666663,237.51088015603455
chicago,2012,p25,M4a_hist_gbm_anom,mediana,232.88333333333333,228.93272393276314
chicago,2013,p25,M4a_hist_gbm_anom,mediana,233.81666666666663,232.89314616488153
chicago,2014,p25,M4a_hist_gbm_anom,mediana,232.71666666666667,233.1595318005146
chicago,2015,p25,M4a_hist_gbm_anom,mediana,234.21666666666667,233.28229770054014
chicago,2016,p25,M4a_hist_gbm_anom,mediana,232.76666666666668,232.39526192128505
chicago,2017,p25,M4a_hist_gbm_anom,mediana,240.35,238.00465003071332
chicago,2018,p25,M4a_hist_gbm_anom,mediana,230.61666666666667,233.21547475656553
chicago,2019,p25,M4a_hist_gbm_anom,mediana,225.61666666666667,227.45389564882242
chicago,2022,p25,M4a_hist_gbm_anom,mediana,223.9,233.7235956435258
chicago,2023,p25,M4a_hist_gbm_anom,mediana,215.2,229.10946332448972
durban,2022,p25,M4a_hist_gbm_anom,mediana,200.7625,211.39573118957128
durban,2024,p25,M4a_hist_gbm_anom,mediana,210.94166666666663,211.856957055333
durban,2025,p25,M4a_hist_gbm_anom,mediana,220.0583333333333,206.5954776247743
honolulu,2005,p25,M4a_hist_gbm_anom,mediana,284.68333333333334,296.1488813111817
honolulu,2006,p25,M4a_hist_gbm_anom,mediana,287.4166666666667,296.1427594007684
honolulu,2007,p25,M4a_hist_gbm_anom,mediana,292.3833333333333,304.29100486749724
honolulu,2008,p25,M4a_hist_gbm_anom,mediana,289.68333333333334,298.39945455179594
honolulu,2009,p25,M4a_hist_gbm_anom,mediana,288.65,305.04177681781084
honolulu,2010,p25,M4a_hist_gbm_anom,mediana,294.3416666666667,293.4559008866707
honolulu,2011,p25,M4a_hist_gbm_anom,mediana,290.3416666666667,296.8760335080835
honolulu,2012,p25,M4a_hist_gbm_anom,mediana,294.62916666666666,296.3396409538142
honolulu,2013,p25,M4a_hist_gbm_anom,mediana,306.51666666666665,307.7205120771346
honolulu,2014,p25,M4a_hist_gbm_anom,mediana,294.375,296.66907793932353
honolulu,2015,p25,M4a_hist_gbm_anom,mediana,309.4166666666667,293.6239277586144
honolulu,2016,p25,M4a_hist_gbm_anom,mediana,310.7625,301.6024943294141
honolulu,2017,p25,M4a_hist_gbm_anom,mediana,306.2333333333333,292.5680479864887
honolulu,2018,p25,M4a_hist_gbm_anom,mediana,309.4583333333333,300.98853164441493
honolulu,2019,p25,M4a_hist_gbm_anom,mediana,316.0,294.5563773999615
long_beach,2010,p25,M4a_hist_gbm_anom,mediana,250.075,246.39206980391512
long_beach,2011,p25,M4a_hist_gbm_anom,mediana,253.59166666666667,247.23400955835345
long_beach,2012,p25,M4a_hist_gbm_anom,mediana,262.8125,248.8155956468092
long_beach,2013,p25,M4a_hist_gbm_anom,mediana,242.2458333333333,252.67160459245864
long_beach,2014,p25,M4a_hist_gbm_anom,mediana,248.625,252.50314343831585
long_beach,2015,p25,M4a_hist_gbm_anom,mediana,270.8958333333333,263.8464981200672
long_beach,2016,p25,M4a_hist_gbm_anom,mediana,245.71666666666667,257.87252204167754
long_beach,2017,p25,M4a_hist_gbm_anom,mediana,249.88333333333333,250.8404363873274
long_beach,2018,p25,M4a_hist_gbm_anom,mediana,249.75,247.35443255469184
long_beach,2019,p25,M4a_hist_gbm_anom,mediana,245.15833333333333,249.7223412527862
maui,2010,p25,M4a_hist_gbm_anom,mediana,266.32916666666665,266.7832795787642
maui,2011,p25,M4a_hist_gbm_anom,mediana,262.93333333333334,267.423426731517
maui,2012,p25,M4a_hist_gbm_anom,mediana,262.2333333333333,266.7569232327516
maui,2013,p25,M4a_hist_gbm_anom,mediana,272.825,269.62977946443124
maui,2014,p25,M4a_hist_gbm_anom,mediana,275.31666666666666,270.5315518297991
nyc,2005,p25,M4a_hist_gbm_anom,mediana,243.9375,234.89008336012785
nyc,2006,p25,M4a_hist_gbm_anom,mediana,232.53333333333333,231.36269448906154
nyc,2007,p25,M4a_hist_gbm_anom,mediana,233.6833333333333,233.91164790128076
nyc,2008,p25,M4a_hist_gbm_anom,mediana,229.53333333333333,232.5113813484274
nyc,2009,p25,M4a_hist_gbm_anom,mediana,229.88333333333333,234.1099920241839
nyc,2010,p25,M4a_hist_gbm_anom,mediana,231.7083333333333,231.1480873748251
nyc,2011,p25,M4a_hist_gbm_anom,mediana,231.85,232.88500213027788
nyc,2013,p25,M4a_hist_gbm_anom,mediana,233.6,234.2170246206381
nyc,2014,p25,M4a_hist_gbm_anom,mediana,236.75,234.28746599672658
nyc,2015,p25,M4a_hist_gbm_anom,mediana,239.81666666666663,234.43132087485472
nyc,2016,p25,M4a_hist_gbm_anom,mediana,238.89166666666665,236.03087601716936
nyc,2017,p25,M4a_hist_gbm_anom,mediana,237.1833333333333,237.91849070719624
nyc,2018,p25,M4a_hist_gbm_anom,mediana,237.16666666666663,235.82276021568703
nyc,2019,p25,M4a_hist_gbm_anom,mediana,234.6833333333333,228.8724007843663
nyc,2022,p25,M4a_hist_gbm_anom,mediana,247.9958333333333,225.1744640668176
nyc,2023,p25,M4a_hist_gbm_anom,mediana,235.91666666666663,235.42144981423652
nyc,2024,p25,M4a_hist_gbm_anom,mediana,228.86666666666667,232.57313667654452
rio,2023,p25,M4a_hist_gbm_anom,mediana,226.96666666666667,226.88986349799237
rio,2024,p25,M4a_hist_gbm_anom,mediana,224.7375,227.9327062449261
rio,2025,p25,M4a_hist_gbm_anom,mediana,226.16666666666663,230.8593277676629
savannah,2011,p25,M4a_hist_gbm_anom,mediana,239.45,243.20996714167362
savannah,2012,p25,M4a_hist_gbm_anom,mediana,242.21666666666667,244.7300311877373
savannah,2013,p25,M4a_hist_gbm_anom,mediana,241.7083333333333,242.3393351464465
savannah,2014,p25,M4a_hist_gbm_anom,mediana,240.8958333333333,243.37554255643278
savannah,2015,p25,M4a_hist_gbm_anom,mediana,229.2125,260.14759340341413
savannah,2016,p25,M4a_hist_gbm_anom,mediana,251.58333333333331,242.909949586133
savannah,2017,p25,M4a_hist_gbm_anom,mediana,259.45,243.41328906694284
savannah,2018,p25,M4a_hist_gbm_anom,mediana,241.53333333333333,239.5515011588756
savannah,2019,p25,M4a_hist_gbm_anom,mediana,243.03333333333333,241.77142224673435
singapore,2014,p25,M4a_hist_gbm_anom,mediana,310.0833333333333,306.2340149510983
singapore,2015,p25,M4a_hist_gbm_anom,mediana,311.26666666666665,306.1120773290921
singapore,2016,p25,M4a_hist_gbm_anom,mediana,304.30833333333334,303.36639709880313
singapore,2017,p25,M4a_hist_gbm_anom,mediana,307.3666666666667,300.74208923323255
singapore,2018,p25,M4a_hist_gbm_anom,mediana,302.93333333333334,308.1852576671404
singapore,2019,p25,M4a_hist_gbm_anom,mediana,310.01666666666665,301.1534461645508
singapore,2022,p25,M4a_hist_gbm_anom,mediana,278.3666666666667,299.54235706148773
singapore,2023,p25,M4a_hist_gbm_anom,mediana,283.325,298.59727073812377
berlin,2005,p50,M2a_ridge_anom,mediana,248.08333333333331,248.3489292233197
berlin,2006,p50,M2a_ridge_anom,mediana,253.51666666666668,250.91474399136987
berlin,2007,p50,M2a_ridge_anom,mediana,242.25,242.8908715606758
berlin,2008,p50,M2a_ridge_anom,mediana,242.36666666666667,244.601590390867
berlin,2009,p50,M2a_ridge_anom,mediana,250.11666666666667,250.2879151962802
berlin,2010,p50,M2a_ridge_anom,mediana,241.05,238.3187690835941
berlin,2011,p50,M2a_ridge_anom,mediana,245.26666666666668,248.35334265425345
berlin,2012,p50,M2a_ridge_anom,mediana,241.06666666666663,244.18047054526645
berlin,2013,p50,M2a_ridge_anom,mediana,239.6833333333333,244.05111949125592
berlin,2014,p50,M2a_ridge_anom,mediana,241.9333333333333,248.27730727072597
berlin,2015,p50,M2a_ridge_anom,mediana,241.3083333333333,245.15841791907195
berlin,2016,p50,M2a_ridge_anom,mediana,247.2333333333333,249.89597520000464
berlin,2017,p50,M2a_ridge_anom,mediana,247.2,245.30109049058308
berlin,2018,p50,M2a_ridge_anom,mediana,253.45,248.04565265505116
berlin,2019,p50,M2a_ridge_anom,mediana,244.61666666666667,242.31981744877373
boston,2005,p50,M2a_ridge_anom,mediana,233.05,228.9666087555874
boston,2006,p50,M2a_ridge_anom,mediana,224.78333333333333,225.36895365964784
boston,2007,p50,M2a_ridge_anom,mediana,228.66666666666663,221.88367633190387
boston,2008,p50,M2a_ridge_anom,mediana,226.21666666666667,228.20643002265678
boston,2009,p50,M2a_ridge_anom,mediana,224.08333333333331,224.41419811699828
boston,2010,p50,M2a_ridge_anom,mediana,224.28333333333333,225.24794030198936
boston,2011,p50,M2a_ridge_anom,mediana,224.9833333333333,228.19499581849252
boston,2012,p50,M2a_ridge_anom,mediana,251.06666666666663,234.51522538805008
boston,2013,p50,M2a_ridge_anom,mediana,220.88333333333333,227.41983022696692
boston,2014,p50,M2a_ridge_anom,mediana,232.2333333333333,231.2520815414086
boston,2015,p50,M2a_ridge_anom,mediana,219.66666666666663,222.69340157320616
boston,2016,p50,M2a_ridge_anom,mediana,228.08333333333331,229.7012362265339
boston,2017,p50,M2a_ridge_anom,mediana,231.65833333333333,231.55716576966455
boston,2018,p50,M2a_ridge_anom,mediana,228.6,211.2179670064311
boston,2019,p50,M2a_ridge_anom,mediana,225.575,230.81241507155295
chicago,2005,p50,M2a_ridge_anom,mediana,262.85,267.59092101220745
chicago,2006,p50,M2a_ridge_anom,mediana,261.05,256.0670744071609
chicago,2007,p50,M2a_ridge_anom,mediana,295.01666666666665,274.6297127951475
chicago,2008,p50,M2a_ridge_anom,mediana,283.7,276.1937560048369
chicago,2009,p50,M2a_ridge_anom,mediana,263.43333333333334,261.3821219776545
chicago,2010,p50,M2a_ridge_anom,mediana,280.64166666666665,276.740351804196
chicago,2011,p50,M2a_ridge_anom,mediana,277.875,275.3499751796612
chicago,2012,p50,M2a_ridge_anom,mediana,267.4,262.79401946555714
chicago,2013,p50,M2a_ridge_anom,mediana,267.43333333333334,268.70158976418355
chicago,2014,p50,M2a_ridge_anom,mediana,267.4166666666667,269.3348041978735
chicago,2015,p50,M2a_ridge_anom,mediana,270.75,273.47836980332283
chicago,2016,p50,M2a_ridge_anom,mediana,268.3833333333333,269.6621608325971
chicago,2017,p50,M2a_ridge_anom,mediana,282.71666666666664,274.2509845594019
chicago,2018,p50,M2a_ridge_anom,mediana,267.4833333333333,264.15323253744515
chicago,2019,p50,M2a_ridge_anom,mediana,262.1083333333333,264.36379249399744
chicago,2022,p50,M2a_ridge_anom,mediana,261.76666666666665,272.1369134991147
chicago,2023,p50,M2a_ridge_anom,mediana,251.6833333333333,266.8412675341259
durban,2022,p50,M2a_ridge_anom,mediana,237.78333333333333,250.46744389823388
durban,2024,p50,M2a_ridge_anom,mediana,247.49166666666667,247.15701649530862
durban,2025,p50,M2a_ridge_anom,mediana,252.2083333333333,243.98255569527842
honolulu,2005,p50,M2a_ridge_anom,mediana,339.4833333333333,357.65449535122093
honolulu,2006,p50,M2a_ridge_anom,mediana,343.6166666666667,357.83472169299375
honolulu,2007,p50,M2a_ridge_anom,mediana,350.06666666666666,356.6490739218573
honolulu,2008,p50,M2a_ridge_anom,mediana,346.45,354.964939476734
honolulu,2009,p50,M2a_ridge_anom,mediana,344.7333333333333,358.68915494457843
honolulu,2010,p50,M2a_ridge_anom,mediana,350.8666666666667,355.4760585463309
honolulu,2011,p50,M2a_ridge_anom,mediana,346.6,354.69602443955216
honolulu,2012,p50,M2a_ridge_anom,mediana,348.8,356.9256296595921
honolulu,2013,p50,M2a_ridge_anom,mediana,367.55,356.6324148015158
honolulu,2014,p50,M2a_ridge_anom,mediana,351.96666666666664,353.8481235812585
honolulu,2015,p50,M2a_ridge_anom,mediana,372.05,355.8278517739462
honolulu,2016,p50,M2a_ridge_anom,mediana,374.9583333333333,355.0195115456831
honolulu,2017,p50,M2a_ridge_anom,mediana,369.35833333333335,354.10064089226915
honolulu,2018,p50,M2a_ridge_anom,mediana,375.26666666666665,352.88963038326835
honolulu,2019,p50,M2a_ridge_anom,mediana,381.78333333333336,355.00914910079473
long_beach,2010,p50,M2a_ridge_anom,mediana,288.5083333333333,288.4969020940339
long_beach,2011,p50,M2a_ridge_anom,mediana,297.1,290.4063045966439
long_beach,2012,p50,M2a_ridge_anom,mediana,309.46666666666664,290.7197311519699
long_beach,2013,p50,M2a_ridge_anom,mediana,279.81666666666666,288.8224657393258
long_beach,2014,p50,M2a_ridge_anom,mediana,285.19166666666666,291.5872070892294
long_beach,2015,p50,M2a_ridge_anom,mediana,315.2583333333333,295.08398715694796
long_beach,2016,p50,M2a_ridge_anom,mediana,288.3833333333333,293.1724568976011
long_beach,2017,p50,M2a_ridge_anom,mediana,288.4,290.5229340254508
long_beach,2018,p50,M2a_ridge_anom,mediana,289.78333333333336,290.07597436053743
long_beach,2019,p50,M2a_ridge_anom,mediana,283.95,289.24259859210815
maui,2010,p50,M2a_ridge_anom,mediana,307.475,312.28588199553485
maui,2011,p50,M2a_ridge_anom,mediana,301.18333333333334,316.1417116073594
maui,2012,p50,M2a_ridge_anom,mediana,305.75,315.6930835140036
maui,2013,p50,M2a_ridge_anom,mediana,317.25,309.74731501188205
maui,2014,p50,M2a_ridge_anom,mediana,320.56666666666666,306.41204141810084
nyc,2005,p50,M2a_ridge_anom,mediana,278.55,268.70567737916053
nyc,2006,p50,M2a_ridge_anom,mediana,262.28333333333336,265.5020781138056
nyc,2007,p50,M2a_ridge_anom,mediana,263.65,266.3682052811417
nyc,2008,p50,M2a_ridge_anom,mediana,259.25,264.03956518296377
nyc,2009,p50,M2a_ridge_anom,mediana,259.05,266.92829180937446
nyc,2010,p50,M2a_ridge_anom,mediana,261.3333333333333,263.7485511648227
nyc,2011,p50,M2a_ridge_anom,mediana,262.71666666666664,266.9967722022424
nyc,2013,p50,M2a_ridge_anom,mediana,262.3333333333333,264.5855633372506
nyc,2014,p50,M2a_ridge_anom,mediana,267.8666666666667,260.14968969834723
nyc,2015,p50,M2a_ridge_anom,mediana,273.1333333333333,267.8411018249074
nyc,2016,p50,M2a_ridge_anom,mediana,271.46666666666664,265.63790967252453
nyc,2017,p50,M2a_ridge_anom,mediana,270.45,266.8115175018683
nyc,2018,p50,M2a_ridge_anom,mediana,272.03333333333336,266.4205581925649
nyc,2019,p50,M2a_ridge_anom,mediana,269.2,265.09600367801346
nyc,2022,p50,M2a_ridge_anom,mediana,284.75,272.10619287698376
nyc,2023,p50,M2a_ridge_anom,mediana,272.78333333333336,270.18866309592056
nyc,2024,p50,M2a_ridge_anom,mediana,263.55,267.89862479074327
rio,2023,p50,M2a_ridge_anom,mediana,254.5833333333333,253.8522175139149
rio,2024,p50,M2a_ridge_anom,mediana,251.4833333333333,255.4077673263218
rio,2025,p50,M2a_ridge_anom,mediana,250.35,256.3408996412381
savannah,2011,p50,M2a_ridge_anom,mediana,270.125,276.5100932065846
savannah,2012,p50,M2a_ridge_anom,mediana,277.6166666666667,281.09604964762644
savannah,2013,p50,M2a_ridge_anom,mediana,274.3833333333333,281.3166314108046
savannah,2014,p50,M2a_ridge_anom,mediana,274.71666666666664,280.5586426565904
savannah,2015,p50,M2a_ridge_anom,mediana,249.3083333333333,284.24103758698743
savannah,2016,p50,M2a_ridge_anom,mediana,286.6166666666667,277.3936831796367
savannah,2017,p50,M2a_ridge_anom,mediana,300.45,282.3256432193429
savannah,2018,p50,M2a_ridge_anom,mediana,280.96666666666664,276.85999759720175
savannah,2019,p50,M2a_ridge_anom,mediana,279.2,274.96580388358393
singapore,2014,p50,M2a_ridge_anom,mediana,358.0,352.5916817988356
singapore,2015,p50,M2a_ridge_anom,mediana,360.81666666666666,352.8346509400141
singapore,2016,p50,M2a_ridge_anom,mediana,354.1333333333333,354.73227088197024
singapore,2017,p50,M2a_ridge_anom,mediana,355.3666666666667,353.37077387706387
singapore,2018,p50,M2a_ridge_anom,mediana,353.56666666666666,353.5705573291175
singapore,2019,p50,M2a_ridge_anom,mediana,358.06666666666666,352.9417286243373
singapore,2022,p50,M2a_ridge_anom,mediana,327.65,355.41791263456054
singapore,2023,p50,M2a_ridge_anom,mediana,329.53333333333336,355.1235748054714
berlin,2005,p50,M4a_hist_gbm_anom,mediana,248.08333333333331,246.4194648507185
berlin,2006,p50,M4a_hist_gbm_anom,mediana,253.51666666666668,257.9843959035358
berlin,2007,p50,M4a_hist_gbm_anom,mediana,242.25,245.32759874374457
berlin,2008,p50,M4a_hist_gbm_anom,mediana,242.36666666666667,243.05207153806984
berlin,2009,p50,M4a_hist_gbm_anom,mediana,250.11666666666667,246.20655501066022
berlin,2010,p50,M4a_hist_gbm_anom,mediana,241.05,237.48637419829475
berlin,2011,p50,M4a_hist_gbm_anom,mediana,245.26666666666668,246.8525246596283
berlin,2012,p50,M4a_hist_gbm_anom,mediana,241.06666666666663,242.08726505239153
berlin,2013,p50,M4a_hist_gbm_anom,mediana,239.6833333333333,240.1712861992933
berlin,2014,p50,M4a_hist_gbm_anom,mediana,241.9333333333333,246.4347767670353
berlin,2015,p50,M4a_hist_gbm_anom,mediana,241.3083333333333,244.32560905599837
berlin,2016,p50,M4a_hist_gbm_anom,mediana,247.2333333333333,249.53594225641692
berlin,2017,p50,M4a_hist_gbm_anom,mediana,247.2,244.91538779523046
berlin,2018,p50,M4a_hist_gbm_anom,mediana,253.45,243.5673673711294
berlin,2019,p50,M4a_hist_gbm_anom,mediana,244.61666666666667,244.91875184315188
boston,2005,p50,M4a_hist_gbm_anom,mediana,233.05,226.0971777371352
boston,2006,p50,M4a_hist_gbm_anom,mediana,224.78333333333333,221.3380138165356
boston,2007,p50,M4a_hist_gbm_anom,mediana,228.66666666666663,224.377883756953
boston,2008,p50,M4a_hist_gbm_anom,mediana,226.21666666666667,225.6152297517682
boston,2009,p50,M4a_hist_gbm_anom,mediana,224.08333333333331,223.05066793771354
boston,2010,p50,M4a_hist_gbm_anom,mediana,224.28333333333333,224.99138051077057
boston,2011,p50,M4a_hist_gbm_anom,mediana,224.9833333333333,226.8544761122056
boston,2012,p50,M4a_hist_gbm_anom,mediana,251.06666666666663,239.56888815453473
boston,2013,p50,M4a_hist_gbm_anom,mediana,220.88333333333333,226.60666627863878
boston,2014,p50,M4a_hist_gbm_anom,mediana,232.2333333333333,229.11705735166564
boston,2015,p50,M4a_hist_gbm_anom,mediana,219.66666666666663,225.81485515561604
boston,2016,p50,M4a_hist_gbm_anom,mediana,228.08333333333331,230.28507618207084
boston,2017,p50,M4a_hist_gbm_anom,mediana,231.65833333333333,233.36541945683098
boston,2018,p50,M4a_hist_gbm_anom,mediana,228.6,221.52277142869045
boston,2019,p50,M4a_hist_gbm_anom,mediana,225.575,227.30034624615692
chicago,2005,p50,M4a_hist_gbm_anom,mediana,262.85,263.9703087925966
chicago,2006,p50,M4a_hist_gbm_anom,mediana,261.05,263.8478132097307
chicago,2007,p50,M4a_hist_gbm_anom,mediana,295.01666666666665,284.81232254049524
chicago,2008,p50,M4a_hist_gbm_anom,mediana,283.7,280.0825643052479
chicago,2009,p50,M4a_hist_gbm_anom,mediana,263.43333333333334,263.7304825203968
chicago,2010,p50,M4a_hist_gbm_anom,mediana,280.64166666666665,280.65955711655266
chicago,2011,p50,M4a_hist_gbm_anom,mediana,277.875,273.7526893829399
chicago,2012,p50,M4a_hist_gbm_anom,mediana,267.4,261.968133542375
chicago,2013,p50,M4a_hist_gbm_anom,mediana,267.43333333333334,266.17243337986514
chicago,2014,p50,M4a_hist_gbm_anom,mediana,267.4166666666667,270.30800743951016
chicago,2015,p50,M4a_hist_gbm_anom,mediana,270.75,271.0388929043389
chicago,2016,p50,M4a_hist_gbm_anom,mediana,268.3833333333333,267.74640052014644
chicago,2017,p50,M4a_hist_gbm_anom,mediana,282.71666666666664,273.2754183871766
chicago,2018,p50,M4a_hist_gbm_anom,mediana,267.4833333333333,268.3354775735423
chicago,2019,p50,M4a_hist_gbm_anom,mediana,262.1083333333333,265.30951365186195
chicago,2022,p50,M4a_hist_gbm_anom,mediana,261.76666666666665,272.836644625447
chicago,2023,p50,M4a_hist_gbm_anom,mediana,251.6833333333333,264.9501252861312
durban,2022,p50,M4a_hist_gbm_anom,mediana,237.78333333333333,249.2128423958741
durban,2024,p50,M4a_hist_gbm_anom,mediana,247.49166666666667,248.7433773488241
durban,2025,p50,M4a_hist_gbm_anom,mediana,252.2083333333333,244.05157266596663
honolulu,2005,p50,M4a_hist_gbm_anom,mediana,339.4833333333333,351.4965857732326
honolulu,2006,p50,M4a_hist_gbm_anom,mediana,343.6166666666667,355.5629977952038
honolulu,2007,p50,M4a_hist_gbm_anom,mediana,350.06666666666666,366.1642691512951
honolulu,2008,p50,M4a_hist_gbm_anom,mediana,346.45,359.8410667940441
honolulu,2009,p50,M4a_hist_gbm_anom,mediana,344.7333333333333,364.4839884862747
honolulu,2010,p50,M4a_hist_gbm_anom,mediana,350.8666666666667,346.5613889974081
honolulu,2011,p50,M4a_hist_gbm_anom,mediana,346.6,351.4833012036668
honolulu,2012,p50,M4a_hist_gbm_anom,mediana,348.8,355.53061765781564
honolulu,2013,p50,M4a_hist_gbm_anom,mediana,367.55,365.7182949932003
honolulu,2014,p50,M4a_hist_gbm_anom,mediana,351.96666666666664,349.19012744960395
honolulu,2015,p50,M4a_hist_gbm_anom,mediana,372.05,347.43012425768984
honolulu,2016,p50,M4a_hist_gbm_anom,mediana,374.9583333333333,362.98000446140946
honolulu,2017,p50,M4a_hist_gbm_anom,mediana,369.35833333333335,357.02006771647837
honolulu,2018,p50,M4a_hist_gbm_anom,mediana,375.26666666666665,362.3413629156262
honolulu,2019,p50,M4a_hist_gbm_anom,mediana,381.78333333333336,356.6816592615395
long_beach,2010,p50,M4a_hist_gbm_anom,mediana,288.5083333333333,286.0934711165858
long_beach,2011,p50,M4a_hist_gbm_anom,mediana,297.1,289.692706733219
long_beach,2012,p50,M4a_hist_gbm_anom,mediana,309.46666666666664,289.3275466697584
long_beach,2013,p50,M4a_hist_gbm_anom,mediana,279.81666666666666,292.3222722451481
long_beach,2014,p50,M4a_hist_gbm_anom,mediana,285.19166666666666,294.60345716176494
long_beach,2015,p50,M4a_hist_gbm_anom,mediana,315.2583333333333,302.49381943776746
long_beach,2016,p50,M4a_hist_gbm_anom,mediana,288.3833333333333,298.45486289584903
long_beach,2017,p50,M4a_hist_gbm_anom,mediana,288.4,291.34397779730506
long_beach,2018,p50,M4a_hist_gbm_anom,mediana,289.78333333333336,286.79010443040005
long_beach,2019,p50,M4a_hist_gbm_anom,mediana,283.95,289.86694621866
maui,2010,p50,M4a_hist_gbm_anom,mediana,307.475,302.97455024359823
maui,2011,p50,M4a_hist_gbm_anom,mediana,301.18333333333334,309.3520558251553
maui,2012,p50,M4a_hist_gbm_anom,mediana,305.75,309.65307350029036
maui,2013,p50,M4a_hist_gbm_anom,mediana,317.25,312.1075096224814
maui,2014,p50,M4a_hist_gbm_anom,mediana,320.56666666666666,315.31286554398247
nyc,2005,p50,M4a_hist_gbm_anom,mediana,278.55,266.6876062215181
nyc,2006,p50,M4a_hist_gbm_anom,mediana,262.28333333333336,265.57764869291213
nyc,2007,p50,M4a_hist_gbm_anom,mediana,263.65,265.61119316820816
nyc,2008,p50,M4a_hist_gbm_anom,mediana,259.25,262.1658327304221
nyc,2009,p50,M4a_hist_gbm_anom,mediana,259.05,263.820947979439
nyc,2010,p50,M4a_hist_gbm_anom,mediana,261.3333333333333,261.3266071120756
nyc,2011,p50,M4a_hist_gbm_anom,mediana,262.71666666666664,264.03048485247336
nyc,2013,p50,M4a_hist_gbm_anom,mediana,262.3333333333333,265.74595188896825
nyc,2014,p50,M4a_hist_gbm_anom,mediana,267.8666666666667,264.2892014132899
nyc,2015,p50,M4a_hist_gbm_anom,mediana,273.1333333333333,264.0377346490549
nyc,2016,p50,M4a_hist_gbm_anom,mediana,271.46666666666664,266.2727965659738
nyc,2017,p50,M4a_hist_gbm_anom,mediana,270.45,271.2559699806205
nyc,2018,p50,M4a_hist_gbm_anom,mediana,272.03333333333336,268.3128640134374
nyc,2019,p50,M4a_hist_gbm_anom,mediana,269.2,263.89637926748213
nyc,2022,p50,M4a_hist_gbm_anom,mediana,284.75,264.2163914985236
nyc,2023,p50,M4a_hist_gbm_anom,mediana,272.78333333333336,271.088832558405
nyc,2024,p50,M4a_hist_gbm_anom,mediana,263.55,265.06276327424115
rio,2023,p50,M4a_hist_gbm_anom,mediana,254.5833333333333,256.5325794751708
rio,2024,p50,M4a_hist_gbm_anom,mediana,251.4833333333333,256.75270817524995
rio,2025,p50,M4a_hist_gbm_anom,mediana,250.35,253.4076411006288
savannah,2011,p50,M4a_hist_gbm_anom,mediana,270.125,277.6260611234612
savannah,2012,p50,M4a_hist_gbm_anom,mediana,277.6166666666667,280.47185207949957
savannah,2013,p50,M4a_hist_gbm_anom,mediana,274.3833333333333,276.79666176315044
savannah,2014,p50,M4a_hist_gbm_anom,mediana,274.71666666666664,276.3221473222472
savannah,2015,p50,M4a_hist_gbm_anom,mediana,249.3083333333333,302.6940456654123
savannah,2016,p50,M4a_hist_gbm_anom,mediana,286.6166666666667,277.1358278270189
savannah,2017,p50,M4a_hist_gbm_anom,mediana,300.45,278.7951466347645
savannah,2018,p50,M4a_hist_gbm_anom,mediana,280.96666666666664,276.6339319522228
savannah,2019,p50,M4a_hist_gbm_anom,mediana,279.2,280.95069588813055
singapore,2014,p50,M4a_hist_gbm_anom,mediana,358.0,356.66853837718884
singapore,2015,p50,M4a_hist_gbm_anom,mediana,360.81666666666666,351.7393550783405
singapore,2016,p50,M4a_hist_gbm_anom,mediana,354.1333333333333,354.6236260917557
singapore,2017,p50,M4a_hist_gbm_anom,mediana,355.3666666666667,351.359740171781
singapore,2018,p50,M4a_hist_gbm_anom,mediana,353.56666666666666,354.77118083517394
singapore,2019,p50,M4a_hist_gbm_anom,mediana,358.06666666666666,361.53063271659016
singapore,2022,p50,M4a_hist_gbm_anom,mediana,327.65,345.3188851948552
singapore,2023,p50,M4a_hist_gbm_anom,mediana,329.53333333333336,348.1645579104844
berlin,2005,p75,M2a_ridge_anom,mediana,277.7,278.84135201776144
berlin,2006,p75,M2a_ridge_anom,mediana,284.2791666666667,282.63127525235393
berlin,2007,p75,M2a_ridge_anom,mediana,271.74583333333334,272.44128962665724
berlin,2008,p75,M2a_ridge_anom,mediana,272.9,275.0355744267481
berlin,2009,p75,M2a_ridge_anom,mediana,280.30833333333334,282.1086198358534
berlin,2010,p75,M2a_ridge_anom,mediana,270.56666666666666,268.27933946542714
berlin,2011,p75,M2a_ridge_anom,mediana,276.7,280.34383472110164
berlin,2012,p75,M2a_ridge_anom,mediana,271.71666666666664,275.48000068184353
berlin,2013,p75,M2a_ridge_anom,mediana,270.76666666666665,275.10701905933445
berlin,2014,p75,M2a_ridge_anom,mediana,274.975,280.46439747582446
berlin,2015,p75,M2a_ridge_anom,mediana,274.8875,276.76906027606617
berlin,2016,p75,M2a_ridge_anom,mediana,281.81666666666666,282.9398782382001
berlin,2017,p75,M2a_ridge_anom,mediana,281.1166666666667,276.80801102721193
berlin,2018,p75,M2a_ridge_anom,mediana,291.4,281.4988341402308
berlin,2019,p75,M2a_ridge_anom,mediana,282.0833333333333,274.29262833570453
boston,2005,p75,M2a_ridge_anom,mediana,259.51666666666665,255.56048697099502
boston,2006,p75,M2a_ridge_anom,mediana,249.71666666666667,251.64624413461146
boston,2007,p75,M2a_ridge_anom,mediana,254.5,248.1486454616393
boston,2008,p75,M2a_ridge_anom,mediana,251.63333333333333,255.70455980066842
boston,2009,p75,M2a_ridge_anom,mediana,248.41666666666663,251.48210604128312
boston,2010,p75,M2a_ridge_anom,mediana,248.88333333333333,253.57028786678683
boston,2011,p75,M2a_ridge_anom,mediana,249.78333333333333,257.4546317304129
boston,2012,p75,M2a_ridge_anom,mediana,285.31666666666666,263.7254521688314
boston,2013,p75,M2a_ridge_anom,mediana,247.9625,255.3948314803829
boston,2014,p75,M2a_ridge_anom,mediana,272.7,259.67241339793077
boston,2015,p75,M2a_ridge_anom,mediana,246.41666666666663,252.22953048679375
boston,2016,p75,M2a_ridge_anom,mediana,256.71666666666664,259.0374102588121
boston,2017,p75,M2a_ridge_anom,mediana,261.8,261.83342318724857
boston,2018,p75,M2a_ridge_anom,mediana,262.31666666666666,242.88893917095425
boston,2019,p75,M2a_ridge_anom,mediana,259.0,261.3141494136399
chicago,2005,p75,M2a_ridge_anom,mediana,295.71666666666664,307.3897131450632
chicago,2006,p75,M2a_ridge_anom,mediana,296.06666666666666,295.1000767303565
chicago,2007,p75,M2a_ridge_anom,mediana,329.3,315.6100452829685
chicago,2008,p75,M2a_ridge_anom,mediana,321.6,317.5251656295164
chicago,2009,p75,M2a_ridge_anom,mediana,299.7333333333333,301.2368198380576
chicago,2010,p75,M2a_ridge_anom,mediana,321.21666666666664,319.02783244099606
chicago,2011,p75,M2a_ridge_anom,mediana,316.875,317.17539112946594
chicago,2012,p75,M2a_ridge_anom,mediana,305.09583333333336,303.77688050335195
chicago,2013,p75,M2a_ridge_anom,mediana,306.5,310.8535151941157
chicago,2014,p75,M2a_ridge_anom,mediana,308.1,311.3337617014288
chicago,2015,p75,M2a_ridge_anom,mediana,311.24583333333334,316.4846186583521
chicago,2016,p75,M2a_ridge_anom,mediana,310.5708333333333,310.90610101850797
chicago,2017,p75,M2a_ridge_anom,mediana,328.4166666666667,317.1530867068928
chicago,2018,p75,M2a_ridge_anom,mediana,310.6666666666667,305.73557976250754
chicago,2019,p75,M2a_ridge_anom,mediana,307.25,306.75575471791416
chicago,2022,p75,M2a_ridge_anom,mediana,307.95,316.49200278663614
chicago,2023,p75,M2a_ridge_anom,mediana,297.95,310.2698973954827
durban,2022,p75,M2a_ridge_anom,mediana,275.09166666666664,286.3256237167054
durban,2024,p75,M2a_ridge_anom,mediana,282.71666666666664,285.0074597322916
durban,2025,p75,M2a_ridge_anom,mediana,285.7083333333333,282.68930952818954
honolulu,2005,p75,M2a_ridge_anom,mediana,403.1333333333333,423.91392591514017
honolulu,2006,p75,M2a_ridge_anom,mediana,408.73333333333335,424.77358464233674
honolulu,2007,p75,M2a_ridge_anom,mediana,417.2708333333333,423.01962142509547
honolulu,2008,p75,M2a_ridge_anom,mediana,411.8333333333333,422.32114549283017
honolulu,2009,p75,M2a_ridge_anom,mediana,410.03333333333336,426.57359942595804
honolulu,2010,p75,M2a_ridge_anom,mediana,414.975,422.96520215609115
honolulu,2011,p75,M2a_ridge_anom,mediana,409.7083333333333,422.89882136587795
honolulu,2012,p75,M2a_ridge_anom,mediana,408.28333333333336,425.4556876493417
honolulu,2013,p75,M2a_ridge_anom,mediana,437.85,423.38271113928704
honolulu,2014,p75,M2a_ridge_anom,mediana,422.675,420.43656540463394
honolulu,2015,p75,M2a_ridge_anom,mediana,442.17083333333335,422.9047299140861
honolulu,2016,p75,M2a_ridge_anom,mediana,450.45,421.6365629395164
honolulu,2017,p75,M2a_ridge_anom,mediana,441.6125,421.39658765532675
honolulu,2018,p75,M2a_ridge_anom,mediana,444.3083333333333,421.25735285790705
honolulu,2019,p75,M2a_ridge_anom,mediana,456.44166666666666,422.6025356796971
long_beach,2010,p75,M2a_ridge_anom,mediana,331.2416666666667,336.0650550934054
long_beach,2011,p75,M2a_ridge_anom,mediana,346.05833333333334,336.07076898106493
long_beach,2012,p75,M2a_ridge_anom,mediana,358.2958333333333,336.6238776938894
long_beach,2013,p75,M2a_ridge_anom,mediana,318.78333333333336,337.1208583168497
long_beach,2014,p75,M2a_ridge_anom,mediana,331.78333333333336,340.3328796456638
long_beach,2015,p75,M2a_ridge_anom,mediana,368.5625,342.1390180557961
long_beach,2016,p75,M2a_ridge_anom,mediana,333.7583333333333,343.2490674367094
long_beach,2017,p75,M2a_ridge_anom,mediana,338.46666666666664,337.30583488140627
long_beach,2018,p75,M2a_ridge_anom,mediana,337.35,337.0411249559161
long_beach,2019,p75,M2a_ridge_anom,mediana,330.2,338.70168032668846
maui,2010,p75,M2a_ridge_anom,mediana,355.19166666666666,359.6144467540555
maui,2011,p75,M2a_ridge_anom,mediana,351.5333333333333,363.7290149009647
maui,2012,p75,M2a_ridge_anom,mediana,354.4833333333333,363.8851541771428
maui,2013,p75,M2a_ridge_anom,mediana,364.3416666666667,358.41297078844707
maui,2014,p75,M2a_ridge_anom,mediana,366.2875,354.268381480508
nyc,2005,p75,M2a_ridge_anom,mediana,314.1666666666667,305.5669138461533
nyc,2006,p75,M2a_ridge_anom,mediana,294.8833333333333,300.9535363702907
nyc,2007,p75,M2a_ridge_anom,mediana,296.78333333333336,302.5550106262198
nyc,2008,p75,M2a_ridge_anom,mediana,293.43333333333334,300.1127892653012
nyc,2009,p75,M2a_ridge_anom,mediana,292.56666666666666,303.2688602594189
nyc,2010,p75,M2a_ridge_anom,mediana,296.53333333333336,300.6147714174603
nyc,2011,p75,M2a_ridge_anom,mediana,298.55,304.42466624365386
nyc,2013,p75,M2a_ridge_anom,mediana,296.9166666666667,301.7889621385862
nyc,2014,p75,M2a_ridge_anom,mediana,304.43333333333334,299.2702652463346
nyc,2015,p75,M2a_ridge_anom,mediana,310.53333333333336,307.23453928153435
nyc,2016,p75,M2a_ridge_anom,mediana,309.01666666666665,304.35756988388187
nyc,2017,p75,M2a_ridge_anom,mediana,309.35,305.4607743778035
nyc,2018,p75,M2a_ridge_anom,mediana,312.00416666666666,305.4755261361556
nyc,2019,p75,M2a_ridge_anom,mediana,309.75416666666666,304.5888852734663
nyc,2022,p75,M2a_ridge_anom,mediana,327.31666666666666,313.62139493987087
nyc,2023,p75,M2a_ridge_anom,mediana,315.95,311.02126009043144
nyc,2024,p75,M2a_ridge_anom,mediana,305.4083333333333,307.94127246690084
rio,2023,p75,M2a_ridge_anom,mediana,289.15833333333336,288.3432199273105
rio,2024,p75,M2a_ridge_anom,mediana,284.27916666666664,290.9930189490684
rio,2025,p75,M2a_ridge_anom,mediana,281.01666666666665,292.9207514964718
savannah,2011,p75,M2a_ridge_anom,mediana,305.6125,312.27556026449884
savannah,2012,p75,M2a_ridge_anom,mediana,311.7,318.96039204342406
savannah,2013,p75,M2a_ridge_anom,mediana,311.76666666666665,318.3310093476584
savannah,2014,p75,M2a_ridge_anom,mediana,310.5708333333333,317.7439110346477
savannah,2015,p75,M2a_ridge_anom,mediana,273.6875,327.83814496192304
savannah,2016,p75,M2a_ridge_anom,mediana,332.31666666666666,313.1965923983908
savannah,2017,p75,M2a_ridge_anom,mediana,346.31666666666666,319.4010851969143
savannah,2018,p75,M2a_ridge_anom,mediana,318.85,313.7562539706817
savannah,2019,p75,M2a_ridge_anom,mediana,320.5,311.52081933219364
singapore,2014,p75,M2a_ridge_anom,mediana,404.8666666666667,401.5911484250049
singapore,2015,p75,M2a_ridge_anom,mediana,412.1,401.43172215206175
singapore,2016,p75,M2a_ridge_anom,mediana,406.39166666666665,402.9631121793344
singapore,2017,p75,M2a_ridge_anom,mediana,405.14166666666665,402.775024169805
singapore,2018,p75,M2a_ridge_anom,mediana,395.6833333333333,403.43310633187843
singapore,2019,p75,M2a_ridge_anom,mediana,405.0833333333333,410.58061730264217
singapore,2022,p75,M2a_ridge_anom,mediana,380.2166666666667,405.20748617100736
singapore,2023,p75,M2a_ridge_anom,mediana,381.3083333333333,405.385963511262
berlin,2005,p75,M4a_hist_gbm_anom,mediana,277.7,276.8272993274868
berlin,2006,p75,M4a_hist_gbm_anom,mediana,284.2791666666667,289.95803809777817
berlin,2007,p75,M4a_hist_gbm_anom,mediana,271.74583333333334,275.1357172120994
berlin,2008,p75,M4a_hist_gbm_anom,mediana,272.9,275.00978492905193
berlin,2009,p75,M4a_hist_gbm_anom,mediana,280.30833333333334,282.2700259081499
berlin,2010,p75,M4a_hist_gbm_anom,mediana,270.56666666666666,269.6389870203242
berlin,2011,p75,M4a_hist_gbm_anom,mediana,276.7,278.0213337677709
berlin,2012,p75,M4a_hist_gbm_anom,mediana,271.71666666666664,273.305511972509
berlin,2013,p75,M4a_hist_gbm_anom,mediana,270.76666666666665,268.65832866210764
berlin,2014,p75,M4a_hist_gbm_anom,mediana,274.975,276.07751229734185
berlin,2015,p75,M4a_hist_gbm_anom,mediana,274.8875,279.868784760792
berlin,2016,p75,M4a_hist_gbm_anom,mediana,281.81666666666666,285.9747539963035
berlin,2017,p75,M4a_hist_gbm_anom,mediana,281.1166666666667,276.40547124447
berlin,2018,p75,M4a_hist_gbm_anom,mediana,291.4,282.19003475180995
berlin,2019,p75,M4a_hist_gbm_anom,mediana,282.0833333333333,278.45725635001236
boston,2005,p75,M4a_hist_gbm_anom,mediana,259.51666666666665,253.68418365440638
boston,2006,p75,M4a_hist_gbm_anom,mediana,249.71666666666667,248.07597505114532
boston,2007,p75,M4a_hist_gbm_anom,mediana,254.5,247.48407959103997
boston,2008,p75,M4a_hist_gbm_anom,mediana,251.63333333333333,250.70059465242306
boston,2009,p75,M4a_hist_gbm_anom,mediana,248.41666666666663,249.56731513869755
boston,2010,p75,M4a_hist_gbm_anom,mediana,248.88333333333333,250.85515484475513
boston,2011,p75,M4a_hist_gbm_anom,mediana,249.78333333333333,254.2921897176148
boston,2012,p75,M4a_hist_gbm_anom,mediana,285.31666666666666,265.99588593310165
boston,2013,p75,M4a_hist_gbm_anom,mediana,247.9625,251.4383597343053
boston,2014,p75,M4a_hist_gbm_anom,mediana,272.7,260.0201917410494
boston,2015,p75,M4a_hist_gbm_anom,mediana,246.41666666666663,259.9056204674239
boston,2016,p75,M4a_hist_gbm_anom,mediana,256.71666666666664,259.4049178444212
boston,2017,p75,M4a_hist_gbm_anom,mediana,261.8,261.17046975546396
boston,2018,p75,M4a_hist_gbm_anom,mediana,262.31666666666666,249.91853500621255
boston,2019,p75,M4a_hist_gbm_anom,mediana,259.0,261.2270929271718
chicago,2005,p75,M4a_hist_gbm_anom,mediana,295.71666666666664,302.92282552715596
chicago,2006,p75,M4a_hist_gbm_anom,mediana,296.06666666666666,301.712609518506
chicago,2007,p75,M4a_hist_gbm_anom,mediana,329.3,331.8273243218605
chicago,2008,p75,M4a_hist_gbm_anom,mediana,321.6,312.5537015561557
chicago,2009,p75,M4a_hist_gbm_anom,mediana,299.7333333333333,301.1635389572875
chicago,2010,p75,M4a_hist_gbm_anom,mediana,321.21666666666664,317.76301416180667
chicago,2011,p75,M4a_hist_gbm_anom,mediana,316.875,310.3791936421193
chicago,2012,p75,M4a_hist_gbm_anom,mediana,305.09583333333336,301.18452210674957
chicago,2013,p75,M4a_hist_gbm_anom,mediana,306.5,305.89545853732017
chicago,2014,p75,M4a_hist_gbm_anom,mediana,308.1,308.77748040211304
chicago,2015,p75,M4a_hist_gbm_anom,mediana,311.24583333333334,312.2828242376972
chicago,2016,p75,M4a_hist_gbm_anom,mediana,310.5708333333333,311.0347587572955
chicago,2017,p75,M4a_hist_gbm_anom,mediana,328.4166666666667,323.7570330818305
chicago,2018,p75,M4a_hist_gbm_anom,mediana,310.6666666666667,311.1875016977517
chicago,2019,p75,M4a_hist_gbm_anom,mediana,307.25,306.1271882552716
chicago,2022,p75,M4a_hist_gbm_anom,mediana,307.95,317.1081554175447
chicago,2023,p75,M4a_hist_gbm_anom,mediana,297.95,311.32423876935593
durban,2022,p75,M4a_hist_gbm_anom,mediana,275.09166666666664,283.368844263372
durban,2024,p75,M4a_hist_gbm_anom,mediana,282.71666666666664,291.5728983402563
durban,2025,p75,M4a_hist_gbm_anom,mediana,285.7083333333333,279.97090662213225
honolulu,2005,p75,M4a_hist_gbm_anom,mediana,403.1333333333333,413.38808693661775
honolulu,2006,p75,M4a_hist_gbm_anom,mediana,408.73333333333335,414.3210724874824
honolulu,2007,p75,M4a_hist_gbm_anom,mediana,417.2708333333333,429.06001482861876
honolulu,2008,p75,M4a_hist_gbm_anom,mediana,411.8333333333333,417.4598355272412
honolulu,2009,p75,M4a_hist_gbm_anom,mediana,410.03333333333336,433.5572837371301
honolulu,2010,p75,M4a_hist_gbm_anom,mediana,414.975,412.9912011771322
honolulu,2011,p75,M4a_hist_gbm_anom,mediana,409.7083333333333,415.2375786586064
honolulu,2012,p75,M4a_hist_gbm_anom,mediana,408.28333333333336,421.0836716384146
honolulu,2013,p75,M4a_hist_gbm_anom,mediana,437.85,427.47802569211495
honolulu,2014,p75,M4a_hist_gbm_anom,mediana,422.675,421.6943556697274
honolulu,2015,p75,M4a_hist_gbm_anom,mediana,442.17083333333335,418.20366082067653
honolulu,2016,p75,M4a_hist_gbm_anom,mediana,450.45,434.4456393376412
honolulu,2017,p75,M4a_hist_gbm_anom,mediana,441.6125,428.17741519393826
honolulu,2018,p75,M4a_hist_gbm_anom,mediana,444.3083333333333,427.5233240602562
honolulu,2019,p75,M4a_hist_gbm_anom,mediana,456.44166666666666,426.1441422663752
long_beach,2010,p75,M4a_hist_gbm_anom,mediana,331.2416666666667,329.25907902662254
long_beach,2011,p75,M4a_hist_gbm_anom,mediana,346.05833333333334,339.4716189668821
long_beach,2012,p75,M4a_hist_gbm_anom,mediana,358.2958333333333,328.3133446181967
long_beach,2013,p75,M4a_hist_gbm_anom,mediana,318.78333333333336,338.1218238186161
long_beach,2014,p75,M4a_hist_gbm_anom,mediana,331.78333333333336,342.06888275534385
long_beach,2015,p75,M4a_hist_gbm_anom,mediana,368.5625,356.80920514009114
long_beach,2016,p75,M4a_hist_gbm_anom,mediana,333.7583333333333,344.2161667578496
long_beach,2017,p75,M4a_hist_gbm_anom,mediana,338.46666666666664,345.01413674909764
long_beach,2018,p75,M4a_hist_gbm_anom,mediana,337.35,333.5816352113173
long_beach,2019,p75,M4a_hist_gbm_anom,mediana,330.2,338.2843714094113
maui,2010,p75,M4a_hist_gbm_anom,mediana,355.19166666666666,357.31200661032995
maui,2011,p75,M4a_hist_gbm_anom,mediana,351.5333333333333,353.4777038512951
maui,2012,p75,M4a_hist_gbm_anom,mediana,354.4833333333333,358.47271668479
maui,2013,p75,M4a_hist_gbm_anom,mediana,364.3416666666667,362.7184817700501
maui,2014,p75,M4a_hist_gbm_anom,mediana,366.2875,353.86076701855615
nyc,2005,p75,M4a_hist_gbm_anom,mediana,314.1666666666667,306.73095966145917
nyc,2006,p75,M4a_hist_gbm_anom,mediana,294.8833333333333,294.5105523228069
nyc,2007,p75,M4a_hist_gbm_anom,mediana,296.78333333333336,296.6408452704284
nyc,2008,p75,M4a_hist_gbm_anom,mediana,293.43333333333334,295.8664442708401
nyc,2009,p75,M4a_hist_gbm_anom,mediana,292.56666666666666,297.7678303520073
nyc,2010,p75,M4a_hist_gbm_anom,mediana,296.53333333333336,299.0998801635633
nyc,2011,p75,M4a_hist_gbm_anom,mediana,298.55,300.7647220114256
nyc,2013,p75,M4a_hist_gbm_anom,mediana,296.9166666666667,296.7774389055081
nyc,2014,p75,M4a_hist_gbm_anom,mediana,304.43333333333334,300.6522387306709
nyc,2015,p75,M4a_hist_gbm_anom,mediana,310.53333333333336,304.85668726946085
nyc,2016,p75,M4a_hist_gbm_anom,mediana,309.01666666666665,306.2152529350458
nyc,2017,p75,M4a_hist_gbm_anom,mediana,309.35,310.3093106974656
nyc,2018,p75,M4a_hist_gbm_anom,mediana,312.00416666666666,308.88154389124634
nyc,2019,p75,M4a_hist_gbm_anom,mediana,309.75416666666666,304.34106760893525
nyc,2022,p75,M4a_hist_gbm_anom,mediana,327.31666666666666,309.8724275346174
nyc,2023,p75,M4a_hist_gbm_anom,mediana,315.95,310.2937804953163
nyc,2024,p75,M4a_hist_gbm_anom,mediana,305.4083333333333,309.2034397249016
rio,2023,p75,M4a_hist_gbm_anom,mediana,289.15833333333336,296.0193047075717
rio,2024,p75,M4a_hist_gbm_anom,mediana,284.27916666666664,287.6238195683133
rio,2025,p75,M4a_hist_gbm_anom,mediana,281.01666666666665,293.66363196439477
savannah,2011,p75,M4a_hist_gbm_anom,mediana,305.6125,309.3916483515794
savannah,2012,p75,M4a_hist_gbm_anom,mediana,311.7,318.29502803875647
savannah,2013,p75,M4a_hist_gbm_anom,mediana,311.76666666666665,310.73776069000473
savannah,2014,p75,M4a_hist_gbm_anom,mediana,310.5708333333333,318.4280277836048
savannah,2015,p75,M4a_hist_gbm_anom,mediana,273.6875,351.1191754966729
savannah,2016,p75,M4a_hist_gbm_anom,mediana,332.31666666666666,317.28181124494756
savannah,2017,p75,M4a_hist_gbm_anom,mediana,346.31666666666666,319.95676893031964
savannah,2018,p75,M4a_hist_gbm_anom,mediana,318.85,319.92111902138737
savannah,2019,p75,M4a_hist_gbm_anom,mediana,320.5,316.58310194002377
singapore,2014,p75,M4a_hist_gbm_anom,mediana,404.8666666666667,405.6979622424997
singapore,2015,p75,M4a_hist_gbm_anom,mediana,412.1,398.4680743360164
singapore,2016,p75,M4a_hist_gbm_anom,mediana,406.39166666666665,401.291521391273
singapore,2017,p75,M4a_hist_gbm_anom,mediana,405.14166666666665,398.2175807965774
singapore,2018,p75,M4a_hist_gbm_anom,mediana,395.6833333333333,409.59405791092394
singapore,2019,p75,M4a_hist_gbm_anom,mediana,405.0833333333333,426.965906149706
singapore,2022,p75,M4a_hist_gbm_anom,mediana,380.2166666666667,394.22986354489086
singapore,2023,p75,M4a_hist_gbm_anom,mediana,381.3083333333333,404.4444867242516
berlin,2005,p90,M2a_ridge_anom,mediana,306.3466666666667,306.39527839406577
berlin,2006,p90,M2a_ridge_anom,mediana,312.55,310.4554004062137
berlin,2007,p90,M2a_ridge_anom,mediana,300.4083333333333,299.5368446027018
berlin,2008,p90,M2a_ridge_anom,mediana,301.46333333333337,302.53234873195987
berlin,2009,p90,M2a_ridge_anom,mediana,309.1166666666667,310.8662396859403
berlin,2010,p90,M2a_ridge_anom,mediana,298.2583333333333,298.15287150854783
berlin,2011,p90,M2a_ridge_anom,mediana,306.71666666666664,309.2441060002525
berlin,2012,p90,M2a_ridge_anom,mediana,301.81666666666666,303.8927173847794
berlin,2013,p90,M2a_ridge_anom,mediana,299.46666666666664,303.44231508800414
berlin,2014,p90,M2a_ridge_anom,mediana,306.74666666666667,309.3581397153869
berlin,2015,p90,M2a_ridge_anom,mediana,307.0766666666668,305.56567176187457
berlin,2016,p90,M2a_ridge_anom,mediana,316.455,312.5107945626218
berlin,2017,p90,M2a_ridge_anom,mediana,314.93333333333334,305.66396099875266
berlin,2018,p90,M2a_ridge_anom,mediana,329.15,312.0225363100274
berlin,2019,p90,M2a_ridge_anom,mediana,320.15,304.9929271846952
boston,2005,p90,M2a_ridge_anom,mediana,290.3333333333333,289.0133577935854
boston,2006,p90,M2a_ridge_anom,mediana,281.1283333333334,284.2934591091675
boston,2007,p90,M2a_ridge_anom,mediana,287.8666666666667,279.8320811361696
boston,2008,p90,M2a_ridge_anom,mediana,284.54,289.15355433107715
boston,2009,p90,M2a_ridge_anom,mediana,280.1066666666667,285.03941788780384
boston,2010,p90,M2a_ridge_anom,mediana,280.8833333333333,287.9606714896017
boston,2011,p90,M2a_ridge_anom,mediana,281.26166666666666,291.78710718925333
boston,2012,p90,M2a_ridge_anom,mediana,326.36333333333334,297.0092096555964
boston,2013,p90,M2a_ridge_anom,mediana,284.77166666666665,289.30701014794494
boston,2014,p90,M2a_ridge_anom,mediana,317.05,293.29139235862704
boston,2015,p90,M2a_ridge_anom,mediana,282.1,288.9270576785906
boston,2016,p90,M2a_ridge_anom,mediana,293.1366666666667,294.25699391213936
boston,2017,p90,M2a_ridge_anom,mediana,297.75,297.1345648569604
boston,2018,p90,M2a_ridge_anom,mediana,307.67499999999995,284.46768444618806
boston,2019,p90,M2a_ridge_anom,mediana,297.4166666666667,299.0643538335995
chicago,2005,p90,M2a_ridge_anom,mediana,331.8333333333333,347.82634072030044
chicago,2006,p90,M2a_ridge_anom,mediana,332.875,336.2663525900244
chicago,2007,p90,M2a_ridge_anom,mediana,353.4166666666667,357.2213325439258
chicago,2008,p90,M2a_ridge_anom,mediana,358.21666666666664,358.2660244075393
chicago,2009,p90,M2a_ridge_anom,mediana,339.1666666666667,342.9432484506182
chicago,2010,p90,M2a_ridge_anom,mediana,358.8666666666667,361.0255710066428
chicago,2011,p90,M2a_ridge_anom,mediana,354.1,359.2560668077353
chicago,2012,p90,M2a_ridge_anom,mediana,346.1666666666667,346.0970944381232
chicago,2013,p90,M2a_ridge_anom,mediana,346.09666666666675,353.400646338925
chicago,2014,p90,M2a_ridge_anom,mediana,350.36,353.52171335129316
chicago,2015,p90,M2a_ridge_anom,mediana,350.6483333333333,359.9014235945577
chicago,2016,p90,M2a_ridge_anom,mediana,352.76666666666665,353.5942884163331
chicago,2017,p90,M2a_ridge_anom,mediana,371.3666666666667,360.0135290325318
chicago,2018,p90,M2a_ridge_anom,mediana,354.53333333333336,350.99641333618564
chicago,2019,p90,M2a_ridge_anom,mediana,353.89166666666665,349.0644126185138
chicago,2022,p90,M2a_ridge_anom,mediana,355.51000000000005,359.60640388887384
chicago,2023,p90,M2a_ridge_anom,mediana,346.8,354.8138989066351
durban,2022,p90,M2a_ridge_anom,mediana,299.9433333333334,312.21400498630356
durban,2024,p90,M2a_ridge_anom,mediana,309.88666666666666,310.61977282687087
durban,2025,p90,M2a_ridge_anom,mediana,309.1166666666667,310.6053634670352
honolulu,2005,p90,M2a_ridge_anom,mediana,468.27333333333337,488.69996817281026
honolulu,2006,p90,M2a_ridge_anom,mediana,472.5666666666666,490.0999314790768
honolulu,2007,p90,M2a_ridge_anom,mediana,486.6,488.01181500941686
honolulu,2008,p90,M2a_ridge_anom,mediana,481.03,489.65580595360285
honolulu,2009,p90,M2a_ridge_anom,mediana,474.8333333333333,492.81231475205
honolulu,2010,p90,M2a_ridge_anom,mediana,481.2166666666666,489.2599709746428
honolulu,2011,p90,M2a_ridge_anom,mediana,473.62000000000006,489.9546631980944
honolulu,2012,p90,M2a_ridge_anom,mediana,457.76666666666665,493.3894596245005
honolulu,2013,p90,M2a_ridge_anom,mediana,506.36,489.0472358119025
honolulu,2014,p90,M2a_ridge_anom,mediana,492.2366666666667,486.4522846955177
honolulu,2015,p90,M2a_ridge_anom,mediana,510.0,489.0622474368672
honolulu,2016,p90,M2a_ridge_anom,mediana,525.2,487.4092507810434
honolulu,2017,p90,M2a_ridge_anom,mediana,510.5083333333333,488.0212178851334
honolulu,2018,p90,M2a_ridge_anom,mediana,510.98333333333335,488.731175489709
honolulu,2019,p90,M2a_ridge_anom,mediana,528.2499999999999,489.4402885719566
long_beach,2010,p90,M2a_ridge_anom,mediana,371.4916666666667,378.13095882770256
long_beach,2011,p90,M2a_ridge_anom,mediana,389.2266666666666,380.15147433179476
long_beach,2012,p90,M2a_ridge_anom,mediana,402.7183333333333,380.73005542235154
long_beach,2013,p90,M2a_ridge_anom,mediana,357.7216666666667,380.14457293805003
long_beach,2014,p90,M2a_ridge_anom,mediana,376.125,383.2789151848306
long_beach,2015,p90,M2a_ridge_anom,mediana,407.7483333333333,386.8229363274286
long_beach,2016,p90,M2a_ridge_anom,mediana,381.15,385.8430042799711
long_beach,2017,p90,M2a_ridge_anom,mediana,381.47333333333336,382.68880131659637
long_beach,2018,p90,M2a_ridge_anom,mediana,378.7733333333333,383.8585104911827
long_beach,2019,p90,M2a_ridge_anom,mediana,379.8033333333334,382.8691260802984
maui,2010,p90,M2a_ridge_anom,mediana,397.995,400.36828724169504
maui,2011,p90,M2a_ridge_anom,mediana,395.47,404.50160555280263
maui,2012,p90,M2a_ridge_anom,mediana,399.0833333333333,404.86912522590546
maui,2013,p90,M2a_ridge_anom,mediana,412.0866666666667,400.09401151572547
maui,2014,p90,M2a_ridge_anom,mediana,405.6933333333333,396.8918195356742
nyc,2005,p90,M2a_ridge_anom,mediana,351.06666666666666,345.34310332911264
nyc,2006,p90,M2a_ridge_anom,mediana,332.6666666666667,341.63518953454474
nyc,2007,p90,M2a_ridge_anom,mediana,334.6333333333333,343.5659573813302
nyc,2008,p90,M2a_ridge_anom,mediana,333.51666666666665,340.94510416763757
nyc,2009,p90,M2a_ridge_anom,mediana,332.14500000000004,343.7953526907988
nyc,2010,p90,M2a_ridge_anom,mediana,337.1766666666667,341.74489956683107
nyc,2011,p90,M2a_ridge_anom,mediana,336.5,345.5628170211418
nyc,2013,p90,M2a_ridge_anom,mediana,337.24333333333334,343.27106822289664
nyc,2014,p90,M2a_ridge_anom,mediana,347.4,340.93449904762343
nyc,2015,p90,M2a_ridge_anom,mediana,350.93333333333334,349.20794434295755
nyc,2016,p90,M2a_ridge_anom,mediana,349.5,347.50776894257444
nyc,2017,p90,M2a_ridge_anom,mediana,352.28333333333336,347.30246357116874
nyc,2018,p90,M2a_ridge_anom,mediana,355.5,348.5422052344369
nyc,2019,p90,M2a_ridge_anom,mediana,354.5833333333333,347.700303149293
nyc,2022,p90,M2a_ridge_anom,mediana,369.965,356.67372513001845
nyc,2023,p90,M2a_ridge_anom,mediana,361.55,354.5665589590095
nyc,2024,p90,M2a_ridge_anom,mediana,353.02666666666664,351.05802042094564
rio,2023,p90,M2a_ridge_anom,mediana,321.08,320.10482198820597
rio,2024,p90,M2a_ridge_anom,mediana,316.3983333333333,322.76213324931865
rio,2025,p90,M2a_ridge_anom,mediana,310.9,325.9715046616666
savannah,2011,p90,M2a_ridge_anom,mediana,345.26166666666666,349.22027973715973
savannah,2012,p90,M2a_ridge_anom,mediana,348.7,356.33127374832253
savannah,2013,p90,M2a_ridge_anom,mediana,351.2233333333335,355.6073254548287
savannah,2014,p90,M2a_ridge_anom,mediana,351.26666666666665,355.0950336563837
savannah,2015,p90,M2a_ridge_anom,mediana,295.45,366.2715748460895
savannah,2016,p90,M2a_ridge_anom,mediana,373.2,351.0088544988615
savannah,2017,p90,M2a_ridge_anom,mediana,389.7633333333333,356.577691088199
savannah,2018,p90,M2a_ridge_anom,mediana,360.43,352.00073466570615
savannah,2019,p90,M2a_ridge_anom,mediana,359.39,350.5267640896121
singapore,2014,p90,M2a_ridge_anom,mediana,445.6666666666667,434.07221566574026
singapore,2015,p90,M2a_ridge_anom,mediana,452.0266666666667,433.6653232160248
singapore,2016,p90,M2a_ridge_anom,mediana,444.565,435.7960068600894
singapore,2017,p90,M2a_ridge_anom,mediana,443.38666666666666,436.2175143094739
singapore,2018,p90,M2a_ridge_anom,mediana,424.31666666666666,440.1766241120369
singapore,2019,p90,M2a_ridge_anom,mediana,437.84,461.0484746019363
singapore,2022,p90,M2a_ridge_anom,mediana,420.5,441.8008530808528
singapore,2023,p90,M2a_ridge_anom,mediana,418.4266666666666,443.2521094417957
berlin,2005,p90,M4a_hist_gbm_anom,mediana,306.3466666666667,308.33792133697966
berlin,2006,p90,M4a_hist_gbm_anom,mediana,312.55,316.1275075134702
berlin,2007,p90,M4a_hist_gbm_anom,mediana,300.4083333333333,303.8573346743634
berlin,2008,p90,M4a_hist_gbm_anom,mediana,301.46333333333337,303.6128197598775
berlin,2009,p90,M4a_hist_gbm_anom,mediana,309.1166666666667,308.8003310400183
berlin,2010,p90,M4a_hist_gbm_anom,mediana,298.2583333333333,296.54361496225954
berlin,2011,p90,M4a_hist_gbm_anom,mediana,306.71666666666664,306.8564863007847
berlin,2012,p90,M4a_hist_gbm_anom,mediana,301.81666666666666,302.6900999345857
berlin,2013,p90,M4a_hist_gbm_anom,mediana,299.46666666666664,303.10709427814845
berlin,2014,p90,M4a_hist_gbm_anom,mediana,306.74666666666667,308.2740832428411
berlin,2015,p90,M4a_hist_gbm_anom,mediana,307.0766666666668,311.0834983934096
berlin,2016,p90,M4a_hist_gbm_anom,mediana,316.455,321.34995656435444
berlin,2017,p90,M4a_hist_gbm_anom,mediana,314.93333333333334,305.62239797127296
berlin,2018,p90,M4a_hist_gbm_anom,mediana,329.15,311.50819904510905
berlin,2019,p90,M4a_hist_gbm_anom,mediana,320.15,306.34703211727714
boston,2005,p90,M4a_hist_gbm_anom,mediana,290.3333333333333,284.89047502267806
boston,2006,p90,M4a_hist_gbm_anom,mediana,281.1283333333334,284.4472329606418
boston,2007,p90,M4a_hist_gbm_anom,mediana,287.8666666666667,281.0723338649867
boston,2008,p90,M4a_hist_gbm_anom,mediana,284.54,283.9196574530422
boston,2009,p90,M4a_hist_gbm_anom,mediana,280.1066666666667,282.19810971917815
boston,2010,p90,M4a_hist_gbm_anom,mediana,280.8833333333333,281.03151159165566
boston,2011,p90,M4a_hist_gbm_anom,mediana,281.26166666666666,297.3647328005114
boston,2012,p90,M4a_hist_gbm_anom,mediana,326.36333333333334,300.0686526457415
boston,2013,p90,M4a_hist_gbm_anom,mediana,284.77166666666665,283.08314489722704
boston,2014,p90,M4a_hist_gbm_anom,mediana,317.05,292.67805231288537
boston,2015,p90,M4a_hist_gbm_anom,mediana,282.1,292.52127329762754
boston,2016,p90,M4a_hist_gbm_anom,mediana,293.1366666666667,299.5528631452167
boston,2017,p90,M4a_hist_gbm_anom,mediana,297.75,299.73118104411213
boston,2018,p90,M4a_hist_gbm_anom,mediana,307.67499999999995,285.8740473753624
boston,2019,p90,M4a_hist_gbm_anom,mediana,297.4166666666667,296.5924656247113
chicago,2005,p90,M4a_hist_gbm_anom,mediana,331.8333333333333,344.2095684269729
chicago,2006,p90,M4a_hist_gbm_anom,mediana,332.875,346.4356510333662
chicago,2007,p90,M4a_hist_gbm_anom,mediana,353.4166666666667,367.39297465848944
chicago,2008,p90,M4a_hist_gbm_anom,mediana,358.21666666666664,346.868160062155
chicago,2009,p90,M4a_hist_gbm_anom,mediana,339.1666666666667,340.8578590240637
chicago,2010,p90,M4a_hist_gbm_anom,mediana,358.8666666666667,363.25400422380454
chicago,2011,p90,M4a_hist_gbm_anom,mediana,354.1,349.98517484981915
chicago,2012,p90,M4a_hist_gbm_anom,mediana,346.1666666666667,343.1120470881754
chicago,2013,p90,M4a_hist_gbm_anom,mediana,346.09666666666675,349.1905377144587
chicago,2014,p90,M4a_hist_gbm_anom,mediana,350.36,354.0672927692291
chicago,2015,p90,M4a_hist_gbm_anom,mediana,350.6483333333333,357.913360054414
chicago,2016,p90,M4a_hist_gbm_anom,mediana,352.76666666666665,359.33249892271056
chicago,2017,p90,M4a_hist_gbm_anom,mediana,371.3666666666667,365.2513422987947
chicago,2018,p90,M4a_hist_gbm_anom,mediana,354.53333333333336,357.1666078821615
chicago,2019,p90,M4a_hist_gbm_anom,mediana,353.89166666666665,351.99797770277803
chicago,2022,p90,M4a_hist_gbm_anom,mediana,355.51000000000005,359.0994641490723
chicago,2023,p90,M4a_hist_gbm_anom,mediana,346.8,355.524185230687
durban,2022,p90,M4a_hist_gbm_anom,mediana,299.9433333333334,307.0432504683145
durban,2024,p90,M4a_hist_gbm_anom,mediana,309.88666666666666,312.93243491211143
durban,2025,p90,M4a_hist_gbm_anom,mediana,309.1166666666667,308.6741485733358
honolulu,2005,p90,M4a_hist_gbm_anom,mediana,468.27333333333337,476.7599404846704
honolulu,2006,p90,M4a_hist_gbm_anom,mediana,472.5666666666666,476.6122138652639
honolulu,2007,p90,M4a_hist_gbm_anom,mediana,486.6,479.89148393022407
honolulu,2008,p90,M4a_hist_gbm_anom,mediana,481.03,485.24748835498576
honolulu,2009,p90,M4a_hist_gbm_anom,mediana,474.8333333333333,489.6124308626011
honolulu,2010,p90,M4a_hist_gbm_anom,mediana,481.2166666666666,477.3356534914703
honolulu,2011,p90,M4a_hist_gbm_anom,mediana,473.62000000000006,477.97564413022604
honolulu,2012,p90,M4a_hist_gbm_anom,mediana,457.76666666666665,495.272086112351
honolulu,2013,p90,M4a_hist_gbm_anom,mediana,506.36,488.273889898773
honolulu,2014,p90,M4a_hist_gbm_anom,mediana,492.2366666666667,482.2305962678007
honolulu,2015,p90,M4a_hist_gbm_anom,mediana,510.0,486.8775482275336
honolulu,2016,p90,M4a_hist_gbm_anom,mediana,525.2,500.473837150887
honolulu,2017,p90,M4a_hist_gbm_anom,mediana,510.5083333333333,502.03080557033223
honolulu,2018,p90,M4a_hist_gbm_anom,mediana,510.98333333333335,493.2479146002743
honolulu,2019,p90,M4a_hist_gbm_anom,mediana,528.2499999999999,489.61538809713903
long_beach,2010,p90,M4a_hist_gbm_anom,mediana,371.4916666666667,364.943491656639
long_beach,2011,p90,M4a_hist_gbm_anom,mediana,389.2266666666666,387.4863404755466
long_beach,2012,p90,M4a_hist_gbm_anom,mediana,402.7183333333333,373.5658776760466
long_beach,2013,p90,M4a_hist_gbm_anom,mediana,357.7216666666667,381.1785617491424
long_beach,2014,p90,M4a_hist_gbm_anom,mediana,376.125,390.69469923995297
long_beach,2015,p90,M4a_hist_gbm_anom,mediana,407.7483333333333,386.8786420145381
long_beach,2016,p90,M4a_hist_gbm_anom,mediana,381.15,385.63595527092474
long_beach,2017,p90,M4a_hist_gbm_anom,mediana,381.47333333333336,385.9402674993476
long_beach,2018,p90,M4a_hist_gbm_anom,mediana,378.7733333333333,381.22195005814893
long_beach,2019,p90,M4a_hist_gbm_anom,mediana,379.8033333333334,381.86588521485925
maui,2010,p90,M4a_hist_gbm_anom,mediana,397.995,389.8608330776597
maui,2011,p90,M4a_hist_gbm_anom,mediana,395.47,388.3137995442166
maui,2012,p90,M4a_hist_gbm_anom,mediana,399.0833333333333,405.6559822662175
maui,2013,p90,M4a_hist_gbm_anom,mediana,412.0866666666667,403.9948062245158
maui,2014,p90,M4a_hist_gbm_anom,mediana,405.6933333333333,403.30359293238655
nyc,2005,p90,M4a_hist_gbm_anom,mediana,351.06666666666666,341.8957408076445
nyc,2006,p90,M4a_hist_gbm_anom,mediana,332.6666666666667,334.62374350618904
nyc,2007,p90,M4a_hist_gbm_anom,mediana,334.6333333333333,337.16563734732466
nyc,2008,p90,M4a_hist_gbm_anom,mediana,333.51666666666665,338.0979166982127
nyc,2009,p90,M4a_hist_gbm_anom,mediana,332.14500000000004,336.778771497228
nyc,2010,p90,M4a_hist_gbm_anom,mediana,337.1766666666667,335.3400889513076
nyc,2011,p90,M4a_hist_gbm_anom,mediana,336.5,340.9052702780562
nyc,2013,p90,M4a_hist_gbm_anom,mediana,337.24333333333334,340.8880062587589
nyc,2014,p90,M4a_hist_gbm_anom,mediana,347.4,347.08142022717544
nyc,2015,p90,M4a_hist_gbm_anom,mediana,350.93333333333334,350.7038999058401
nyc,2016,p90,M4a_hist_gbm_anom,mediana,349.5,353.4650501511892
nyc,2017,p90,M4a_hist_gbm_anom,mediana,352.28333333333336,356.6822572619215
nyc,2018,p90,M4a_hist_gbm_anom,mediana,355.5,354.2415266393175
nyc,2019,p90,M4a_hist_gbm_anom,mediana,354.5833333333333,349.07036815568847
nyc,2022,p90,M4a_hist_gbm_anom,mediana,369.965,362.78048359163125
nyc,2023,p90,M4a_hist_gbm_anom,mediana,361.55,355.8283236527945
nyc,2024,p90,M4a_hist_gbm_anom,mediana,353.02666666666664,356.451934775002
rio,2023,p90,M4a_hist_gbm_anom,mediana,321.08,326.1902715402931
rio,2024,p90,M4a_hist_gbm_anom,mediana,316.3983333333333,311.489783197459
rio,2025,p90,M4a_hist_gbm_anom,mediana,310.9,336.4878663488491
savannah,2011,p90,M4a_hist_gbm_anom,mediana,345.26166666666666,343.09944382867735
savannah,2012,p90,M4a_hist_gbm_anom,mediana,348.7,351.9991056108303
savannah,2013,p90,M4a_hist_gbm_anom,mediana,351.2233333333335,349.11903172717587
savannah,2014,p90,M4a_hist_gbm_anom,mediana,351.26666666666665,353.4492629736618
savannah,2015,p90,M4a_hist_gbm_anom,mediana,295.45,375.93737942658106
savannah,2016,p90,M4a_hist_gbm_anom,mediana,373.2,361.6519883700371
savannah,2017,p90,M4a_hist_gbm_anom,mediana,389.7633333333333,362.3756915520636
savannah,2018,p90,M4a_hist_gbm_anom,mediana,360.43,362.85987998036387
savannah,2019,p90,M4a_hist_gbm_anom,mediana,359.39,364.6680853825013
singapore,2014,p90,M4a_hist_gbm_anom,mediana,445.6666666666667,448.0212452597933
singapore,2015,p90,M4a_hist_gbm_anom,mediana,452.0266666666667,432.03792316654744
singapore,2016,p90,M4a_hist_gbm_anom,mediana,444.565,433.02355226337306
singapore,2017,p90,M4a_hist_gbm_anom,mediana,443.38666666666666,435.07565957674564
singapore,2018,p90,M4a_hist_gbm_anom,mediana,424.31666666666666,428.5010438566406
singapore,2019,p90,M4a_hist_gbm_anom,mediana,437.84,445.67596201397873
singapore,2022,p90,M4a_hist_gbm_anom,mediana,420.5,430.47820860072017
singapore,2023,p90,M4a_hist_gbm_anom,mediana,418.4266666666666,435.21884279925683
berlin,2005,p10,M2s_ridge_semcat,nao_se_aplica,199.36666666666667,200.39859167108918
berlin,2006,p10,M2s_ridge_semcat,nao_se_aplica,203.75333333333336,205.40007053493287
berlin,2007,p10,M2s_ridge_semcat,nao_se_aplica,197.9,197.32172614116814
berlin,2008,p10,M2s_ridge_semcat,nao_se_aplica,196.81833333333333,192.26635457811244
berlin,2009,p10,M2s_ridge_semcat,nao_se_aplica,200.6,198.27701363720274
berlin,2010,p10,M2s_ridge_semcat,nao_se_aplica,197.1,194.0710021292885
berlin,2011,p10,M2s_ridge_semcat,nao_se_aplica,198.0,199.22175651383492
berlin,2012,p10,M2s_ridge_semcat,nao_se_aplica,196.2333333333333,193.5702712095537
berlin,2013,p10,M2s_ridge_semcat,nao_se_aplica,195.5,192.17917420929038
berlin,2014,p10,M2s_ridge_semcat,nao_se_aplica,195.6833333333333,195.69236772578822
berlin,2015,p10,M2s_ridge_semcat,nao_se_aplica,193.76666666666668,195.0741373664063
berlin,2016,p10,M2s_ridge_semcat,nao_se_aplica,196.36666666666667,198.6596367720497
berlin,2017,p10,M2s_ridge_semcat,nao_se_aplica,196.56833333333333,202.8066771428445
berlin,2018,p10,M2s_ridge_semcat,nao_se_aplica,198.165,202.0964264698312
berlin,2019,p10,M2s_ridge_semcat,nao_se_aplica,192.83333333333331,194.4972404707519
boston,2005,p10,M2s_ridge_semcat,nao_se_aplica,194.045,202.03763675354384
boston,2006,p10,M2s_ridge_semcat,nao_se_aplica,188.60166666666663,195.80815575952948
boston,2007,p10,M2s_ridge_semcat,nao_se_aplica,191.035,186.28283429174337
boston,2008,p10,M2s_ridge_semcat,nao_se_aplica,188.58333333333331,186.36865005703373
boston,2009,p10,M2s_ridge_semcat,nao_se_aplica,187.4333333333333,186.80371604912793
boston,2010,p10,M2s_ridge_semcat,nao_se_aplica,187.58666666666667,197.3167968611942
boston,2011,p10,M2s_ridge_semcat,nao_se_aplica,186.8,179.8174834999058
boston,2012,p10,M2s_ridge_semcat,nao_se_aplica,203.03333333333333,195.500795859112
boston,2013,p10,M2s_ridge_semcat,nao_se_aplica,181.22833333333327,183.27068074925262
boston,2014,p10,M2s_ridge_semcat,nao_se_aplica,184.78333333333333,183.32185817348818
boston,2015,p10,M2s_ridge_semcat,nao_se_aplica,180.06166666666667,183.46766296455047
boston,2016,p10,M2s_ridge_semcat,nao_se_aplica,188.6833333333333,193.9351905379704
boston,2017,p10,M2s_ridge_semcat,nao_se_aplica,189.18166666666667,198.55399910866103
boston,2018,p10,M2s_ridge_semcat,nao_se_aplica,185.35,156.6111581867296
boston,2019,p10,M2s_ridge_semcat,nao_se_aplica,180.2333333333333,187.80575466076064
chicago,2005,p10,M2s_ridge_semcat,nao_se_aplica,208.26666666666668,215.65000977546669
chicago,2006,p10,M2s_ridge_semcat,nao_se_aplica,204.55,204.16490392467034
chicago,2007,p10,M2s_ridge_semcat,nao_se_aplica,230.4833333333333,236.75157633524842
chicago,2008,p10,M2s_ridge_semcat,nao_se_aplica,219.47333333333333,220.54179662949343
chicago,2009,p10,M2s_ridge_semcat,nao_se_aplica,206.08,197.36551967840438
chicago,2010,p10,M2s_ridge_semcat,nao_se_aplica,214.95,220.66989532964726
chicago,2011,p10,M2s_ridge_semcat,nao_se_aplica,213.9833333333333,217.18724765187787
chicago,2012,p10,M2s_ridge_semcat,nao_se_aplica,208.13333333333333,206.12446392067284
chicago,2013,p10,M2s_ridge_semcat,nao_se_aplica,208.6,210.12027864365223
chicago,2014,p10,M2s_ridge_semcat,nao_se_aplica,206.61666666666667,203.19514084448417
chicago,2015,p10,M2s_ridge_semcat,nao_se_aplica,207.51666666666668,206.0435192479226
chicago,2016,p10,M2s_ridge_semcat,nao_se_aplica,207.08333333333331,210.43349729307346
chicago,2017,p10,M2s_ridge_semcat,nao_se_aplica,211.21666666666667,210.70407661157694
chicago,2018,p10,M2s_ridge_semcat,nao_se_aplica,204.05,214.18457508590745
chicago,2019,p10,M2s_ridge_semcat,nao_se_aplica,198.275,194.19392184878686
chicago,2022,p10,M2s_ridge_semcat,nao_se_aplica,197.0233333333333,194.05148918852615
chicago,2023,p10,M2s_ridge_semcat,nao_se_aplica,189.16666666666663,208.04736841040526
durban,2022,p10,M2s_ridge_semcat,nao_se_aplica,172.715,211.96459646189024
durban,2024,p10,M2s_ridge_semcat,nao_se_aplica,178.435,202.79099283482032
durban,2025,p10,M2s_ridge_semcat,nao_se_aplica,190.19666666666663,195.45406723332027
honolulu,2005,p10,M2s_ridge_semcat,nao_se_aplica,244.23,265.24075625165017
honolulu,2006,p10,M2s_ridge_semcat,nao_se_aplica,248.12333333333336,252.17967274477132
honolulu,2007,p10,M2s_ridge_semcat,nao_se_aplica,250.9,257.7739490083102
honolulu,2008,p10,M2s_ridge_semcat,nao_se_aplica,250.04333333333332,253.5014092926802
honolulu,2009,p10,M2s_ridge_semcat,nao_se_aplica,247.7333333333333,250.94925545358112
honolulu,2010,p10,M2s_ridge_semcat,nao_se_aplica,252.80666666666667,255.68892173132645
honolulu,2011,p10,M2s_ridge_semcat,nao_se_aplica,250.38666666666668,247.6279082475653
honolulu,2012,p10,M2s_ridge_semcat,nao_se_aplica,254.75,255.82190984077434
honolulu,2013,p10,M2s_ridge_semcat,nao_se_aplica,259.3333333333333,253.30418173361392
honolulu,2014,p10,M2s_ridge_semcat,nao_se_aplica,254.2,253.33169368712123
honolulu,2015,p10,M2s_ridge_semcat,nao_se_aplica,262.9,250.53266125106433
honolulu,2016,p10,M2s_ridge_semcat,nao_se_aplica,263.925,250.6591052406278
honolulu,2017,p10,M2s_ridge_semcat,nao_se_aplica,260.9333333333333,247.39760572424265
honolulu,2018,p10,M2s_ridge_semcat,nao_se_aplica,265.81666666666666,238.7752459603293
honolulu,2019,p10,M2s_ridge_semcat,nao_se_aplica,266.63666666666666,244.3645926062505
long_beach,2010,p10,M2s_ridge_semcat,nao_se_aplica,222.5,218.86292983587822
long_beach,2011,p10,M2s_ridge_semcat,nao_se_aplica,224.55666666666667,214.48554397092204
long_beach,2012,p10,M2s_ridge_semcat,nao_se_aplica,228.29666666666668,217.31055061757348
long_beach,2013,p10,M2s_ridge_semcat,nao_se_aplica,217.44166666666663,216.0567146348268
long_beach,2014,p10,M2s_ridge_semcat,nao_se_aplica,222.60833333333332,216.3914338637527
long_beach,2015,p10,M2s_ridge_semcat,nao_se_aplica,233.96833333333333,223.76540892153616
long_beach,2016,p10,M2s_ridge_semcat,nao_se_aplica,216.85,212.50878173149934
long_beach,2017,p10,M2s_ridge_semcat,nao_se_aplica,220.58333333333331,207.77937843112034
long_beach,2018,p10,M2s_ridge_semcat,nao_se_aplica,220.70666666666668,207.33071956322806
long_beach,2019,p10,M2s_ridge_semcat,nao_se_aplica,216.04666666666665,204.13730600608207
maui,2010,p10,M2s_ridge_semcat,nao_se_aplica,232.64666666666668,242.843027750966
maui,2011,p10,M2s_ridge_semcat,nao_se_aplica,233.88,235.20194239750126
maui,2012,p10,M2s_ridge_semcat,nao_se_aplica,227.85666666666663,229.70776544934947
maui,2013,p10,M2s_ridge_semcat,nao_se_aplica,235.15,233.2576701879186
maui,2014,p10,M2s_ridge_semcat,nao_se_aplica,239.25666666666663,256.52476011465
nyc,2005,p10,M2s_ridge_semcat,nao_se_aplica,217.06166666666667,218.15503229856668
nyc,2006,p10,M2s_ridge_semcat,nao_se_aplica,208.05,208.42991729680506
nyc,2007,p10,M2s_ridge_semcat,nao_se_aplica,208.8,215.95397433168714
nyc,2008,p10,M2s_ridge_semcat,nao_se_aplica,205.88333333333333,206.2927110216475
nyc,2009,p10,M2s_ridge_semcat,nao_se_aplica,206.47166666666664,217.26128035012715
nyc,2010,p10,M2s_ridge_semcat,nao_se_aplica,208.07333333333332,204.33287858127494
nyc,2011,p10,M2s_ridge_semcat,nao_se_aplica,207.0283333333333,205.18273375656102
nyc,2013,p10,M2s_ridge_semcat,nao_se_aplica,210.60666666666668,209.44009623493162
nyc,2014,p10,M2s_ridge_semcat,nao_se_aplica,213.27166666666668,201.67378334604103
nyc,2015,p10,M2s_ridge_semcat,nao_se_aplica,214.6,213.5375972285049
nyc,2016,p10,M2s_ridge_semcat,nao_se_aplica,213.21666666666667,213.0727762062968
nyc,2017,p10,M2s_ridge_semcat,nao_se_aplica,211.06666666666663,217.5595159286061
nyc,2018,p10,M2s_ridge_semcat,nao_se_aplica,209.68833333333333,206.3791773478866
nyc,2019,p10,M2s_ridge_semcat,nao_se_aplica,206.81666666666663,202.94252497893567
nyc,2022,p10,M2s_ridge_semcat,nao_se_aplica,218.76666666666668,218.2771089465094
nyc,2023,p10,M2s_ridge_semcat,nao_se_aplica,207.58333333333331,207.70475363048277
nyc,2024,p10,M2s_ridge_semcat,nao_se_aplica,201.9,201.94973237568712
rio,2023,p10,M2s_ridge_semcat,nao_se_aplica,203.44333333333333,223.5926590663557
rio,2024,p10,M2s_ridge_semcat,nao_se_aplica,201.26833333333332,221.77507681154276
rio,2025,p10,M2s_ridge_semcat,nao_se_aplica,204.92666666666668,225.4227984278567
savannah,2011,p10,M2s_ridge_semcat,nao_se_aplica,217.8583333333333,219.67385450519242
savannah,2012,p10,M2s_ridge_semcat,nao_se_aplica,218.7083333333333,217.72578312595456
savannah,2013,p10,M2s_ridge_semcat,nao_se_aplica,218.63,219.93125248144372
savannah,2014,p10,M2s_ridge_semcat,nao_se_aplica,219.40666666666667,219.96576295642038
savannah,2015,p10,M2s_ridge_semcat,nao_se_aplica,210.08333333333331,246.2016168078361
savannah,2016,p10,M2s_ridge_semcat,nao_se_aplica,226.24666666666667,218.02377428853984
savannah,2017,p10,M2s_ridge_semcat,nao_se_aplica,232.57666666666668,216.45559670386865
savannah,2018,p10,M2s_ridge_semcat,nao_se_aplica,216.58,206.84102951510607
savannah,2019,p10,M2s_ridge_semcat,nao_se_aplica,220.29666666666665,215.44590738694532
singapore,2014,p10,M2s_ridge_semcat,nao_se_aplica,268.43333333333334,253.72241325769488
singapore,2015,p10,M2s_ridge_semcat,nao_se_aplica,271.78000000000003,252.15901412334307
singapore,2016,p10,M2s_ridge_semcat,nao_se_aplica,262.2683333333333,254.5642042896843
singapore,2017,p10,M2s_ridge_semcat,nao_se_aplica,262.8066666666667,254.47545593006598
singapore,2018,p10,M2s_ridge_semcat,nao_se_aplica,259.71666666666664,251.29624234058042
singapore,2019,p10,M2s_ridge_semcat,nao_se_aplica,269.0566666666666,252.89360442083728
singapore,2022,p10,M2s_ridge_semcat,nao_se_aplica,238.2,249.20472778144494
singapore,2023,p10,M2s_ridge_semcat,nao_se_aplica,246.69666666666663,248.36232498820482
berlin,2005,p10,M4s_hist_gbm_semcat,nao_se_aplica,199.36666666666667,200.71317927674565
berlin,2006,p10,M4s_hist_gbm_semcat,nao_se_aplica,203.75333333333336,198.29738517724434
berlin,2007,p10,M4s_hist_gbm_semcat,nao_se_aplica,197.9,196.893292443454
berlin,2008,p10,M4s_hist_gbm_semcat,nao_se_aplica,196.81833333333333,197.24462098662792
berlin,2009,p10,M4s_hist_gbm_semcat,nao_se_aplica,200.6,201.5227802350918
berlin,2010,p10,M4s_hist_gbm_semcat,nao_se_aplica,197.1,191.85872877414312
berlin,2011,p10,M4s_hist_gbm_semcat,nao_se_aplica,198.0,197.47438108253775
berlin,2012,p10,M4s_hist_gbm_semcat,nao_se_aplica,196.2333333333333,195.5603573406974
berlin,2013,p10,M4s_hist_gbm_semcat,nao_se_aplica,195.5,191.76442775954018
berlin,2014,p10,M4s_hist_gbm_semcat,nao_se_aplica,195.6833333333333,197.09295581410117
berlin,2015,p10,M4s_hist_gbm_semcat,nao_se_aplica,193.76666666666668,196.13340734563732
berlin,2016,p10,M4s_hist_gbm_semcat,nao_se_aplica,196.36666666666667,198.55918198001228
berlin,2017,p10,M4s_hist_gbm_semcat,nao_se_aplica,196.56833333333333,194.54270057252447
berlin,2018,p10,M4s_hist_gbm_semcat,nao_se_aplica,198.165,194.33432723859542
berlin,2019,p10,M4s_hist_gbm_semcat,nao_se_aplica,192.83333333333331,195.42007544982133
boston,2005,p10,M4s_hist_gbm_semcat,nao_se_aplica,194.045,193.65876188626814
boston,2006,p10,M4s_hist_gbm_semcat,nao_se_aplica,188.60166666666663,192.42816365450827
boston,2007,p10,M4s_hist_gbm_semcat,nao_se_aplica,191.035,184.80723260126607
boston,2008,p10,M4s_hist_gbm_semcat,nao_se_aplica,188.58333333333331,192.45561204994124
boston,2009,p10,M4s_hist_gbm_semcat,nao_se_aplica,187.4333333333333,188.58180571079268
boston,2010,p10,M4s_hist_gbm_semcat,nao_se_aplica,187.58666666666667,192.00129200858365
boston,2011,p10,M4s_hist_gbm_semcat,nao_se_aplica,186.8,184.75454614448844
boston,2012,p10,M4s_hist_gbm_semcat,nao_se_aplica,203.03333333333333,198.03859111500734
boston,2013,p10,M4s_hist_gbm_semcat,nao_se_aplica,181.22833333333327,187.25437201470115
boston,2014,p10,M4s_hist_gbm_semcat,nao_se_aplica,184.78333333333333,189.07958985474127
boston,2015,p10,M4s_hist_gbm_semcat,nao_se_aplica,180.06166666666667,182.65091928231442
boston,2016,p10,M4s_hist_gbm_semcat,nao_se_aplica,188.6833333333333,189.02653799633407
boston,2017,p10,M4s_hist_gbm_semcat,nao_se_aplica,189.18166666666667,188.18320501318235
boston,2018,p10,M4s_hist_gbm_semcat,nao_se_aplica,185.35,182.17930122045962
boston,2019,p10,M4s_hist_gbm_semcat,nao_se_aplica,180.2333333333333,192.34995303885944
chicago,2005,p10,M4s_hist_gbm_semcat,nao_se_aplica,208.26666666666668,207.22656047026135
chicago,2006,p10,M4s_hist_gbm_semcat,nao_se_aplica,204.55,209.7943683506721
chicago,2007,p10,M4s_hist_gbm_semcat,nao_se_aplica,230.4833333333333,235.18289749166735
chicago,2008,p10,M4s_hist_gbm_semcat,nao_se_aplica,219.47333333333333,214.51914119477573
chicago,2009,p10,M4s_hist_gbm_semcat,nao_se_aplica,206.08,206.94608377690855
chicago,2010,p10,M4s_hist_gbm_semcat,nao_se_aplica,214.95,215.30394926137893
chicago,2011,p10,M4s_hist_gbm_semcat,nao_se_aplica,213.9833333333333,214.34211717132723
chicago,2012,p10,M4s_hist_gbm_semcat,nao_se_aplica,208.13333333333333,205.6842515199239
chicago,2013,p10,M4s_hist_gbm_semcat,nao_se_aplica,208.6,208.06199510373955
chicago,2014,p10,M4s_hist_gbm_semcat,nao_se_aplica,206.61666666666667,207.21812428643003
chicago,2015,p10,M4s_hist_gbm_semcat,nao_se_aplica,207.51666666666668,209.988456897831
chicago,2016,p10,M4s_hist_gbm_semcat,nao_se_aplica,207.08333333333331,207.65317632873564
chicago,2017,p10,M4s_hist_gbm_semcat,nao_se_aplica,211.21666666666667,215.09609884047737
chicago,2018,p10,M4s_hist_gbm_semcat,nao_se_aplica,204.05,209.668315384528
chicago,2019,p10,M4s_hist_gbm_semcat,nao_se_aplica,198.275,206.06648981858766
chicago,2022,p10,M4s_hist_gbm_semcat,nao_se_aplica,197.0233333333333,192.9264172899427
chicago,2023,p10,M4s_hist_gbm_semcat,nao_se_aplica,189.16666666666663,202.14225150903124
durban,2022,p10,M4s_hist_gbm_semcat,nao_se_aplica,172.715,210.3369973184615
durban,2024,p10,M4s_hist_gbm_semcat,nao_se_aplica,178.435,205.79451590772953
durban,2025,p10,M4s_hist_gbm_semcat,nao_se_aplica,190.19666666666663,202.00616334302418
honolulu,2005,p10,M4s_hist_gbm_semcat,nao_se_aplica,244.23,254.3670460416659
honolulu,2006,p10,M4s_hist_gbm_semcat,nao_se_aplica,248.12333333333336,235.30909981742292
honolulu,2007,p10,M4s_hist_gbm_semcat,nao_se_aplica,250.9,253.0400369965045
honolulu,2008,p10,M4s_hist_gbm_semcat,nao_se_aplica,250.04333333333332,254.82045612386096
honolulu,2009,p10,M4s_hist_gbm_semcat,nao_se_aplica,247.7333333333333,237.6292737403742
honolulu,2010,p10,M4s_hist_gbm_semcat,nao_se_aplica,252.80666666666667,249.497449286469
honolulu,2011,p10,M4s_hist_gbm_semcat,nao_se_aplica,250.38666666666668,245.7456116557117
honolulu,2012,p10,M4s_hist_gbm_semcat,nao_se_aplica,254.75,256.9061958407249
honolulu,2013,p10,M4s_hist_gbm_semcat,nao_se_aplica,259.3333333333333,263.16228853685794
honolulu,2014,p10,M4s_hist_gbm_semcat,nao_se_aplica,254.2,262.47571805747606
honolulu,2015,p10,M4s_hist_gbm_semcat,nao_se_aplica,262.9,252.23575467674706
honolulu,2016,p10,M4s_hist_gbm_semcat,nao_se_aplica,263.925,260.7499657345412
honolulu,2017,p10,M4s_hist_gbm_semcat,nao_se_aplica,260.9333333333333,256.96116405634524
honolulu,2018,p10,M4s_hist_gbm_semcat,nao_se_aplica,265.81666666666666,256.65912573424424
honolulu,2019,p10,M4s_hist_gbm_semcat,nao_se_aplica,266.63666666666666,249.37081239951453
long_beach,2010,p10,M4s_hist_gbm_semcat,nao_se_aplica,222.5,220.64615299788085
long_beach,2011,p10,M4s_hist_gbm_semcat,nao_se_aplica,224.55666666666667,218.30535049628
long_beach,2012,p10,M4s_hist_gbm_semcat,nao_se_aplica,228.29666666666668,220.22392584852818
long_beach,2013,p10,M4s_hist_gbm_semcat,nao_se_aplica,217.44166666666663,220.2879505091945
long_beach,2014,p10,M4s_hist_gbm_semcat,nao_se_aplica,222.60833333333332,223.30194953241605
long_beach,2015,p10,M4s_hist_gbm_semcat,nao_se_aplica,233.96833333333333,230.91753997058882
long_beach,2016,p10,M4s_hist_gbm_semcat,nao_se_aplica,216.85,223.38681341364992
long_beach,2017,p10,M4s_hist_gbm_semcat,nao_se_aplica,220.58333333333331,219.45310121360492
long_beach,2018,p10,M4s_hist_gbm_semcat,nao_se_aplica,220.70666666666668,212.9344668468522
long_beach,2019,p10,M4s_hist_gbm_semcat,nao_se_aplica,216.04666666666665,216.84757507247338
maui,2010,p10,M4s_hist_gbm_semcat,nao_se_aplica,232.64666666666668,233.48425040722879
maui,2011,p10,M4s_hist_gbm_semcat,nao_se_aplica,233.88,229.37368806948703
maui,2012,p10,M4s_hist_gbm_semcat,nao_se_aplica,227.85666666666663,232.20853652985983
maui,2013,p10,M4s_hist_gbm_semcat,nao_se_aplica,235.15,234.29764523651826
maui,2014,p10,M4s_hist_gbm_semcat,nao_se_aplica,239.25666666666663,235.86966109760812
nyc,2005,p10,M4s_hist_gbm_semcat,nao_se_aplica,217.06166666666667,210.7734537043254
nyc,2006,p10,M4s_hist_gbm_semcat,nao_se_aplica,208.05,210.1631597946613
nyc,2007,p10,M4s_hist_gbm_semcat,nao_se_aplica,208.8,208.26152042712891
nyc,2008,p10,M4s_hist_gbm_semcat,nao_se_aplica,205.88333333333333,207.7886821047442
nyc,2009,p10,M4s_hist_gbm_semcat,nao_se_aplica,206.47166666666664,209.9379321916253
nyc,2010,p10,M4s_hist_gbm_semcat,nao_se_aplica,208.07333333333332,208.16319964459618
nyc,2011,p10,M4s_hist_gbm_semcat,nao_se_aplica,207.0283333333333,207.35823784301522
nyc,2013,p10,M4s_hist_gbm_semcat,nao_se_aplica,210.60666666666668,209.87515639310263
nyc,2014,p10,M4s_hist_gbm_semcat,nao_se_aplica,213.27166666666668,208.13803978865113
nyc,2015,p10,M4s_hist_gbm_semcat,nao_se_aplica,214.6,211.1364970689884
nyc,2016,p10,M4s_hist_gbm_semcat,nao_se_aplica,213.21666666666667,208.22835911314493
nyc,2017,p10,M4s_hist_gbm_semcat,nao_se_aplica,211.06666666666663,212.73199294699222
nyc,2018,p10,M4s_hist_gbm_semcat,nao_se_aplica,209.68833333333333,207.9487753904132
nyc,2019,p10,M4s_hist_gbm_semcat,nao_se_aplica,206.81666666666663,207.33660741251208
nyc,2022,p10,M4s_hist_gbm_semcat,nao_se_aplica,218.76666666666668,235.5264796613061
nyc,2023,p10,M4s_hist_gbm_semcat,nao_se_aplica,207.58333333333331,202.95397766611376
nyc,2024,p10,M4s_hist_gbm_semcat,nao_se_aplica,201.9,201.09683124389971
rio,2023,p10,M4s_hist_gbm_semcat,nao_se_aplica,203.44333333333333,198.93789769902992
rio,2024,p10,M4s_hist_gbm_semcat,nao_se_aplica,201.26833333333332,205.80325919286102
rio,2025,p10,M4s_hist_gbm_semcat,nao_se_aplica,204.92666666666668,221.96724122105704
savannah,2011,p10,M4s_hist_gbm_semcat,nao_se_aplica,217.8583333333333,213.87110694410984
savannah,2012,p10,M4s_hist_gbm_semcat,nao_se_aplica,218.7083333333333,221.03249395539314
savannah,2013,p10,M4s_hist_gbm_semcat,nao_se_aplica,218.63,219.02280156685276
savannah,2014,p10,M4s_hist_gbm_semcat,nao_se_aplica,219.40666666666667,219.69348637869314
savannah,2015,p10,M4s_hist_gbm_semcat,nao_se_aplica,210.08333333333331,245.67271743743916
savannah,2016,p10,M4s_hist_gbm_semcat,nao_se_aplica,226.24666666666667,221.54887076991946
savannah,2017,p10,M4s_hist_gbm_semcat,nao_se_aplica,232.57666666666668,218.58546313250363
savannah,2018,p10,M4s_hist_gbm_semcat,nao_se_aplica,216.58,216.08117447259727
savannah,2019,p10,M4s_hist_gbm_semcat,nao_se_aplica,220.29666666666665,214.35780022652386
singapore,2014,p10,M4s_hist_gbm_semcat,nao_se_aplica,268.43333333333334,258.3199963656389
singapore,2015,p10,M4s_hist_gbm_semcat,nao_se_aplica,271.78000000000003,252.90341606555322
singapore,2016,p10,M4s_hist_gbm_semcat,nao_se_aplica,262.2683333333333,264.0297447125005
singapore,2017,p10,M4s_hist_gbm_semcat,nao_se_aplica,262.8066666666667,267.8768869713243
singapore,2018,p10,M4s_hist_gbm_semcat,nao_se_aplica,259.71666666666664,256.3539914833365
singapore,2019,p10,M4s_hist_gbm_semcat,nao_se_aplica,269.0566666666666,255.07852743998632
singapore,2022,p10,M4s_hist_gbm_semcat,nao_se_aplica,238.2,257.80952148421056
singapore,2023,p10,M4s_hist_gbm_semcat,nao_se_aplica,246.69666666666663,261.69057957213334
berlin,2005,p10,M2ai_ridge_anom_cat,mediana,199.36666666666667,200.4416129569509
berlin,2006,p10,M2ai_ridge_anom_cat,mediana,203.75333333333336,201.6382089212108
berlin,2007,p10,M2ai_ridge_anom_cat,mediana,197.9,196.64760678632103
berlin,2008,p10,M2ai_ridge_anom_cat,mediana,196.81833333333333,197.41502875949539
berlin,2009,p10,M2ai_ridge_anom_cat,mediana,200.6,200.87250845891072
berlin,2010,p10,M2ai_ridge_anom_cat,mediana,197.1,192.77444401942475
berlin,2011,p10,M2ai_ridge_anom_cat,mediana,198.0,199.5211748323016
berlin,2012,p10,M2ai_ridge_anom_cat,mediana,196.2333333333333,196.7127261858838
berlin,2013,p10,M2ai_ridge_anom_cat,mediana,195.5,197.36141669025218
berlin,2014,p10,M2ai_ridge_anom_cat,mediana,195.6833333333333,198.71286340481385
berlin,2015,p10,M2ai_ridge_anom_cat,mediana,193.76666666666668,197.96472362125414
berlin,2016,p10,M2ai_ridge_anom_cat,mediana,196.36666666666667,200.58099301752245
berlin,2017,p10,M2ai_ridge_anom_cat,mediana,196.56833333333333,198.88847115517123
berlin,2018,p10,M2ai_ridge_anom_cat,mediana,198.165,197.49566683502454
berlin,2019,p10,M2ai_ridge_anom_cat,mediana,192.83333333333331,195.55047817916238
boston,2005,p10,M2ai_ridge_anom_cat,mediana,194.045,189.34629808396815
boston,2006,p10,M2ai_ridge_anom_cat,mediana,188.60166666666663,187.4046961702761
boston,2007,p10,M2ai_ridge_anom_cat,mediana,191.035,185.29279574095764
boston,2008,p10,M2ai_ridge_anom_cat,mediana,188.58333333333331,188.54875925339545
boston,2009,p10,M2ai_ridge_anom_cat,mediana,187.4333333333333,186.45506051581307
boston,2010,p10,M2ai_ridge_anom_cat,mediana,187.58666666666667,185.69986579981727
boston,2011,p10,M2ai_ridge_anom_cat,mediana,186.8,187.90372400918938
boston,2012,p10,M2ai_ridge_anom_cat,mediana,203.03333333333333,191.33729678327975
boston,2013,p10,M2ai_ridge_anom_cat,mediana,181.22833333333327,188.43660388832532
boston,2014,p10,M2ai_ridge_anom_cat,mediana,184.78333333333333,189.66541213524644
boston,2015,p10,M2ai_ridge_anom_cat,mediana,180.06166666666667,183.64686371622122
boston,2016,p10,M2ai_ridge_anom_cat,mediana,188.6833333333333,188.72930173755753
boston,2017,p10,M2ai_ridge_anom_cat,mediana,189.18166666666667,189.53802129766578
boston,2018,p10,M2ai_ridge_anom_cat,mediana,185.35,169.77561187620182
boston,2019,p10,M2ai_ridge_anom_cat,mediana,180.2333333333333,187.66126747417016
chicago,2005,p10,M2ai_ridge_anom_cat,mediana,208.26666666666668,208.94817559911567
chicago,2006,p10,M2ai_ridge_anom_cat,mediana,204.55,202.90718994662015
chicago,2007,p10,M2ai_ridge_anom_cat,mediana,230.4833333333333,210.55280299491363
chicago,2008,p10,M2ai_ridge_anom_cat,mediana,219.47333333333333,212.6571395288022
chicago,2009,p10,M2ai_ridge_anom_cat,mediana,206.08,204.1794874400907
chicago,2010,p10,M2ai_ridge_anom_cat,mediana,214.95,212.18428217790358
chicago,2011,p10,M2ai_ridge_anom_cat,mediana,213.9833333333333,211.35405855187153
chicago,2012,p10,M2ai_ridge_anom_cat,mediana,208.13333333333333,203.8121215337351
chicago,2013,p10,M2ai_ridge_anom_cat,mediana,208.6,207.64930352498087
chicago,2014,p10,M2ai_ridge_anom_cat,mediana,206.61666666666667,207.70312503041404
chicago,2015,p10,M2ai_ridge_anom_cat,mediana,207.51666666666668,209.73448491534705
chicago,2016,p10,M2ai_ridge_anom_cat,mediana,207.08333333333331,208.6765172986187
chicago,2017,p10,M2ai_ridge_anom_cat,mediana,211.21666666666667,209.83615167183814
chicago,2018,p10,M2ai_ridge_anom_cat,mediana,204.05,204.04964000516026
chicago,2019,p10,M2ai_ridge_anom_cat,mediana,198.275,204.1314706592078
chicago,2022,p10,M2ai_ridge_anom_cat,mediana,197.0233333333333,208.667772024083
chicago,2023,p10,M2ai_ridge_anom_cat,mediana,189.16666666666663,204.9444590213969
durban,2022,p10,M2ai_ridge_anom_cat,mediana,172.715,183.1849990703723
durban,2024,p10,M2ai_ridge_anom_cat,mediana,178.435,182.4406014016112
durban,2025,p10,M2ai_ridge_anom_cat,mediana,190.19666666666663,175.18383123687875
honolulu,2005,p10,M2ai_ridge_anom_cat,mediana,244.23,257.9897175275376
honolulu,2006,p10,M2ai_ridge_anom_cat,mediana,248.12333333333336,257.9214788474305
honolulu,2007,p10,M2ai_ridge_anom_cat,mediana,250.9,256.2638141705262
honolulu,2008,p10,M2ai_ridge_anom_cat,mediana,250.04333333333332,254.323013660757
honolulu,2009,p10,M2ai_ridge_anom_cat,mediana,247.7333333333333,257.3981833751866
honolulu,2010,p10,M2ai_ridge_anom_cat,mediana,252.80666666666667,255.7119640288295
honolulu,2011,p10,M2ai_ridge_anom_cat,mediana,250.38666666666668,255.643678240026
honolulu,2012,p10,M2ai_ridge_anom_cat,mediana,254.75,256.18991401860114
honolulu,2013,p10,M2ai_ridge_anom_cat,mediana,259.3333333333333,255.72611650785228
honolulu,2014,p10,M2ai_ridge_anom_cat,mediana,254.2,255.37383235405443
honolulu,2015,p10,M2ai_ridge_anom_cat,mediana,262.9,254.8409947740529
honolulu,2016,p10,M2ai_ridge_anom_cat,mediana,263.925,254.53435510741286
honolulu,2017,p10,M2ai_ridge_anom_cat,mediana,260.9333333333333,254.74692964575365
honolulu,2018,p10,M2ai_ridge_anom_cat,mediana,265.81666666666666,254.30770210528706
honolulu,2019,p10,M2ai_ridge_anom_cat,mediana,266.63666666666666,253.98827972347473
long_beach,2010,p10,M2ai_ridge_anom_cat,mediana,222.5,220.7651855470213
long_beach,2011,p10,M2ai_ridge_anom_cat,mediana,224.55666666666667,221.62194613585925
long_beach,2012,p10,M2ai_ridge_anom_cat,mediana,228.29666666666668,221.85734850176735
long_beach,2013,p10,M2ai_ridge_anom_cat,mediana,217.44166666666663,221.5376697091383
long_beach,2014,p10,M2ai_ridge_anom_cat,mediana,222.60833333333332,221.70374766566306
long_beach,2015,p10,M2ai_ridge_anom_cat,mediana,233.96833333333333,223.7523788591597
long_beach,2016,p10,M2ai_ridge_anom_cat,mediana,216.85,223.97153253426652
long_beach,2017,p10,M2ai_ridge_anom_cat,mediana,220.58333333333331,222.17317855933084
long_beach,2018,p10,M2ai_ridge_anom_cat,mediana,220.70666666666668,222.03210907877443
long_beach,2019,p10,M2ai_ridge_anom_cat,mediana,216.04666666666665,221.39555320328253
maui,2010,p10,M2ai_ridge_anom_cat,mediana,232.64666666666668,235.6142072106743
maui,2011,p10,M2ai_ridge_anom_cat,mediana,233.88,235.80705281481875
maui,2012,p10,M2ai_ridge_anom_cat,mediana,227.85666666666663,236.2339095831352
maui,2013,p10,M2ai_ridge_anom_cat,mediana,235.15,234.74808162562192
maui,2014,p10,M2ai_ridge_anom_cat,mediana,239.25666666666663,232.6133888034151
nyc,2005,p10,M2ai_ridge_anom_cat,mediana,217.06166666666667,211.87279613286682
nyc,2006,p10,M2ai_ridge_anom_cat,mediana,208.05,208.9946707407911
nyc,2007,p10,M2ai_ridge_anom_cat,mediana,208.8,208.91122998809132
nyc,2008,p10,M2ai_ridge_anom_cat,mediana,205.88333333333333,207.8276121696538
nyc,2009,p10,M2ai_ridge_anom_cat,mediana,206.47166666666664,210.04098766725087
nyc,2010,p10,M2ai_ridge_anom_cat,mediana,208.07333333333332,207.40352485639727
nyc,2011,p10,M2ai_ridge_anom_cat,mediana,207.0283333333333,208.42834265971788
nyc,2013,p10,M2ai_ridge_anom_cat,mediana,210.60666666666668,207.64190168852468
nyc,2014,p10,M2ai_ridge_anom_cat,mediana,213.27166666666668,205.82099599493804
nyc,2015,p10,M2ai_ridge_anom_cat,mediana,214.6,208.63298023126086
nyc,2016,p10,M2ai_ridge_anom_cat,mediana,213.21666666666667,208.72341811752733
nyc,2017,p10,M2ai_ridge_anom_cat,mediana,211.06666666666663,208.52367938036437
nyc,2018,p10,M2ai_ridge_anom_cat,mediana,209.68833333333333,207.70971013607698
nyc,2019,p10,M2ai_ridge_anom_cat,mediana,206.81666666666663,207.28457624156934
nyc,2022,p10,M2ai_ridge_anom_cat,mediana,218.76666666666668,210.02176963077676
nyc,2023,p10,M2ai_ridge_anom_cat,mediana,207.58333333333331,210.39835716231326
nyc,2024,p10,M2ai_ridge_anom_cat,mediana,201.9,207.58798609124563
rio,2023,p10,M2ai_ridge_anom_cat,mediana,203.44333333333333,203.0920092885172
rio,2024,p10,M2ai_ridge_anom_cat,mediana,201.26833333333332,203.61954221803137
rio,2025,p10,M2ai_ridge_anom_cat,mediana,204.92666666666668,201.91987785102373
savannah,2011,p10,M2ai_ridge_anom_cat,mediana,217.8583333333333,219.46380321992413
savannah,2012,p10,M2ai_ridge_anom_cat,mediana,218.7083333333333,221.6054193128071
savannah,2013,p10,M2ai_ridge_anom_cat,mediana,218.63,220.91731904054512
savannah,2014,p10,M2ai_ridge_anom_cat,mediana,219.40666666666667,220.05191129735232
savannah,2015,p10,M2ai_ridge_anom_cat,mediana,210.08333333333331,222.0173857952402
savannah,2016,p10,M2ai_ridge_anom_cat,mediana,226.24666666666667,219.74791760547058
savannah,2017,p10,M2ai_ridge_anom_cat,mediana,232.57666666666668,220.8197834254433
savannah,2018,p10,M2ai_ridge_anom_cat,mediana,216.58,219.30176055479015
savannah,2019,p10,M2ai_ridge_anom_cat,mediana,220.29666666666665,216.1552387853054
singapore,2014,p10,M2ai_ridge_anom_cat,mediana,268.43333333333334,261.37792539866086
singapore,2015,p10,M2ai_ridge_anom_cat,mediana,271.78000000000003,261.67183643047986
singapore,2016,p10,M2ai_ridge_anom_cat,mediana,262.2683333333333,262.5517769752907
singapore,2017,p10,M2ai_ridge_anom_cat,mediana,262.8066666666667,261.44860555110006
singapore,2018,p10,M2ai_ridge_anom_cat,mediana,259.71666666666664,261.65057746267354
singapore,2019,p10,M2ai_ridge_anom_cat,mediana,269.0566666666666,255.41521294957732
singapore,2022,p10,M2ai_ridge_anom_cat,mediana,238.2,263.0239184168226
singapore,2023,p10,M2ai_ridge_anom_cat,mediana,246.69666666666663,261.45154176637936
berlin,2005,p10,M4ai_hist_gbm_anom_cat,mediana,199.36666666666667,201.73662488385418
berlin,2006,p10,M4ai_hist_gbm_anom_cat,mediana,203.75333333333336,208.52249286431328
berlin,2007,p10,M4ai_hist_gbm_anom_cat,mediana,197.9,198.31588147109738
berlin,2008,p10,M4ai_hist_gbm_anom_cat,mediana,196.81833333333333,196.00963751785437
berlin,2009,p10,M4ai_hist_gbm_anom_cat,mediana,200.6,199.5639643221809
berlin,2010,p10,M4ai_hist_gbm_anom_cat,mediana,197.1,191.85408336741858
berlin,2011,p10,M4ai_hist_gbm_anom_cat,mediana,198.0,198.8639897048389
berlin,2012,p10,M4ai_hist_gbm_anom_cat,mediana,196.2333333333333,195.739462152245
berlin,2013,p10,M4ai_hist_gbm_anom_cat,mediana,195.5,195.3964837943036
berlin,2014,p10,M4ai_hist_gbm_anom_cat,mediana,195.6833333333333,197.91638551115614
berlin,2015,p10,M4ai_hist_gbm_anom_cat,mediana,193.76666666666668,195.65705197973713
berlin,2016,p10,M4ai_hist_gbm_anom_cat,mediana,196.36666666666667,198.2971441019061
berlin,2017,p10,M4ai_hist_gbm_anom_cat,mediana,196.56833333333333,199.53154769621744
berlin,2018,p10,M4ai_hist_gbm_anom_cat,mediana,198.165,194.30603832823354
berlin,2019,p10,M4ai_hist_gbm_anom_cat,mediana,192.83333333333331,195.82665219850014
boston,2005,p10,M4ai_hist_gbm_anom_cat,mediana,194.045,187.57184718327264
boston,2006,p10,M4ai_hist_gbm_anom_cat,mediana,188.60166666666663,186.47610735694204
boston,2007,p10,M4ai_hist_gbm_anom_cat,mediana,191.035,187.26861060794977
boston,2008,p10,M4ai_hist_gbm_anom_cat,mediana,188.58333333333331,187.53418961299408
boston,2009,p10,M4ai_hist_gbm_anom_cat,mediana,187.4333333333333,184.5753304864398
boston,2010,p10,M4ai_hist_gbm_anom_cat,mediana,187.58666666666667,185.79045829798068
boston,2011,p10,M4ai_hist_gbm_anom_cat,mediana,186.8,187.56872365050728
boston,2012,p10,M4ai_hist_gbm_anom_cat,mediana,203.03333333333333,197.706769076609
boston,2013,p10,M4ai_hist_gbm_anom_cat,mediana,181.22833333333327,189.23635413611365
boston,2014,p10,M4ai_hist_gbm_anom_cat,mediana,184.78333333333333,188.77819860982765
boston,2015,p10,M4ai_hist_gbm_anom_cat,mediana,180.06166666666667,185.4143774123981
boston,2016,p10,M4ai_hist_gbm_anom_cat,mediana,188.6833333333333,188.68314002854598
boston,2017,p10,M4ai_hist_gbm_anom_cat,mediana,189.18166666666667,189.9536157414823
boston,2018,p10,M4ai_hist_gbm_anom_cat,mediana,185.35,176.7581578871748
boston,2019,p10,M4ai_hist_gbm_anom_cat,mediana,180.2333333333333,183.86272595275912
chicago,2005,p10,M4ai_hist_gbm_anom_cat,mediana,208.26666666666668,206.62644086888878
chicago,2006,p10,M4ai_hist_gbm_anom_cat,mediana,204.55,206.91636659075576
chicago,2007,p10,M4ai_hist_gbm_anom_cat,mediana,230.4833333333333,216.39153046844277
chicago,2008,p10,M4ai_hist_gbm_anom_cat,mediana,219.47333333333333,213.2309905717532
chicago,2009,p10,M4ai_hist_gbm_anom_cat,mediana,206.08,207.2222450378201
chicago,2010,p10,M4ai_hist_gbm_anom_cat,mediana,214.95,216.96360982954678
chicago,2011,p10,M4ai_hist_gbm_anom_cat,mediana,213.9833333333333,212.99655791457903
chicago,2012,p10,M4ai_hist_gbm_anom_cat,mediana,208.13333333333333,204.02833704206958
chicago,2013,p10,M4ai_hist_gbm_anom_cat,mediana,208.6,207.0657044257466
chicago,2014,p10,M4ai_hist_gbm_anom_cat,mediana,206.61666666666667,206.93156812827746
chicago,2015,p10,M4ai_hist_gbm_anom_cat,mediana,207.51666666666668,206.96015147012943
chicago,2016,p10,M4ai_hist_gbm_anom_cat,mediana,207.08333333333331,207.22456357272418
chicago,2017,p10,M4ai_hist_gbm_anom_cat,mediana,211.21666666666667,211.16226520423302
chicago,2018,p10,M4ai_hist_gbm_anom_cat,mediana,204.05,206.28007714037457
chicago,2019,p10,M4ai_hist_gbm_anom_cat,mediana,198.275,203.84264053780262
chicago,2022,p10,M4ai_hist_gbm_anom_cat,mediana,197.0233333333333,204.785010774549
chicago,2023,p10,M4ai_hist_gbm_anom_cat,mediana,189.16666666666663,201.97683821517006
durban,2022,p10,M4ai_hist_gbm_anom_cat,mediana,172.715,181.86166484765985
durban,2024,p10,M4ai_hist_gbm_anom_cat,mediana,178.435,183.35178162909733
durban,2025,p10,M4ai_hist_gbm_anom_cat,mediana,190.19666666666663,176.1777229107912
honolulu,2005,p10,M4ai_hist_gbm_anom_cat,mediana,244.23,254.79080185694824
honolulu,2006,p10,M4ai_hist_gbm_anom_cat,mediana,248.12333333333336,254.80044259557044
honolulu,2007,p10,M4ai_hist_gbm_anom_cat,mediana,250.9,254.4092982987361
honolulu,2008,p10,M4ai_hist_gbm_anom_cat,mediana,250.04333333333332,249.73201939519006
honolulu,2009,p10,M4ai_hist_gbm_anom_cat,mediana,247.7333333333333,261.7434257505106
honolulu,2010,p10,M4ai_hist_gbm_anom_cat,mediana,252.80666666666667,252.36108623802284
honolulu,2011,p10,M4ai_hist_gbm_anom_cat,mediana,250.38666666666668,256.67746399480905
honolulu,2012,p10,M4ai_hist_gbm_anom_cat,mediana,254.75,256.1038718219226
honolulu,2013,p10,M4ai_hist_gbm_anom_cat,mediana,259.3333333333333,258.84409385323704
honolulu,2014,p10,M4ai_hist_gbm_anom_cat,mediana,254.2,255.93957592060812
honolulu,2015,p10,M4ai_hist_gbm_anom_cat,mediana,262.9,252.30396531180324
honolulu,2016,p10,M4ai_hist_gbm_anom_cat,mediana,263.925,256.2753862022868
honolulu,2017,p10,M4ai_hist_gbm_anom_cat,mediana,260.9333333333333,252.90813698330115
honolulu,2018,p10,M4ai_hist_gbm_anom_cat,mediana,265.81666666666666,258.55237820021995
honolulu,2019,p10,M4ai_hist_gbm_anom_cat,mediana,266.63666666666666,252.11210248475086
long_beach,2010,p10,M4ai_hist_gbm_anom_cat,mediana,222.5,223.4280072879326
long_beach,2011,p10,M4ai_hist_gbm_anom_cat,mediana,224.55666666666667,219.4212572750054
long_beach,2012,p10,M4ai_hist_gbm_anom_cat,mediana,228.29666666666668,220.92981872559017
long_beach,2013,p10,M4ai_hist_gbm_anom_cat,mediana,217.44166666666663,223.28763715473735
long_beach,2014,p10,M4ai_hist_gbm_anom_cat,mediana,222.60833333333332,222.90552636617275
long_beach,2015,p10,M4ai_hist_gbm_anom_cat,mediana,233.96833333333333,231.26042219526963
long_beach,2016,p10,M4ai_hist_gbm_anom_cat,mediana,216.85,225.70188851468328
long_beach,2017,p10,M4ai_hist_gbm_anom_cat,mediana,220.58333333333331,222.39764120402037
long_beach,2018,p10,M4ai_hist_gbm_anom_cat,mediana,220.70666666666668,220.5490963424348
long_beach,2019,p10,M4ai_hist_gbm_anom_cat,mediana,216.04666666666665,222.7652360911097
maui,2010,p10,M4ai_hist_gbm_anom_cat,mediana,232.64666666666668,236.47810818043956
maui,2011,p10,M4ai_hist_gbm_anom_cat,mediana,233.88,232.41043106753324
maui,2012,p10,M4ai_hist_gbm_anom_cat,mediana,227.85666666666663,233.3088194296878
maui,2013,p10,M4ai_hist_gbm_anom_cat,mediana,235.15,235.45589602623332
maui,2014,p10,M4ai_hist_gbm_anom_cat,mediana,239.25666666666663,238.5967067982571
nyc,2005,p10,M4ai_hist_gbm_anom_cat,mediana,217.06166666666667,209.8525007752284
nyc,2006,p10,M4ai_hist_gbm_anom_cat,mediana,208.05,205.94872750914243
nyc,2007,p10,M4ai_hist_gbm_anom_cat,mediana,208.8,209.17325509853484
nyc,2008,p10,M4ai_hist_gbm_anom_cat,mediana,205.88333333333333,207.57431674645474
nyc,2009,p10,M4ai_hist_gbm_anom_cat,mediana,206.47166666666664,209.58201758969219
nyc,2010,p10,M4ai_hist_gbm_anom_cat,mediana,208.07333333333332,206.6958830080766
nyc,2011,p10,M4ai_hist_gbm_anom_cat,mediana,207.0283333333333,206.55934998803602
nyc,2013,p10,M4ai_hist_gbm_anom_cat,mediana,210.60666666666668,210.5038613561283
nyc,2014,p10,M4ai_hist_gbm_anom_cat,mediana,213.27166666666668,209.5485864255795
nyc,2015,p10,M4ai_hist_gbm_anom_cat,mediana,214.6,210.09878780195166
nyc,2016,p10,M4ai_hist_gbm_anom_cat,mediana,213.21666666666667,212.0275349369089
nyc,2017,p10,M4ai_hist_gbm_anom_cat,mediana,211.06666666666663,209.95736140444615
nyc,2018,p10,M4ai_hist_gbm_anom_cat,mediana,209.68833333333333,209.44285434705353
nyc,2019,p10,M4ai_hist_gbm_anom_cat,mediana,206.81666666666663,204.24678290944755
nyc,2022,p10,M4ai_hist_gbm_anom_cat,mediana,218.76666666666668,205.69023053852848
nyc,2023,p10,M4ai_hist_gbm_anom_cat,mediana,207.58333333333331,208.4126336189429
nyc,2024,p10,M4ai_hist_gbm_anom_cat,mediana,201.9,201.59759146035964
rio,2023,p10,M4ai_hist_gbm_anom_cat,mediana,203.44333333333333,202.97598914634315
rio,2024,p10,M4ai_hist_gbm_anom_cat,mediana,201.26833333333332,204.79201797662904
rio,2025,p10,M4ai_hist_gbm_anom_cat,mediana,204.92666666666668,203.0750704499132
savannah,2011,p10,M4ai_hist_gbm_anom_cat,mediana,217.8583333333333,222.11942366323032
savannah,2012,p10,M4ai_hist_gbm_anom_cat,mediana,218.7083333333333,220.74848343598094
savannah,2013,p10,M4ai_hist_gbm_anom_cat,mediana,218.63,218.81168967251418
savannah,2014,p10,M4ai_hist_gbm_anom_cat,mediana,219.40666666666667,220.7338574339887
savannah,2015,p10,M4ai_hist_gbm_anom_cat,mediana,210.08333333333331,226.05893897454365
savannah,2016,p10,M4ai_hist_gbm_anom_cat,mediana,226.24666666666667,219.34166801907844
savannah,2017,p10,M4ai_hist_gbm_anom_cat,mediana,232.57666666666668,219.7562593781516
savannah,2018,p10,M4ai_hist_gbm_anom_cat,mediana,216.58,217.94275710655896
savannah,2019,p10,M4ai_hist_gbm_anom_cat,mediana,220.29666666666665,217.94019219724134
singapore,2014,p10,M4ai_hist_gbm_anom_cat,mediana,268.43333333333334,264.9861164969875
singapore,2015,p10,M4ai_hist_gbm_anom_cat,mediana,271.78000000000003,263.77671290131025
singapore,2016,p10,M4ai_hist_gbm_anom_cat,mediana,262.2683333333333,259.993747263503
singapore,2017,p10,M4ai_hist_gbm_anom_cat,mediana,262.8066666666667,261.1871503052088
singapore,2018,p10,M4ai_hist_gbm_anom_cat,mediana,259.71666666666664,265.0919747815698
singapore,2019,p10,M4ai_hist_gbm_anom_cat,mediana,269.0566666666666,257.2757722760152
singapore,2022,p10,M4ai_hist_gbm_anom_cat,mediana,238.2,258.3751353549933
singapore,2023,p10,M4ai_hist_gbm_anom_cat,mediana,246.69666666666663,253.15926071653863
berlin,2005,p25,M2s_ridge_semcat,nao_se_aplica,221.7,217.98564366674404
berlin,2006,p25,M2s_ridge_semcat,nao_se_aplica,226.03333333333333,230.64425594138027
berlin,2007,p25,M2s_ridge_semcat,nao_se_aplica,218.9333333333333,216.80277847039295
berlin,2008,p25,M2s_ridge_semcat,nao_se_aplica,218.5,203.144317011086
berlin,2009,p25,M2s_ridge_semcat,nao_se_aplica,223.4,217.49875071257213
berlin,2010,p25,M2s_ridge_semcat,nao_se_aplica,217.6833333333333,215.7972450916531
berlin,2011,p25,M2s_ridge_semcat,nao_se_aplica,219.83333333333331,222.50475701266703
berlin,2012,p25,M2s_ridge_semcat,nao_se_aplica,216.91666666666663,214.90807869306937
berlin,2013,p25,M2s_ridge_semcat,nao_se_aplica,216.56666666666663,205.4311943088493
berlin,2014,p25,M2s_ridge_semcat,nao_se_aplica,217.16666666666663,215.58056519133356
berlin,2015,p25,M2s_ridge_semcat,nao_se_aplica,215.96666666666667,215.84001777094477
berlin,2016,p25,M2s_ridge_semcat,nao_se_aplica,220.01666666666668,218.35904744319183
berlin,2017,p25,M2s_ridge_semcat,nao_se_aplica,219.85,219.98127879633506
berlin,2018,p25,M2s_ridge_semcat,nao_se_aplica,223.28333333333333,229.33451179936145
berlin,2019,p25,M2s_ridge_semcat,nao_se_aplica,217.38333333333333,215.67550945127704
boston,2005,p25,M2s_ridge_semcat,nao_se_aplica,211.6833333333333,227.68070858426057
boston,2006,p25,M2s_ridge_semcat,nao_se_aplica,205.53333333333333,206.91016953005342
boston,2007,p25,M2s_ridge_semcat,nao_se_aplica,208.35,194.0770799206046
boston,2008,p25,M2s_ridge_semcat,nao_se_aplica,205.58333333333331,203.84641642961873
boston,2009,p25,M2s_ridge_semcat,nao_se_aplica,204.58333333333331,208.00521624449067
boston,2010,p25,M2s_ridge_semcat,nao_se_aplica,204.74166666666667,203.5473270248663
boston,2011,p25,M2s_ridge_semcat,nao_se_aplica,204.1125,195.1095933950788
boston,2012,p25,M2s_ridge_semcat,nao_se_aplica,224.7,227.43053912690192
boston,2013,p25,M2s_ridge_semcat,nao_se_aplica,199.58333333333331,202.61489478318236
boston,2014,p25,M2s_ridge_semcat,nao_se_aplica,205.56666666666663,197.89893405269973
boston,2015,p25,M2s_ridge_semcat,nao_se_aplica,198.63333333333333,199.67899117643339
boston,2016,p25,M2s_ridge_semcat,nao_se_aplica,206.4333333333333,235.20338881916723
boston,2017,p25,M2s_ridge_semcat,nao_se_aplica,208.31666666666663,207.37850368852074
boston,2018,p25,M2s_ridge_semcat,nao_se_aplica,204.77916666666667,179.53464380351983
boston,2019,p25,M2s_ridge_semcat,nao_se_aplica,200.4333333333333,211.62303395312807
chicago,2005,p25,M2s_ridge_semcat,nao_se_aplica,231.3625,237.84167470597163
chicago,2006,p25,M2s_ridge_semcat,nao_se_aplica,229.29583333333332,229.00986491443288
chicago,2007,p25,M2s_ridge_semcat,nao_se_aplica,260.05,267.9696398554073
chicago,2008,p25,M2s_ridge_semcat,nao_se_aplica,248.3,246.8943883113023
chicago,2009,p25,M2s_ridge_semcat,nao_se_aplica,230.58333333333331,228.863664257247
chicago,2010,p25,M2s_ridge_semcat,nao_se_aplica,243.81666666666663,256.5250286371404
chicago,2011,p25,M2s_ridge_semcat,nao_se_aplica,240.81666666666663,253.5061881890447
chicago,2012,p25,M2s_ridge_semcat,nao_se_aplica,232.88333333333333,240.49397672897632
chicago,2013,p25,M2s_ridge_semcat,nao_se_aplica,233.81666666666663,238.82846378863235
chicago,2014,p25,M2s_ridge_semcat,nao_se_aplica,232.71666666666667,228.55563486748486
chicago,2015,p25,M2s_ridge_semcat,nao_se_aplica,234.21666666666667,238.30391466664744
chicago,2016,p25,M2s_ridge_semcat,nao_se_aplica,232.76666666666668,241.42663306860632
chicago,2017,p25,M2s_ridge_semcat,nao_se_aplica,240.35,244.75186298047095
chicago,2018,p25,M2s_ridge_semcat,nao_se_aplica,230.61666666666667,241.27744656654727
chicago,2019,p25,M2s_ridge_semcat,nao_se_aplica,225.61666666666667,221.85460246649018
chicago,2022,p25,M2s_ridge_semcat,nao_se_aplica,223.9,216.96927369564554
chicago,2023,p25,M2s_ridge_semcat,nao_se_aplica,215.2,241.13323687987722
durban,2022,p25,M2s_ridge_semcat,nao_se_aplica,200.7625,239.44856948491892
durban,2024,p25,M2s_ridge_semcat,nao_se_aplica,210.94166666666663,225.1837127935693
durban,2025,p25,M2s_ridge_semcat,nao_se_aplica,220.0583333333333,215.54269059751658
honolulu,2005,p25,M2s_ridge_semcat,nao_se_aplica,284.68333333333334,308.2836398834126
honolulu,2006,p25,M2s_ridge_semcat,nao_se_aplica,287.4166666666667,291.1388638555613
honolulu,2007,p25,M2s_ridge_semcat,nao_se_aplica,292.3833333333333,304.55569077449036
honolulu,2008,p25,M2s_ridge_semcat,nao_se_aplica,289.68333333333334,293.96990586827286
honolulu,2009,p25,M2s_ridge_semcat,nao_se_aplica,288.65,291.4196681646809
honolulu,2010,p25,M2s_ridge_semcat,nao_se_aplica,294.3416666666667,294.57340552817476
honolulu,2011,p25,M2s_ridge_semcat,nao_se_aplica,290.3416666666667,284.1994996298178
honolulu,2012,p25,M2s_ridge_semcat,nao_se_aplica,294.62916666666666,301.5372439056697
honolulu,2013,p25,M2s_ridge_semcat,nao_se_aplica,306.51666666666665,300.15501793175264
honolulu,2014,p25,M2s_ridge_semcat,nao_se_aplica,294.375,300.28296513626367
honolulu,2015,p25,M2s_ridge_semcat,nao_se_aplica,309.4166666666667,292.8854445461425
honolulu,2016,p25,M2s_ridge_semcat,nao_se_aplica,310.7625,293.6383423145556
honolulu,2017,p25,M2s_ridge_semcat,nao_se_aplica,306.2333333333333,287.47182239862354
honolulu,2018,p25,M2s_ridge_semcat,nao_se_aplica,309.4583333333333,276.23871155793654
honolulu,2019,p25,M2s_ridge_semcat,nao_se_aplica,316.0,286.02716326507436
long_beach,2010,p25,M2s_ridge_semcat,nao_se_aplica,250.075,249.39333554763502
long_beach,2011,p25,M2s_ridge_semcat,nao_se_aplica,253.59166666666667,243.23564757827165
long_beach,2012,p25,M2s_ridge_semcat,nao_se_aplica,262.8125,245.53887226504813
long_beach,2013,p25,M2s_ridge_semcat,nao_se_aplica,242.2458333333333,247.79561984476337
long_beach,2014,p25,M2s_ridge_semcat,nao_se_aplica,248.625,250.706459074768
long_beach,2015,p25,M2s_ridge_semcat,nao_se_aplica,270.8958333333333,256.20529086766624
long_beach,2016,p25,M2s_ridge_semcat,nao_se_aplica,245.71666666666667,245.57689442361095
long_beach,2017,p25,M2s_ridge_semcat,nao_se_aplica,249.88333333333333,239.70040271850212
long_beach,2018,p25,M2s_ridge_semcat,nao_se_aplica,249.75,237.20386647864126
long_beach,2019,p25,M2s_ridge_semcat,nao_se_aplica,245.15833333333333,230.87792470157152
maui,2010,p25,M2s_ridge_semcat,nao_se_aplica,266.32916666666665,270.5402307886234
maui,2011,p25,M2s_ridge_semcat,nao_se_aplica,262.93333333333334,269.4296113163709
maui,2012,p25,M2s_ridge_semcat,nao_se_aplica,262.2333333333333,261.88431970116636
maui,2013,p25,M2s_ridge_semcat,nao_se_aplica,272.825,266.9350128511079
maui,2014,p25,M2s_ridge_semcat,nao_se_aplica,275.31666666666666,293.3095754446157
nyc,2005,p25,M2s_ridge_semcat,nao_se_aplica,243.9375,240.89152699613877
nyc,2006,p25,M2s_ridge_semcat,nao_se_aplica,232.53333333333333,230.71235460287707
nyc,2007,p25,M2s_ridge_semcat,nao_se_aplica,233.6833333333333,245.4896402882933
nyc,2008,p25,M2s_ridge_semcat,nao_se_aplica,229.53333333333333,230.62286756370958
nyc,2009,p25,M2s_ridge_semcat,nao_se_aplica,229.88333333333333,251.5874781653241
nyc,2010,p25,M2s_ridge_semcat,nao_se_aplica,231.7083333333333,226.75884969519336
nyc,2011,p25,M2s_ridge_semcat,nao_se_aplica,231.85,225.05225637174607
nyc,2013,p25,M2s_ridge_semcat,nao_se_aplica,233.6,240.61986627600476
nyc,2014,p25,M2s_ridge_semcat,nao_se_aplica,236.75,230.25617945859668
nyc,2015,p25,M2s_ridge_semcat,nao_se_aplica,239.81666666666663,246.55984835841346
nyc,2016,p25,M2s_ridge_semcat,nao_se_aplica,238.89166666666665,234.3939546598865
nyc,2017,p25,M2s_ridge_semcat,nao_se_aplica,237.1833333333333,242.33368102611036
nyc,2018,p25,M2s_ridge_semcat,nao_se_aplica,237.16666666666663,227.7049448383298
nyc,2019,p25,M2s_ridge_semcat,nao_se_aplica,234.6833333333333,227.52969796316435
nyc,2022,p25,M2s_ridge_semcat,nao_se_aplica,247.9958333333333,253.7961273242453
nyc,2023,p25,M2s_ridge_semcat,nao_se_aplica,235.91666666666663,230.65872820599833
nyc,2024,p25,M2s_ridge_semcat,nao_se_aplica,228.86666666666667,226.90631564484556
rio,2023,p25,M2s_ridge_semcat,nao_se_aplica,226.96666666666667,253.92494204202075
rio,2024,p25,M2s_ridge_semcat,nao_se_aplica,224.7375,254.90543170092693
rio,2025,p25,M2s_ridge_semcat,nao_se_aplica,226.16666666666663,261.38195508604076
savannah,2011,p25,M2s_ridge_semcat,nao_se_aplica,239.45,248.88993650639227
savannah,2012,p25,M2s_ridge_semcat,nao_se_aplica,242.21666666666667,241.29500974170313
savannah,2013,p25,M2s_ridge_semcat,nao_se_aplica,241.7083333333333,240.57370209962386
savannah,2014,p25,M2s_ridge_semcat,nao_se_aplica,240.8958333333333,244.3398605922432
savannah,2015,p25,M2s_ridge_semcat,nao_se_aplica,229.2125,282.5956877000592
savannah,2016,p25,M2s_ridge_semcat,nao_se_aplica,251.58333333333331,247.01649182390554
savannah,2017,p25,M2s_ridge_semcat,nao_se_aplica,259.45,230.24172037890148
savannah,2018,p25,M2s_ridge_semcat,nao_se_aplica,241.53333333333333,224.72097426097687
savannah,2019,p25,M2s_ridge_semcat,nao_se_aplica,243.03333333333333,235.61442300532653
singapore,2014,p25,M2s_ridge_semcat,nao_se_aplica,310.0833333333333,295.3566558325122
singapore,2015,p25,M2s_ridge_semcat,nao_se_aplica,311.26666666666665,290.7790780013275
singapore,2016,p25,M2s_ridge_semcat,nao_se_aplica,304.30833333333334,299.95541506443124
singapore,2017,p25,M2s_ridge_semcat,nao_se_aplica,307.3666666666667,301.84195347917915
singapore,2018,p25,M2s_ridge_semcat,nao_se_aplica,302.93333333333334,289.21516844992146
singapore,2019,p25,M2s_ridge_semcat,nao_se_aplica,310.01666666666665,292.82699026456936
singapore,2022,p25,M2s_ridge_semcat,nao_se_aplica,278.3666666666667,290.6510171072593
singapore,2023,p25,M2s_ridge_semcat,nao_se_aplica,283.325,298.6117229779139
berlin,2005,p25,M4s_hist_gbm_semcat,nao_se_aplica,221.7,220.83350896469037
berlin,2006,p25,M4s_hist_gbm_semcat,nao_se_aplica,226.03333333333333,222.58622726620462
berlin,2007,p25,M4s_hist_gbm_semcat,nao_se_aplica,218.9333333333333,218.2486706287694
berlin,2008,p25,M4s_hist_gbm_semcat,nao_se_aplica,218.5,219.01123884077427
berlin,2009,p25,M4s_hist_gbm_semcat,nao_se_aplica,223.4,225.5768949357444
berlin,2010,p25,M4s_hist_gbm_semcat,nao_se_aplica,217.6833333333333,215.2258288312197
berlin,2011,p25,M4s_hist_gbm_semcat,nao_se_aplica,219.83333333333331,220.94833243876937
berlin,2012,p25,M4s_hist_gbm_semcat,nao_se_aplica,216.91666666666663,217.0386296384149
berlin,2013,p25,M4s_hist_gbm_semcat,nao_se_aplica,216.56666666666663,214.11289556454508
berlin,2014,p25,M4s_hist_gbm_semcat,nao_se_aplica,217.16666666666663,219.60617796577418
berlin,2015,p25,M4s_hist_gbm_semcat,nao_se_aplica,215.96666666666667,218.11123327009224
berlin,2016,p25,M4s_hist_gbm_semcat,nao_se_aplica,220.01666666666668,222.555970460686
berlin,2017,p25,M4s_hist_gbm_semcat,nao_se_aplica,219.85,219.39037296219558
berlin,2018,p25,M4s_hist_gbm_semcat,nao_se_aplica,223.28333333333333,216.36280270051768
berlin,2019,p25,M4s_hist_gbm_semcat,nao_se_aplica,217.38333333333333,218.04851315100493
boston,2005,p25,M4s_hist_gbm_semcat,nao_se_aplica,211.6833333333333,212.89684321018095
boston,2006,p25,M4s_hist_gbm_semcat,nao_se_aplica,205.53333333333333,208.6818950309536
boston,2007,p25,M4s_hist_gbm_semcat,nao_se_aplica,208.35,203.81011658075755
boston,2008,p25,M4s_hist_gbm_semcat,nao_se_aplica,205.58333333333331,206.90628922813718
boston,2009,p25,M4s_hist_gbm_semcat,nao_se_aplica,204.58333333333331,204.41993819758048
boston,2010,p25,M4s_hist_gbm_semcat,nao_se_aplica,204.74166666666667,207.4917007103337
boston,2011,p25,M4s_hist_gbm_semcat,nao_se_aplica,204.1125,204.36076262273664
boston,2012,p25,M4s_hist_gbm_semcat,nao_se_aplica,224.7,214.45902446573606
boston,2013,p25,M4s_hist_gbm_semcat,nao_se_aplica,199.58333333333331,204.62391351260828
boston,2014,p25,M4s_hist_gbm_semcat,nao_se_aplica,205.56666666666663,205.92094484332156
boston,2015,p25,M4s_hist_gbm_semcat,nao_se_aplica,198.63333333333333,200.7111382751674
boston,2016,p25,M4s_hist_gbm_semcat,nao_se_aplica,206.4333333333333,208.07777132899776
boston,2017,p25,M4s_hist_gbm_semcat,nao_se_aplica,208.31666666666663,209.61008692510848
boston,2018,p25,M4s_hist_gbm_semcat,nao_se_aplica,204.77916666666667,201.18586908602097
boston,2019,p25,M4s_hist_gbm_semcat,nao_se_aplica,200.4333333333333,215.63652119695377
chicago,2005,p25,M4s_hist_gbm_semcat,nao_se_aplica,231.3625,232.8017825478766
chicago,2006,p25,M4s_hist_gbm_semcat,nao_se_aplica,229.29583333333332,231.85803544140907
chicago,2007,p25,M4s_hist_gbm_semcat,nao_se_aplica,260.05,277.46615351830775
chicago,2008,p25,M4s_hist_gbm_semcat,nao_se_aplica,248.3,244.08031979668587
chicago,2009,p25,M4s_hist_gbm_semcat,nao_se_aplica,230.58333333333331,230.76722429204497
chicago,2010,p25,M4s_hist_gbm_semcat,nao_se_aplica,243.81666666666663,244.33361497493314
chicago,2011,p25,M4s_hist_gbm_semcat,nao_se_aplica,240.81666666666663,242.4666937998709
chicago,2012,p25,M4s_hist_gbm_semcat,nao_se_aplica,232.88333333333333,230.13332143097284
chicago,2013,p25,M4s_hist_gbm_semcat,nao_se_aplica,233.81666666666663,234.90333406746484
chicago,2014,p25,M4s_hist_gbm_semcat,nao_se_aplica,232.71666666666667,232.94141746033426
chicago,2015,p25,M4s_hist_gbm_semcat,nao_se_aplica,234.21666666666667,239.66237998343982
chicago,2016,p25,M4s_hist_gbm_semcat,nao_se_aplica,232.76666666666668,232.71085118905557
chicago,2017,p25,M4s_hist_gbm_semcat,nao_se_aplica,240.35,242.3343636208204
chicago,2018,p25,M4s_hist_gbm_semcat,nao_se_aplica,230.61666666666667,237.64528404256592
chicago,2019,p25,M4s_hist_gbm_semcat,nao_se_aplica,225.61666666666667,230.89770734841585
chicago,2022,p25,M4s_hist_gbm_semcat,nao_se_aplica,223.9,224.6269004388547
chicago,2023,p25,M4s_hist_gbm_semcat,nao_se_aplica,215.2,226.88181246888178
durban,2022,p25,M4s_hist_gbm_semcat,nao_se_aplica,200.7625,235.95478205200337
durban,2024,p25,M4s_hist_gbm_semcat,nao_se_aplica,210.94166666666663,238.5798404287639
durban,2025,p25,M4s_hist_gbm_semcat,nao_se_aplica,220.0583333333333,226.72710448061767
honolulu,2005,p25,M4s_hist_gbm_semcat,nao_se_aplica,284.68333333333334,292.9982881433685
honolulu,2006,p25,M4s_hist_gbm_semcat,nao_se_aplica,287.4166666666667,263.6357354426761
honolulu,2007,p25,M4s_hist_gbm_semcat,nao_se_aplica,292.3833333333333,294.2623887542508
honolulu,2008,p25,M4s_hist_gbm_semcat,nao_se_aplica,289.68333333333334,295.9361398315323
honolulu,2009,p25,M4s_hist_gbm_semcat,nao_se_aplica,288.65,268.3694376835873
honolulu,2010,p25,M4s_hist_gbm_semcat,nao_se_aplica,294.3416666666667,290.16650399218236
honolulu,2011,p25,M4s_hist_gbm_semcat,nao_se_aplica,290.3416666666667,281.54048536206244
honolulu,2012,p25,M4s_hist_gbm_semcat,nao_se_aplica,294.62916666666666,302.51678888139793
honolulu,2013,p25,M4s_hist_gbm_semcat,nao_se_aplica,306.51666666666665,308.1350579997768
honolulu,2014,p25,M4s_hist_gbm_semcat,nao_se_aplica,294.375,307.1194613794182
honolulu,2015,p25,M4s_hist_gbm_semcat,nao_se_aplica,309.4166666666667,292.4116706779961
honolulu,2016,p25,M4s_hist_gbm_semcat,nao_se_aplica,310.7625,307.9830647842504
honolulu,2017,p25,M4s_hist_gbm_semcat,nao_se_aplica,306.2333333333333,297.730870206117
honolulu,2018,p25,M4s_hist_gbm_semcat,nao_se_aplica,309.4583333333333,301.67787992761185
honolulu,2019,p25,M4s_hist_gbm_semcat,nao_se_aplica,316.0,293.9434517958668
long_beach,2010,p25,M4s_hist_gbm_semcat,nao_se_aplica,250.075,246.47118606323826
long_beach,2011,p25,M4s_hist_gbm_semcat,nao_se_aplica,253.59166666666667,247.32019401191624
long_beach,2012,p25,M4s_hist_gbm_semcat,nao_se_aplica,262.8125,248.49814052871238
long_beach,2013,p25,M4s_hist_gbm_semcat,nao_se_aplica,242.2458333333333,248.01860926498188
long_beach,2014,p25,M4s_hist_gbm_semcat,nao_se_aplica,248.625,252.80765381619818
long_beach,2015,p25,M4s_hist_gbm_semcat,nao_se_aplica,270.8958333333333,262.42845510555475
long_beach,2016,p25,M4s_hist_gbm_semcat,nao_se_aplica,245.71666666666667,252.82546156851916
long_beach,2017,p25,M4s_hist_gbm_semcat,nao_se_aplica,249.88333333333333,248.30137584992005
long_beach,2018,p25,M4s_hist_gbm_semcat,nao_se_aplica,249.75,242.56844162241998
long_beach,2019,p25,M4s_hist_gbm_semcat,nao_se_aplica,245.15833333333333,247.94904497187628
maui,2010,p25,M4s_hist_gbm_semcat,nao_se_aplica,266.32916666666665,266.5060385307705
maui,2011,p25,M4s_hist_gbm_semcat,nao_se_aplica,262.93333333333334,265.84828074135356
maui,2012,p25,M4s_hist_gbm_semcat,nao_se_aplica,262.2333333333333,269.7493534555024
maui,2013,p25,M4s_hist_gbm_semcat,nao_se_aplica,272.825,265.4373058022715
maui,2014,p25,M4s_hist_gbm_semcat,nao_se_aplica,275.31666666666666,269.1759663134854
nyc,2005,p25,M4s_hist_gbm_semcat,nao_se_aplica,243.9375,236.60670535796606
nyc,2006,p25,M4s_hist_gbm_semcat,nao_se_aplica,232.53333333333333,235.9852317020785
nyc,2007,p25,M4s_hist_gbm_semcat,nao_se_aplica,233.6833333333333,232.95840099054377
nyc,2008,p25,M4s_hist_gbm_semcat,nao_se_aplica,229.53333333333333,231.6024660196022
nyc,2009,p25,M4s_hist_gbm_semcat,nao_se_aplica,229.88333333333333,234.23792347888755
nyc,2010,p25,M4s_hist_gbm_semcat,nao_se_aplica,231.7083333333333,230.12527754949278
nyc,2011,p25,M4s_hist_gbm_semcat,nao_se_aplica,231.85,230.89866717762303
nyc,2013,p25,M4s_hist_gbm_semcat,nao_se_aplica,233.6,235.08539578564066
nyc,2014,p25,M4s_hist_gbm_semcat,nao_se_aplica,236.75,232.05359953914814
nyc,2015,p25,M4s_hist_gbm_semcat,nao_se_aplica,239.81666666666663,238.20352099721498
nyc,2016,p25,M4s_hist_gbm_semcat,nao_se_aplica,238.89166666666665,230.74274773535896
nyc,2017,p25,M4s_hist_gbm_semcat,nao_se_aplica,237.1833333333333,236.97640885064718
nyc,2018,p25,M4s_hist_gbm_semcat,nao_se_aplica,237.16666666666663,233.23238461620977
nyc,2019,p25,M4s_hist_gbm_semcat,nao_se_aplica,234.6833333333333,233.9334481569045
nyc,2022,p25,M4s_hist_gbm_semcat,nao_se_aplica,247.9958333333333,265.30595476724056
nyc,2023,p25,M4s_hist_gbm_semcat,nao_se_aplica,235.91666666666663,234.04752976835596
nyc,2024,p25,M4s_hist_gbm_semcat,nao_se_aplica,228.86666666666667,228.62264151131197
rio,2023,p25,M4s_hist_gbm_semcat,nao_se_aplica,226.96666666666667,225.83729698611992
rio,2024,p25,M4s_hist_gbm_semcat,nao_se_aplica,224.7375,228.55370333654434
rio,2025,p25,M4s_hist_gbm_semcat,nao_se_aplica,226.16666666666663,247.0494445447111
savannah,2011,p25,M4s_hist_gbm_semcat,nao_se_aplica,239.45,236.19982137150615
savannah,2012,p25,M4s_hist_gbm_semcat,nao_se_aplica,242.21666666666667,243.3165768081532
savannah,2013,p25,M4s_hist_gbm_semcat,nao_se_aplica,241.7083333333333,240.4648058982885
savannah,2014,p25,M4s_hist_gbm_semcat,nao_se_aplica,240.8958333333333,242.52691786655768
savannah,2015,p25,M4s_hist_gbm_semcat,nao_se_aplica,229.2125,288.07103836501216
savannah,2016,p25,M4s_hist_gbm_semcat,nao_se_aplica,251.58333333333331,244.72575022409924
savannah,2017,p25,M4s_hist_gbm_semcat,nao_se_aplica,259.45,248.28187449047638
savannah,2018,p25,M4s_hist_gbm_semcat,nao_se_aplica,241.53333333333333,235.3118209108972
savannah,2019,p25,M4s_hist_gbm_semcat,nao_se_aplica,243.03333333333333,239.41362944950575
singapore,2014,p25,M4s_hist_gbm_semcat,nao_se_aplica,310.0833333333333,298.0957836243043
singapore,2015,p25,M4s_hist_gbm_semcat,nao_se_aplica,311.26666666666665,306.29348596904657
singapore,2016,p25,M4s_hist_gbm_semcat,nao_se_aplica,304.30833333333334,306.69079884375486
singapore,2017,p25,M4s_hist_gbm_semcat,nao_se_aplica,307.3666666666667,307.17441192248975
singapore,2018,p25,M4s_hist_gbm_semcat,nao_se_aplica,302.93333333333334,300.0345831948316
singapore,2019,p25,M4s_hist_gbm_semcat,nao_se_aplica,310.01666666666665,284.1475224581372
singapore,2022,p25,M4s_hist_gbm_semcat,nao_se_aplica,278.3666666666667,297.2683181637979
singapore,2023,p25,M4s_hist_gbm_semcat,nao_se_aplica,283.325,302.1661607451841
berlin,2005,p25,M2ai_ridge_anom_cat,mediana,221.7,222.90721012116606
berlin,2006,p25,M2ai_ridge_anom_cat,mediana,226.03333333333333,224.53770473038998
berlin,2007,p25,M2ai_ridge_anom_cat,mediana,218.9333333333333,218.0615094138015
berlin,2008,p25,M2ai_ridge_anom_cat,mediana,218.5,219.43874953446073
berlin,2009,p25,M2ai_ridge_anom_cat,mediana,223.4,223.93258201941723
berlin,2010,p25,M2ai_ridge_anom_cat,mediana,217.6833333333333,213.93187276177483
berlin,2011,p25,M2ai_ridge_anom_cat,mediana,219.83333333333331,222.2590824747725
berlin,2012,p25,M2ai_ridge_anom_cat,mediana,216.91666666666663,218.70738546400065
berlin,2013,p25,M2ai_ridge_anom_cat,mediana,216.56666666666663,219.1040459791572
berlin,2014,p25,M2ai_ridge_anom_cat,mediana,217.16666666666663,221.64448148628463
berlin,2015,p25,M2ai_ridge_anom_cat,mediana,215.96666666666667,219.9401560619853
berlin,2016,p25,M2ai_ridge_anom_cat,mediana,220.01666666666668,223.39844685569852
berlin,2017,p25,M2ai_ridge_anom_cat,mediana,219.85,220.63164526531455
berlin,2018,p25,M2ai_ridge_anom_cat,mediana,223.28333333333333,220.71506136068047
berlin,2019,p25,M2ai_ridge_anom_cat,mediana,217.38333333333333,217.2600706809747
boston,2005,p25,M2ai_ridge_anom_cat,mediana,211.6833333333333,207.6219909411495
boston,2006,p25,M2ai_ridge_anom_cat,mediana,205.53333333333333,204.74615620602916
boston,2007,p25,M2ai_ridge_anom_cat,mediana,208.35,202.17484561810247
boston,2008,p25,M2ai_ridge_anom_cat,mediana,205.58333333333331,206.88167758068522
boston,2009,p25,M2ai_ridge_anom_cat,mediana,204.58333333333331,203.81743381740958
boston,2010,p25,M2ai_ridge_anom_cat,mediana,204.74166666666667,203.3789755700627
boston,2011,p25,M2ai_ridge_anom_cat,mediana,204.1125,206.2775497631299
boston,2012,p25,M2ai_ridge_anom_cat,mediana,224.7,211.03105139814548
boston,2013,p25,M2ai_ridge_anom_cat,mediana,199.58333333333331,206.4137008439211
boston,2014,p25,M2ai_ridge_anom_cat,mediana,205.56666666666663,208.73473651636323
boston,2015,p25,M2ai_ridge_anom_cat,mediana,198.63333333333333,201.07669605984498
boston,2016,p25,M2ai_ridge_anom_cat,mediana,206.4333333333333,207.44081058245567
boston,2017,p25,M2ai_ridge_anom_cat,mediana,208.31666666666663,208.574591052441
boston,2018,p25,M2ai_ridge_anom_cat,mediana,204.77916666666667,188.25995108600614
boston,2019,p25,M2ai_ridge_anom_cat,mediana,200.4333333333333,207.1166911658207
chicago,2005,p25,M2ai_ridge_anom_cat,mediana,231.3625,234.33718646290012
chicago,2006,p25,M2ai_ridge_anom_cat,mediana,229.29583333333332,225.44129770520115
chicago,2007,p25,M2ai_ridge_anom_cat,mediana,260.05,237.98957328373837
chicago,2008,p25,M2ai_ridge_anom_cat,mediana,248.3,239.97692501031213
chicago,2009,p25,M2ai_ridge_anom_cat,mediana,230.58333333333331,228.584937583947
chicago,2010,p25,M2ai_ridge_anom_cat,mediana,243.81666666666663,239.8156806424265
chicago,2011,p25,M2ai_ridge_anom_cat,mediana,240.81666666666663,238.86507815891676
chicago,2012,p25,M2ai_ridge_anom_cat,mediana,232.88333333333333,228.89223230638893
chicago,2013,p25,M2ai_ridge_anom_cat,mediana,233.81666666666663,233.72062845008304
chicago,2014,p25,M2ai_ridge_anom_cat,mediana,232.71666666666667,233.9340463245251
chicago,2015,p25,M2ai_ridge_anom_cat,mediana,234.21666666666667,236.83619819744808
chicago,2016,p25,M2ai_ridge_anom_cat,mediana,232.76666666666668,234.6306789867693
chicago,2017,p25,M2ai_ridge_anom_cat,mediana,240.35,237.4606276533875
chicago,2018,p25,M2ai_ridge_anom_cat,mediana,230.61666666666667,229.20394229356341
chicago,2019,p25,M2ai_ridge_anom_cat,mediana,225.61666666666667,229.3643780722985
chicago,2022,p25,M2ai_ridge_anom_cat,mediana,223.9,235.60062109787373
chicago,2023,p25,M2ai_ridge_anom_cat,mediana,215.2,230.84485022774606
durban,2022,p25,M2ai_ridge_anom_cat,mediana,200.7625,215.06377147258212
durban,2024,p25,M2ai_ridge_anom_cat,mediana,210.94166666666663,211.7094481308973
durban,2025,p25,M2ai_ridge_anom_cat,mediana,220.0583333333333,206.003978521018
honolulu,2005,p25,M2ai_ridge_anom_cat,mediana,284.68333333333334,299.8319589384605
honolulu,2006,p25,M2ai_ridge_anom_cat,mediana,287.4166666666667,299.5806272493371
honolulu,2007,p25,M2ai_ridge_anom_cat,mediana,292.3833333333333,298.48766559067883
honolulu,2008,p25,M2ai_ridge_anom_cat,mediana,289.68333333333334,296.5122675019326
honolulu,2009,p25,M2ai_ridge_anom_cat,mediana,288.65,299.65163294971643
honolulu,2010,p25,M2ai_ridge_anom_cat,mediana,294.3416666666667,297.6181550097219
honolulu,2011,p25,M2ai_ridge_anom_cat,mediana,290.3416666666667,296.8242190285729
honolulu,2012,p25,M2ai_ridge_anom_cat,mediana,294.62916666666666,298.33058844483
honolulu,2013,p25,M2ai_ridge_anom_cat,mediana,306.51666666666665,298.26866248501926
honolulu,2014,p25,M2ai_ridge_anom_cat,mediana,294.375,296.5964555656865
honolulu,2015,p25,M2ai_ridge_anom_cat,mediana,309.4166666666667,297.42868293354
honolulu,2016,p25,M2ai_ridge_anom_cat,mediana,310.7625,296.93562766585524
honolulu,2017,p25,M2ai_ridge_anom_cat,mediana,306.2333333333333,296.49069685438855
honolulu,2018,p25,M2ai_ridge_anom_cat,mediana,309.4583333333333,295.53892631744196
honolulu,2019,p25,M2ai_ridge_anom_cat,mediana,316.0,296.55605886200766
long_beach,2010,p25,M2ai_ridge_anom_cat,mediana,250.075,249.8361750781485
long_beach,2011,p25,M2ai_ridge_anom_cat,mediana,253.59166666666667,251.2702329998501
long_beach,2012,p25,M2ai_ridge_anom_cat,mediana,262.8125,251.34208340604042
long_beach,2013,p25,M2ai_ridge_anom_cat,mediana,242.2458333333333,249.8139170048826
long_beach,2014,p25,M2ai_ridge_anom_cat,mediana,248.625,251.68334680628283
long_beach,2015,p25,M2ai_ridge_anom_cat,mediana,270.8958333333333,254.31158958355053
long_beach,2016,p25,M2ai_ridge_anom_cat,mediana,245.71666666666667,253.03773317809697
long_beach,2017,p25,M2ai_ridge_anom_cat,mediana,249.88333333333333,250.58224039678444
long_beach,2018,p25,M2ai_ridge_anom_cat,mediana,249.75,250.4405196768219
long_beach,2019,p25,M2ai_ridge_anom_cat,mediana,245.15833333333333,249.66276066027487
maui,2010,p25,M2ai_ridge_anom_cat,mediana,266.32916666666665,269.3385586493696
maui,2011,p25,M2ai_ridge_anom_cat,mediana,262.93333333333334,272.3542551976761
maui,2012,p25,M2ai_ridge_anom_cat,mediana,262.2333333333333,271.8396048656448
maui,2013,p25,M2ai_ridge_anom_cat,mediana,272.825,267.2899795659074
maui,2014,p25,M2ai_ridge_anom_cat,mediana,275.31666666666666,264.62823646183267
nyc,2005,p25,M2ai_ridge_anom_cat,mediana,243.9375,237.71131486570903
nyc,2006,p25,M2ai_ridge_anom_cat,mediana,232.53333333333333,234.09016917524505
nyc,2007,p25,M2ai_ridge_anom_cat,mediana,233.6833333333333,234.30985505375517
nyc,2008,p25,M2ai_ridge_anom_cat,mediana,229.53333333333333,232.71633453668917
nyc,2009,p25,M2ai_ridge_anom_cat,mediana,229.88333333333333,235.32945728596255
nyc,2010,p25,M2ai_ridge_anom_cat,mediana,231.7083333333333,232.334753981588
nyc,2011,p25,M2ai_ridge_anom_cat,mediana,231.85,234.34131606419479
nyc,2013,p25,M2ai_ridge_anom_cat,mediana,233.6,233.0655342769046
nyc,2014,p25,M2ai_ridge_anom_cat,mediana,236.75,230.05535090838254
nyc,2015,p25,M2ai_ridge_anom_cat,mediana,239.81666666666663,235.15942941717142
nyc,2016,p25,M2ai_ridge_anom_cat,mediana,238.89166666666665,234.06158221537655
nyc,2017,p25,M2ai_ridge_anom_cat,mediana,237.1833333333333,234.67351688885142
nyc,2018,p25,M2ai_ridge_anom_cat,mediana,237.16666666666663,233.91415596677774
nyc,2019,p25,M2ai_ridge_anom_cat,mediana,234.6833333333333,233.1006003773393
nyc,2022,p25,M2ai_ridge_anom_cat,mediana,247.9958333333333,237.714021411837
nyc,2023,p25,M2ai_ridge_anom_cat,mediana,235.91666666666663,236.98685608394925
nyc,2024,p25,M2ai_ridge_anom_cat,mediana,228.86666666666667,234.05741992420673
rio,2023,p25,M2ai_ridge_anom_cat,mediana,226.96666666666667,226.46382694363132
rio,2024,p25,M2ai_ridge_anom_cat,mediana,224.7375,227.22622377173062
rio,2025,p25,M2ai_ridge_anom_cat,mediana,226.16666666666663,226.76606774472177
savannah,2011,p25,M2ai_ridge_anom_cat,mediana,239.45,241.62256998350753
savannah,2012,p25,M2ai_ridge_anom_cat,mediana,242.21666666666667,245.35336133161675
savannah,2013,p25,M2ai_ridge_anom_cat,mediana,241.7083333333333,244.5957859470618
savannah,2014,p25,M2ai_ridge_anom_cat,mediana,240.8958333333333,244.0494638813741
savannah,2015,p25,M2ai_ridge_anom_cat,mediana,229.2125,246.40039935491333
savannah,2016,p25,M2ai_ridge_anom_cat,mediana,251.58333333333331,242.623454271744
savannah,2017,p25,M2ai_ridge_anom_cat,mediana,259.45,245.7555786129428
savannah,2018,p25,M2ai_ridge_anom_cat,mediana,241.53333333333333,242.44733925768952
savannah,2019,p25,M2ai_ridge_anom_cat,mediana,243.03333333333333,239.42886173814813
singapore,2014,p25,M2ai_ridge_anom_cat,mediana,310.0833333333333,303.2736449795335
singapore,2015,p25,M2ai_ridge_anom_cat,mediana,311.26666666666665,303.74206466750474
singapore,2016,p25,M2ai_ridge_anom_cat,mediana,304.30833333333334,305.88837673371273
singapore,2017,p25,M2ai_ridge_anom_cat,mediana,307.3666666666667,303.4725209939941
singapore,2018,p25,M2ai_ridge_anom_cat,mediana,302.93333333333334,304.7617876288791
singapore,2019,p25,M2ai_ridge_anom_cat,mediana,310.01666666666665,301.1300275732321
singapore,2022,p25,M2ai_ridge_anom_cat,mediana,278.3666666666667,306.32966370002424
singapore,2023,p25,M2ai_ridge_anom_cat,mediana,283.325,305.3655024105575
berlin,2005,p25,M4ai_hist_gbm_anom_cat,mediana,221.7,222.88287562684218
berlin,2006,p25,M4ai_hist_gbm_anom_cat,mediana,226.03333333333333,229.59725161185105
berlin,2007,p25,M4ai_hist_gbm_anom_cat,mediana,218.9333333333333,221.10053733824958
berlin,2008,p25,M4ai_hist_gbm_anom_cat,mediana,218.5,217.10530361522385
berlin,2009,p25,M4ai_hist_gbm_anom_cat,mediana,223.4,221.96310817345082
berlin,2010,p25,M4ai_hist_gbm_anom_cat,mediana,217.6833333333333,211.98575230428756
berlin,2011,p25,M4ai_hist_gbm_anom_cat,mediana,219.83333333333331,220.12085980678393
berlin,2012,p25,M4ai_hist_gbm_anom_cat,mediana,216.91666666666663,217.77477676756277
berlin,2013,p25,M4ai_hist_gbm_anom_cat,mediana,216.56666666666663,217.01772506546786
berlin,2014,p25,M4ai_hist_gbm_anom_cat,mediana,217.16666666666663,220.77212827502248
berlin,2015,p25,M4ai_hist_gbm_anom_cat,mediana,215.96666666666667,218.02934055213112
berlin,2016,p25,M4ai_hist_gbm_anom_cat,mediana,220.01666666666668,220.87142033492728
berlin,2017,p25,M4ai_hist_gbm_anom_cat,mediana,219.85,220.82045359404523
berlin,2018,p25,M4ai_hist_gbm_anom_cat,mediana,223.28333333333333,216.2911511403997
berlin,2019,p25,M4ai_hist_gbm_anom_cat,mediana,217.38333333333333,216.69654364094046
boston,2005,p25,M4ai_hist_gbm_anom_cat,mediana,211.6833333333333,205.43465611806968
boston,2006,p25,M4ai_hist_gbm_anom_cat,mediana,205.53333333333333,202.74421210641242
boston,2007,p25,M4ai_hist_gbm_anom_cat,mediana,208.35,203.50970136500433
boston,2008,p25,M4ai_hist_gbm_anom_cat,mediana,205.58333333333331,204.3598923222766
boston,2009,p25,M4ai_hist_gbm_anom_cat,mediana,204.58333333333331,202.48773795907292
boston,2010,p25,M4ai_hist_gbm_anom_cat,mediana,204.74166666666667,204.52929224138924
boston,2011,p25,M4ai_hist_gbm_anom_cat,mediana,204.1125,205.30982786343628
boston,2012,p25,M4ai_hist_gbm_anom_cat,mediana,224.7,220.82930668970022
boston,2013,p25,M4ai_hist_gbm_anom_cat,mediana,199.58333333333331,205.68975018196437
boston,2014,p25,M4ai_hist_gbm_anom_cat,mediana,205.56666666666663,207.18907290034747
boston,2015,p25,M4ai_hist_gbm_anom_cat,mediana,198.63333333333333,202.85456462700267
boston,2016,p25,M4ai_hist_gbm_anom_cat,mediana,206.4333333333333,206.42862015998097
boston,2017,p25,M4ai_hist_gbm_anom_cat,mediana,208.31666666666663,211.6421956733557
boston,2018,p25,M4ai_hist_gbm_anom_cat,mediana,204.77916666666667,196.3241564897543
boston,2019,p25,M4ai_hist_gbm_anom_cat,mediana,200.4333333333333,203.27354066806177
chicago,2005,p25,M4ai_hist_gbm_anom_cat,mediana,231.3625,231.69629630643428
chicago,2006,p25,M4ai_hist_gbm_anom_cat,mediana,229.29583333333332,231.80948714004438
chicago,2007,p25,M4ai_hist_gbm_anom_cat,mediana,260.05,250.5692793013921
chicago,2008,p25,M4ai_hist_gbm_anom_cat,mediana,248.3,242.00751656210764
chicago,2009,p25,M4ai_hist_gbm_anom_cat,mediana,230.58333333333331,230.00795776575188
chicago,2010,p25,M4ai_hist_gbm_anom_cat,mediana,243.81666666666663,241.8602871848863
chicago,2011,p25,M4ai_hist_gbm_anom_cat,mediana,240.81666666666663,237.42752920838635
chicago,2012,p25,M4ai_hist_gbm_anom_cat,mediana,232.88333333333333,228.7652140109216
chicago,2013,p25,M4ai_hist_gbm_anom_cat,mediana,233.81666666666663,232.50182525303993
chicago,2014,p25,M4ai_hist_gbm_anom_cat,mediana,232.71666666666667,233.2224724432015
chicago,2015,p25,M4ai_hist_gbm_anom_cat,mediana,234.21666666666667,233.07456830100833
chicago,2016,p25,M4ai_hist_gbm_anom_cat,mediana,232.76666666666668,232.29702423930013
chicago,2017,p25,M4ai_hist_gbm_anom_cat,mediana,240.35,238.30068365759485
chicago,2018,p25,M4ai_hist_gbm_anom_cat,mediana,230.61666666666667,233.46794721829698
chicago,2019,p25,M4ai_hist_gbm_anom_cat,mediana,225.61666666666667,227.45299215319753
chicago,2022,p25,M4ai_hist_gbm_anom_cat,mediana,223.9,233.5766735443023
chicago,2023,p25,M4ai_hist_gbm_anom_cat,mediana,215.2,229.12957227247688
durban,2022,p25,M4ai_hist_gbm_anom_cat,mediana,200.7625,211.95059767072456
durban,2024,p25,M4ai_hist_gbm_anom_cat,mediana,210.94166666666663,211.71702339267196
durban,2025,p25,M4ai_hist_gbm_anom_cat,mediana,220.0583333333333,206.64180329739239
honolulu,2005,p25,M4ai_hist_gbm_anom_cat,mediana,284.68333333333334,295.96450810261996
honolulu,2006,p25,M4ai_hist_gbm_anom_cat,mediana,287.4166666666667,296.10914542801856
honolulu,2007,p25,M4ai_hist_gbm_anom_cat,mediana,292.3833333333333,304.58628414927915
honolulu,2008,p25,M4ai_hist_gbm_anom_cat,mediana,289.68333333333334,298.6537077250448
honolulu,2009,p25,M4ai_hist_gbm_anom_cat,mediana,288.65,305.68689875593634
honolulu,2010,p25,M4ai_hist_gbm_anom_cat,mediana,294.3416666666667,293.32446469062825
honolulu,2011,p25,M4ai_hist_gbm_anom_cat,mediana,290.3416666666667,297.7614746406595
honolulu,2012,p25,M4ai_hist_gbm_anom_cat,mediana,294.62916666666666,296.1856673140405
honolulu,2013,p25,M4ai_hist_gbm_anom_cat,mediana,306.51666666666665,308.55678253903443
honolulu,2014,p25,M4ai_hist_gbm_anom_cat,mediana,294.375,297.0954108490623
honolulu,2015,p25,M4ai_hist_gbm_anom_cat,mediana,309.4166666666667,293.460544643652
honolulu,2016,p25,M4ai_hist_gbm_anom_cat,mediana,310.7625,301.5822620105786
honolulu,2017,p25,M4ai_hist_gbm_anom_cat,mediana,306.2333333333333,292.66588517624746
honolulu,2018,p25,M4ai_hist_gbm_anom_cat,mediana,309.4583333333333,302.0975900217626
honolulu,2019,p25,M4ai_hist_gbm_anom_cat,mediana,316.0,294.6954358766696
long_beach,2010,p25,M4ai_hist_gbm_anom_cat,mediana,250.075,246.49943535954205
long_beach,2011,p25,M4ai_hist_gbm_anom_cat,mediana,253.59166666666667,246.48297934180997
long_beach,2012,p25,M4ai_hist_gbm_anom_cat,mediana,262.8125,248.88401248867183
long_beach,2013,p25,M4ai_hist_gbm_anom_cat,mediana,242.2458333333333,252.75568181208126
long_beach,2014,p25,M4ai_hist_gbm_anom_cat,mediana,248.625,252.21216914614197
long_beach,2015,p25,M4ai_hist_gbm_anom_cat,mediana,270.8958333333333,262.99440400037577
long_beach,2016,p25,M4ai_hist_gbm_anom_cat,mediana,245.71666666666667,258.35933761368085
long_beach,2017,p25,M4ai_hist_gbm_anom_cat,mediana,249.88333333333333,251.11397700898615
long_beach,2018,p25,M4ai_hist_gbm_anom_cat,mediana,249.75,247.2403518929949
long_beach,2019,p25,M4ai_hist_gbm_anom_cat,mediana,245.15833333333333,250.37907149538864
maui,2010,p25,M4ai_hist_gbm_anom_cat,mediana,266.32916666666665,267.3731275805647
maui,2011,p25,M4ai_hist_gbm_anom_cat,mediana,262.93333333333334,267.5648817239336
maui,2012,p25,M4ai_hist_gbm_anom_cat,mediana,262.2333333333333,267.2269832218475
maui,2013,p25,M4ai_hist_gbm_anom_cat,mediana,272.825,269.23475095629726
maui,2014,p25,M4ai_hist_gbm_anom_cat,mediana,275.31666666666666,271.1898422774762
nyc,2005,p25,M4ai_hist_gbm_anom_cat,mediana,243.9375,234.5973622894059
nyc,2006,p25,M4ai_hist_gbm_anom_cat,mediana,232.53333333333333,231.2213108383972
nyc,2007,p25,M4ai_hist_gbm_anom_cat,mediana,233.6833333333333,233.7311309411286
nyc,2008,p25,M4ai_hist_gbm_anom_cat,mediana,229.53333333333333,232.78548021143004
nyc,2009,p25,M4ai_hist_gbm_anom_cat,mediana,229.88333333333333,234.05287704851688
nyc,2010,p25,M4ai_hist_gbm_anom_cat,mediana,231.7083333333333,231.39973733093117
nyc,2011,p25,M4ai_hist_gbm_anom_cat,mediana,231.85,233.03180094088302
nyc,2013,p25,M4ai_hist_gbm_anom_cat,mediana,233.6,234.3343228615449
nyc,2014,p25,M4ai_hist_gbm_anom_cat,mediana,236.75,234.29305705572253
nyc,2015,p25,M4ai_hist_gbm_anom_cat,mediana,239.81666666666663,234.42726940910927
nyc,2016,p25,M4ai_hist_gbm_anom_cat,mediana,238.89166666666665,235.40295577795033
nyc,2017,p25,M4ai_hist_gbm_anom_cat,mediana,237.1833333333333,237.69982875027924
nyc,2018,p25,M4ai_hist_gbm_anom_cat,mediana,237.16666666666663,235.68119548449323
nyc,2019,p25,M4ai_hist_gbm_anom_cat,mediana,234.6833333333333,229.21871561015544
nyc,2022,p25,M4ai_hist_gbm_anom_cat,mediana,247.9958333333333,225.92574582133807
nyc,2023,p25,M4ai_hist_gbm_anom_cat,mediana,235.91666666666663,236.17616635874353
nyc,2024,p25,M4ai_hist_gbm_anom_cat,mediana,228.86666666666667,232.16786917904682
rio,2023,p25,M4ai_hist_gbm_anom_cat,mediana,226.96666666666667,226.5842857611298
rio,2024,p25,M4ai_hist_gbm_anom_cat,mediana,224.7375,228.3306535563509
rio,2025,p25,M4ai_hist_gbm_anom_cat,mediana,226.16666666666663,231.24392562505685
savannah,2011,p25,M4ai_hist_gbm_anom_cat,mediana,239.45,243.08139660778065
savannah,2012,p25,M4ai_hist_gbm_anom_cat,mediana,242.21666666666667,244.7973233687446
savannah,2013,p25,M4ai_hist_gbm_anom_cat,mediana,241.7083333333333,242.29769836114025
savannah,2014,p25,M4ai_hist_gbm_anom_cat,mediana,240.8958333333333,242.97521754262414
savannah,2015,p25,M4ai_hist_gbm_anom_cat,mediana,229.2125,260.52184783098403
savannah,2016,p25,M4ai_hist_gbm_anom_cat,mediana,251.58333333333331,242.9356472814626
savannah,2017,p25,M4ai_hist_gbm_anom_cat,mediana,259.45,241.63504060500276
savannah,2018,p25,M4ai_hist_gbm_anom_cat,mediana,241.53333333333333,239.47452210611416
savannah,2019,p25,M4ai_hist_gbm_anom_cat,mediana,243.03333333333333,241.66629849196082
singapore,2014,p25,M4ai_hist_gbm_anom_cat,mediana,310.0833333333333,306.5402717988975
singapore,2015,p25,M4ai_hist_gbm_anom_cat,mediana,311.26666666666665,305.8592702621201
singapore,2016,p25,M4ai_hist_gbm_anom_cat,mediana,304.30833333333334,303.48185541232607
singapore,2017,p25,M4ai_hist_gbm_anom_cat,mediana,307.3666666666667,300.8035855007271
singapore,2018,p25,M4ai_hist_gbm_anom_cat,mediana,302.93333333333334,308.5048912519624
singapore,2019,p25,M4ai_hist_gbm_anom_cat,mediana,310.01666666666665,301.80602753021833
singapore,2022,p25,M4ai_hist_gbm_anom_cat,mediana,278.3666666666667,298.12115248602504
singapore,2023,p25,M4ai_hist_gbm_anom_cat,mediana,283.325,297.94034848594765
berlin,2005,p50,M2s_ridge_semcat,nao_se_aplica,248.08333333333331,239.9582533307067
berlin,2006,p50,M2s_ridge_semcat,nao_se_aplica,253.51666666666668,259.99087452468194
berlin,2007,p50,M2s_ridge_semcat,nao_se_aplica,242.25,239.89539577348435
berlin,2008,p50,M2s_ridge_semcat,nao_se_aplica,242.36666666666667,220.73429022503169
berlin,2009,p50,M2s_ridge_semcat,nao_se_aplica,250.11666666666667,242.04430986030104
berlin,2010,p50,M2s_ridge_semcat,nao_se_aplica,241.05,230.92347258787893
berlin,2011,p50,M2s_ridge_semcat,nao_se_aplica,245.26666666666668,248.78118859710065
berlin,2012,p50,M2s_ridge_semcat,nao_se_aplica,241.06666666666663,240.96154164405024
berlin,2013,p50,M2s_ridge_semcat,nao_se_aplica,239.6833333333333,227.56322018575315
berlin,2014,p50,M2s_ridge_semcat,nao_se_aplica,241.9333333333333,241.08631059021843
berlin,2015,p50,M2s_ridge_semcat,nao_se_aplica,241.3083333333333,240.26722613588788
berlin,2016,p50,M2s_ridge_semcat,nao_se_aplica,247.2333333333333,244.7695739250545
berlin,2017,p50,M2s_ridge_semcat,nao_se_aplica,247.2,244.5003492874219
berlin,2018,p50,M2s_ridge_semcat,nao_se_aplica,253.45,264.7499826430324
berlin,2019,p50,M2s_ridge_semcat,nao_se_aplica,244.61666666666667,243.3339060942076
boston,2005,p50,M2s_ridge_semcat,nao_se_aplica,233.05,255.91345482295048
boston,2006,p50,M2s_ridge_semcat,nao_se_aplica,224.78333333333333,224.68205077681768
boston,2007,p50,M2s_ridge_semcat,nao_se_aplica,228.66666666666663,223.8275455941648
boston,2008,p50,M2s_ridge_semcat,nao_se_aplica,226.21666666666667,219.90743335102013
boston,2009,p50,M2s_ridge_semcat,nao_se_aplica,224.08333333333331,228.83522967716212
boston,2010,p50,M2s_ridge_semcat,nao_se_aplica,224.28333333333333,225.4966084554626
boston,2011,p50,M2s_ridge_semcat,nao_se_aplica,224.9833333333333,214.1101849560546
boston,2012,p50,M2s_ridge_semcat,nao_se_aplica,251.06666666666663,262.0110416476475
boston,2013,p50,M2s_ridge_semcat,nao_se_aplica,220.88333333333333,223.8361183730458
boston,2014,p50,M2s_ridge_semcat,nao_se_aplica,232.2333333333333,218.14026902145542
boston,2015,p50,M2s_ridge_semcat,nao_se_aplica,219.66666666666663,204.27279125149533
boston,2016,p50,M2s_ridge_semcat,nao_se_aplica,228.08333333333331,245.99705129120485
boston,2017,p50,M2s_ridge_semcat,nao_se_aplica,231.65833333333333,229.35969926582345
boston,2018,p50,M2s_ridge_semcat,nao_se_aplica,228.6,276.58619815614304
boston,2019,p50,M2s_ridge_semcat,nao_se_aplica,225.575,250.23475586447404
chicago,2005,p50,M2s_ridge_semcat,nao_se_aplica,262.85,267.9569146361039
chicago,2006,p50,M2s_ridge_semcat,nao_se_aplica,261.05,260.10326500566873
chicago,2007,p50,M2s_ridge_semcat,nao_se_aplica,295.01666666666665,316.59687333081564
chicago,2008,p50,M2s_ridge_semcat,nao_se_aplica,283.7,281.914928571761
chicago,2009,p50,M2s_ridge_semcat,nao_se_aplica,263.43333333333334,260.70133881512857
chicago,2010,p50,M2s_ridge_semcat,nao_se_aplica,280.64166666666665,293.53187564342085
chicago,2011,p50,M2s_ridge_semcat,nao_se_aplica,277.875,279.5301066600114
chicago,2012,p50,M2s_ridge_semcat,nao_se_aplica,267.4,278.74080534885104
chicago,2013,p50,M2s_ridge_semcat,nao_se_aplica,267.43333333333334,273.49993881266755
chicago,2014,p50,M2s_ridge_semcat,nao_se_aplica,267.4166666666667,262.8741660567826
chicago,2015,p50,M2s_ridge_semcat,nao_se_aplica,270.75,273.5191874427682
chicago,2016,p50,M2s_ridge_semcat,nao_se_aplica,268.3833333333333,278.5857404084977
chicago,2017,p50,M2s_ridge_semcat,nao_se_aplica,282.71666666666664,284.58272049065494
chicago,2018,p50,M2s_ridge_semcat,nao_se_aplica,267.4833333333333,278.46654122812856
chicago,2019,p50,M2s_ridge_semcat,nao_se_aplica,262.1083333333333,257.48737965637076
chicago,2022,p50,M2s_ridge_semcat,nao_se_aplica,261.76666666666665,247.31755243849062
chicago,2023,p50,M2s_ridge_semcat,nao_se_aplica,251.6833333333333,281.33892661340514
durban,2022,p50,M2s_ridge_semcat,nao_se_aplica,237.78333333333333,273.5798967097893
durban,2024,p50,M2s_ridge_semcat,nao_se_aplica,247.49166666666667,255.1757137086945
durban,2025,p50,M2s_ridge_semcat,nao_se_aplica,252.2083333333333,244.27162707596503
honolulu,2005,p50,M2s_ridge_semcat,nao_se_aplica,339.4833333333333,377.81691915080285
honolulu,2006,p50,M2s_ridge_semcat,nao_se_aplica,343.6166666666667,343.41974571457433
honolulu,2007,p50,M2s_ridge_semcat,nao_se_aplica,350.06666666666666,361.0025127319995
honolulu,2008,p50,M2s_ridge_semcat,nao_se_aplica,346.45,352.64163872922063
honolulu,2009,p50,M2s_ridge_semcat,nao_se_aplica,344.7333333333333,347.7909598166157
honolulu,2010,p50,M2s_ridge_semcat,nao_se_aplica,350.8666666666667,349.34851293143953
honolulu,2011,p50,M2s_ridge_semcat,nao_se_aplica,346.6,339.5833607600973
honolulu,2012,p50,M2s_ridge_semcat,nao_se_aplica,348.8,362.7075929366865
honolulu,2013,p50,M2s_ridge_semcat,nao_se_aplica,367.55,360.47344676977065
honolulu,2014,p50,M2s_ridge_semcat,nao_se_aplica,351.96666666666664,359.2067165308235
honolulu,2015,p50,M2s_ridge_semcat,nao_se_aplica,372.05,349.0828799056199
honolulu,2016,p50,M2s_ridge_semcat,nao_se_aplica,374.9583333333333,346.0236480728455
honolulu,2017,p50,M2s_ridge_semcat,nao_se_aplica,369.35833333333335,339.03002451744703
honolulu,2018,p50,M2s_ridge_semcat,nao_se_aplica,375.26666666666665,325.80910909237684
honolulu,2019,p50,M2s_ridge_semcat,nao_se_aplica,381.78333333333336,339.57985306306216
long_beach,2010,p50,M2s_ridge_semcat,nao_se_aplica,288.5083333333333,289.1006274737389
long_beach,2011,p50,M2s_ridge_semcat,nao_se_aplica,297.1,278.7359074435412
long_beach,2012,p50,M2s_ridge_semcat,nao_se_aplica,309.46666666666664,293.064120561606
long_beach,2013,p50,M2s_ridge_semcat,nao_se_aplica,279.81666666666666,288.6529965570925
long_beach,2014,p50,M2s_ridge_semcat,nao_se_aplica,285.19166666666666,291.9175418255687
long_beach,2015,p50,M2s_ridge_semcat,nao_se_aplica,315.2583333333333,299.711139247527
long_beach,2016,p50,M2s_ridge_semcat,nao_se_aplica,288.3833333333333,283.0532254757251
long_beach,2017,p50,M2s_ridge_semcat,nao_se_aplica,288.4,277.7469791406129
long_beach,2018,p50,M2s_ridge_semcat,nao_se_aplica,289.78333333333336,275.38123147614516
long_beach,2019,p50,M2s_ridge_semcat,nao_se_aplica,283.95,264.8029038290969
maui,2010,p50,M2s_ridge_semcat,nao_se_aplica,307.475,312.5529693030704
maui,2011,p50,M2s_ridge_semcat,nao_se_aplica,301.18333333333334,315.07138965882757
maui,2012,p50,M2s_ridge_semcat,nao_se_aplica,305.75,308.5676962549696
maui,2013,p50,M2s_ridge_semcat,nao_se_aplica,317.25,312.4594551974792
maui,2014,p50,M2s_ridge_semcat,nao_se_aplica,320.56666666666666,340.12807031171997
nyc,2005,p50,M2s_ridge_semcat,nao_se_aplica,278.55,270.8356646050907
nyc,2006,p50,M2s_ridge_semcat,nao_se_aplica,262.28333333333336,261.7568686363802
nyc,2007,p50,M2s_ridge_semcat,nao_se_aplica,263.65,280.1818284414032
nyc,2008,p50,M2s_ridge_semcat,nao_se_aplica,259.25,261.9083966087013
nyc,2009,p50,M2s_ridge_semcat,nao_se_aplica,259.05,286.89656300219644
nyc,2010,p50,M2s_ridge_semcat,nao_se_aplica,261.3333333333333,255.258059223125
nyc,2011,p50,M2s_ridge_semcat,nao_se_aplica,262.71666666666664,255.46074190125753
nyc,2013,p50,M2s_ridge_semcat,nao_se_aplica,262.3333333333333,274.2755197881711
nyc,2014,p50,M2s_ridge_semcat,nao_se_aplica,267.8666666666667,260.5949693926543
nyc,2015,p50,M2s_ridge_semcat,nao_se_aplica,273.1333333333333,287.3146032721219
nyc,2016,p50,M2s_ridge_semcat,nao_se_aplica,271.46666666666664,265.3237485043686
nyc,2017,p50,M2s_ridge_semcat,nao_se_aplica,270.45,275.622757198969
nyc,2018,p50,M2s_ridge_semcat,nao_se_aplica,272.03333333333336,261.0867484969403
nyc,2019,p50,M2s_ridge_semcat,nao_se_aplica,269.2,260.4050038735991
nyc,2022,p50,M2s_ridge_semcat,nao_se_aplica,284.75,300.29867355928144
nyc,2023,p50,M2s_ridge_semcat,nao_se_aplica,272.78333333333336,264.01052819465616
nyc,2024,p50,M2s_ridge_semcat,nao_se_aplica,263.55,263.56207930668165
rio,2023,p50,M2s_ridge_semcat,nao_se_aplica,254.5833333333333,294.52203664211663
rio,2024,p50,M2s_ridge_semcat,nao_se_aplica,251.4833333333333,292.3135437712741
rio,2025,p50,M2s_ridge_semcat,nao_se_aplica,250.35,298.8383750693351
savannah,2011,p50,M2s_ridge_semcat,nao_se_aplica,270.125,284.5302769847835
savannah,2012,p50,M2s_ridge_semcat,nao_se_aplica,277.6166666666667,275.5521831610298
savannah,2013,p50,M2s_ridge_semcat,nao_se_aplica,274.3833333333333,272.75325605999535
savannah,2014,p50,M2s_ridge_semcat,nao_se_aplica,274.71666666666664,279.12760474717095
savannah,2015,p50,M2s_ridge_semcat,nao_se_aplica,249.3083333333333,328.56365124065417
savannah,2016,p50,M2s_ridge_semcat,nao_se_aplica,286.6166666666667,285.8468439096757
savannah,2017,p50,M2s_ridge_semcat,nao_se_aplica,300.45,266.0485444860444
savannah,2018,p50,M2s_ridge_semcat,nao_se_aplica,280.96666666666664,254.78889029986098
savannah,2019,p50,M2s_ridge_semcat,nao_se_aplica,279.2,270.08350433018495
singapore,2014,p50,M2s_ridge_semcat,nao_se_aplica,358.0,339.3911360354126
singapore,2015,p50,M2s_ridge_semcat,nao_se_aplica,360.81666666666666,336.4291757518914
singapore,2016,p50,M2s_ridge_semcat,nao_se_aplica,354.1333333333333,347.35246541608575
singapore,2017,p50,M2s_ridge_semcat,nao_se_aplica,355.3666666666667,351.837454324702
singapore,2018,p50,M2s_ridge_semcat,nao_se_aplica,353.56666666666666,334.61914559293234
singapore,2019,p50,M2s_ridge_semcat,nao_se_aplica,358.06666666666666,334.98184822836157
singapore,2022,p50,M2s_ridge_semcat,nao_se_aplica,327.65,334.0087633439908
singapore,2023,p50,M2s_ridge_semcat,nao_se_aplica,329.53333333333336,351.7488833843552
berlin,2005,p50,M4s_hist_gbm_semcat,nao_se_aplica,248.08333333333331,246.2306072630816
berlin,2006,p50,M4s_hist_gbm_semcat,nao_se_aplica,253.51666666666668,250.88895888712216
berlin,2007,p50,M4s_hist_gbm_semcat,nao_se_aplica,242.25,242.9451367576335
berlin,2008,p50,M4s_hist_gbm_semcat,nao_se_aplica,242.36666666666667,242.1917792998873
berlin,2009,p50,M4s_hist_gbm_semcat,nao_se_aplica,250.11666666666667,253.60949703729938
berlin,2010,p50,M4s_hist_gbm_semcat,nao_se_aplica,241.05,240.67878750194305
berlin,2011,p50,M4s_hist_gbm_semcat,nao_se_aplica,245.26666666666668,248.34545183286215
berlin,2012,p50,M4s_hist_gbm_semcat,nao_se_aplica,241.06666666666663,241.67072647967018
berlin,2013,p50,M4s_hist_gbm_semcat,nao_se_aplica,239.6833333333333,237.6109685072322
berlin,2014,p50,M4s_hist_gbm_semcat,nao_se_aplica,241.9333333333333,245.830211133781
berlin,2015,p50,M4s_hist_gbm_semcat,nao_se_aplica,241.3083333333333,242.64015145584133
berlin,2016,p50,M4s_hist_gbm_semcat,nao_se_aplica,247.2333333333333,248.10791798740232
berlin,2017,p50,M4s_hist_gbm_semcat,nao_se_aplica,247.2,242.86982905334276
berlin,2018,p50,M4s_hist_gbm_semcat,nao_se_aplica,253.45,245.64821015870027
berlin,2019,p50,M4s_hist_gbm_semcat,nao_se_aplica,244.61666666666667,244.19658116155716
boston,2005,p50,M4s_hist_gbm_semcat,nao_se_aplica,233.05,236.35315270675446
boston,2006,p50,M4s_hist_gbm_semcat,nao_se_aplica,224.78333333333333,225.30568409498275
boston,2007,p50,M4s_hist_gbm_semcat,nao_se_aplica,228.66666666666663,226.34905401648626
boston,2008,p50,M4s_hist_gbm_semcat,nao_se_aplica,226.21666666666667,229.4019524127695
boston,2009,p50,M4s_hist_gbm_semcat,nao_se_aplica,224.08333333333331,223.54019708133933
boston,2010,p50,M4s_hist_gbm_semcat,nao_se_aplica,224.28333333333333,231.2109211644728
boston,2011,p50,M4s_hist_gbm_semcat,nao_se_aplica,224.9833333333333,228.41007146294473
boston,2012,p50,M4s_hist_gbm_semcat,nao_se_aplica,251.06666666666663,232.42730832777417
boston,2013,p50,M4s_hist_gbm_semcat,nao_se_aplica,220.88333333333333,223.83815297060542
boston,2014,p50,M4s_hist_gbm_semcat,nao_se_aplica,232.2333333333333,228.11476362178598
boston,2015,p50,M4s_hist_gbm_semcat,nao_se_aplica,219.66666666666663,224.46895249086015
boston,2016,p50,M4s_hist_gbm_semcat,nao_se_aplica,228.08333333333331,232.88913155395102
boston,2017,p50,M4s_hist_gbm_semcat,nao_se_aplica,231.65833333333333,237.087780095212
boston,2018,p50,M4s_hist_gbm_semcat,nao_se_aplica,228.6,224.98319458354615
boston,2019,p50,M4s_hist_gbm_semcat,nao_se_aplica,225.575,236.60235100303416
chicago,2005,p50,M4s_hist_gbm_semcat,nao_se_aplica,262.85,265.7404470838881
chicago,2006,p50,M4s_hist_gbm_semcat,nao_se_aplica,261.05,264.10289910646
chicago,2007,p50,M4s_hist_gbm_semcat,nao_se_aplica,295.01666666666665,322.21293126391896
chicago,2008,p50,M4s_hist_gbm_semcat,nao_se_aplica,283.7,276.7557570626396
chicago,2009,p50,M4s_hist_gbm_semcat,nao_se_aplica,263.43333333333334,263.86905244846236
chicago,2010,p50,M4s_hist_gbm_semcat,nao_se_aplica,280.64166666666665,281.2984114561168
chicago,2011,p50,M4s_hist_gbm_semcat,nao_se_aplica,277.875,280.4229815175996
chicago,2012,p50,M4s_hist_gbm_semcat,nao_se_aplica,267.4,261.9289797880249
chicago,2013,p50,M4s_hist_gbm_semcat,nao_se_aplica,267.43333333333334,268.01173158336195
chicago,2014,p50,M4s_hist_gbm_semcat,nao_se_aplica,267.4166666666667,265.52006732945966
chicago,2015,p50,M4s_hist_gbm_semcat,nao_se_aplica,270.75,276.1635660749071
chicago,2016,p50,M4s_hist_gbm_semcat,nao_se_aplica,268.3833333333333,266.96705616762546
chicago,2017,p50,M4s_hist_gbm_semcat,nao_se_aplica,282.71666666666664,284.33604136662865
chicago,2018,p50,M4s_hist_gbm_semcat,nao_se_aplica,267.4833333333333,273.9354584604455
chicago,2019,p50,M4s_hist_gbm_semcat,nao_se_aplica,262.1083333333333,263.24068060729525
chicago,2022,p50,M4s_hist_gbm_semcat,nao_se_aplica,261.76666666666665,268.658099851427
chicago,2023,p50,M4s_hist_gbm_semcat,nao_se_aplica,251.6833333333333,262.8677942362801
durban,2022,p50,M4s_hist_gbm_semcat,nao_se_aplica,237.78333333333333,261.53018472791695
durban,2024,p50,M4s_hist_gbm_semcat,nao_se_aplica,247.49166666666667,275.2240315679311
durban,2025,p50,M4s_hist_gbm_semcat,nao_se_aplica,252.2083333333333,252.30124149411384
honolulu,2005,p50,M4s_hist_gbm_semcat,nao_se_aplica,339.4833333333333,351.4429328648278
honolulu,2006,p50,M4s_hist_gbm_semcat,nao_se_aplica,343.6166666666667,297.49888604158
honolulu,2007,p50,M4s_hist_gbm_semcat,nao_se_aplica,350.06666666666666,348.5162193035603
honolulu,2008,p50,M4s_hist_gbm_semcat,nao_se_aplica,346.45,353.78731752821216
honolulu,2009,p50,M4s_hist_gbm_semcat,nao_se_aplica,344.7333333333333,301.91969187629945
honolulu,2010,p50,M4s_hist_gbm_semcat,nao_se_aplica,350.8666666666667,345.7949022990555
honolulu,2011,p50,M4s_hist_gbm_semcat,nao_se_aplica,346.6,331.6248858470722
honolulu,2012,p50,M4s_hist_gbm_semcat,nao_se_aplica,348.8,361.57502567955845
honolulu,2013,p50,M4s_hist_gbm_semcat,nao_se_aplica,367.55,357.6192112870414
honolulu,2014,p50,M4s_hist_gbm_semcat,nao_se_aplica,351.96666666666664,365.91834804431153
honolulu,2015,p50,M4s_hist_gbm_semcat,nao_se_aplica,372.05,349.53935960431437
honolulu,2016,p50,M4s_hist_gbm_semcat,nao_se_aplica,374.9583333333333,366.9808018439074
honolulu,2017,p50,M4s_hist_gbm_semcat,nao_se_aplica,369.35833333333335,365.30805389665124
honolulu,2018,p50,M4s_hist_gbm_semcat,nao_se_aplica,375.26666666666665,359.20416550779396
honolulu,2019,p50,M4s_hist_gbm_semcat,nao_se_aplica,381.78333333333336,346.19273899586415
long_beach,2010,p50,M4s_hist_gbm_semcat,nao_se_aplica,288.5083333333333,279.8233759012017
long_beach,2011,p50,M4s_hist_gbm_semcat,nao_se_aplica,297.1,285.922038141561
long_beach,2012,p50,M4s_hist_gbm_semcat,nao_se_aplica,309.46666666666664,289.81548263663444
long_beach,2013,p50,M4s_hist_gbm_semcat,nao_se_aplica,279.81666666666666,282.1990164213113
long_beach,2014,p50,M4s_hist_gbm_semcat,nao_se_aplica,285.19166666666666,292.19133675187186
long_beach,2015,p50,M4s_hist_gbm_semcat,nao_se_aplica,315.2583333333333,309.2995153383376
long_beach,2016,p50,M4s_hist_gbm_semcat,nao_se_aplica,288.3833333333333,295.3134180972765
long_beach,2017,p50,M4s_hist_gbm_semcat,nao_se_aplica,288.4,286.11265607891096
long_beach,2018,p50,M4s_hist_gbm_semcat,nao_se_aplica,289.78333333333336,277.14243687363177
long_beach,2019,p50,M4s_hist_gbm_semcat,nao_se_aplica,283.95,285.4233661438234
maui,2010,p50,M4s_hist_gbm_semcat,nao_se_aplica,307.475,303.8970675598556
maui,2011,p50,M4s_hist_gbm_semcat,nao_se_aplica,301.18333333333334,313.3698747089127
maui,2012,p50,M4s_hist_gbm_semcat,nao_se_aplica,305.75,308.69687086305294
maui,2013,p50,M4s_hist_gbm_semcat,nao_se_aplica,317.25,301.52957653991956
maui,2014,p50,M4s_hist_gbm_semcat,nao_se_aplica,320.56666666666666,305.2126598259775
nyc,2005,p50,M4s_hist_gbm_semcat,nao_se_aplica,278.55,270.907842218512
nyc,2006,p50,M4s_hist_gbm_semcat,nao_se_aplica,262.28333333333336,270.3388725596804
nyc,2007,p50,M4s_hist_gbm_semcat,nao_se_aplica,263.65,263.62964489671106
nyc,2008,p50,M4s_hist_gbm_semcat,nao_se_aplica,259.25,264.77412942246264
nyc,2009,p50,M4s_hist_gbm_semcat,nao_se_aplica,259.05,265.392821754415
nyc,2010,p50,M4s_hist_gbm_semcat,nao_se_aplica,261.3333333333333,259.09646452957423
nyc,2011,p50,M4s_hist_gbm_semcat,nao_se_aplica,262.71666666666664,262.2561393714806
nyc,2013,p50,M4s_hist_gbm_semcat,nao_se_aplica,262.3333333333333,266.63327732310523
nyc,2014,p50,M4s_hist_gbm_semcat,nao_se_aplica,267.8666666666667,264.86317363579906
nyc,2015,p50,M4s_hist_gbm_semcat,nao_se_aplica,273.1333333333333,273.50221504654564
nyc,2016,p50,M4s_hist_gbm_semcat,nao_se_aplica,271.46666666666664,261.44574471307146
nyc,2017,p50,M4s_hist_gbm_semcat,nao_se_aplica,270.45,271.1678593107972
nyc,2018,p50,M4s_hist_gbm_semcat,nao_se_aplica,272.03333333333336,267.60446341859415
nyc,2019,p50,M4s_hist_gbm_semcat,nao_se_aplica,269.2,264.1071846953191
nyc,2022,p50,M4s_hist_gbm_semcat,nao_se_aplica,284.75,295.4627449503744
nyc,2023,p50,M4s_hist_gbm_semcat,nao_se_aplica,272.78333333333336,274.9464126534249
nyc,2024,p50,M4s_hist_gbm_semcat,nao_se_aplica,263.55,263.54862589891826
rio,2023,p50,M4s_hist_gbm_semcat,nao_se_aplica,254.5833333333333,253.1212658917842
rio,2024,p50,M4s_hist_gbm_semcat,nao_se_aplica,251.4833333333333,252.9955744724883
rio,2025,p50,M4s_hist_gbm_semcat,nao_se_aplica,250.35,280.50954787864026
savannah,2011,p50,M4s_hist_gbm_semcat,nao_se_aplica,270.125,270.6998782234554
savannah,2012,p50,M4s_hist_gbm_semcat,nao_se_aplica,277.6166666666667,281.14907184657494
savannah,2013,p50,M4s_hist_gbm_semcat,nao_se_aplica,274.3833333333333,276.91632005643044
savannah,2014,p50,M4s_hist_gbm_semcat,nao_se_aplica,274.71666666666664,275.2958825732167
savannah,2015,p50,M4s_hist_gbm_semcat,nao_se_aplica,249.3083333333333,331.70116311586565
savannah,2016,p50,M4s_hist_gbm_semcat,nao_se_aplica,286.6166666666667,278.26707829182504
savannah,2017,p50,M4s_hist_gbm_semcat,nao_se_aplica,300.45,287.5572177470006
savannah,2018,p50,M4s_hist_gbm_semcat,nao_se_aplica,280.96666666666664,268.8713145596667
savannah,2019,p50,M4s_hist_gbm_semcat,nao_se_aplica,279.2,276.2809753657845
singapore,2014,p50,M4s_hist_gbm_semcat,nao_se_aplica,358.0,342.8770341159779
singapore,2015,p50,M4s_hist_gbm_semcat,nao_se_aplica,360.81666666666666,364.3817599243918
singapore,2016,p50,M4s_hist_gbm_semcat,nao_se_aplica,354.1333333333333,348.8057269313193
singapore,2017,p50,M4s_hist_gbm_semcat,nao_se_aplica,355.3666666666667,351.7831523060911
singapore,2018,p50,M4s_hist_gbm_semcat,nao_se_aplica,353.56666666666666,356.5232325098723
singapore,2019,p50,M4s_hist_gbm_semcat,nao_se_aplica,358.06666666666666,335.9840936787168
singapore,2022,p50,M4s_hist_gbm_semcat,nao_se_aplica,327.65,341.37988429406045
singapore,2023,p50,M4s_hist_gbm_semcat,nao_se_aplica,329.53333333333336,350.288068374588
berlin,2005,p50,M2ai_ridge_anom_cat,mediana,248.08333333333331,248.30902088625163
berlin,2006,p50,M2ai_ridge_anom_cat,mediana,253.51666666666668,250.83027311501056
berlin,2007,p50,M2ai_ridge_anom_cat,mediana,242.25,242.7000007375053
berlin,2008,p50,M2ai_ridge_anom_cat,mediana,242.36666666666667,244.48608358699076
berlin,2009,p50,M2ai_ridge_anom_cat,mediana,250.11666666666667,250.27637487716058
berlin,2010,p50,M2ai_ridge_anom_cat,mediana,241.05,238.1514678136544
berlin,2011,p50,M2ai_ridge_anom_cat,mediana,245.26666666666668,248.29641213144708
berlin,2012,p50,M2ai_ridge_anom_cat,mediana,241.06666666666663,244.02266477888165
berlin,2013,p50,M2ai_ridge_anom_cat,mediana,239.6833333333333,243.9091695017722
berlin,2014,p50,M2ai_ridge_anom_cat,mediana,241.9333333333333,248.16339835673514
berlin,2015,p50,M2ai_ridge_anom_cat,mediana,241.3083333333333,245.0505713198364
berlin,2016,p50,M2ai_ridge_anom_cat,mediana,247.2333333333333,249.85056215973765
berlin,2017,p50,M2ai_ridge_anom_cat,mediana,247.2,245.24876941250258
berlin,2018,p50,M2ai_ridge_anom_cat,mediana,253.45,247.8854305140438
berlin,2019,p50,M2ai_ridge_anom_cat,mediana,244.61666666666667,242.20729336120672
boston,2005,p50,M2ai_ridge_anom_cat,mediana,233.05,228.93370961021932
boston,2006,p50,M2ai_ridge_anom_cat,mediana,224.78333333333333,225.36870189972257
boston,2007,p50,M2ai_ridge_anom_cat,mediana,228.66666666666663,221.83026698673
boston,2008,p50,M2ai_ridge_anom_cat,mediana,226.21666666666667,228.20629780986252
boston,2009,p50,M2ai_ridge_anom_cat,mediana,224.08333333333331,224.35142825777234
boston,2010,p50,M2ai_ridge_anom_cat,mediana,224.28333333333333,225.23552680537813
boston,2011,p50,M2ai_ridge_anom_cat,mediana,224.9833333333333,228.19477948793997
boston,2012,p50,M2ai_ridge_anom_cat,mediana,251.06666666666663,234.53555207317552
boston,2013,p50,M2ai_ridge_anom_cat,mediana,220.88333333333333,227.41749548385312
boston,2014,p50,M2ai_ridge_anom_cat,mediana,232.2333333333333,231.24581354659446
boston,2015,p50,M2ai_ridge_anom_cat,mediana,219.66666666666663,222.67452348281762
boston,2016,p50,M2ai_ridge_anom_cat,mediana,228.08333333333331,229.67680235625784
boston,2017,p50,M2ai_ridge_anom_cat,mediana,231.65833333333333,231.55409650961042
boston,2018,p50,M2ai_ridge_anom_cat,mediana,228.6,211.32415790961028
boston,2019,p50,M2ai_ridge_anom_cat,mediana,225.575,230.84795969940288
chicago,2005,p50,M2ai_ridge_anom_cat,mediana,262.85,267.7025782330894
chicago,2006,p50,M2ai_ridge_anom_cat,mediana,261.05,256.10227105602803
chicago,2007,p50,M2ai_ridge_anom_cat,mediana,295.01666666666665,274.62798410479894
chicago,2008,p50,M2ai_ridge_anom_cat,mediana,283.7,276.2914741725523
chicago,2009,p50,M2ai_ridge_anom_cat,mediana,263.43333333333334,261.4009085854211
chicago,2010,p50,M2ai_ridge_anom_cat,mediana,280.64166666666665,276.86119174841787
chicago,2011,p50,M2ai_ridge_anom_cat,mediana,277.875,275.4701977495083
chicago,2012,p50,M2ai_ridge_anom_cat,mediana,267.4,262.7803089571934
chicago,2013,p50,M2ai_ridge_anom_cat,mediana,267.43333333333334,268.7897697739357
chicago,2014,p50,M2ai_ridge_anom_cat,mediana,267.4166666666667,269.3961833687944
chicago,2015,p50,M2ai_ridge_anom_cat,mediana,270.75,273.58535482821696
chicago,2016,p50,M2ai_ridge_anom_cat,mediana,268.3833333333333,269.73142331781213
chicago,2017,p50,M2ai_ridge_anom_cat,mediana,282.71666666666664,274.31325222626697
chicago,2018,p50,M2ai_ridge_anom_cat,mediana,267.4833333333333,264.19592950815644
chicago,2019,p50,M2ai_ridge_anom_cat,mediana,262.1083333333333,264.3801991422818
chicago,2022,p50,M2ai_ridge_anom_cat,mediana,261.76666666666665,272.2894316109077
chicago,2023,p50,M2ai_ridge_anom_cat,mediana,251.6833333333333,266.93676926524313
durban,2022,p50,M2ai_ridge_anom_cat,mediana,237.78333333333333,250.45008076022245
durban,2024,p50,M2ai_ridge_anom_cat,mediana,247.49166666666667,247.29154586009673
durban,2025,p50,M2ai_ridge_anom_cat,mediana,252.2083333333333,244.0735383315255
honolulu,2005,p50,M2ai_ridge_anom_cat,mediana,339.4833333333333,357.74514284043494
honolulu,2006,p50,M2ai_ridge_anom_cat,mediana,343.6166666666667,357.91441725891445
honolulu,2007,p50,M2ai_ridge_anom_cat,mediana,350.06666666666666,356.7565658759277
honolulu,2008,p50,M2ai_ridge_anom_cat,mediana,346.45,355.0520597253575
honolulu,2009,p50,M2ai_ridge_anom_cat,mediana,344.7333333333333,358.8035053799807
honolulu,2010,p50,M2ai_ridge_anom_cat,mediana,350.8666666666667,355.5832400373268
honolulu,2011,p50,M2ai_ridge_anom_cat,mediana,346.6,354.8337280832669
honolulu,2012,p50,M2ai_ridge_anom_cat,mediana,348.8,357.0234036807582
honolulu,2013,p50,M2ai_ridge_anom_cat,mediana,367.55,356.7278347026079
honolulu,2014,p50,M2ai_ridge_anom_cat,mediana,351.96666666666664,353.9728085020864
honolulu,2015,p50,M2ai_ridge_anom_cat,mediana,372.05,355.9028743455978
honolulu,2016,p50,M2ai_ridge_anom_cat,mediana,374.9583333333333,355.1133054308218
honolulu,2017,p50,M2ai_ridge_anom_cat,mediana,369.35833333333335,354.2129142840032
honolulu,2018,p50,M2ai_ridge_anom_cat,mediana,375.26666666666665,352.99579667178074
honolulu,2019,p50,M2ai_ridge_anom_cat,mediana,381.78333333333336,355.0867579062038
long_beach,2010,p50,M2ai_ridge_anom_cat,mediana,288.5083333333333,288.57703741466054
long_beach,2011,p50,M2ai_ridge_anom_cat,mediana,297.1,290.51862768077336
long_beach,2012,p50,M2ai_ridge_anom_cat,mediana,309.46666666666664,290.75742045765276
long_beach,2013,p50,M2ai_ridge_anom_cat,mediana,279.81666666666666,288.9355267746239
long_beach,2014,p50,M2ai_ridge_anom_cat,mediana,285.19166666666666,291.72459826169023
long_beach,2015,p50,M2ai_ridge_anom_cat,mediana,315.2583333333333,295.10756282466303
long_beach,2016,p50,M2ai_ridge_anom_cat,mediana,288.3833333333333,293.37531331805235
long_beach,2017,p50,M2ai_ridge_anom_cat,mediana,288.4,290.6770555593662
long_beach,2018,p50,M2ai_ridge_anom_cat,mediana,289.78333333333336,290.23484841614004
long_beach,2019,p50,M2ai_ridge_anom_cat,mediana,283.95,289.43335371255296
maui,2010,p50,M2ai_ridge_anom_cat,mediana,307.475,312.1997970680689
maui,2011,p50,M2ai_ridge_anom_cat,mediana,301.18333333333334,316.0147495367349
maui,2012,p50,M2ai_ridge_anom_cat,mediana,305.75,315.51448255451595
maui,2013,p50,M2ai_ridge_anom_cat,mediana,317.25,309.67389813929094
maui,2014,p50,M2ai_ridge_anom_cat,mediana,320.56666666666666,306.4165744416172
nyc,2005,p50,M2ai_ridge_anom_cat,mediana,278.55,268.91880152696007
nyc,2006,p50,M2ai_ridge_anom_cat,mediana,262.28333333333336,265.51243783643224
nyc,2007,p50,M2ai_ridge_anom_cat,mediana,263.65,266.3726728635137
nyc,2008,p50,M2ai_ridge_anom_cat,mediana,259.25,264.06074208577843
nyc,2009,p50,M2ai_ridge_anom_cat,mediana,259.05,267.0067461904363
nyc,2010,p50,M2ai_ridge_anom_cat,mediana,261.3333333333333,263.79087638857663
nyc,2011,p50,M2ai_ridge_anom_cat,mediana,262.71666666666664,267.0165286214528
nyc,2013,p50,M2ai_ridge_anom_cat,mediana,262.3333333333333,264.63059073485647
nyc,2014,p50,M2ai_ridge_anom_cat,mediana,267.8666666666667,260.3088481548621
nyc,2015,p50,M2ai_ridge_anom_cat,mediana,273.1333333333333,268.0124919260915
nyc,2016,p50,M2ai_ridge_anom_cat,mediana,271.46666666666664,265.77957722664814
nyc,2017,p50,M2ai_ridge_anom_cat,mediana,270.45,266.9841498456809
nyc,2018,p50,M2ai_ridge_anom_cat,mediana,272.03333333333336,266.54779632428244
nyc,2019,p50,M2ai_ridge_anom_cat,mediana,269.2,265.23596194705334
nyc,2022,p50,M2ai_ridge_anom_cat,mediana,284.75,272.2135296599198
nyc,2023,p50,M2ai_ridge_anom_cat,mediana,272.78333333333336,270.40489139822324
nyc,2024,p50,M2ai_ridge_anom_cat,mediana,263.55,267.91361113403235
rio,2023,p50,M2ai_ridge_anom_cat,mediana,254.5833333333333,253.86505943805858
rio,2024,p50,M2ai_ridge_anom_cat,mediana,251.4833333333333,255.37050918935319
rio,2025,p50,M2ai_ridge_anom_cat,mediana,250.35,256.28802297867173
savannah,2011,p50,M2ai_ridge_anom_cat,mediana,270.125,276.24177937637626
savannah,2012,p50,M2ai_ridge_anom_cat,mediana,277.6166666666667,280.92565764398034
savannah,2013,p50,M2ai_ridge_anom_cat,mediana,274.3833333333333,281.08076415125674
savannah,2014,p50,M2ai_ridge_anom_cat,mediana,274.71666666666664,280.3011740199519
savannah,2015,p50,M2ai_ridge_anom_cat,mediana,249.3083333333333,284.3426198687796
savannah,2016,p50,M2ai_ridge_anom_cat,mediana,286.6166666666667,277.1784891912544
savannah,2017,p50,M2ai_ridge_anom_cat,mediana,300.45,282.07818700638603
savannah,2018,p50,M2ai_ridge_anom_cat,mediana,280.96666666666664,276.69302144537113
savannah,2019,p50,M2ai_ridge_anom_cat,mediana,279.2,274.74806014453975
singapore,2014,p50,M2ai_ridge_anom_cat,mediana,358.0,352.4262400586888
singapore,2015,p50,M2ai_ridge_anom_cat,mediana,360.81666666666666,352.674961196667
singapore,2016,p50,M2ai_ridge_anom_cat,mediana,354.1333333333333,354.54401203294805
singapore,2017,p50,M2ai_ridge_anom_cat,mediana,355.3666666666667,353.1865572150157
singapore,2018,p50,M2ai_ridge_anom_cat,mediana,353.56666666666666,353.38816654586066
singapore,2019,p50,M2ai_ridge_anom_cat,mediana,358.06666666666666,353.1928677923682
singapore,2022,p50,M2ai_ridge_anom_cat,mediana,327.65,355.3241969661684
singapore,2023,p50,M2ai_ridge_anom_cat,mediana,329.53333333333336,355.0215592300703
berlin,2005,p50,M4ai_hist_gbm_anom_cat,mediana,248.08333333333331,245.66948323099817
berlin,2006,p50,M4ai_hist_gbm_anom_cat,mediana,253.51666666666668,257.66503096515277
berlin,2007,p50,M4ai_hist_gbm_anom_cat,mediana,242.25,245.0666625544522
berlin,2008,p50,M4ai_hist_gbm_anom_cat,mediana,242.36666666666667,242.76276517816288
berlin,2009,p50,M4ai_hist_gbm_anom_cat,mediana,250.11666666666667,246.5407001953077
berlin,2010,p50,M4ai_hist_gbm_anom_cat,mediana,241.05,237.14132100005168
berlin,2011,p50,M4ai_hist_gbm_anom_cat,mediana,245.26666666666668,247.37404208075964
berlin,2012,p50,M4ai_hist_gbm_anom_cat,mediana,241.06666666666663,242.10216240958437
berlin,2013,p50,M4ai_hist_gbm_anom_cat,mediana,239.6833333333333,240.58712965632802
berlin,2014,p50,M4ai_hist_gbm_anom_cat,mediana,241.9333333333333,246.31811542072984
berlin,2015,p50,M4ai_hist_gbm_anom_cat,mediana,241.3083333333333,244.80841463545224
berlin,2016,p50,M4ai_hist_gbm_anom_cat,mediana,247.2333333333333,248.86508268778158
berlin,2017,p50,M4ai_hist_gbm_anom_cat,mediana,247.2,244.29233618364862
berlin,2018,p50,M4ai_hist_gbm_anom_cat,mediana,253.45,244.71896272547224
berlin,2019,p50,M4ai_hist_gbm_anom_cat,mediana,244.61666666666667,245.3479155247682
boston,2005,p50,M4ai_hist_gbm_anom_cat,mediana,233.05,225.74676088812038
boston,2006,p50,M4ai_hist_gbm_anom_cat,mediana,224.78333333333333,221.7471286537578
boston,2007,p50,M4ai_hist_gbm_anom_cat,mediana,228.66666666666663,224.0780572741912
boston,2008,p50,M4ai_hist_gbm_anom_cat,mediana,226.21666666666667,225.7684109003764
boston,2009,p50,M4ai_hist_gbm_anom_cat,mediana,224.08333333333331,222.95923544453677
boston,2010,p50,M4ai_hist_gbm_anom_cat,mediana,224.28333333333333,223.79087252551335
boston,2011,p50,M4ai_hist_gbm_anom_cat,mediana,224.9833333333333,226.49325631220285
boston,2012,p50,M4ai_hist_gbm_anom_cat,mediana,251.06666666666663,239.72417189872112
boston,2013,p50,M4ai_hist_gbm_anom_cat,mediana,220.88333333333333,226.47778910370343
boston,2014,p50,M4ai_hist_gbm_anom_cat,mediana,232.2333333333333,229.08092652149935
boston,2015,p50,M4ai_hist_gbm_anom_cat,mediana,219.66666666666663,225.0546562453312
boston,2016,p50,M4ai_hist_gbm_anom_cat,mediana,228.08333333333331,230.54955461265482
boston,2017,p50,M4ai_hist_gbm_anom_cat,mediana,231.65833333333333,233.7104486625674
boston,2018,p50,M4ai_hist_gbm_anom_cat,mediana,228.6,221.57774987561166
boston,2019,p50,M4ai_hist_gbm_anom_cat,mediana,225.575,227.39277053722572
chicago,2005,p50,M4ai_hist_gbm_anom_cat,mediana,262.85,264.7895633900103
chicago,2006,p50,M4ai_hist_gbm_anom_cat,mediana,261.05,263.9659956214099
chicago,2007,p50,M4ai_hist_gbm_anom_cat,mediana,295.01666666666665,284.31067943506855
chicago,2008,p50,M4ai_hist_gbm_anom_cat,mediana,283.7,278.89838348195593
chicago,2009,p50,M4ai_hist_gbm_anom_cat,mediana,263.43333333333334,264.0550439228075
chicago,2010,p50,M4ai_hist_gbm_anom_cat,mediana,280.64166666666665,281.2440719225775
chicago,2011,p50,M4ai_hist_gbm_anom_cat,mediana,277.875,274.36386395110554
chicago,2012,p50,M4ai_hist_gbm_anom_cat,mediana,267.4,261.8194190856342
chicago,2013,p50,M4ai_hist_gbm_anom_cat,mediana,267.43333333333334,267.1779726801646
chicago,2014,p50,M4ai_hist_gbm_anom_cat,mediana,267.4166666666667,270.1251324359639
chicago,2015,p50,M4ai_hist_gbm_anom_cat,mediana,270.75,270.88669052652074
chicago,2016,p50,M4ai_hist_gbm_anom_cat,mediana,268.3833333333333,267.6374745704328
chicago,2017,p50,M4ai_hist_gbm_anom_cat,mediana,282.71666666666664,273.7214849006776
chicago,2018,p50,M4ai_hist_gbm_anom_cat,mediana,267.4833333333333,268.89989344423134
chicago,2019,p50,M4ai_hist_gbm_anom_cat,mediana,262.1083333333333,264.4876732670359
chicago,2022,p50,M4ai_hist_gbm_anom_cat,mediana,261.76666666666665,272.34878734764254
chicago,2023,p50,M4ai_hist_gbm_anom_cat,mediana,251.6833333333333,264.6852241500064
durban,2022,p50,M4ai_hist_gbm_anom_cat,mediana,237.78333333333333,247.97231545021947
durban,2024,p50,M4ai_hist_gbm_anom_cat,mediana,247.49166666666667,248.82032409464142
durban,2025,p50,M4ai_hist_gbm_anom_cat,mediana,252.2083333333333,243.80501403950882
honolulu,2005,p50,M4ai_hist_gbm_anom_cat,mediana,339.4833333333333,351.17298171284295
honolulu,2006,p50,M4ai_hist_gbm_anom_cat,mediana,343.6166666666667,354.7294530843206
honolulu,2007,p50,M4ai_hist_gbm_anom_cat,mediana,350.06666666666666,365.7362948880142
honolulu,2008,p50,M4ai_hist_gbm_anom_cat,mediana,346.45,359.2068900613053
honolulu,2009,p50,M4ai_hist_gbm_anom_cat,mediana,344.7333333333333,367.3398077737849
honolulu,2010,p50,M4ai_hist_gbm_anom_cat,mediana,350.8666666666667,347.3255870737584
honolulu,2011,p50,M4ai_hist_gbm_anom_cat,mediana,346.6,351.4462832040764
honolulu,2012,p50,M4ai_hist_gbm_anom_cat,mediana,348.8,355.29026262048336
honolulu,2013,p50,M4ai_hist_gbm_anom_cat,mediana,367.55,363.9890863014482
honolulu,2014,p50,M4ai_hist_gbm_anom_cat,mediana,351.96666666666664,349.41209240131144
honolulu,2015,p50,M4ai_hist_gbm_anom_cat,mediana,372.05,347.4362817423273
honolulu,2016,p50,M4ai_hist_gbm_anom_cat,mediana,374.9583333333333,363.86531005944903
honolulu,2017,p50,M4ai_hist_gbm_anom_cat,mediana,369.35833333333335,358.19032911156546
honolulu,2018,p50,M4ai_hist_gbm_anom_cat,mediana,375.26666666666665,362.4697523293349
honolulu,2019,p50,M4ai_hist_gbm_anom_cat,mediana,381.78333333333336,357.403180030376
long_beach,2010,p50,M4ai_hist_gbm_anom_cat,mediana,288.5083333333333,287.0157024454631
long_beach,2011,p50,M4ai_hist_gbm_anom_cat,mediana,297.1,289.3261455219396
long_beach,2012,p50,M4ai_hist_gbm_anom_cat,mediana,309.46666666666664,289.40394568598214
long_beach,2013,p50,M4ai_hist_gbm_anom_cat,mediana,279.81666666666666,292.4811918621574
long_beach,2014,p50,M4ai_hist_gbm_anom_cat,mediana,285.19166666666666,293.71061222838995
long_beach,2015,p50,M4ai_hist_gbm_anom_cat,mediana,315.2583333333333,300.9772709807088
long_beach,2016,p50,M4ai_hist_gbm_anom_cat,mediana,288.3833333333333,298.32872843315755
long_beach,2017,p50,M4ai_hist_gbm_anom_cat,mediana,288.4,290.7589690715862
long_beach,2018,p50,M4ai_hist_gbm_anom_cat,mediana,289.78333333333336,286.5425594999545
long_beach,2019,p50,M4ai_hist_gbm_anom_cat,mediana,283.95,289.8136555292351
maui,2010,p50,M4ai_hist_gbm_anom_cat,mediana,307.475,302.8465048003555
maui,2011,p50,M4ai_hist_gbm_anom_cat,mediana,301.18333333333334,308.38011492722444
maui,2012,p50,M4ai_hist_gbm_anom_cat,mediana,305.75,309.17304406405907
maui,2013,p50,M4ai_hist_gbm_anom_cat,mediana,317.25,311.89562262384095
maui,2014,p50,M4ai_hist_gbm_anom_cat,mediana,320.56666666666666,315.2585074256464
nyc,2005,p50,M4ai_hist_gbm_anom_cat,mediana,278.55,266.86773968047316
nyc,2006,p50,M4ai_hist_gbm_anom_cat,mediana,262.28333333333336,265.84020563415226
nyc,2007,p50,M4ai_hist_gbm_anom_cat,mediana,263.65,265.26015790722624
nyc,2008,p50,M4ai_hist_gbm_anom_cat,mediana,259.25,262.3104474067114
nyc,2009,p50,M4ai_hist_gbm_anom_cat,mediana,259.05,263.4797702951481
nyc,2010,p50,M4ai_hist_gbm_anom_cat,mediana,261.3333333333333,261.4073946886242
nyc,2011,p50,M4ai_hist_gbm_anom_cat,mediana,262.71666666666664,263.9911596659041
nyc,2013,p50,M4ai_hist_gbm_anom_cat,mediana,262.3333333333333,264.7536642536161
nyc,2014,p50,M4ai_hist_gbm_anom_cat,mediana,267.8666666666667,264.74972240789447
nyc,2015,p50,M4ai_hist_gbm_anom_cat,mediana,273.1333333333333,265.43425113766625
nyc,2016,p50,M4ai_hist_gbm_anom_cat,mediana,271.46666666666664,266.0260559486995
nyc,2017,p50,M4ai_hist_gbm_anom_cat,mediana,270.45,271.865589568026
nyc,2018,p50,M4ai_hist_gbm_anom_cat,mediana,272.03333333333336,267.8043474010645
nyc,2019,p50,M4ai_hist_gbm_anom_cat,mediana,269.2,264.008684969717
nyc,2022,p50,M4ai_hist_gbm_anom_cat,mediana,284.75,264.8515769519313
nyc,2023,p50,M4ai_hist_gbm_anom_cat,mediana,272.78333333333336,271.80903281442903
nyc,2024,p50,M4ai_hist_gbm_anom_cat,mediana,263.55,264.8320527201906
rio,2023,p50,M4ai_hist_gbm_anom_cat,mediana,254.5833333333333,255.8865495128965
rio,2024,p50,M4ai_hist_gbm_anom_cat,mediana,251.4833333333333,256.41772609520314
rio,2025,p50,M4ai_hist_gbm_anom_cat,mediana,250.35,253.58413006737442
savannah,2011,p50,M4ai_hist_gbm_anom_cat,mediana,270.125,276.9508150322464
savannah,2012,p50,M4ai_hist_gbm_anom_cat,mediana,277.6166666666667,281.0498884381056
savannah,2013,p50,M4ai_hist_gbm_anom_cat,mediana,274.3833333333333,276.7070509496118
savannah,2014,p50,M4ai_hist_gbm_anom_cat,mediana,274.71666666666664,277.3648080810221
savannah,2015,p50,M4ai_hist_gbm_anom_cat,mediana,249.3083333333333,302.90542390422297
savannah,2016,p50,M4ai_hist_gbm_anom_cat,mediana,286.6166666666667,277.2037352225316
savannah,2017,p50,M4ai_hist_gbm_anom_cat,mediana,300.45,277.9472929657153
savannah,2018,p50,M4ai_hist_gbm_anom_cat,mediana,280.96666666666664,275.776829488208
savannah,2019,p50,M4ai_hist_gbm_anom_cat,mediana,279.2,280.26116270617405
singapore,2014,p50,M4ai_hist_gbm_anom_cat,mediana,358.0,357.4745177518129
singapore,2015,p50,M4ai_hist_gbm_anom_cat,mediana,360.81666666666666,352.0832564755607
singapore,2016,p50,M4ai_hist_gbm_anom_cat,mediana,354.1333333333333,355.6819402584078
singapore,2017,p50,M4ai_hist_gbm_anom_cat,mediana,355.3666666666667,350.2004415703152
singapore,2018,p50,M4ai_hist_gbm_anom_cat,mediana,353.56666666666666,353.7683222344051
singapore,2019,p50,M4ai_hist_gbm_anom_cat,mediana,358.06666666666666,360.3711283414512
singapore,2022,p50,M4ai_hist_gbm_anom_cat,mediana,327.65,345.01994939671266
singapore,2023,p50,M4ai_hist_gbm_anom_cat,mediana,329.53333333333336,347.97496339201336
berlin,2005,p75,M2s_ridge_semcat,nao_se_aplica,277.7,267.11138113407605
berlin,2006,p75,M2s_ridge_semcat,nao_se_aplica,284.2791666666667,299.24778075799026
berlin,2007,p75,M2s_ridge_semcat,nao_se_aplica,271.74583333333334,270.531722984996
berlin,2008,p75,M2s_ridge_semcat,nao_se_aplica,272.9,256.1145196725419
berlin,2009,p75,M2s_ridge_semcat,nao_se_aplica,280.30833333333334,263.8522310887965
berlin,2010,p75,M2s_ridge_semcat,nao_se_aplica,270.56666666666666,258.97210286323036
berlin,2011,p75,M2s_ridge_semcat,nao_se_aplica,276.7,276.7441799648978
berlin,2012,p75,M2s_ridge_semcat,nao_se_aplica,271.71666666666664,272.68927885242584
berlin,2013,p75,M2s_ridge_semcat,nao_se_aplica,270.76666666666665,266.82737307765944
berlin,2014,p75,M2s_ridge_semcat,nao_se_aplica,274.975,270.5807289473603
berlin,2015,p75,M2s_ridge_semcat,nao_se_aplica,274.8875,267.4362734445506
berlin,2016,p75,M2s_ridge_semcat,nao_se_aplica,281.81666666666666,282.4867330474105
berlin,2017,p75,M2s_ridge_semcat,nao_se_aplica,281.1166666666667,281.37842989837355
berlin,2018,p75,M2s_ridge_semcat,nao_se_aplica,291.4,307.83574909558314
berlin,2019,p75,M2s_ridge_semcat,nao_se_aplica,282.0833333333333,279.85020952763284
boston,2005,p75,M2s_ridge_semcat,nao_se_aplica,259.51666666666665,288.0719326999736
boston,2006,p75,M2s_ridge_semcat,nao_se_aplica,249.71666666666667,249.8234573658301
boston,2007,p75,M2s_ridge_semcat,nao_se_aplica,254.5,260.66790931986066
boston,2008,p75,M2s_ridge_semcat,nao_se_aplica,251.63333333333333,235.2724804100867
boston,2009,p75,M2s_ridge_semcat,nao_se_aplica,248.41666666666663,254.22106439867406
boston,2010,p75,M2s_ridge_semcat,nao_se_aplica,248.88333333333333,269.55353712134
boston,2011,p75,M2s_ridge_semcat,nao_se_aplica,249.78333333333333,237.37630830934216
boston,2012,p75,M2s_ridge_semcat,nao_se_aplica,285.31666666666666,277.9382619593349
boston,2013,p75,M2s_ridge_semcat,nao_se_aplica,247.9625,238.09558991267966
boston,2014,p75,M2s_ridge_semcat,nao_se_aplica,272.7,245.87329788413052
boston,2015,p75,M2s_ridge_semcat,nao_se_aplica,246.41666666666663,226.35846539980062
boston,2016,p75,M2s_ridge_semcat,nao_se_aplica,256.71666666666664,269.18824976954454
boston,2017,p75,M2s_ridge_semcat,nao_se_aplica,261.8,292.13647933316315
boston,2018,p75,M2s_ridge_semcat,nao_se_aplica,262.31666666666666,362.7740403484841
boston,2019,p75,M2s_ridge_semcat,nao_se_aplica,259.0,285.8510369299553
chicago,2005,p75,M2s_ridge_semcat,nao_se_aplica,295.71666666666664,310.40851945607693
chicago,2006,p75,M2s_ridge_semcat,nao_se_aplica,296.06666666666666,287.1133260529247
chicago,2007,p75,M2s_ridge_semcat,nao_se_aplica,329.3,366.5570983312887
chicago,2008,p75,M2s_ridge_semcat,nao_se_aplica,321.6,324.5243731454225
chicago,2009,p75,M2s_ridge_semcat,nao_se_aplica,299.7333333333333,280.0714896271344
chicago,2010,p75,M2s_ridge_semcat,nao_se_aplica,321.21666666666664,338.6047179242776
chicago,2011,p75,M2s_ridge_semcat,nao_se_aplica,316.875,326.3531501088098
chicago,2012,p75,M2s_ridge_semcat,nao_se_aplica,305.09583333333336,310.7797369347432
chicago,2013,p75,M2s_ridge_semcat,nao_se_aplica,306.5,316.14479931562624
chicago,2014,p75,M2s_ridge_semcat,nao_se_aplica,308.1,304.9472596531317
chicago,2015,p75,M2s_ridge_semcat,nao_se_aplica,311.24583333333334,309.59518422121187
chicago,2016,p75,M2s_ridge_semcat,nao_se_aplica,310.5708333333333,325.59959020651036
chicago,2017,p75,M2s_ridge_semcat,nao_se_aplica,328.4166666666667,324.8538753370864
chicago,2018,p75,M2s_ridge_semcat,nao_se_aplica,310.6666666666667,324.9831972037829
chicago,2019,p75,M2s_ridge_semcat,nao_se_aplica,307.25,295.4525860663659
chicago,2022,p75,M2s_ridge_semcat,nao_se_aplica,307.95,285.2749890665169
chicago,2023,p75,M2s_ridge_semcat,nao_se_aplica,297.95,329.9961304596286
durban,2022,p75,M2s_ridge_semcat,nao_se_aplica,275.09166666666664,314.9338725690496
durban,2024,p75,M2s_ridge_semcat,nao_se_aplica,282.71666666666664,283.1391587168617
durban,2025,p75,M2s_ridge_semcat,nao_se_aplica,285.7083333333333,275.5937700306947
honolulu,2005,p75,M2s_ridge_semcat,nao_se_aplica,403.1333333333333,447.68935007717005
honolulu,2006,p75,M2s_ridge_semcat,nao_se_aplica,408.73333333333335,406.36935223297775
honolulu,2007,p75,M2s_ridge_semcat,nao_se_aplica,417.2708333333333,420.203522617227
honolulu,2008,p75,M2s_ridge_semcat,nao_se_aplica,411.8333333333333,421.84703339418445
honolulu,2009,p75,M2s_ridge_semcat,nao_se_aplica,410.03333333333336,411.219427959703
honolulu,2010,p75,M2s_ridge_semcat,nao_se_aplica,414.975,417.13551631963406
honolulu,2011,p75,M2s_ridge_semcat,nao_se_aplica,409.7083333333333,402.469625963779
honolulu,2012,p75,M2s_ridge_semcat,nao_se_aplica,408.28333333333336,433.6683711903558
honolulu,2013,p75,M2s_ridge_semcat,nao_se_aplica,437.85,423.7321464873313
honolulu,2014,p75,M2s_ridge_semcat,nao_se_aplica,422.675,416.300259402194
honolulu,2015,p75,M2s_ridge_semcat,nao_se_aplica,442.17083333333335,418.12869858720035
honolulu,2016,p75,M2s_ridge_semcat,nao_se_aplica,450.45,402.9965040680062
honolulu,2017,p75,M2s_ridge_semcat,nao_se_aplica,441.6125,396.93075665005324
honolulu,2018,p75,M2s_ridge_semcat,nao_se_aplica,444.3083333333333,384.41336697942813
honolulu,2019,p75,M2s_ridge_semcat,nao_se_aplica,456.44166666666666,401.83216868743307
long_beach,2010,p75,M2s_ridge_semcat,nao_se_aplica,331.2416666666667,329.69872373574105
long_beach,2011,p75,M2s_ridge_semcat,nao_se_aplica,346.05833333333334,319.7222208747534
long_beach,2012,p75,M2s_ridge_semcat,nao_se_aplica,358.2958333333333,331.30781148977997
long_beach,2013,p75,M2s_ridge_semcat,nao_se_aplica,318.78333333333336,335.6963675573492
long_beach,2014,p75,M2s_ridge_semcat,nao_se_aplica,331.78333333333336,334.6479476995558
long_beach,2015,p75,M2s_ridge_semcat,nao_se_aplica,368.5625,342.66998991678923
long_beach,2016,p75,M2s_ridge_semcat,nao_se_aplica,333.7583333333333,321.64809476802424
long_beach,2017,p75,M2s_ridge_semcat,nao_se_aplica,338.46666666666664,318.78252579145897
long_beach,2018,p75,M2s_ridge_semcat,nao_se_aplica,337.35,312.61724563751335
long_beach,2019,p75,M2s_ridge_semcat,nao_se_aplica,330.2,306.7390586940575
maui,2010,p75,M2s_ridge_semcat,nao_se_aplica,355.19166666666666,365.43545141653186
maui,2011,p75,M2s_ridge_semcat,nao_se_aplica,351.5333333333333,364.3264548440818
maui,2012,p75,M2s_ridge_semcat,nao_se_aplica,354.4833333333333,360.8028887113535
maui,2013,p75,M2s_ridge_semcat,nao_se_aplica,364.3416666666667,366.9153808098929
maui,2014,p75,M2s_ridge_semcat,nao_se_aplica,366.2875,390.4027091709471
nyc,2005,p75,M2s_ridge_semcat,nao_se_aplica,314.1666666666667,310.96770121270646
nyc,2006,p75,M2s_ridge_semcat,nao_se_aplica,294.8833333333333,301.48150128416046
nyc,2007,p75,M2s_ridge_semcat,nao_se_aplica,296.78333333333336,322.59161707566
nyc,2008,p75,M2s_ridge_semcat,nao_se_aplica,293.43333333333334,297.27185248305136
nyc,2009,p75,M2s_ridge_semcat,nao_se_aplica,292.56666666666666,325.8867123247171
nyc,2010,p75,M2s_ridge_semcat,nao_se_aplica,296.53333333333336,287.02279384811567
nyc,2011,p75,M2s_ridge_semcat,nao_se_aplica,298.55,298.15858706519464
nyc,2013,p75,M2s_ridge_semcat,nao_se_aplica,296.9166666666667,303.7972507315788
nyc,2014,p75,M2s_ridge_semcat,nao_se_aplica,304.43333333333334,287.7824078426752
nyc,2015,p75,M2s_ridge_semcat,nao_se_aplica,310.53333333333336,333.2478990429225
nyc,2016,p75,M2s_ridge_semcat,nao_se_aplica,309.01666666666665,313.86266659075517
nyc,2017,p75,M2s_ridge_semcat,nao_se_aplica,309.35,318.318807992057
nyc,2018,p75,M2s_ridge_semcat,nao_se_aplica,312.00416666666666,304.97517826045106
nyc,2019,p75,M2s_ridge_semcat,nao_se_aplica,309.75416666666666,303.5942897605205
nyc,2022,p75,M2s_ridge_semcat,nao_se_aplica,327.31666666666666,353.98023177993815
nyc,2023,p75,M2s_ridge_semcat,nao_se_aplica,315.95,309.08815449743184
nyc,2024,p75,M2s_ridge_semcat,nao_se_aplica,305.4083333333333,307.4192183626176
rio,2023,p75,M2s_ridge_semcat,nao_se_aplica,289.15833333333336,345.937536684357
rio,2024,p75,M2s_ridge_semcat,nao_se_aplica,284.27916666666664,349.5246490453174
rio,2025,p75,M2s_ridge_semcat,nao_se_aplica,281.01666666666665,358.8657784583799
savannah,2011,p75,M2s_ridge_semcat,nao_se_aplica,305.6125,322.7194145746928
savannah,2012,p75,M2s_ridge_semcat,nao_se_aplica,311.7,317.3456005768889
savannah,2013,p75,M2s_ridge_semcat,nao_se_aplica,311.76666666666665,309.7185257948515
savannah,2014,p75,M2s_ridge_semcat,nao_se_aplica,310.5708333333333,314.12168147296256
savannah,2015,p75,M2s_ridge_semcat,nao_se_aplica,273.6875,375.2556991142628
savannah,2016,p75,M2s_ridge_semcat,nao_se_aplica,332.31666666666666,325.5955485357531
savannah,2017,p75,M2s_ridge_semcat,nao_se_aplica,346.31666666666666,302.82543887827757
savannah,2018,p75,M2s_ridge_semcat,nao_se_aplica,318.85,296.94373043806945
savannah,2019,p75,M2s_ridge_semcat,nao_se_aplica,320.5,309.1132338308001
singapore,2014,p75,M2s_ridge_semcat,nao_se_aplica,404.8666666666667,389.24565339452056
singapore,2015,p75,M2s_ridge_semcat,nao_se_aplica,412.1,379.47127746391527
singapore,2016,p75,M2s_ridge_semcat,nao_se_aplica,406.39166666666665,388.0868254803827
singapore,2017,p75,M2s_ridge_semcat,nao_se_aplica,405.14166666666665,396.09051915949726
singapore,2018,p75,M2s_ridge_semcat,nao_se_aplica,395.6833333333333,381.7551147437822
singapore,2019,p75,M2s_ridge_semcat,nao_se_aplica,405.0833333333333,369.39088843591367
singapore,2022,p75,M2s_ridge_semcat,nao_se_aplica,380.2166666666667,381.0576747050258
singapore,2023,p75,M2s_ridge_semcat,nao_se_aplica,381.3083333333333,405.2450671473281
berlin,2005,p75,M4s_hist_gbm_semcat,nao_se_aplica,277.7,278.3839717840956
berlin,2006,p75,M4s_hist_gbm_semcat,nao_se_aplica,284.2791666666667,287.7690225292766
berlin,2007,p75,M4s_hist_gbm_semcat,nao_se_aplica,271.74583333333334,271.49187669612854
berlin,2008,p75,M4s_hist_gbm_semcat,nao_se_aplica,272.9,274.07582581368206
berlin,2009,p75,M4s_hist_gbm_semcat,nao_se_aplica,280.30833333333334,283.7918081340922
berlin,2010,p75,M4s_hist_gbm_semcat,nao_se_aplica,270.56666666666666,268.5098045355158
berlin,2011,p75,M4s_hist_gbm_semcat,nao_se_aplica,276.7,280.2897880424255
berlin,2012,p75,M4s_hist_gbm_semcat,nao_se_aplica,271.71666666666664,272.5186248721617
berlin,2013,p75,M4s_hist_gbm_semcat,nao_se_aplica,270.76666666666665,267.13552270815387
berlin,2014,p75,M4s_hist_gbm_semcat,nao_se_aplica,274.975,277.5085278523575
berlin,2015,p75,M4s_hist_gbm_semcat,nao_se_aplica,274.8875,273.7384954847093
berlin,2016,p75,M4s_hist_gbm_semcat,nao_se_aplica,281.81666666666666,286.85099412402985
berlin,2017,p75,M4s_hist_gbm_semcat,nao_se_aplica,281.1166666666667,277.347762442291
berlin,2018,p75,M4s_hist_gbm_semcat,nao_se_aplica,291.4,286.1962816411387
berlin,2019,p75,M4s_hist_gbm_semcat,nao_se_aplica,282.0833333333333,278.65580154308395
boston,2005,p75,M4s_hist_gbm_semcat,nao_se_aplica,259.51666666666665,256.79972287314627
boston,2006,p75,M4s_hist_gbm_semcat,nao_se_aplica,249.71666666666667,249.40746703017504
boston,2007,p75,M4s_hist_gbm_semcat,nao_se_aplica,254.5,252.0571593088025
boston,2008,p75,M4s_hist_gbm_semcat,nao_se_aplica,251.63333333333333,259.9909472174135
boston,2009,p75,M4s_hist_gbm_semcat,nao_se_aplica,248.41666666666663,249.49031932795512
boston,2010,p75,M4s_hist_gbm_semcat,nao_se_aplica,248.88333333333333,261.17003274856984
boston,2011,p75,M4s_hist_gbm_semcat,nao_se_aplica,249.78333333333333,258.65531150039305
boston,2012,p75,M4s_hist_gbm_semcat,nao_se_aplica,285.31666666666666,261.5550318822846
boston,2013,p75,M4s_hist_gbm_semcat,nao_se_aplica,247.9625,249.6281780480157
boston,2014,p75,M4s_hist_gbm_semcat,nao_se_aplica,272.7,253.292409138201
boston,2015,p75,M4s_hist_gbm_semcat,nao_se_aplica,246.41666666666663,254.34049596284476
boston,2016,p75,M4s_hist_gbm_semcat,nao_se_aplica,256.71666666666664,258.73160489967455
boston,2017,p75,M4s_hist_gbm_semcat,nao_se_aplica,261.8,267.79988376862553
boston,2018,p75,M4s_hist_gbm_semcat,nao_se_aplica,262.31666666666666,255.07406421948255
boston,2019,p75,M4s_hist_gbm_semcat,nao_se_aplica,259.0,272.70463003794845
chicago,2005,p75,M4s_hist_gbm_semcat,nao_se_aplica,295.71666666666664,303.326815496853
chicago,2006,p75,M4s_hist_gbm_semcat,nao_se_aplica,296.06666666666666,293.18523126679435
chicago,2007,p75,M4s_hist_gbm_semcat,nao_se_aplica,329.3,377.26244194057756
chicago,2008,p75,M4s_hist_gbm_semcat,nao_se_aplica,321.6,314.29626030526543
chicago,2009,p75,M4s_hist_gbm_semcat,nao_se_aplica,299.7333333333333,299.8020109318022
chicago,2010,p75,M4s_hist_gbm_semcat,nao_se_aplica,321.21666666666664,314.28397739888425
chicago,2011,p75,M4s_hist_gbm_semcat,nao_se_aplica,316.875,319.778296556159
chicago,2012,p75,M4s_hist_gbm_semcat,nao_se_aplica,305.09583333333336,299.52154425325193
chicago,2013,p75,M4s_hist_gbm_semcat,nao_se_aplica,306.5,310.2620994763016
chicago,2014,p75,M4s_hist_gbm_semcat,nao_se_aplica,308.1,306.30180702764255
chicago,2015,p75,M4s_hist_gbm_semcat,nao_se_aplica,311.24583333333334,315.76538805649284
chicago,2016,p75,M4s_hist_gbm_semcat,nao_se_aplica,310.5708333333333,308.2065532871604
chicago,2017,p75,M4s_hist_gbm_semcat,nao_se_aplica,328.4166666666667,323.2963187317104
chicago,2018,p75,M4s_hist_gbm_semcat,nao_se_aplica,310.6666666666667,312.41637054801646
chicago,2019,p75,M4s_hist_gbm_semcat,nao_se_aplica,307.25,300.5131718383923
chicago,2022,p75,M4s_hist_gbm_semcat,nao_se_aplica,307.95,312.57272877551617
chicago,2023,p75,M4s_hist_gbm_semcat,nao_se_aplica,297.95,306.5486548401953
durban,2022,p75,M4s_hist_gbm_semcat,nao_se_aplica,275.09166666666664,302.0276768302716
durban,2024,p75,M4s_hist_gbm_semcat,nao_se_aplica,282.71666666666664,316.03214272409383
durban,2025,p75,M4s_hist_gbm_semcat,nao_se_aplica,285.7083333333333,295.92284186826
honolulu,2005,p75,M4s_hist_gbm_semcat,nao_se_aplica,403.1333333333333,411.0085303064809
honolulu,2006,p75,M4s_hist_gbm_semcat,nao_se_aplica,408.73333333333335,347.408746628856
honolulu,2007,p75,M4s_hist_gbm_semcat,nao_se_aplica,417.2708333333333,417.1142515109755
honolulu,2008,p75,M4s_hist_gbm_semcat,nao_se_aplica,411.8333333333333,419.05544424443104
honolulu,2009,p75,M4s_hist_gbm_semcat,nao_se_aplica,410.03333333333336,355.1628218601982
honolulu,2010,p75,M4s_hist_gbm_semcat,nao_se_aplica,414.975,405.86220224180784
honolulu,2011,p75,M4s_hist_gbm_semcat,nao_se_aplica,409.7083333333333,387.30328159528284
honolulu,2012,p75,M4s_hist_gbm_semcat,nao_se_aplica,408.28333333333336,433.6204361896109
honolulu,2013,p75,M4s_hist_gbm_semcat,nao_se_aplica,437.85,423.5605694227705
honolulu,2014,p75,M4s_hist_gbm_semcat,nao_se_aplica,422.675,432.2886998743573
honolulu,2015,p75,M4s_hist_gbm_semcat,nao_se_aplica,442.17083333333335,423.5261509047247
honolulu,2016,p75,M4s_hist_gbm_semcat,nao_se_aplica,450.45,432.2053698725482
honolulu,2017,p75,M4s_hist_gbm_semcat,nao_se_aplica,441.6125,437.5914018193247
honolulu,2018,p75,M4s_hist_gbm_semcat,nao_se_aplica,444.3083333333333,412.2437385506083
honolulu,2019,p75,M4s_hist_gbm_semcat,nao_se_aplica,456.44166666666666,382.9452646547077
long_beach,2010,p75,M4s_hist_gbm_semcat,nao_se_aplica,331.2416666666667,319.3573724639612
long_beach,2011,p75,M4s_hist_gbm_semcat,nao_se_aplica,346.05833333333334,332.5223526099161
long_beach,2012,p75,M4s_hist_gbm_semcat,nao_se_aplica,358.2958333333333,340.1187780317504
long_beach,2013,p75,M4s_hist_gbm_semcat,nao_se_aplica,318.78333333333336,325.08091491730875
long_beach,2014,p75,M4s_hist_gbm_semcat,nao_se_aplica,331.78333333333336,341.0939390078018
long_beach,2015,p75,M4s_hist_gbm_semcat,nao_se_aplica,368.5625,361.6540916123263
long_beach,2016,p75,M4s_hist_gbm_semcat,nao_se_aplica,333.7583333333333,337.4511456557205
long_beach,2017,p75,M4s_hist_gbm_semcat,nao_se_aplica,338.46666666666664,330.5498001291191
long_beach,2018,p75,M4s_hist_gbm_semcat,nao_se_aplica,337.35,314.21152393127915
long_beach,2019,p75,M4s_hist_gbm_semcat,nao_se_aplica,330.2,329.4711595215736
maui,2010,p75,M4s_hist_gbm_semcat,nao_se_aplica,355.19166666666666,353.65567579250273
maui,2011,p75,M4s_hist_gbm_semcat,nao_se_aplica,351.5333333333333,362.5455768860172
maui,2012,p75,M4s_hist_gbm_semcat,nao_se_aplica,354.4833333333333,354.86968477362086
maui,2013,p75,M4s_hist_gbm_semcat,nao_se_aplica,364.3416666666667,348.8128728113179
maui,2014,p75,M4s_hist_gbm_semcat,nao_se_aplica,366.2875,353.0671662415431
nyc,2005,p75,M4s_hist_gbm_semcat,nao_se_aplica,314.1666666666667,307.22293283159286
nyc,2006,p75,M4s_hist_gbm_semcat,nao_se_aplica,294.8833333333333,303.6935583493531
nyc,2007,p75,M4s_hist_gbm_semcat,nao_se_aplica,296.78333333333336,291.6696445308202
nyc,2008,p75,M4s_hist_gbm_semcat,nao_se_aplica,293.43333333333334,298.3688293506362
nyc,2009,p75,M4s_hist_gbm_semcat,nao_se_aplica,292.56666666666666,301.29728318585234
nyc,2010,p75,M4s_hist_gbm_semcat,nao_se_aplica,296.53333333333336,296.46716213242547
nyc,2011,p75,M4s_hist_gbm_semcat,nao_se_aplica,298.55,299.0822827675957
nyc,2013,p75,M4s_hist_gbm_semcat,nao_se_aplica,296.9166666666667,303.7637374403407
nyc,2014,p75,M4s_hist_gbm_semcat,nao_se_aplica,304.43333333333334,302.41329994640364
nyc,2015,p75,M4s_hist_gbm_semcat,nao_se_aplica,310.53333333333336,311.64206123849397
nyc,2016,p75,M4s_hist_gbm_semcat,nao_se_aplica,309.01666666666665,298.4371337722643
nyc,2017,p75,M4s_hist_gbm_semcat,nao_se_aplica,309.35,312.5089006910346
nyc,2018,p75,M4s_hist_gbm_semcat,nao_se_aplica,312.00416666666666,304.07569843201327
nyc,2019,p75,M4s_hist_gbm_semcat,nao_se_aplica,309.75416666666666,302.33211241946253
nyc,2022,p75,M4s_hist_gbm_semcat,nao_se_aplica,327.31666666666666,335.0349017476675
nyc,2023,p75,M4s_hist_gbm_semcat,nao_se_aplica,315.95,315.4162635303838
nyc,2024,p75,M4s_hist_gbm_semcat,nao_se_aplica,305.4083333333333,307.4134162484397
rio,2023,p75,M4s_hist_gbm_semcat,nao_se_aplica,289.15833333333336,288.08498656091365
rio,2024,p75,M4s_hist_gbm_semcat,nao_se_aplica,284.27916666666664,283.78470360243523
rio,2025,p75,M4s_hist_gbm_semcat,nao_se_aplica,281.01666666666665,310.5050744779201
savannah,2011,p75,M4s_hist_gbm_semcat,nao_se_aplica,305.6125,305.8310319006602
savannah,2012,p75,M4s_hist_gbm_semcat,nao_se_aplica,311.7,322.1975014346314
savannah,2013,p75,M4s_hist_gbm_semcat,nao_se_aplica,311.76666666666665,311.69707741096033
savannah,2014,p75,M4s_hist_gbm_semcat,nao_se_aplica,310.5708333333333,311.5590828002869
savannah,2015,p75,M4s_hist_gbm_semcat,nao_se_aplica,273.6875,391.84402220712326
savannah,2016,p75,M4s_hist_gbm_semcat,nao_se_aplica,332.31666666666666,320.650781766835
savannah,2017,p75,M4s_hist_gbm_semcat,nao_se_aplica,346.31666666666666,317.16263026390106
savannah,2018,p75,M4s_hist_gbm_semcat,nao_se_aplica,318.85,307.48492373234257
savannah,2019,p75,M4s_hist_gbm_semcat,nao_se_aplica,320.5,313.6217425506476
singapore,2014,p75,M4s_hist_gbm_semcat,nao_se_aplica,404.8666666666667,410.83509294262655
singapore,2015,p75,M4s_hist_gbm_semcat,nao_se_aplica,412.1,411.4430054642663
singapore,2016,p75,M4s_hist_gbm_semcat,nao_se_aplica,406.39166666666665,402.06728721780513
singapore,2017,p75,M4s_hist_gbm_semcat,nao_se_aplica,405.14166666666665,400.11290037862966
singapore,2018,p75,M4s_hist_gbm_semcat,nao_se_aplica,395.6833333333333,420.9027630002055
singapore,2019,p75,M4s_hist_gbm_semcat,nao_se_aplica,405.0833333333333,384.12920717071256
singapore,2022,p75,M4s_hist_gbm_semcat,nao_se_aplica,380.2166666666667,397.9618585270147
singapore,2023,p75,M4s_hist_gbm_semcat,nao_se_aplica,381.3083333333333,397.1112830334028
berlin,2005,p75,M2ai_ridge_anom_cat,mediana,277.7,278.91038671422973
berlin,2006,p75,M2ai_ridge_anom_cat,mediana,284.2791666666667,282.64038519700256
berlin,2007,p75,M2ai_ridge_anom_cat,mediana,271.74583333333334,272.3591407382824
berlin,2008,p75,M2ai_ridge_anom_cat,mediana,272.9,275.05411123413415
berlin,2009,p75,M2ai_ridge_anom_cat,mediana,280.30833333333334,282.2147962873282
berlin,2010,p75,M2ai_ridge_anom_cat,mediana,270.56666666666666,268.22233801325496
berlin,2011,p75,M2ai_ridge_anom_cat,mediana,276.7,280.3686247844423
berlin,2012,p75,M2ai_ridge_anom_cat,mediana,271.71666666666664,275.44962583547385
berlin,2013,p75,M2ai_ridge_anom_cat,mediana,270.76666666666665,275.0750534369271
berlin,2014,p75,M2ai_ridge_anom_cat,mediana,274.975,280.46570687407467
berlin,2015,p75,M2ai_ridge_anom_cat,mediana,274.8875,276.7573981746737
berlin,2016,p75,M2ai_ridge_anom_cat,mediana,281.81666666666666,282.9846404268564
berlin,2017,p75,M2ai_ridge_anom_cat,mediana,281.1166666666667,276.8265453808784
berlin,2018,p75,M2ai_ridge_anom_cat,mediana,291.4,281.43998822182226
berlin,2019,p75,M2ai_ridge_anom_cat,mediana,282.0833333333333,274.2835203572988
boston,2005,p75,M2ai_ridge_anom_cat,mediana,259.51666666666665,255.52659520757413
boston,2006,p75,M2ai_ridge_anom_cat,mediana,249.71666666666667,251.62726748604615
boston,2007,p75,M2ai_ridge_anom_cat,mediana,254.5,248.07780931168878
boston,2008,p75,M2ai_ridge_anom_cat,mediana,251.63333333333333,255.71244145435676
boston,2009,p75,M2ai_ridge_anom_cat,mediana,248.41666666666663,251.42892663001388
boston,2010,p75,M2ai_ridge_anom_cat,mediana,248.88333333333333,253.58254871200407
boston,2011,p75,M2ai_ridge_anom_cat,mediana,249.78333333333333,257.4978304805139
boston,2012,p75,M2ai_ridge_anom_cat,mediana,285.31666666666666,263.7482640848863
boston,2013,p75,M2ai_ridge_anom_cat,mediana,247.9625,255.41098479698033
boston,2014,p75,M2ai_ridge_anom_cat,mediana,272.7,259.70737027540855
boston,2015,p75,M2ai_ridge_anom_cat,mediana,246.41666666666663,252.19879623790177
boston,2016,p75,M2ai_ridge_anom_cat,mediana,256.71666666666664,259.0258780582487
boston,2017,p75,M2ai_ridge_anom_cat,mediana,261.8,261.84971133866657
boston,2018,p75,M2ai_ridge_anom_cat,mediana,262.31666666666666,243.00458405824526
boston,2019,p75,M2ai_ridge_anom_cat,mediana,259.0,261.4126054160168
chicago,2005,p75,M2ai_ridge_anom_cat,mediana,295.71666666666664,307.25525455208447
chicago,2006,p75,M2ai_ridge_anom_cat,mediana,296.06666666666666,294.8653290198892
chicago,2007,p75,M2ai_ridge_anom_cat,mediana,329.3,315.47057991010354
chicago,2008,p75,M2ai_ridge_anom_cat,mediana,321.6,317.46005204917833
chicago,2009,p75,M2ai_ridge_anom_cat,mediana,299.7333333333333,301.05605198124925
chicago,2010,p75,M2ai_ridge_anom_cat,mediana,321.21666666666664,318.9950055126503
chicago,2011,p75,M2ai_ridge_anom_cat,mediana,316.875,317.15453892662083
chicago,2012,p75,M2ai_ridge_anom_cat,mediana,305.09583333333336,303.54505249245153
chicago,2013,p75,M2ai_ridge_anom_cat,mediana,306.5,310.72053839529985
chicago,2014,p75,M2ai_ridge_anom_cat,mediana,308.1,311.19372267473807
chicago,2015,p75,M2ai_ridge_anom_cat,mediana,311.24583333333334,316.463323470502
chicago,2016,p75,M2ai_ridge_anom_cat,mediana,310.5708333333333,310.81672617997486
chicago,2017,p75,M2ai_ridge_anom_cat,mediana,328.4166666666667,317.0729867244577
chicago,2018,p75,M2ai_ridge_anom_cat,mediana,310.6666666666667,305.5715463788363
chicago,2019,p75,M2ai_ridge_anom_cat,mediana,307.25,306.5808580806133
chicago,2022,p75,M2ai_ridge_anom_cat,mediana,307.95,316.4584428519304
chicago,2023,p75,M2ai_ridge_anom_cat,mediana,297.95,310.15521312047815
durban,2022,p75,M2ai_ridge_anom_cat,mediana,275.09166666666664,286.23987963276545
durban,2024,p75,M2ai_ridge_anom_cat,mediana,282.71666666666664,285.0667691301558
durban,2025,p75,M2ai_ridge_anom_cat,mediana,285.7083333333333,282.74151683055254
honolulu,2005,p75,M2ai_ridge_anom_cat,mediana,403.1333333333333,424.0062510252098
honolulu,2006,p75,M2ai_ridge_anom_cat,mediana,408.73333333333335,424.8513450093032
honolulu,2007,p75,M2ai_ridge_anom_cat,mediana,417.2708333333333,423.1641568010556
honolulu,2008,p75,M2ai_ridge_anom_cat,mediana,411.8333333333333,422.4198764644484
honolulu,2009,p75,M2ai_ridge_anom_cat,mediana,410.03333333333336,426.7079023472711
honolulu,2010,p75,M2ai_ridge_anom_cat,mediana,414.975,423.0673691032254
honolulu,2011,p75,M2ai_ridge_anom_cat,mediana,409.7083333333333,423.03147150537905
honolulu,2012,p75,M2ai_ridge_anom_cat,mediana,408.28333333333336,425.56164737774765
honolulu,2013,p75,M2ai_ridge_anom_cat,mediana,437.85,423.55983960718487
honolulu,2014,p75,M2ai_ridge_anom_cat,mediana,422.675,420.59047999256245
honolulu,2015,p75,M2ai_ridge_anom_cat,mediana,442.17083333333335,423.06882841336613
honolulu,2016,p75,M2ai_ridge_anom_cat,mediana,450.45,421.8057730247953
honolulu,2017,p75,M2ai_ridge_anom_cat,mediana,441.6125,421.5607887371815
honolulu,2018,p75,M2ai_ridge_anom_cat,mediana,444.3083333333333,421.4158582173395
honolulu,2019,p75,M2ai_ridge_anom_cat,mediana,456.44166666666666,422.77189130980724
long_beach,2010,p75,M2ai_ridge_anom_cat,mediana,331.2416666666667,336.0016019310061
long_beach,2011,p75,M2ai_ridge_anom_cat,mediana,346.05833333333334,336.1917047194463
long_beach,2012,p75,M2ai_ridge_anom_cat,mediana,358.2958333333333,336.65791252217264
long_beach,2013,p75,M2ai_ridge_anom_cat,mediana,318.78333333333336,337.1299648123988
long_beach,2014,p75,M2ai_ridge_anom_cat,mediana,331.78333333333336,340.3336909098297
long_beach,2015,p75,M2ai_ridge_anom_cat,mediana,368.5625,342.12141432257397
long_beach,2016,p75,M2ai_ridge_anom_cat,mediana,333.7583333333333,343.3288721730299
long_beach,2017,p75,M2ai_ridge_anom_cat,mediana,338.46666666666664,337.468825217809
long_beach,2018,p75,M2ai_ridge_anom_cat,mediana,337.35,337.2062150353428
long_beach,2019,p75,M2ai_ridge_anom_cat,mediana,330.2,338.77881185053224
maui,2010,p75,M2ai_ridge_anom_cat,mediana,355.19166666666666,359.4793175824717
maui,2011,p75,M2ai_ridge_anom_cat,mediana,351.5333333333333,363.5487203420585
maui,2012,p75,M2ai_ridge_anom_cat,mediana,354.4833333333333,363.69286943699046
maui,2013,p75,M2ai_ridge_anom_cat,mediana,364.3416666666667,358.29009836050506
maui,2014,p75,M2ai_ridge_anom_cat,mediana,366.2875,354.2774541214238
nyc,2005,p75,M2ai_ridge_anom_cat,mediana,314.1666666666667,305.6191142561539
nyc,2006,p75,M2ai_ridge_anom_cat,mediana,294.8833333333333,300.9151632502051
nyc,2007,p75,M2ai_ridge_anom_cat,mediana,296.78333333333336,302.49602287167636
nyc,2008,p75,M2ai_ridge_anom_cat,mediana,293.43333333333334,300.07047078395885
nyc,2009,p75,M2ai_ridge_anom_cat,mediana,292.56666666666666,303.25647817566664
nyc,2010,p75,M2ai_ridge_anom_cat,mediana,296.53333333333336,300.5963999926212
nyc,2011,p75,M2ai_ridge_anom_cat,mediana,298.55,304.3948662453181
nyc,2013,p75,M2ai_ridge_anom_cat,mediana,296.9166666666667,301.7623334591944
nyc,2014,p75,M2ai_ridge_anom_cat,mediana,304.43333333333334,299.21878631158506
nyc,2015,p75,M2ai_ridge_anom_cat,mediana,310.53333333333336,307.29482009796436
nyc,2016,p75,M2ai_ridge_anom_cat,mediana,309.01666666666665,304.3967531626879
nyc,2017,p75,M2ai_ridge_anom_cat,mediana,309.35,305.49744902393354
nyc,2018,p75,M2ai_ridge_anom_cat,mediana,312.00416666666666,305.5316730826167
nyc,2019,p75,M2ai_ridge_anom_cat,mediana,309.75416666666666,304.6574322694687
nyc,2022,p75,M2ai_ridge_anom_cat,mediana,327.31666666666666,313.5777389263298
nyc,2023,p75,M2ai_ridge_anom_cat,mediana,315.95,311.13322053206986
nyc,2024,p75,M2ai_ridge_anom_cat,mediana,305.4083333333333,307.93926095212396
rio,2023,p75,M2ai_ridge_anom_cat,mediana,289.15833333333336,288.29147754697664
rio,2024,p75,M2ai_ridge_anom_cat,mediana,284.27916666666664,290.9067951432674
rio,2025,p75,M2ai_ridge_anom_cat,mediana,281.01666666666665,292.80431676697305
savannah,2011,p75,M2ai_ridge_anom_cat,mediana,305.6125,312.04530010747783
savannah,2012,p75,M2ai_ridge_anom_cat,mediana,311.7,318.8080302809836
savannah,2013,p75,M2ai_ridge_anom_cat,mediana,311.76666666666665,318.1441929523802
savannah,2014,p75,M2ai_ridge_anom_cat,mediana,310.5708333333333,317.5333409152955
savannah,2015,p75,M2ai_ridge_anom_cat,mediana,273.6875,328.9620608525369
savannah,2016,p75,M2ai_ridge_anom_cat,mediana,332.31666666666666,313.02862990426786
savannah,2017,p75,M2ai_ridge_anom_cat,mediana,346.31666666666666,319.22485581578115
savannah,2018,p75,M2ai_ridge_anom_cat,mediana,318.85,313.7142220744151
savannah,2019,p75,M2ai_ridge_anom_cat,mediana,320.5,311.38579571345906
singapore,2014,p75,M2ai_ridge_anom_cat,mediana,404.8666666666667,401.3857174110791
singapore,2015,p75,M2ai_ridge_anom_cat,mediana,412.1,401.21505260353797
singapore,2016,p75,M2ai_ridge_anom_cat,mediana,406.39166666666665,402.748875176762
singapore,2017,p75,M2ai_ridge_anom_cat,mediana,405.14166666666665,402.5577877407025
singapore,2018,p75,M2ai_ridge_anom_cat,mediana,395.6833333333333,403.24963260650753
singapore,2019,p75,M2ai_ridge_anom_cat,mediana,405.0833333333333,410.5173078736539
singapore,2022,p75,M2ai_ridge_anom_cat,mediana,380.2166666666667,405.1012359031117
singapore,2023,p75,M2ai_ridge_anom_cat,mediana,381.3083333333333,405.2777595738749
berlin,2005,p75,M4ai_hist_gbm_anom_cat,mediana,277.7,276.29469216345296
berlin,2006,p75,M4ai_hist_gbm_anom_cat,mediana,284.2791666666667,288.78444616420853
berlin,2007,p75,M4ai_hist_gbm_anom_cat,mediana,271.74583333333334,274.661102178594
berlin,2008,p75,M4ai_hist_gbm_anom_cat,mediana,272.9,276.5145365791444
berlin,2009,p75,M4ai_hist_gbm_anom_cat,mediana,280.30833333333334,282.5391418305859
berlin,2010,p75,M4ai_hist_gbm_anom_cat,mediana,270.56666666666666,270.8466699731889
berlin,2011,p75,M4ai_hist_gbm_anom_cat,mediana,276.7,278.10861077414785
berlin,2012,p75,M4ai_hist_gbm_anom_cat,mediana,271.71666666666664,273.27519630296933
berlin,2013,p75,M4ai_hist_gbm_anom_cat,mediana,270.76666666666665,268.69843126184713
berlin,2014,p75,M4ai_hist_gbm_anom_cat,mediana,274.975,276.1644240292286
berlin,2015,p75,M4ai_hist_gbm_anom_cat,mediana,274.8875,279.8705516782348
berlin,2016,p75,M4ai_hist_gbm_anom_cat,mediana,281.81666666666666,285.36407349194064
berlin,2017,p75,M4ai_hist_gbm_anom_cat,mediana,281.1166666666667,276.5851977382363
berlin,2018,p75,M4ai_hist_gbm_anom_cat,mediana,291.4,281.3558082002665
berlin,2019,p75,M4ai_hist_gbm_anom_cat,mediana,282.0833333333333,278.3874127794378
boston,2005,p75,M4ai_hist_gbm_anom_cat,mediana,259.51666666666665,253.2006485085856
boston,2006,p75,M4ai_hist_gbm_anom_cat,mediana,249.71666666666667,248.35560760529506
boston,2007,p75,M4ai_hist_gbm_anom_cat,mediana,254.5,248.7217886198114
boston,2008,p75,M4ai_hist_gbm_anom_cat,mediana,251.63333333333333,250.43242457983024
boston,2009,p75,M4ai_hist_gbm_anom_cat,mediana,248.41666666666663,249.1052812115079
boston,2010,p75,M4ai_hist_gbm_anom_cat,mediana,248.88333333333333,252.16381582072376
boston,2011,p75,M4ai_hist_gbm_anom_cat,mediana,249.78333333333333,254.25392221263687
boston,2012,p75,M4ai_hist_gbm_anom_cat,mediana,285.31666666666666,270.7903180728241
boston,2013,p75,M4ai_hist_gbm_anom_cat,mediana,247.9625,250.97112606576528
boston,2014,p75,M4ai_hist_gbm_anom_cat,mediana,272.7,260.4423690724815
boston,2015,p75,M4ai_hist_gbm_anom_cat,mediana,246.41666666666663,259.8681809489376
boston,2016,p75,M4ai_hist_gbm_anom_cat,mediana,256.71666666666664,259.7576583368359
boston,2017,p75,M4ai_hist_gbm_anom_cat,mediana,261.8,261.07122208752713
boston,2018,p75,M4ai_hist_gbm_anom_cat,mediana,262.31666666666666,249.4445729657215
boston,2019,p75,M4ai_hist_gbm_anom_cat,mediana,259.0,261.68581634478096
chicago,2005,p75,M4ai_hist_gbm_anom_cat,mediana,295.71666666666664,302.33362138452304
chicago,2006,p75,M4ai_hist_gbm_anom_cat,mediana,296.06666666666666,302.32387323587886
chicago,2007,p75,M4ai_hist_gbm_anom_cat,mediana,329.3,334.39455312088825
chicago,2008,p75,M4ai_hist_gbm_anom_cat,mediana,321.6,313.2400289184311
chicago,2009,p75,M4ai_hist_gbm_anom_cat,mediana,299.7333333333333,301.15076367925064
chicago,2010,p75,M4ai_hist_gbm_anom_cat,mediana,321.21666666666664,321.0166322576846
chicago,2011,p75,M4ai_hist_gbm_anom_cat,mediana,316.875,311.9785474398773
chicago,2012,p75,M4ai_hist_gbm_anom_cat,mediana,305.09583333333336,299.9838836368116
chicago,2013,p75,M4ai_hist_gbm_anom_cat,mediana,306.5,306.87309826010653
chicago,2014,p75,M4ai_hist_gbm_anom_cat,mediana,308.1,308.5420781187969
chicago,2015,p75,M4ai_hist_gbm_anom_cat,mediana,311.24583333333334,312.396118120714
chicago,2016,p75,M4ai_hist_gbm_anom_cat,mediana,310.5708333333333,310.9286568910213
chicago,2017,p75,M4ai_hist_gbm_anom_cat,mediana,328.4166666666667,322.13160450340473
chicago,2018,p75,M4ai_hist_gbm_anom_cat,mediana,310.6666666666667,311.4038127367973
chicago,2019,p75,M4ai_hist_gbm_anom_cat,mediana,307.25,305.4974221878603
chicago,2022,p75,M4ai_hist_gbm_anom_cat,mediana,307.95,315.6220807742668
chicago,2023,p75,M4ai_hist_gbm_anom_cat,mediana,297.95,310.6814924692605
durban,2022,p75,M4ai_hist_gbm_anom_cat,mediana,275.09166666666664,286.0066896139493
durban,2024,p75,M4ai_hist_gbm_anom_cat,mediana,282.71666666666664,292.69979172451576
durban,2025,p75,M4ai_hist_gbm_anom_cat,mediana,285.7083333333333,281.7366199747153
honolulu,2005,p75,M4ai_hist_gbm_anom_cat,mediana,403.1333333333333,413.12270417411963
honolulu,2006,p75,M4ai_hist_gbm_anom_cat,mediana,408.73333333333335,413.56815372862434
honolulu,2007,p75,M4ai_hist_gbm_anom_cat,mediana,417.2708333333333,423.48238541379067
honolulu,2008,p75,M4ai_hist_gbm_anom_cat,mediana,411.8333333333333,417.3592210935988
honolulu,2009,p75,M4ai_hist_gbm_anom_cat,mediana,410.03333333333336,435.40484573852734
honolulu,2010,p75,M4ai_hist_gbm_anom_cat,mediana,414.975,413.32690222081817
honolulu,2011,p75,M4ai_hist_gbm_anom_cat,mediana,409.7083333333333,415.27299171229
honolulu,2012,p75,M4ai_hist_gbm_anom_cat,mediana,408.28333333333336,419.55487603493964
honolulu,2013,p75,M4ai_hist_gbm_anom_cat,mediana,437.85,430.82246939375773
honolulu,2014,p75,M4ai_hist_gbm_anom_cat,mediana,422.675,422.09833500798385
honolulu,2015,p75,M4ai_hist_gbm_anom_cat,mediana,442.17083333333335,417.4602069480529
honolulu,2016,p75,M4ai_hist_gbm_anom_cat,mediana,450.45,435.70623162013425
honolulu,2017,p75,M4ai_hist_gbm_anom_cat,mediana,441.6125,430.5686258815308
honolulu,2018,p75,M4ai_hist_gbm_anom_cat,mediana,444.3083333333333,428.61615766483385
honolulu,2019,p75,M4ai_hist_gbm_anom_cat,mediana,456.44166666666666,426.8099394104852
long_beach,2010,p75,M4ai_hist_gbm_anom_cat,mediana,331.2416666666667,329.265445013509
long_beach,2011,p75,M4ai_hist_gbm_anom_cat,mediana,346.05833333333334,339.348238775728
long_beach,2012,p75,M4ai_hist_gbm_anom_cat,mediana,358.2958333333333,329.46241436018926
long_beach,2013,p75,M4ai_hist_gbm_anom_cat,mediana,318.78333333333336,337.99037206010325
long_beach,2014,p75,M4ai_hist_gbm_anom_cat,mediana,331.78333333333336,341.17793417251823
long_beach,2015,p75,M4ai_hist_gbm_anom_cat,mediana,368.5625,358.4908102646905
long_beach,2016,p75,M4ai_hist_gbm_anom_cat,mediana,333.7583333333333,343.86821114478965
long_beach,2017,p75,M4ai_hist_gbm_anom_cat,mediana,338.46666666666664,345.21930341880824
long_beach,2018,p75,M4ai_hist_gbm_anom_cat,mediana,337.35,332.84214843456857
long_beach,2019,p75,M4ai_hist_gbm_anom_cat,mediana,330.2,336.9795786142688
maui,2010,p75,M4ai_hist_gbm_anom_cat,mediana,355.19166666666666,355.78190456219147
maui,2011,p75,M4ai_hist_gbm_anom_cat,mediana,351.5333333333333,353.3318089201764
maui,2012,p75,M4ai_hist_gbm_anom_cat,mediana,354.4833333333333,359.4181680348984
maui,2013,p75,M4ai_hist_gbm_anom_cat,mediana,364.3416666666667,360.1090968415753
maui,2014,p75,M4ai_hist_gbm_anom_cat,mediana,366.2875,353.5124892329566
nyc,2005,p75,M4ai_hist_gbm_anom_cat,mediana,314.1666666666667,304.41439597548316
nyc,2006,p75,M4ai_hist_gbm_anom_cat,mediana,294.8833333333333,295.3318374308642
nyc,2007,p75,M4ai_hist_gbm_anom_cat,mediana,296.78333333333336,296.5395032206795
nyc,2008,p75,M4ai_hist_gbm_anom_cat,mediana,293.43333333333334,295.98735269384514
nyc,2009,p75,M4ai_hist_gbm_anom_cat,mediana,292.56666666666666,296.8956434636406
nyc,2010,p75,M4ai_hist_gbm_anom_cat,mediana,296.53333333333336,299.5101550762462
nyc,2011,p75,M4ai_hist_gbm_anom_cat,mediana,298.55,300.238061898742
nyc,2013,p75,M4ai_hist_gbm_anom_cat,mediana,296.9166666666667,297.0326485847556
nyc,2014,p75,M4ai_hist_gbm_anom_cat,mediana,304.43333333333334,300.6179087570407
nyc,2015,p75,M4ai_hist_gbm_anom_cat,mediana,310.53333333333336,304.59712711355803
nyc,2016,p75,M4ai_hist_gbm_anom_cat,mediana,309.01666666666665,305.4439937603651
nyc,2017,p75,M4ai_hist_gbm_anom_cat,mediana,309.35,310.02047463082414
nyc,2018,p75,M4ai_hist_gbm_anom_cat,mediana,312.00416666666666,308.9705834901149
nyc,2019,p75,M4ai_hist_gbm_anom_cat,mediana,309.75416666666666,304.55564204248105
nyc,2022,p75,M4ai_hist_gbm_anom_cat,mediana,327.31666666666666,310.80799161113686
nyc,2023,p75,M4ai_hist_gbm_anom_cat,mediana,315.95,310.06874053677575
nyc,2024,p75,M4ai_hist_gbm_anom_cat,mediana,305.4083333333333,308.4979834999144
rio,2023,p75,M4ai_hist_gbm_anom_cat,mediana,289.15833333333336,292.60458414161843
rio,2024,p75,M4ai_hist_gbm_anom_cat,mediana,284.27916666666664,286.8421462102399
rio,2025,p75,M4ai_hist_gbm_anom_cat,mediana,281.01666666666665,293.14772295952565
savannah,2011,p75,M4ai_hist_gbm_anom_cat,mediana,305.6125,310.5980325634251
savannah,2012,p75,M4ai_hist_gbm_anom_cat,mediana,311.7,317.1098951545002
savannah,2013,p75,M4ai_hist_gbm_anom_cat,mediana,311.76666666666665,313.46998984319964
savannah,2014,p75,M4ai_hist_gbm_anom_cat,mediana,310.5708333333333,318.46187255422603
savannah,2015,p75,M4ai_hist_gbm_anom_cat,mediana,273.6875,351.7465608598053
savannah,2016,p75,M4ai_hist_gbm_anom_cat,mediana,332.31666666666666,316.36704891786894
savannah,2017,p75,M4ai_hist_gbm_anom_cat,mediana,346.31666666666666,317.75764721552173
savannah,2018,p75,M4ai_hist_gbm_anom_cat,mediana,318.85,320.71834759529975
savannah,2019,p75,M4ai_hist_gbm_anom_cat,mediana,320.5,313.67964078073703
singapore,2014,p75,M4ai_hist_gbm_anom_cat,mediana,404.8666666666667,407.290966250903
singapore,2015,p75,M4ai_hist_gbm_anom_cat,mediana,412.1,398.4123811611362
singapore,2016,p75,M4ai_hist_gbm_anom_cat,mediana,406.39166666666665,403.2012103082709
singapore,2017,p75,M4ai_hist_gbm_anom_cat,mediana,405.14166666666665,394.391358962866
singapore,2018,p75,M4ai_hist_gbm_anom_cat,mediana,395.6833333333333,406.6490825491872
singapore,2019,p75,M4ai_hist_gbm_anom_cat,mediana,405.0833333333333,426.0689880521003
singapore,2022,p75,M4ai_hist_gbm_anom_cat,mediana,380.2166666666667,393.3651738787531
singapore,2023,p75,M4ai_hist_gbm_anom_cat,mediana,381.3083333333333,406.262349960195
berlin,2005,p90,M2s_ridge_semcat,nao_se_aplica,306.3466666666667,290.4833146766716
berlin,2006,p90,M2s_ridge_semcat,nao_se_aplica,312.55,329.35855277858633
berlin,2007,p90,M2s_ridge_semcat,nao_se_aplica,300.4083333333333,298.1818243925168
berlin,2008,p90,M2s_ridge_semcat,nao_se_aplica,301.46333333333337,280.0410501213323
berlin,2009,p90,M2s_ridge_semcat,nao_se_aplica,309.1166666666667,287.58599670698726
berlin,2010,p90,M2s_ridge_semcat,nao_se_aplica,298.2583333333333,288.7285630730065
berlin,2011,p90,M2s_ridge_semcat,nao_se_aplica,306.71666666666664,305.39057984265077
berlin,2012,p90,M2s_ridge_semcat,nao_se_aplica,301.81666666666666,302.5441908930967
berlin,2013,p90,M2s_ridge_semcat,nao_se_aplica,299.46666666666664,295.437538355473
berlin,2014,p90,M2s_ridge_semcat,nao_se_aplica,306.74666666666667,298.63081771091555
berlin,2015,p90,M2s_ridge_semcat,nao_se_aplica,307.0766666666668,295.5747628639808
berlin,2016,p90,M2s_ridge_semcat,nao_se_aplica,316.455,312.5620839574331
berlin,2017,p90,M2s_ridge_semcat,nao_se_aplica,314.93333333333334,312.20964198716763
berlin,2018,p90,M2s_ridge_semcat,nao_se_aplica,329.15,347.74977803287413
berlin,2019,p90,M2s_ridge_semcat,nao_se_aplica,320.15,313.4652706519373
boston,2005,p90,M2s_ridge_semcat,nao_se_aplica,290.3333333333333,329.50579354265886
boston,2006,p90,M2s_ridge_semcat,nao_se_aplica,281.1283333333334,281.85264459910235
boston,2007,p90,M2s_ridge_semcat,nao_se_aplica,287.8666666666667,294.9109915755232
boston,2008,p90,M2s_ridge_semcat,nao_se_aplica,284.54,265.0273724782026
boston,2009,p90,M2s_ridge_semcat,nao_se_aplica,280.1066666666667,290.31664354349317
boston,2010,p90,M2s_ridge_semcat,nao_se_aplica,280.8833333333333,309.309615273915
boston,2011,p90,M2s_ridge_semcat,nao_se_aplica,281.26166666666666,269.2405913290706
boston,2012,p90,M2s_ridge_semcat,nao_se_aplica,326.36333333333334,313.30506917179787
boston,2013,p90,M2s_ridge_semcat,nao_se_aplica,284.77166666666665,270.4430309451309
boston,2014,p90,M2s_ridge_semcat,nao_se_aplica,317.05,279.1759058328847
boston,2015,p90,M2s_ridge_semcat,nao_se_aplica,282.1,257.79953214444225
boston,2016,p90,M2s_ridge_semcat,nao_se_aplica,293.1366666666667,308.47778865277724
boston,2017,p90,M2s_ridge_semcat,nao_se_aplica,297.75,334.7395222638257
boston,2018,p90,M2s_ridge_semcat,nao_se_aplica,307.67499999999995,434.219322627431
boston,2019,p90,M2s_ridge_semcat,nao_se_aplica,297.4166666666667,326.9532194278718
chicago,2005,p90,M2s_ridge_semcat,nao_se_aplica,331.8333333333333,350.0387111415851
chicago,2006,p90,M2s_ridge_semcat,nao_se_aplica,332.875,326.6674309642708
chicago,2007,p90,M2s_ridge_semcat,nao_se_aplica,353.4166666666667,404.47581227372206
chicago,2008,p90,M2s_ridge_semcat,nao_se_aplica,358.21666666666664,363.28893534373486
chicago,2009,p90,M2s_ridge_semcat,nao_se_aplica,339.1666666666667,318.13286368075353
chicago,2010,p90,M2s_ridge_semcat,nao_se_aplica,358.8666666666667,383.3194997696854
chicago,2011,p90,M2s_ridge_semcat,nao_se_aplica,354.1,368.4124990676458
chicago,2012,p90,M2s_ridge_semcat,nao_se_aplica,346.1666666666667,356.0594695034279
chicago,2013,p90,M2s_ridge_semcat,nao_se_aplica,346.09666666666675,359.62544430638957
chicago,2014,p90,M2s_ridge_semcat,nao_se_aplica,350.36,347.072735394601
chicago,2015,p90,M2s_ridge_semcat,nao_se_aplica,350.6483333333333,350.6638403201863
chicago,2016,p90,M2s_ridge_semcat,nao_se_aplica,352.76666666666665,372.08298252398606
chicago,2017,p90,M2s_ridge_semcat,nao_se_aplica,371.3666666666667,370.4747977725746
chicago,2018,p90,M2s_ridge_semcat,nao_se_aplica,354.53333333333336,376.4033459410638
chicago,2019,p90,M2s_ridge_semcat,nao_se_aplica,353.89166666666665,338.6411092095313
chicago,2022,p90,M2s_ridge_semcat,nao_se_aplica,355.51000000000005,321.5487993328664
chicago,2023,p90,M2s_ridge_semcat,nao_se_aplica,346.8,380.85301925176657
durban,2022,p90,M2s_ridge_semcat,nao_se_aplica,299.9433333333334,349.1578699463143
durban,2024,p90,M2s_ridge_semcat,nao_se_aplica,309.88666666666666,307.9698121973643
durban,2025,p90,M2s_ridge_semcat,nao_se_aplica,309.1166666666667,303.6371475004207
honolulu,2005,p90,M2s_ridge_semcat,nao_se_aplica,468.27333333333337,516.4408889495774
honolulu,2006,p90,M2s_ridge_semcat,nao_se_aplica,472.5666666666666,464.27929190430154
honolulu,2007,p90,M2s_ridge_semcat,nao_se_aplica,486.6,484.09892956774115
honolulu,2008,p90,M2s_ridge_semcat,nao_se_aplica,481.03,487.3448409370804
honolulu,2009,p90,M2s_ridge_semcat,nao_se_aplica,474.8333333333333,471.9932745541145
honolulu,2010,p90,M2s_ridge_semcat,nao_se_aplica,481.2166666666666,481.47206532278096
honolulu,2011,p90,M2s_ridge_semcat,nao_se_aplica,473.62000000000006,461.3438979009545
honolulu,2012,p90,M2s_ridge_semcat,nao_se_aplica,457.76666666666665,504.1586411217766
honolulu,2013,p90,M2s_ridge_semcat,nao_se_aplica,506.36,489.5853727286059
honolulu,2014,p90,M2s_ridge_semcat,nao_se_aplica,492.2366666666667,478.25119379812907
honolulu,2015,p90,M2s_ridge_semcat,nao_se_aplica,510.0,483.8948404275965
honolulu,2016,p90,M2s_ridge_semcat,nao_se_aplica,525.2,461.6396406317516
honolulu,2017,p90,M2s_ridge_semcat,nao_se_aplica,510.5083333333333,456.8425187133299
honolulu,2018,p90,M2s_ridge_semcat,nao_se_aplica,510.98333333333335,439.67844595518864
honolulu,2019,p90,M2s_ridge_semcat,nao_se_aplica,528.2499999999999,463.67908774884836
long_beach,2010,p90,M2s_ridge_semcat,nao_se_aplica,371.4916666666667,372.8843487055119
long_beach,2011,p90,M2s_ridge_semcat,nao_se_aplica,389.2266666666666,359.3136102639331
long_beach,2012,p90,M2s_ridge_semcat,nao_se_aplica,402.7183333333333,373.22709631925864
long_beach,2013,p90,M2s_ridge_semcat,nao_se_aplica,357.7216666666667,381.0108896419413
long_beach,2014,p90,M2s_ridge_semcat,nao_se_aplica,376.125,377.346878447158
long_beach,2015,p90,M2s_ridge_semcat,nao_se_aplica,407.7483333333333,385.5603527456793
long_beach,2016,p90,M2s_ridge_semcat,nao_se_aplica,381.15,359.65948763242733
long_beach,2017,p90,M2s_ridge_semcat,nao_se_aplica,381.47333333333336,358.2622493489583
long_beach,2018,p90,M2s_ridge_semcat,nao_se_aplica,378.7733333333333,350.9869359716601
long_beach,2019,p90,M2s_ridge_semcat,nao_se_aplica,379.8033333333334,342.9683064461429
maui,2010,p90,M2s_ridge_semcat,nao_se_aplica,397.995,406.93238451463503
maui,2011,p90,M2s_ridge_semcat,nao_se_aplica,395.47,412.2125619343807
maui,2012,p90,M2s_ridge_semcat,nao_se_aplica,399.0833333333333,408.48668082538705
maui,2013,p90,M2s_ridge_semcat,nao_se_aplica,412.0866666666667,414.2227948759842
maui,2014,p90,M2s_ridge_semcat,nao_se_aplica,405.6933333333333,427.3243254410624
nyc,2005,p90,M2s_ridge_semcat,nao_se_aplica,351.06666666666666,347.6710023292212
nyc,2006,p90,M2s_ridge_semcat,nao_se_aplica,332.6666666666667,340.8286246613696
nyc,2007,p90,M2s_ridge_semcat,nao_se_aplica,334.6333333333333,365.72214362262895
nyc,2008,p90,M2s_ridge_semcat,nao_se_aplica,333.51666666666665,335.7093212329479
nyc,2009,p90,M2s_ridge_semcat,nao_se_aplica,332.14500000000004,352.7134813479987
nyc,2010,p90,M2s_ridge_semcat,nao_se_aplica,337.1766666666667,323.52320654021196
nyc,2011,p90,M2s_ridge_semcat,nao_se_aplica,336.5,337.62919776211686
nyc,2013,p90,M2s_ridge_semcat,nao_se_aplica,337.24333333333334,344.5858271372799
nyc,2014,p90,M2s_ridge_semcat,nao_se_aplica,347.4,325.1956359225893
nyc,2015,p90,M2s_ridge_semcat,nao_se_aplica,350.93333333333334,369.54859029499806
nyc,2016,p90,M2s_ridge_semcat,nao_se_aplica,349.5,357.90941443641907
nyc,2017,p90,M2s_ridge_semcat,nao_se_aplica,352.28333333333336,362.1501770683704
nyc,2018,p90,M2s_ridge_semcat,nao_se_aplica,355.5,349.05623169923746
nyc,2019,p90,M2s_ridge_semcat,nao_se_aplica,354.5833333333333,347.24730875312383
nyc,2022,p90,M2s_ridge_semcat,nao_se_aplica,369.965,393.28622564184326
nyc,2023,p90,M2s_ridge_semcat,nao_se_aplica,361.55,352.49925729551285
nyc,2024,p90,M2s_ridge_semcat,nao_se_aplica,353.02666666666664,353.36766724235923
rio,2023,p90,M2s_ridge_semcat,nao_se_aplica,321.08,389.8970254582986
rio,2024,p90,M2s_ridge_semcat,nao_se_aplica,316.3983333333333,395.7703373553098
rio,2025,p90,M2s_ridge_semcat,nao_se_aplica,310.9,409.1940223245582
savannah,2011,p90,M2s_ridge_semcat,nao_se_aplica,345.26166666666666,364.85264254722927
savannah,2012,p90,M2s_ridge_semcat,nao_se_aplica,348.7,356.8745066551703
savannah,2013,p90,M2s_ridge_semcat,nao_se_aplica,351.2233333333335,347.64253041689165
savannah,2014,p90,M2s_ridge_semcat,nao_se_aplica,351.26666666666665,353.5065355652702
savannah,2015,p90,M2s_ridge_semcat,nao_se_aplica,295.45,414.2996767974643
savannah,2016,p90,M2s_ridge_semcat,nao_se_aplica,373.2,368.23678629125106
savannah,2017,p90,M2s_ridge_semcat,nao_se_aplica,389.7633333333333,349.6235061992623
savannah,2018,p90,M2s_ridge_semcat,nao_se_aplica,360.43,333.61765700313754
savannah,2019,p90,M2s_ridge_semcat,nao_se_aplica,359.39,351.4794021932062
singapore,2014,p90,M2s_ridge_semcat,nao_se_aplica,445.6666666666667,424.5266834859009
singapore,2015,p90,M2s_ridge_semcat,nao_se_aplica,452.0266666666667,412.07867962385905
singapore,2016,p90,M2s_ridge_semcat,nao_se_aplica,444.565,424.2999299907055
singapore,2017,p90,M2s_ridge_semcat,nao_se_aplica,443.38666666666666,435.2381832686543
singapore,2018,p90,M2s_ridge_semcat,nao_se_aplica,424.31666666666666,418.9579962304098
singapore,2019,p90,M2s_ridge_semcat,nao_se_aplica,437.84,418.2068142143173
singapore,2022,p90,M2s_ridge_semcat,nao_se_aplica,420.5,414.5860767312896
singapore,2023,p90,M2s_ridge_semcat,nao_se_aplica,418.4266666666666,437.0433420022025
berlin,2005,p90,M4s_hist_gbm_semcat,nao_se_aplica,306.3466666666667,309.0042081425634
berlin,2006,p90,M4s_hist_gbm_semcat,nao_se_aplica,312.55,316.27399378876953
berlin,2007,p90,M4s_hist_gbm_semcat,nao_se_aplica,300.4083333333333,301.1653475815067
berlin,2008,p90,M4s_hist_gbm_semcat,nao_se_aplica,301.46333333333337,304.70656154093933
berlin,2009,p90,M4s_hist_gbm_semcat,nao_se_aplica,309.1166666666667,310.3325450175427
berlin,2010,p90,M4s_hist_gbm_semcat,nao_se_aplica,298.2583333333333,296.21160003503456
berlin,2011,p90,M4s_hist_gbm_semcat,nao_se_aplica,306.71666666666664,311.79678489736756
berlin,2012,p90,M4s_hist_gbm_semcat,nao_se_aplica,301.81666666666666,303.38914729542523
berlin,2013,p90,M4s_hist_gbm_semcat,nao_se_aplica,299.46666666666664,305.39541909839306
berlin,2014,p90,M4s_hist_gbm_semcat,nao_se_aplica,306.74666666666667,310.1192584889311
berlin,2015,p90,M4s_hist_gbm_semcat,nao_se_aplica,307.0766666666668,304.32010389017773
berlin,2016,p90,M4s_hist_gbm_semcat,nao_se_aplica,316.455,315.66424890292353
berlin,2017,p90,M4s_hist_gbm_semcat,nao_se_aplica,314.93333333333334,315.87495891086587
berlin,2018,p90,M4s_hist_gbm_semcat,nao_se_aplica,329.15,322.5945392470949
berlin,2019,p90,M4s_hist_gbm_semcat,nao_se_aplica,320.15,312.08177547708135
boston,2005,p90,M4s_hist_gbm_semcat,nao_se_aplica,290.3333333333333,301.6683483719733
boston,2006,p90,M4s_hist_gbm_semcat,nao_se_aplica,281.1283333333334,282.8722384517936
boston,2007,p90,M4s_hist_gbm_semcat,nao_se_aplica,287.8666666666667,282.7898131329616
boston,2008,p90,M4s_hist_gbm_semcat,nao_se_aplica,284.54,295.2085428488218
boston,2009,p90,M4s_hist_gbm_semcat,nao_se_aplica,280.1066666666667,281.70604662288656
boston,2010,p90,M4s_hist_gbm_semcat,nao_se_aplica,280.8833333333333,298.1477168363591
boston,2011,p90,M4s_hist_gbm_semcat,nao_se_aplica,281.26166666666666,302.9422738718607
boston,2012,p90,M4s_hist_gbm_semcat,nao_se_aplica,326.36333333333334,294.94625542201646
boston,2013,p90,M4s_hist_gbm_semcat,nao_se_aplica,284.77166666666665,282.5105624353609
boston,2014,p90,M4s_hist_gbm_semcat,nao_se_aplica,317.05,294.99302100583907
boston,2015,p90,M4s_hist_gbm_semcat,nao_se_aplica,282.1,295.40374246099344
boston,2016,p90,M4s_hist_gbm_semcat,nao_se_aplica,293.1366666666667,300.561475594368
boston,2017,p90,M4s_hist_gbm_semcat,nao_se_aplica,297.75,302.27451803277546
boston,2018,p90,M4s_hist_gbm_semcat,nao_se_aplica,307.67499999999995,285.15625854747947
boston,2019,p90,M4s_hist_gbm_semcat,nao_se_aplica,297.4166666666667,311.13917584076523
chicago,2005,p90,M4s_hist_gbm_semcat,nao_se_aplica,331.8333333333333,340.8742518010615
chicago,2006,p90,M4s_hist_gbm_semcat,nao_se_aplica,332.875,335.01984860270346
chicago,2007,p90,M4s_hist_gbm_semcat,nao_se_aplica,353.4166666666667,448.8647458207114
chicago,2008,p90,M4s_hist_gbm_semcat,nao_se_aplica,358.21666666666664,358.526193421286
chicago,2009,p90,M4s_hist_gbm_semcat,nao_se_aplica,339.1666666666667,337.2152090900878
chicago,2010,p90,M4s_hist_gbm_semcat,nao_se_aplica,358.8666666666667,361.3810901278785
chicago,2011,p90,M4s_hist_gbm_semcat,nao_se_aplica,354.1,354.6366644633824
chicago,2012,p90,M4s_hist_gbm_semcat,nao_se_aplica,346.1666666666667,345.5619938872595
chicago,2013,p90,M4s_hist_gbm_semcat,nao_se_aplica,346.09666666666675,347.6248912154963
chicago,2014,p90,M4s_hist_gbm_semcat,nao_se_aplica,350.36,347.32214916068796
chicago,2015,p90,M4s_hist_gbm_semcat,nao_se_aplica,350.6483333333333,358.4901494885043
chicago,2016,p90,M4s_hist_gbm_semcat,nao_se_aplica,352.76666666666665,350.156721172956
chicago,2017,p90,M4s_hist_gbm_semcat,nao_se_aplica,371.3666666666667,364.8584408341865
chicago,2018,p90,M4s_hist_gbm_semcat,nao_se_aplica,354.53333333333336,356.64018503873694
chicago,2019,p90,M4s_hist_gbm_semcat,nao_se_aplica,353.89166666666665,345.4623482016759
chicago,2022,p90,M4s_hist_gbm_semcat,nao_se_aplica,355.51000000000005,352.99479892736593
chicago,2023,p90,M4s_hist_gbm_semcat,nao_se_aplica,346.8,351.35784607640386
durban,2022,p90,M4s_hist_gbm_semcat,nao_se_aplica,299.9433333333334,328.8777570745977
durban,2024,p90,M4s_hist_gbm_semcat,nao_se_aplica,309.88666666666666,339.01565683820525
durban,2025,p90,M4s_hist_gbm_semcat,nao_se_aplica,309.1166666666667,325.257238073733
honolulu,2005,p90,M4s_hist_gbm_semcat,nao_se_aplica,468.27333333333337,477.85567367385977
honolulu,2006,p90,M4s_hist_gbm_semcat,nao_se_aplica,472.5666666666666,403.2630631179034
honolulu,2007,p90,M4s_hist_gbm_semcat,nao_se_aplica,486.6,485.18784611811066
honolulu,2008,p90,M4s_hist_gbm_semcat,nao_se_aplica,481.03,490.47328762899934
honolulu,2009,p90,M4s_hist_gbm_semcat,nao_se_aplica,474.8333333333333,412.14615930992426
honolulu,2010,p90,M4s_hist_gbm_semcat,nao_se_aplica,481.2166666666666,471.0621463892297
honolulu,2011,p90,M4s_hist_gbm_semcat,nao_se_aplica,473.62000000000006,451.56606953480605
honolulu,2012,p90,M4s_hist_gbm_semcat,nao_se_aplica,457.76666666666665,503.3653621566978
honolulu,2013,p90,M4s_hist_gbm_semcat,nao_se_aplica,506.36,497.0579087039689
honolulu,2014,p90,M4s_hist_gbm_semcat,nao_se_aplica,492.2366666666667,503.2178662603977
honolulu,2015,p90,M4s_hist_gbm_semcat,nao_se_aplica,510.0,495.9657448713428
honolulu,2016,p90,M4s_hist_gbm_semcat,nao_se_aplica,525.2,506.842833463445
honolulu,2017,p90,M4s_hist_gbm_semcat,nao_se_aplica,510.5083333333333,506.05501064884953
honolulu,2018,p90,M4s_hist_gbm_semcat,nao_se_aplica,510.98333333333335,453.33964356992294
honolulu,2019,p90,M4s_hist_gbm_semcat,nao_se_aplica,528.2499999999999,469.0402855717964
long_beach,2010,p90,M4s_hist_gbm_semcat,nao_se_aplica,371.4916666666667,364.20620937494886
long_beach,2011,p90,M4s_hist_gbm_semcat,nao_se_aplica,389.2266666666666,373.5056134592627
long_beach,2012,p90,M4s_hist_gbm_semcat,nao_se_aplica,402.7183333333333,383.694214572131
long_beach,2013,p90,M4s_hist_gbm_semcat,nao_se_aplica,357.7216666666667,363.26471665076224
long_beach,2014,p90,M4s_hist_gbm_semcat,nao_se_aplica,376.125,385.0312846173162
long_beach,2015,p90,M4s_hist_gbm_semcat,nao_se_aplica,407.7483333333333,404.51902786361563
long_beach,2016,p90,M4s_hist_gbm_semcat,nao_se_aplica,381.15,380.798385776375
long_beach,2017,p90,M4s_hist_gbm_semcat,nao_se_aplica,381.47333333333336,368.25401324704876
long_beach,2018,p90,M4s_hist_gbm_semcat,nao_se_aplica,378.7733333333333,356.2255367841001
long_beach,2019,p90,M4s_hist_gbm_semcat,nao_se_aplica,379.8033333333334,362.52702510293915
maui,2010,p90,M4s_hist_gbm_semcat,nao_se_aplica,397.995,393.05903147468825
maui,2011,p90,M4s_hist_gbm_semcat,nao_se_aplica,395.47,408.7736189920677
maui,2012,p90,M4s_hist_gbm_semcat,nao_se_aplica,399.0833333333333,400.8613772507592
maui,2013,p90,M4s_hist_gbm_semcat,nao_se_aplica,412.0866666666667,393.89755012555565
maui,2014,p90,M4s_hist_gbm_semcat,nao_se_aplica,405.6933333333333,400.3538158411589
nyc,2005,p90,M4s_hist_gbm_semcat,nao_se_aplica,351.06666666666666,340.2759986793581
nyc,2006,p90,M4s_hist_gbm_semcat,nao_se_aplica,332.6666666666667,345.139733155003
nyc,2007,p90,M4s_hist_gbm_semcat,nao_se_aplica,334.6333333333333,330.14799369844997
nyc,2008,p90,M4s_hist_gbm_semcat,nao_se_aplica,333.51666666666665,339.49889241283466
nyc,2009,p90,M4s_hist_gbm_semcat,nao_se_aplica,332.14500000000004,340.77394962774946
nyc,2010,p90,M4s_hist_gbm_semcat,nao_se_aplica,337.1766666666667,331.7776777917847
nyc,2011,p90,M4s_hist_gbm_semcat,nao_se_aplica,336.5,341.1603073536911
nyc,2013,p90,M4s_hist_gbm_semcat,nao_se_aplica,337.24333333333334,344.8780722015402
nyc,2014,p90,M4s_hist_gbm_semcat,nao_se_aplica,347.4,342.9951777327772
nyc,2015,p90,M4s_hist_gbm_semcat,nao_se_aplica,350.93333333333334,347.84497751828394
nyc,2016,p90,M4s_hist_gbm_semcat,nao_se_aplica,349.5,340.6676675655469
nyc,2017,p90,M4s_hist_gbm_semcat,nao_se_aplica,352.28333333333336,355.6003547490172
nyc,2018,p90,M4s_hist_gbm_semcat,nao_se_aplica,355.5,349.0800358854582
nyc,2019,p90,M4s_hist_gbm_semcat,nao_se_aplica,354.5833333333333,348.07640595214366
nyc,2022,p90,M4s_hist_gbm_semcat,nao_se_aplica,369.965,374.23186340957346
nyc,2023,p90,M4s_hist_gbm_semcat,nao_se_aplica,361.55,355.97935056161003
nyc,2024,p90,M4s_hist_gbm_semcat,nao_se_aplica,353.02666666666664,354.2840448470979
rio,2023,p90,M4s_hist_gbm_semcat,nao_se_aplica,321.08,323.16866668388303
rio,2024,p90,M4s_hist_gbm_semcat,nao_se_aplica,316.3983333333333,315.31205857624957
rio,2025,p90,M4s_hist_gbm_semcat,nao_se_aplica,310.9,359.7814635721539
savannah,2011,p90,M4s_hist_gbm_semcat,nao_se_aplica,345.26166666666666,346.31575750060614
savannah,2012,p90,M4s_hist_gbm_semcat,nao_se_aplica,348.7,359.48005287347326
savannah,2013,p90,M4s_hist_gbm_semcat,nao_se_aplica,351.2233333333335,348.6490774330993
savannah,2014,p90,M4s_hist_gbm_semcat,nao_se_aplica,351.26666666666665,353.1231690721964
savannah,2015,p90,M4s_hist_gbm_semcat,nao_se_aplica,295.45,413.25099721132665
savannah,2016,p90,M4s_hist_gbm_semcat,nao_se_aplica,373.2,366.5930888586849
savannah,2017,p90,M4s_hist_gbm_semcat,nao_se_aplica,389.7633333333333,370.199061388003
savannah,2018,p90,M4s_hist_gbm_semcat,nao_se_aplica,360.43,355.1014853438108
savannah,2019,p90,M4s_hist_gbm_semcat,nao_se_aplica,359.39,354.2261201949229
singapore,2014,p90,M4s_hist_gbm_semcat,nao_se_aplica,445.6666666666667,461.3442945409311
singapore,2015,p90,M4s_hist_gbm_semcat,nao_se_aplica,452.0266666666667,440.8694119820612
singapore,2016,p90,M4s_hist_gbm_semcat,nao_se_aplica,444.565,437.545150245804
singapore,2017,p90,M4s_hist_gbm_semcat,nao_se_aplica,443.38666666666666,433.3389815363061
singapore,2018,p90,M4s_hist_gbm_semcat,nao_se_aplica,424.31666666666666,481.92631376902796
singapore,2019,p90,M4s_hist_gbm_semcat,nao_se_aplica,437.84,414.0801718700277
singapore,2022,p90,M4s_hist_gbm_semcat,nao_se_aplica,420.5,432.6806313664413
singapore,2023,p90,M4s_hist_gbm_semcat,nao_se_aplica,418.4266666666666,432.7594189523096
berlin,2005,p90,M2ai_ridge_anom_cat,mediana,306.3466666666667,306.6906511874627
berlin,2006,p90,M2ai_ridge_anom_cat,mediana,312.55,310.67940955251885
berlin,2007,p90,M2ai_ridge_anom_cat,mediana,300.4083333333333,299.74427569999705
berlin,2008,p90,M2ai_ridge_anom_cat,mediana,301.46333333333337,302.90442296141873
berlin,2009,p90,M2ai_ridge_anom_cat,mediana,309.1166666666667,311.2125373985825
berlin,2010,p90,M2ai_ridge_anom_cat,mediana,298.2583333333333,298.38854047343983
berlin,2011,p90,M2ai_ridge_anom_cat,mediana,306.71666666666664,309.50708822011376
berlin,2012,p90,M2ai_ridge_anom_cat,mediana,301.81666666666666,304.1998721672509
berlin,2013,p90,M2ai_ridge_anom_cat,mediana,299.46666666666664,303.745763332409
berlin,2014,p90,M2ai_ridge_anom_cat,mediana,306.74666666666667,309.6615288013736
berlin,2015,p90,M2ai_ridge_anom_cat,mediana,307.0766666666668,305.86818722378763
berlin,2016,p90,M2ai_ridge_anom_cat,mediana,316.455,312.7751825417359
berlin,2017,p90,M2ai_ridge_anom_cat,mediana,314.93333333333334,305.8915541980473
berlin,2018,p90,M2ai_ridge_anom_cat,mediana,329.15,312.1979094347204
berlin,2019,p90,M2ai_ridge_anom_cat,mediana,320.15,305.1995418298485
boston,2005,p90,M2ai_ridge_anom_cat,mediana,290.3333333333333,288.99292077027474
boston,2006,p90,M2ai_ridge_anom_cat,mediana,281.1283333333334,284.3425868532058
boston,2007,p90,M2ai_ridge_anom_cat,mediana,287.8666666666667,279.81071380733584
boston,2008,p90,M2ai_ridge_anom_cat,mediana,284.54,289.22359111434446
boston,2009,p90,M2ai_ridge_anom_cat,mediana,280.1066666666667,285.0716128025174
boston,2010,p90,M2ai_ridge_anom_cat,mediana,280.8833333333333,288.1106524966893
boston,2011,p90,M2ai_ridge_anom_cat,mediana,281.26166666666666,291.99153894964604
boston,2012,p90,M2ai_ridge_anom_cat,mediana,326.36333333333334,297.0348666276425
boston,2013,p90,M2ai_ridge_anom_cat,mediana,284.77166666666665,289.42058235191695
boston,2014,p90,M2ai_ridge_anom_cat,mediana,317.05,293.456875351536
boston,2015,p90,M2ai_ridge_anom_cat,mediana,282.1,288.9708399139685
boston,2016,p90,M2ai_ridge_anom_cat,mediana,293.1366666666667,294.302267551542
boston,2017,p90,M2ai_ridge_anom_cat,mediana,297.75,297.2169568355003
boston,2018,p90,M2ai_ridge_anom_cat,mediana,307.67499999999995,284.5633397661697
boston,2019,p90,M2ai_ridge_anom_cat,mediana,297.4166666666667,299.24323359730204
chicago,2005,p90,M2ai_ridge_anom_cat,mediana,331.8333333333333,347.43948271585475
chicago,2006,p90,M2ai_ridge_anom_cat,mediana,332.875,335.83711556193373
chicago,2007,p90,M2ai_ridge_anom_cat,mediana,353.4166666666667,356.81945249664074
chicago,2008,p90,M2ai_ridge_anom_cat,mediana,358.21666666666664,357.91680085172646
chicago,2009,p90,M2ai_ridge_anom_cat,mediana,339.1666666666667,342.6189699362554
chicago,2010,p90,M2ai_ridge_anom_cat,mediana,358.8666666666667,360.73780939860677
chicago,2011,p90,M2ai_ridge_anom_cat,mediana,354.1,358.9743627832343
chicago,2012,p90,M2ai_ridge_anom_cat,mediana,346.1666666666667,345.6953700279679
chicago,2013,p90,M2ai_ridge_anom_cat,mediana,346.09666666666675,353.0684598670025
chicago,2014,p90,M2ai_ridge_anom_cat,mediana,350.36,353.1652810873895
chicago,2015,p90,M2ai_ridge_anom_cat,mediana,350.6483333333333,359.5781011995113
chicago,2016,p90,M2ai_ridge_anom_cat,mediana,352.76666666666665,353.22606651469937
chicago,2017,p90,M2ai_ridge_anom_cat,mediana,371.3666666666667,359.7001955450306
chicago,2018,p90,M2ai_ridge_anom_cat,mediana,354.53333333333336,350.4980611658728
chicago,2019,p90,M2ai_ridge_anom_cat,mediana,353.89166666666665,348.8173305460678
chicago,2022,p90,M2ai_ridge_anom_cat,mediana,355.51000000000005,359.4696950384382
chicago,2023,p90,M2ai_ridge_anom_cat,mediana,346.8,354.5090591918575
durban,2022,p90,M2ai_ridge_anom_cat,mediana,299.9433333333334,311.99927159289183
durban,2024,p90,M2ai_ridge_anom_cat,mediana,309.88666666666666,310.5470828426062
durban,2025,p90,M2ai_ridge_anom_cat,mediana,309.1166666666667,310.5908926659111
honolulu,2005,p90,M2ai_ridge_anom_cat,mediana,468.27333333333337,488.8108139373116
honolulu,2006,p90,M2ai_ridge_anom_cat,mediana,472.5666666666666,490.21669448235747
honolulu,2007,p90,M2ai_ridge_anom_cat,mediana,486.6,488.2251494612406
honolulu,2008,p90,M2ai_ridge_anom_cat,mediana,481.03,489.73125606467636
honolulu,2009,p90,M2ai_ridge_anom_cat,mediana,474.8333333333333,493.0251914252714
honolulu,2010,p90,M2ai_ridge_anom_cat,mediana,481.2166666666666,489.3901245069251
honolulu,2011,p90,M2ai_ridge_anom_cat,mediana,473.62000000000006,490.1115027810133
honolulu,2012,p90,M2ai_ridge_anom_cat,mediana,457.76666666666665,493.53239737074057
honolulu,2013,p90,M2ai_ridge_anom_cat,mediana,506.36,489.3104991828105
honolulu,2014,p90,M2ai_ridge_anom_cat,mediana,492.2366666666667,486.6311050848546
honolulu,2015,p90,M2ai_ridge_anom_cat,mediana,510.0,489.3239499654174
honolulu,2016,p90,M2ai_ridge_anom_cat,mediana,525.2,487.6484102559175
honolulu,2017,p90,M2ai_ridge_anom_cat,mediana,510.5083333333333,488.24767114948014
honolulu,2018,p90,M2ai_ridge_anom_cat,mediana,510.98333333333335,488.95116834873755
honolulu,2019,p90,M2ai_ridge_anom_cat,mediana,528.2499999999999,489.71653136210836
long_beach,2010,p90,M2ai_ridge_anom_cat,mediana,371.4916666666667,378.06228704225487
long_beach,2011,p90,M2ai_ridge_anom_cat,mediana,389.2266666666666,380.1881035701065
long_beach,2012,p90,M2ai_ridge_anom_cat,mediana,402.7183333333333,380.6261706506067
long_beach,2013,p90,M2ai_ridge_anom_cat,mediana,357.7216666666667,380.1622859288263
long_beach,2014,p90,M2ai_ridge_anom_cat,mediana,376.125,383.2457802336175
long_beach,2015,p90,M2ai_ridge_anom_cat,mediana,407.7483333333333,386.67978890473387
long_beach,2016,p90,M2ai_ridge_anom_cat,mediana,381.15,385.9666917671484
long_beach,2017,p90,M2ai_ridge_anom_cat,mediana,381.47333333333336,382.72614784280074
long_beach,2018,p90,M2ai_ridge_anom_cat,mediana,378.7733333333333,383.8264459245549
long_beach,2019,p90,M2ai_ridge_anom_cat,mediana,379.8033333333334,382.9081504141193
maui,2010,p90,M2ai_ridge_anom_cat,mediana,397.995,400.2592051318913
maui,2011,p90,M2ai_ridge_anom_cat,mediana,395.47,404.350467813102
maui,2012,p90,M2ai_ridge_anom_cat,mediana,399.0833333333333,404.75448973011663
maui,2013,p90,M2ai_ridge_anom_cat,mediana,412.0866666666667,399.9361438698794
maui,2014,p90,M2ai_ridge_anom_cat,mediana,405.6933333333333,396.948808916215
nyc,2005,p90,M2ai_ridge_anom_cat,mediana,351.06666666666666,345.30269125414634
nyc,2006,p90,M2ai_ridge_anom_cat,mediana,332.6666666666667,341.56714591144646
nyc,2007,p90,M2ai_ridge_anom_cat,mediana,334.6333333333333,343.4552690717174
nyc,2008,p90,M2ai_ridge_anom_cat,mediana,333.51666666666665,340.9097809284076
nyc,2009,p90,M2ai_ridge_anom_cat,mediana,332.14500000000004,343.7250191096524
nyc,2010,p90,M2ai_ridge_anom_cat,mediana,337.1766666666667,341.77467439185307
nyc,2011,p90,M2ai_ridge_anom_cat,mediana,336.5,345.59640844307944
nyc,2013,p90,M2ai_ridge_anom_cat,mediana,337.24333333333334,343.24841300553254
nyc,2014,p90,M2ai_ridge_anom_cat,mediana,347.4,340.92602729631534
nyc,2015,p90,M2ai_ridge_anom_cat,mediana,350.93333333333334,349.2580245206235
nyc,2016,p90,M2ai_ridge_anom_cat,mediana,349.5,347.46545240185696
nyc,2017,p90,M2ai_ridge_anom_cat,mediana,352.28333333333336,347.26939553775264
nyc,2018,p90,M2ai_ridge_anom_cat,mediana,355.5,348.60868421114867
nyc,2019,p90,M2ai_ridge_anom_cat,mediana,354.5833333333333,347.8033449070219
nyc,2022,p90,M2ai_ridge_anom_cat,mediana,369.965,356.55502338552327
nyc,2023,p90,M2ai_ridge_anom_cat,mediana,361.55,354.6742052723632
nyc,2024,p90,M2ai_ridge_anom_cat,mediana,353.02666666666664,351.18866261394885
rio,2023,p90,M2ai_ridge_anom_cat,mediana,321.08,320.05615125080266
rio,2024,p90,M2ai_ridge_anom_cat,mediana,316.3983333333333,322.70869422371106
rio,2025,p90,M2ai_ridge_anom_cat,mediana,310.9,325.8487422902815
savannah,2011,p90,M2ai_ridge_anom_cat,mediana,345.26166666666666,349.12680174452333
savannah,2012,p90,M2ai_ridge_anom_cat,mediana,348.7,356.32386220199066
savannah,2013,p90,M2ai_ridge_anom_cat,mediana,351.2233333333335,355.57185413103264
savannah,2014,p90,M2ai_ridge_anom_cat,mediana,351.26666666666665,355.0234142656311
savannah,2015,p90,M2ai_ridge_anom_cat,mediana,295.45,368.0580431249965
savannah,2016,p90,M2ai_ridge_anom_cat,mediana,373.2,350.95794295462605
savannah,2017,p90,M2ai_ridge_anom_cat,mediana,389.7633333333333,356.52971770964456
savannah,2018,p90,M2ai_ridge_anom_cat,mediana,360.43,352.14167276379794
savannah,2019,p90,M2ai_ridge_anom_cat,mediana,359.39,350.5622172122578
singapore,2014,p90,M2ai_ridge_anom_cat,mediana,445.6666666666667,433.9029645220543
singapore,2015,p90,M2ai_ridge_anom_cat,mediana,452.0266666666667,433.48332075400754
singapore,2016,p90,M2ai_ridge_anom_cat,mediana,444.565,435.62789837524934
singapore,2017,p90,M2ai_ridge_anom_cat,mediana,443.38666666666666,436.05681268052484
singapore,2018,p90,M2ai_ridge_anom_cat,mediana,424.31666666666666,439.99749248146605
singapore,2019,p90,M2ai_ridge_anom_cat,mediana,437.84,460.4096810839295
singapore,2022,p90,M2ai_ridge_anom_cat,mediana,420.5,441.6860619761481
singapore,2023,p90,M2ai_ridge_anom_cat,mediana,418.4266666666666,443.1415558467593
berlin,2005,p90,M4ai_hist_gbm_anom_cat,mediana,306.3466666666667,307.29384721907553
berlin,2006,p90,M4ai_hist_gbm_anom_cat,mediana,312.55,314.0137320069394
berlin,2007,p90,M4ai_hist_gbm_anom_cat,mediana,300.4083333333333,302.61833410741696
berlin,2008,p90,M4ai_hist_gbm_anom_cat,mediana,301.46333333333337,304.1196617773972
berlin,2009,p90,M4ai_hist_gbm_anom_cat,mediana,309.1166666666667,309.94523153487614
berlin,2010,p90,M4ai_hist_gbm_anom_cat,mediana,298.2583333333333,296.72529589299717
berlin,2011,p90,M4ai_hist_gbm_anom_cat,mediana,306.71666666666664,306.3194699842064
berlin,2012,p90,M4ai_hist_gbm_anom_cat,mediana,301.81666666666666,302.25791314009376
berlin,2013,p90,M4ai_hist_gbm_anom_cat,mediana,299.46666666666664,297.40340860133944
berlin,2014,p90,M4ai_hist_gbm_anom_cat,mediana,306.74666666666667,306.64016104120867
berlin,2015,p90,M4ai_hist_gbm_anom_cat,mediana,307.0766666666668,309.8700278551963
berlin,2016,p90,M4ai_hist_gbm_anom_cat,mediana,316.455,319.9750906050847
berlin,2017,p90,M4ai_hist_gbm_anom_cat,mediana,314.93333333333334,306.2866470812742
berlin,2018,p90,M4ai_hist_gbm_anom_cat,mediana,329.15,310.31858581421307
berlin,2019,p90,M4ai_hist_gbm_anom_cat,mediana,320.15,308.2404700261166
boston,2005,p90,M4ai_hist_gbm_anom_cat,mediana,290.3333333333333,285.94389436612477
boston,2006,p90,M4ai_hist_gbm_anom_cat,mediana,281.1283333333334,282.5917468017614
boston,2007,p90,M4ai_hist_gbm_anom_cat,mediana,287.8666666666667,280.1756322501247
boston,2008,p90,M4ai_hist_gbm_anom_cat,mediana,284.54,281.9366224405397
boston,2009,p90,M4ai_hist_gbm_anom_cat,mediana,280.1066666666667,282.1200971340963
boston,2010,p90,M4ai_hist_gbm_anom_cat,mediana,280.8833333333333,280.53567953410305
boston,2011,p90,M4ai_hist_gbm_anom_cat,mediana,281.26166666666666,298.2122612846096
boston,2012,p90,M4ai_hist_gbm_anom_cat,mediana,326.36333333333334,302.61621490816145
boston,2013,p90,M4ai_hist_gbm_anom_cat,mediana,284.77166666666665,283.53548851889684
boston,2014,p90,M4ai_hist_gbm_anom_cat,mediana,317.05,289.2884079830993
boston,2015,p90,M4ai_hist_gbm_anom_cat,mediana,282.1,290.9727416209351
boston,2016,p90,M4ai_hist_gbm_anom_cat,mediana,293.1366666666667,298.86588607081444
boston,2017,p90,M4ai_hist_gbm_anom_cat,mediana,297.75,293.847761806919
boston,2018,p90,M4ai_hist_gbm_anom_cat,mediana,307.67499999999995,286.12624513980023
boston,2019,p90,M4ai_hist_gbm_anom_cat,mediana,297.4166666666667,299.095252661346
chicago,2005,p90,M4ai_hist_gbm_anom_cat,mediana,331.8333333333333,344.1961692116791
chicago,2006,p90,M4ai_hist_gbm_anom_cat,mediana,332.875,341.1252884571025
chicago,2007,p90,M4ai_hist_gbm_anom_cat,mediana,353.4166666666667,368.447031072639
chicago,2008,p90,M4ai_hist_gbm_anom_cat,mediana,358.21666666666664,348.6649336180735
chicago,2009,p90,M4ai_hist_gbm_anom_cat,mediana,339.1666666666667,340.6081727512723
chicago,2010,p90,M4ai_hist_gbm_anom_cat,mediana,358.8666666666667,363.3890432666297
chicago,2011,p90,M4ai_hist_gbm_anom_cat,mediana,354.1,352.96766853131686
chicago,2012,p90,M4ai_hist_gbm_anom_cat,mediana,346.1666666666667,343.384645732546
chicago,2013,p90,M4ai_hist_gbm_anom_cat,mediana,346.09666666666675,350.02319307164106
chicago,2014,p90,M4ai_hist_gbm_anom_cat,mediana,350.36,354.50276616030527
chicago,2015,p90,M4ai_hist_gbm_anom_cat,mediana,350.6483333333333,357.2467535969236
chicago,2016,p90,M4ai_hist_gbm_anom_cat,mediana,352.76666666666665,355.81707386776134
chicago,2017,p90,M4ai_hist_gbm_anom_cat,mediana,371.3666666666667,362.9432046115452
chicago,2018,p90,M4ai_hist_gbm_anom_cat,mediana,354.53333333333336,357.48795628281425
chicago,2019,p90,M4ai_hist_gbm_anom_cat,mediana,353.89166666666665,350.90883017889314
chicago,2022,p90,M4ai_hist_gbm_anom_cat,mediana,355.51000000000005,357.12822972177287
chicago,2023,p90,M4ai_hist_gbm_anom_cat,mediana,346.8,356.73799920011356
durban,2022,p90,M4ai_hist_gbm_anom_cat,mediana,299.9433333333334,304.7455521214663
durban,2024,p90,M4ai_hist_gbm_anom_cat,mediana,309.88666666666666,314.9125178809858
durban,2025,p90,M4ai_hist_gbm_anom_cat,mediana,309.1166666666667,310.4266880289348
honolulu,2005,p90,M4ai_hist_gbm_anom_cat,mediana,468.27333333333337,475.115049038088
honolulu,2006,p90,M4ai_hist_gbm_anom_cat,mediana,472.5666666666666,475.9249512651979
honolulu,2007,p90,M4ai_hist_gbm_anom_cat,mediana,486.6,484.99007768291165
honolulu,2008,p90,M4ai_hist_gbm_anom_cat,mediana,481.03,485.8984851356022
honolulu,2009,p90,M4ai_hist_gbm_anom_cat,mediana,474.8333333333333,486.85545543463513
honolulu,2010,p90,M4ai_hist_gbm_anom_cat,mediana,481.2166666666666,479.66684027928835
honolulu,2011,p90,M4ai_hist_gbm_anom_cat,mediana,473.62000000000006,481.24998080654115
honolulu,2012,p90,M4ai_hist_gbm_anom_cat,mediana,457.76666666666665,493.1025509550205
honolulu,2013,p90,M4ai_hist_gbm_anom_cat,mediana,506.36,494.4354822784784
honolulu,2014,p90,M4ai_hist_gbm_anom_cat,mediana,492.2366666666667,485.73155406528343
honolulu,2015,p90,M4ai_hist_gbm_anom_cat,mediana,510.0,481.5582599323418
honolulu,2016,p90,M4ai_hist_gbm_anom_cat,mediana,525.2,500.65096930009304
honolulu,2017,p90,M4ai_hist_gbm_anom_cat,mediana,510.5083333333333,502.36020887151943
honolulu,2018,p90,M4ai_hist_gbm_anom_cat,mediana,510.98333333333335,494.28784460822
honolulu,2019,p90,M4ai_hist_gbm_anom_cat,mediana,528.2499999999999,490.86222074065273
long_beach,2010,p90,M4ai_hist_gbm_anom_cat,mediana,371.4916666666667,364.5593815768606
long_beach,2011,p90,M4ai_hist_gbm_anom_cat,mediana,389.2266666666666,384.71906017716776
long_beach,2012,p90,M4ai_hist_gbm_anom_cat,mediana,402.7183333333333,371.59763882700224
long_beach,2013,p90,M4ai_hist_gbm_anom_cat,mediana,357.7216666666667,382.37991377477863
long_beach,2014,p90,M4ai_hist_gbm_anom_cat,mediana,376.125,391.2086665369298
long_beach,2015,p90,M4ai_hist_gbm_anom_cat,mediana,407.7483333333333,392.51514696953836
long_beach,2016,p90,M4ai_hist_gbm_anom_cat,mediana,381.15,386.1129011624695
long_beach,2017,p90,M4ai_hist_gbm_anom_cat,mediana,381.47333333333336,385.65344685319803
long_beach,2018,p90,M4ai_hist_gbm_anom_cat,mediana,378.7733333333333,379.36442517883273
long_beach,2019,p90,M4ai_hist_gbm_anom_cat,mediana,379.8033333333334,382.30509894916185
maui,2010,p90,M4ai_hist_gbm_anom_cat,mediana,397.995,386.44519338477426
maui,2011,p90,M4ai_hist_gbm_anom_cat,mediana,395.47,394.8711362760765
maui,2012,p90,M4ai_hist_gbm_anom_cat,mediana,399.0833333333333,405.9883742155422
maui,2013,p90,M4ai_hist_gbm_anom_cat,mediana,412.0866666666667,400.5576078864199
maui,2014,p90,M4ai_hist_gbm_anom_cat,mediana,405.6933333333333,401.89036246629155
nyc,2005,p90,M4ai_hist_gbm_anom_cat,mediana,351.06666666666666,343.31250732749726
nyc,2006,p90,M4ai_hist_gbm_anom_cat,mediana,332.6666666666667,334.0802448228171
nyc,2007,p90,M4ai_hist_gbm_anom_cat,mediana,334.6333333333333,337.4776673279199
nyc,2008,p90,M4ai_hist_gbm_anom_cat,mediana,333.51666666666665,338.38115322523566
nyc,2009,p90,M4ai_hist_gbm_anom_cat,mediana,332.14500000000004,337.1151765417853
nyc,2010,p90,M4ai_hist_gbm_anom_cat,mediana,337.1766666666667,335.7403971682385
nyc,2011,p90,M4ai_hist_gbm_anom_cat,mediana,336.5,342.2273398684321
nyc,2013,p90,M4ai_hist_gbm_anom_cat,mediana,337.24333333333334,340.91893341730747
nyc,2014,p90,M4ai_hist_gbm_anom_cat,mediana,347.4,346.5255602199269
nyc,2015,p90,M4ai_hist_gbm_anom_cat,mediana,350.93333333333334,348.45368464524256
nyc,2016,p90,M4ai_hist_gbm_anom_cat,mediana,349.5,352.0614996175387
nyc,2017,p90,M4ai_hist_gbm_anom_cat,mediana,352.28333333333336,358.16420394884796
nyc,2018,p90,M4ai_hist_gbm_anom_cat,mediana,355.5,354.1464543957345
nyc,2019,p90,M4ai_hist_gbm_anom_cat,mediana,354.5833333333333,349.78115335296695
nyc,2022,p90,M4ai_hist_gbm_anom_cat,mediana,369.965,354.53154986507514
nyc,2023,p90,M4ai_hist_gbm_anom_cat,mediana,361.55,354.4082393485922
nyc,2024,p90,M4ai_hist_gbm_anom_cat,mediana,353.02666666666664,355.7515207312642
rio,2023,p90,M4ai_hist_gbm_anom_cat,mediana,321.08,321.316931134036
rio,2024,p90,M4ai_hist_gbm_anom_cat,mediana,316.3983333333333,314.0196344408577
rio,2025,p90,M4ai_hist_gbm_anom_cat,mediana,310.9,323.9380984383975
savannah,2011,p90,M4ai_hist_gbm_anom_cat,mediana,345.26166666666666,348.1699101861742
savannah,2012,p90,M4ai_hist_gbm_anom_cat,mediana,348.7,353.38657487712305
savannah,2013,p90,M4ai_hist_gbm_anom_cat,mediana,351.2233333333335,348.19957817642745
savannah,2014,p90,M4ai_hist_gbm_anom_cat,mediana,351.26666666666665,349.95937276108714
savannah,2015,p90,M4ai_hist_gbm_anom_cat,mediana,295.45,370.73630792438985
savannah,2016,p90,M4ai_hist_gbm_anom_cat,mediana,373.2,360.0983649739723
savannah,2017,p90,M4ai_hist_gbm_anom_cat,mediana,389.7633333333333,357.37796034679207
savannah,2018,p90,M4ai_hist_gbm_anom_cat,mediana,360.43,364.7485481814431
savannah,2019,p90,M4ai_hist_gbm_anom_cat,mediana,359.39,360.83727173619855
singapore,2014,p90,M4ai_hist_gbm_anom_cat,mediana,445.6666666666667,441.71867352867037
singapore,2015,p90,M4ai_hist_gbm_anom_cat,mediana,452.0266666666667,435.9846436566061
singapore,2016,p90,M4ai_hist_gbm_anom_cat,mediana,444.565,433.68513330118424
singapore,2017,p90,M4ai_hist_gbm_anom_cat,mediana,443.38666666666666,438.3834849008497
singapore,2018,p90,M4ai_hist_gbm_anom_cat,mediana,424.31666666666666,427.98468368908186
singapore,2019,p90,M4ai_hist_gbm_anom_cat,mediana,437.84,445.7448739370532
singapore,2022,p90,M4ai_hist_gbm_anom_cat,mediana,420.5,428.4546717374145
singapore,2023,p90,M4ai_hist_gbm_anom_cat,mediana,418.4266666666666,432.9950027226079
