maratona,ano,alvo,formulacao,familia,real_min,pred_min,ref_min
berlin,2005,p10,referencia,media_global,199.36666666666667,216.45829022988508,196.69333333333333
berlin,2006,p10,referencia,media_global,203.75333333333336,216.42047413793105,196.69333333333333
berlin,2007,p10,referencia,media_global,197.9,216.47093390804602,196.69333333333333
berlin,2008,p10,referencia,media_global,196.81833333333333,216.48025862068968,196.83416666666665
berlin,2009,p10,referencia,media_global,200.6,216.44765804597702,196.69333333333333
berlin,2010,p10,referencia,media_global,197.1,216.4778304597701,196.69333333333333
berlin,2011,p10,referencia,media_global,198.0,216.47007183908048,196.69333333333333
berlin,2012,p10,referencia,media_global,196.2333333333333,216.48530172413794,196.95916666666665
berlin,2013,p10,referencia,media_global,195.5,216.4916235632184,196.95916666666665
berlin,2014,p10,referencia,media_global,195.6833333333333,216.49004310344827,196.95916666666665
berlin,2015,p10,referencia,media_global,193.76666666666668,216.50656609195406,196.95916666666665
berlin,2016,p10,referencia,media_global,196.36666666666667,216.4841522988506,196.95916666666665
berlin,2017,p10,referencia,media_global,196.56833333333333,216.48241379310346,196.95916666666665
berlin,2018,p10,referencia,media_global,198.165,216.4686494252874,196.69333333333333
berlin,2019,p10,referencia,media_global,186.31666666666663,216.5707902298851,196.95916666666665
boston,2005,p10,referencia,media_global,194.045,216.5041666666667,187.51
boston,2006,p10,referencia,media_global,188.60166666666663,216.551091954023,187.51
boston,2007,p10,referencia,media_global,191.035,216.53011494252877,187.51
boston,2008,p10,referencia,media_global,188.58333333333331,216.55125000000004,187.51
boston,2009,p10,referencia,media_global,187.4333333333333,216.56116379310345,188.08499999999998
boston,2010,p10,referencia,media_global,187.58666666666667,216.559841954023,188.00833333333333
boston,2011,p10,referencia,media_global,186.8,216.56662356321843,188.08499999999998
boston,2012,p10,referencia,media_global,203.03333333333333,216.42668103448278,187.51
boston,2013,p10,referencia,media_global,181.22833333333327,216.61465517241382,188.08499999999998
boston,2014,p10,referencia,media_global,184.78333333333333,216.58400862068967,188.08499999999998
boston,2015,p10,referencia,media_global,180.06166666666667,216.62471264367815,188.08499999999998
boston,2016,p10,referencia,media_global,188.6833333333333,216.5503879310345,187.51
boston,2017,p10,referencia,media_global,189.18166666666667,216.546091954023,187.51
boston,2018,p10,referencia,media_global,185.35,216.5791235632184,188.08499999999998
boston,2019,p10,referencia,media_global,180.2333333333333,216.6232327586207,188.08499999999998
chicago,2005,p10,referencia,media_global,208.26666666666668,216.38156609195406,207.3
chicago,2006,p10,referencia,media_global,204.55,216.4136063218391,207.825
chicago,2007,p10,referencia,media_global,230.4833333333333,216.1900431034483,207.3
chicago,2008,p10,referencia,media_global,219.47333333333333,216.28495689655176,207.3
chicago,2009,p10,referencia,media_global,206.08,216.4004166666667,207.825
chicago,2010,p10,referencia,media_global,214.95,216.32395114942534,207.3
chicago,2011,p10,referencia,media_global,213.9833333333333,216.33228448275864,207.3
chicago,2012,p10,referencia,media_global,208.13333333333333,216.3827155172414,207.3
chicago,2013,p10,referencia,media_global,208.6,216.37869252873563,207.3
chicago,2014,p10,referencia,media_global,206.61666666666667,216.39579022988508,207.825
chicago,2015,p10,referencia,media_global,207.51666666666668,216.38803160919542,207.60833333333332
chicago,2016,p10,referencia,media_global,207.08333333333331,216.39176724137934,207.825
chicago,2017,p10,referencia,media_global,211.21666666666667,216.3561350574713,207.3
chicago,2018,p10,referencia,media_global,204.05,216.41791666666668,207.825
chicago,2019,p10,referencia,media_global,198.275,216.46770114942532,207.825
chicago,2022,p10,referencia,media_global,197.0233333333333,216.47849137931036,207.825
chicago,2023,p10,referencia,media_global,189.16666666666663,216.54622126436783,207.825
durban,2022,p10,referencia,media_global,172.715,216.6880459770115,184.31583333333333
durban,2024,p10,referencia,media_global,178.435,216.6387356321839,181.45583333333332
durban,2025,p10,referencia,media_global,190.19666666666663,216.53734195402302,175.575
honolulu,2005,p10,referencia,media_global,244.23,216.07153735632187,254.475
honolulu,2006,p10,referencia,media_global,248.12333333333336,216.03797413793106,254.475
honolulu,2007,p10,referencia,media_global,250.9,216.01403735632184,254.475
honolulu,2008,p10,referencia,media_global,250.04333333333332,216.02142241379315,254.475
honolulu,2009,p10,referencia,media_global,247.7333333333333,216.04133620689657,254.475
honolulu,2010,p10,referencia,media_global,252.80666666666667,215.99760057471266,254.475
honolulu,2011,p10,referencia,media_global,250.38666666666668,216.01846264367816,254.475
honolulu,2012,p10,referencia,media_global,254.75,215.98084770114946,253.50333333333333
honolulu,2013,p10,referencia,media_global,259.3333333333333,215.94133620689658,253.50333333333333
honolulu,2014,p10,referencia,media_global,254.2,215.9855890804598,253.77833333333334
honolulu,2015,p10,referencia,media_global,262.9,215.9105890804598,253.50333333333333
honolulu,2016,p10,referencia,media_global,263.925,215.90175287356325,253.50333333333333
honolulu,2017,p10,referencia,media_global,260.9333333333333,215.92754310344833,253.50333333333333
honolulu,2018,p10,referencia,media_global,265.81666666666666,215.88544540229887,253.50333333333333
honolulu,2019,p10,referencia,media_global,266.63666666666666,215.87837643678165,253.50333333333333
long_beach,2010,p10,referencia,media_global,222.5,216.25886494252876,220.70666666666668
long_beach,2011,p10,referencia,media_global,224.55666666666667,216.24113505747127,220.70666666666668
long_beach,2012,p10,referencia,media_global,228.29666666666668,216.20889367816096,220.70666666666668
long_beach,2013,p10,referencia,media_global,217.44166666666663,216.30247126436785,222.5
long_beach,2014,p10,referencia,media_global,222.60833333333332,216.25793103448277,220.70666666666668
long_beach,2015,p10,referencia,media_global,233.96833333333333,216.16000000000003,220.70666666666668
long_beach,2016,p10,referencia,media_global,216.85,216.30757183908048,222.5
long_beach,2017,p10,referencia,media_global,220.58333333333331,216.27538793103452,222.5
long_beach,2018,p10,referencia,media_global,220.70666666666668,216.2743247126437,222.5
long_beach,2019,p10,referencia,media_global,216.04666666666665,216.3144971264368,222.5
maui,2010,p10,referencia,media_global,232.64666666666668,216.17139367816097,234.515
maui,2011,p10,referencia,media_global,233.88,216.16076149425288,233.89833333333334
maui,2012,p10,referencia,media_global,227.85666666666663,216.21268678160922,234.515
maui,2013,p10,referencia,media_global,235.15,216.14981321839085,233.26333333333332
maui,2014,p10,referencia,media_global,239.25666666666663,216.11441091954026,233.26333333333332
nyc,2005,p10,referencia,media_global,217.06166666666667,216.3057471264368,208.43666666666667
nyc,2006,p10,referencia,media_global,208.05,216.38343390804602,209.24416666666667
nyc,2007,p10,referencia,media_global,208.8,216.37696839080462,208.88083333333333
nyc,2008,p10,referencia,media_global,205.88333333333333,216.40211206896552,209.24416666666667
nyc,2009,p10,referencia,media_global,206.47166666666664,216.39704022988505,209.24416666666667
nyc,2010,p10,referencia,media_global,208.07333333333332,216.38323275862075,209.24416666666667
nyc,2011,p10,referencia,media_global,207.0283333333333,216.39224137931038,209.24416666666667
nyc,2013,p10,referencia,media_global,210.60666666666668,216.36139367816097,208.43666666666667
nyc,2014,p10,referencia,media_global,213.27166666666668,216.33841954022992,208.43666666666667
nyc,2015,p10,referencia,media_global,214.6,216.32696839080464,208.43666666666667
nyc,2016,p10,referencia,media_global,213.21666666666667,216.33889367816096,208.43666666666667
nyc,2017,p10,referencia,media_global,211.06666666666663,216.35742816091957,208.43666666666667
nyc,2018,p10,referencia,media_global,209.68833333333333,216.36931034482762,208.43666666666667
nyc,2019,p10,referencia,media_global,206.81666666666663,216.39406609195404,209.24416666666667
nyc,2022,p10,referencia,media_global,218.76666666666668,216.29104885057473,208.43666666666667
nyc,2023,p10,referencia,media_global,207.58333333333331,216.38745689655175,209.24416666666667
nyc,2024,p10,referencia,media_global,201.9,216.43645114942532,209.24416666666667
rio,2023,p10,referencia,media_global,203.44333333333333,216.42314655172416,203.0975
rio,2024,p10,referencia,media_global,201.26833333333332,216.4418965517241,204.185
rio,2025,p10,referencia,media_global,204.92666666666668,216.4103591954023,202.35583333333332
savannah,2011,p10,referencia,media_global,217.8583333333333,216.29887931034483,219.05749999999998
savannah,2012,p10,referencia,media_global,218.7083333333333,216.29155172413795,219.01833333333332
savannah,2013,p10,referencia,media_global,218.63,216.29222701149428,219.05749999999998
savannah,2014,p10,referencia,media_global,219.40666666666667,216.28553160919543,218.66916666666663
savannah,2015,p10,referencia,media_global,210.08333333333331,216.36590517241382,219.05749999999998
savannah,2016,p10,referencia,media_global,226.24666666666667,216.22656609195406,218.66916666666663
savannah,2017,p10,referencia,media_global,232.57666666666668,216.1719971264368,218.66916666666663
savannah,2018,p10,referencia,media_global,216.58,216.30989942528737,219.05749999999998
savannah,2019,p10,referencia,media_global,220.29666666666665,216.2778591954023,218.66916666666663
singapore,2014,p10,referencia,media_global,268.43333333333334,215.8628879310345,262.2683333333333
singapore,2015,p10,referencia,media_global,271.78000000000003,215.83403735632183,262.2683333333333
singapore,2016,p10,referencia,media_global,262.2683333333333,215.91603448275865,262.8066666666667
singapore,2017,p10,referencia,media_global,262.8066666666667,215.91139367816092,262.2683333333333
singapore,2018,p10,referencia,media_global,259.71666666666664,215.9380316091954,262.8066666666667
singapore,2019,p10,referencia,media_global,269.0566666666666,215.8575143678161,262.2683333333333
singapore,2022,p10,referencia,media_global,238.2,216.12352011494255,262.8066666666667
singapore,2023,p10,referencia,media_global,246.69666666666663,216.05027298850575,262.8066666666667
berlin,2005,p10,referencia,referencia_historica,199.36666666666667,196.69333333333333,196.69333333333333
berlin,2006,p10,referencia,referencia_historica,203.75333333333336,196.69333333333333,196.69333333333333
berlin,2007,p10,referencia,referencia_historica,197.9,196.69333333333333,196.69333333333333
berlin,2008,p10,referencia,referencia_historica,196.81833333333333,196.83416666666665,196.83416666666665
berlin,2009,p10,referencia,referencia_historica,200.6,196.69333333333333,196.69333333333333
berlin,2010,p10,referencia,referencia_historica,197.1,196.69333333333333,196.69333333333333
berlin,2011,p10,referencia,referencia_historica,198.0,196.69333333333333,196.69333333333333
berlin,2012,p10,referencia,referencia_historica,196.2333333333333,196.95916666666665,196.95916666666665
berlin,2013,p10,referencia,referencia_historica,195.5,196.95916666666665,196.95916666666665
berlin,2014,p10,referencia,referencia_historica,195.6833333333333,196.95916666666665,196.95916666666665
berlin,2015,p10,referencia,referencia_historica,193.76666666666668,196.95916666666665,196.95916666666665
berlin,2016,p10,referencia,referencia_historica,196.36666666666667,196.95916666666665,196.95916666666665
berlin,2017,p10,referencia,referencia_historica,196.56833333333333,196.95916666666665,196.95916666666665
berlin,2018,p10,referencia,referencia_historica,198.165,196.69333333333333,196.69333333333333
berlin,2019,p10,referencia,referencia_historica,186.31666666666663,196.95916666666665,196.95916666666665
boston,2005,p10,referencia,referencia_historica,194.045,187.51,187.51
boston,2006,p10,referencia,referencia_historica,188.60166666666663,187.51,187.51
boston,2007,p10,referencia,referencia_historica,191.035,187.51,187.51
boston,2008,p10,referencia,referencia_historica,188.58333333333331,187.51,187.51
boston,2009,p10,referencia,referencia_historica,187.4333333333333,188.08499999999998,188.08499999999998
boston,2010,p10,referencia,referencia_historica,187.58666666666667,188.00833333333333,188.00833333333333
boston,2011,p10,referencia,referencia_historica,186.8,188.08499999999998,188.08499999999998
boston,2012,p10,referencia,referencia_historica,203.03333333333333,187.51,187.51
boston,2013,p10,referencia,referencia_historica,181.22833333333327,188.08499999999998,188.08499999999998
boston,2014,p10,referencia,referencia_historica,184.78333333333333,188.08499999999998,188.08499999999998
boston,2015,p10,referencia,referencia_historica,180.06166666666667,188.08499999999998,188.08499999999998
boston,2016,p10,referencia,referencia_historica,188.6833333333333,187.51,187.51
boston,2017,p10,referencia,referencia_historica,189.18166666666667,187.51,187.51
boston,2018,p10,referencia,referencia_historica,185.35,188.08499999999998,188.08499999999998
boston,2019,p10,referencia,referencia_historica,180.2333333333333,188.08499999999998,188.08499999999998
chicago,2005,p10,referencia,referencia_historica,208.26666666666668,207.3,207.3
chicago,2006,p10,referencia,referencia_historica,204.55,207.825,207.825
chicago,2007,p10,referencia,referencia_historica,230.4833333333333,207.3,207.3
chicago,2008,p10,referencia,referencia_historica,219.47333333333333,207.3,207.3
chicago,2009,p10,referencia,referencia_historica,206.08,207.825,207.825
chicago,2010,p10,referencia,referencia_historica,214.95,207.3,207.3
chicago,2011,p10,referencia,referencia_historica,213.9833333333333,207.3,207.3
chicago,2012,p10,referencia,referencia_historica,208.13333333333333,207.3,207.3
chicago,2013,p10,referencia,referencia_historica,208.6,207.3,207.3
chicago,2014,p10,referencia,referencia_historica,206.61666666666667,207.825,207.825
chicago,2015,p10,referencia,referencia_historica,207.51666666666668,207.60833333333332,207.60833333333332
chicago,2016,p10,referencia,referencia_historica,207.08333333333331,207.825,207.825
chicago,2017,p10,referencia,referencia_historica,211.21666666666667,207.3,207.3
chicago,2018,p10,referencia,referencia_historica,204.05,207.825,207.825
chicago,2019,p10,referencia,referencia_historica,198.275,207.825,207.825
chicago,2022,p10,referencia,referencia_historica,197.0233333333333,207.825,207.825
chicago,2023,p10,referencia,referencia_historica,189.16666666666663,207.825,207.825
durban,2022,p10,referencia,referencia_historica,172.715,184.31583333333333,184.31583333333333
durban,2024,p10,referencia,referencia_historica,178.435,181.45583333333332,181.45583333333332
durban,2025,p10,referencia,referencia_historica,190.19666666666663,175.575,175.575
honolulu,2005,p10,referencia,referencia_historica,244.23,254.475,254.475
honolulu,2006,p10,referencia,referencia_historica,248.12333333333336,254.475,254.475
honolulu,2007,p10,referencia,referencia_historica,250.9,254.475,254.475
honolulu,2008,p10,referencia,referencia_historica,250.04333333333332,254.475,254.475
honolulu,2009,p10,referencia,referencia_historica,247.7333333333333,254.475,254.475
honolulu,2010,p10,referencia,referencia_historica,252.80666666666667,254.475,254.475
honolulu,2011,p10,referencia,referencia_historica,250.38666666666668,254.475,254.475
honolulu,2012,p10,referencia,referencia_historica,254.75,253.50333333333333,253.50333333333333
honolulu,2013,p10,referencia,referencia_historica,259.3333333333333,253.50333333333333,253.50333333333333
honolulu,2014,p10,referencia,referencia_historica,254.2,253.77833333333334,253.77833333333334
honolulu,2015,p10,referencia,referencia_historica,262.9,253.50333333333333,253.50333333333333
honolulu,2016,p10,referencia,referencia_historica,263.925,253.50333333333333,253.50333333333333
honolulu,2017,p10,referencia,referencia_historica,260.9333333333333,253.50333333333333,253.50333333333333
honolulu,2018,p10,referencia,referencia_historica,265.81666666666666,253.50333333333333,253.50333333333333
honolulu,2019,p10,referencia,referencia_historica,266.63666666666666,253.50333333333333,253.50333333333333
long_beach,2010,p10,referencia,referencia_historica,222.5,220.70666666666668,220.70666666666668
long_beach,2011,p10,referencia,referencia_historica,224.55666666666667,220.70666666666668,220.70666666666668
long_beach,2012,p10,referencia,referencia_historica,228.29666666666668,220.70666666666668,220.70666666666668
long_beach,2013,p10,referencia,referencia_historica,217.44166666666663,222.5,222.5
long_beach,2014,p10,referencia,referencia_historica,222.60833333333332,220.70666666666668,220.70666666666668
long_beach,2015,p10,referencia,referencia_historica,233.96833333333333,220.70666666666668,220.70666666666668
long_beach,2016,p10,referencia,referencia_historica,216.85,222.5,222.5
long_beach,2017,p10,referencia,referencia_historica,220.58333333333331,222.5,222.5
long_beach,2018,p10,referencia,referencia_historica,220.70666666666668,222.5,222.5
long_beach,2019,p10,referencia,referencia_historica,216.04666666666665,222.5,222.5
maui,2010,p10,referencia,referencia_historica,232.64666666666668,234.515,234.515
maui,2011,p10,referencia,referencia_historica,233.88,233.89833333333334,233.89833333333334
maui,2012,p10,referencia,referencia_historica,227.85666666666663,234.515,234.515
maui,2013,p10,referencia,referencia_historica,235.15,233.26333333333332,233.26333333333332
maui,2014,p10,referencia,referencia_historica,239.25666666666663,233.26333333333332,233.26333333333332
nyc,2005,p10,referencia,referencia_historica,217.06166666666667,208.43666666666667,208.43666666666667
nyc,2006,p10,referencia,referencia_historica,208.05,209.24416666666667,209.24416666666667
nyc,2007,p10,referencia,referencia_historica,208.8,208.88083333333333,208.88083333333333
nyc,2008,p10,referencia,referencia_historica,205.88333333333333,209.24416666666667,209.24416666666667
nyc,2009,p10,referencia,referencia_historica,206.47166666666664,209.24416666666667,209.24416666666667
nyc,2010,p10,referencia,referencia_historica,208.07333333333332,209.24416666666667,209.24416666666667
nyc,2011,p10,referencia,referencia_historica,207.0283333333333,209.24416666666667,209.24416666666667
nyc,2013,p10,referencia,referencia_historica,210.60666666666668,208.43666666666667,208.43666666666667
nyc,2014,p10,referencia,referencia_historica,213.27166666666668,208.43666666666667,208.43666666666667
nyc,2015,p10,referencia,referencia_historica,214.6,208.43666666666667,208.43666666666667
nyc,2016,p10,referencia,referencia_historica,213.21666666666667,208.43666666666667,208.43666666666667
nyc,2017,p10,referencia,referencia_historica,211.06666666666663,208.43666666666667,208.43666666666667
nyc,2018,p10,referencia,referencia_historica,209.68833333333333,208.43666666666667,208.43666666666667
nyc,2019,p10,referencia,referencia_historica,206.81666666666663,209.24416666666667,209.24416666666667
nyc,2022,p10,referencia,referencia_historica,218.76666666666668,208.43666666666667,208.43666666666667
nyc,2023,p10,referencia,referencia_historica,207.58333333333331,209.24416666666667,209.24416666666667
nyc,2024,p10,referencia,referencia_historica,201.9,209.24416666666667,209.24416666666667
rio,2023,p10,referencia,referencia_historica,203.44333333333333,203.0975,203.0975
rio,2024,p10,referencia,referencia_historica,201.26833333333332,204.185,204.185
rio,2025,p10,referencia,referencia_historica,204.92666666666668,202.35583333333332,202.35583333333332
savannah,2011,p10,referencia,referencia_historica,217.8583333333333,219.05749999999998,219.05749999999998
savannah,2012,p10,referencia,referencia_historica,218.7083333333333,219.01833333333332,219.01833333333332
savannah,2013,p10,referencia,referencia_historica,218.63,219.05749999999998,219.05749999999998
savannah,2014,p10,referencia,referencia_historica,219.40666666666667,218.66916666666663,218.66916666666663
savannah,2015,p10,referencia,referencia_historica,210.08333333333331,219.05749999999998,219.05749999999998
savannah,2016,p10,referencia,referencia_historica,226.24666666666667,218.66916666666663,218.66916666666663
savannah,2017,p10,referencia,referencia_historica,232.57666666666668,218.66916666666663,218.66916666666663
savannah,2018,p10,referencia,referencia_historica,216.58,219.05749999999998,219.05749999999998
savannah,2019,p10,referencia,referencia_historica,220.29666666666665,218.66916666666663,218.66916666666663
singapore,2014,p10,referencia,referencia_historica,268.43333333333334,262.2683333333333,262.2683333333333
singapore,2015,p10,referencia,referencia_historica,271.78000000000003,262.2683333333333,262.2683333333333
singapore,2016,p10,referencia,referencia_historica,262.2683333333333,262.8066666666667,262.8066666666667
singapore,2017,p10,referencia,referencia_historica,262.8066666666667,262.2683333333333,262.2683333333333
singapore,2018,p10,referencia,referencia_historica,259.71666666666664,262.8066666666667,262.8066666666667
singapore,2019,p10,referencia,referencia_historica,269.0566666666666,262.2683333333333,262.2683333333333
singapore,2022,p10,referencia,referencia_historica,238.2,262.8066666666667,262.8066666666667
singapore,2023,p10,referencia,referencia_historica,246.69666666666663,262.8066666666667,262.8066666666667
berlin,2005,p10,absoluto,linear,199.36666666666667,199.62853050386536,196.69333333333333
berlin,2006,p10,absoluto,linear,203.75333333333336,201.36618092459344,196.69333333333333
berlin,2007,p10,absoluto,linear,197.9,200.0580687463745,196.69333333333333
berlin,2008,p10,absoluto,linear,196.81833333333333,194.8012598271193,196.83416666666665
berlin,2009,p10,absoluto,linear,200.6,201.94059456780153,196.69333333333333
berlin,2010,p10,absoluto,linear,197.1,188.17122727105752,196.69333333333333
berlin,2011,p10,absoluto,linear,198.0,198.98212295632405,196.69333333333333
berlin,2012,p10,absoluto,linear,196.2333333333333,195.6173922055931,196.95916666666665
berlin,2013,p10,absoluto,linear,195.5,192.13220982532096,196.95916666666665
berlin,2014,p10,absoluto,linear,195.6833333333333,197.49410824080144,196.95916666666665
berlin,2015,p10,absoluto,linear,193.76666666666668,197.8475686855196,196.95916666666665
berlin,2016,p10,absoluto,linear,196.36666666666667,201.28246421193754,196.95916666666665
berlin,2017,p10,absoluto,linear,196.56833333333333,197.21755993267524,196.95916666666665
berlin,2018,p10,absoluto,linear,198.165,193.38085226790497,196.69333333333333
berlin,2019,p10,absoluto,linear,186.31666666666663,193.55938832218533,196.95916666666665
boston,2005,p10,absoluto,linear,194.045,185.50987151689472,187.51
boston,2006,p10,absoluto,linear,188.60166666666663,187.72250282708936,187.51
boston,2007,p10,absoluto,linear,191.035,165.03968551546933,187.51
boston,2008,p10,absoluto,linear,188.58333333333331,194.42032695318173,187.51
boston,2009,p10,absoluto,linear,187.4333333333333,184.5033463654461,188.08499999999998
boston,2010,p10,absoluto,linear,187.58666666666667,170.56410144672117,188.00833333333333
boston,2011,p10,absoluto,linear,186.8,189.7428136556108,188.08499999999998
boston,2012,p10,absoluto,linear,203.03333333333333,198.7518282169944,187.51
boston,2013,p10,absoluto,linear,181.22833333333327,191.09047169386537,188.08499999999998
boston,2014,p10,absoluto,linear,184.78333333333333,189.3566834725707,188.08499999999998
boston,2015,p10,absoluto,linear,180.06166666666667,180.13955767023253,188.08499999999998
boston,2016,p10,absoluto,linear,188.6833333333333,208.5631666480549,187.51
boston,2017,p10,absoluto,linear,189.18166666666667,203.39263038589658,187.51
boston,2018,p10,absoluto,linear,185.35,133.77529297251095,188.08499999999998
boston,2019,p10,absoluto,linear,180.2333333333333,172.81270767227485,188.08499999999998
chicago,2005,p10,absoluto,linear,208.26666666666668,205.30148224562168,207.3
chicago,2006,p10,absoluto,linear,204.55,206.54270104749713,207.825
chicago,2007,p10,absoluto,linear,230.4833333333333,218.47285164155883,207.3
chicago,2008,p10,absoluto,linear,219.47333333333333,217.2259810167582,207.3
chicago,2009,p10,absoluto,linear,206.08,201.9855419568833,207.825
chicago,2010,p10,absoluto,linear,214.95,220.20710735727758,207.3
chicago,2011,p10,absoluto,linear,213.9833333333333,220.1405467004551,207.3
chicago,2012,p10,absoluto,linear,208.13333333333333,205.10355578263923,207.3
chicago,2013,p10,absoluto,linear,208.6,201.46147635661006,207.3
chicago,2014,p10,absoluto,linear,206.61666666666667,202.44344374980008,207.825
chicago,2015,p10,absoluto,linear,207.51666666666668,206.2607249076378,207.60833333333332
chicago,2016,p10,absoluto,linear,207.08333333333331,202.35393982260499,207.825
chicago,2017,p10,absoluto,linear,211.21666666666667,207.16788155223105,207.3
chicago,2018,p10,absoluto,linear,204.05,206.9679721253121,207.825
chicago,2019,p10,absoluto,linear,198.275,199.04605484283474,207.825
chicago,2022,p10,absoluto,linear,197.0233333333333,204.65183955859587,207.825
chicago,2023,p10,absoluto,linear,189.16666666666663,211.8348755101639,207.825
durban,2022,p10,absoluto,linear,172.715,178.55423353174348,184.31583333333333
durban,2024,p10,absoluto,linear,178.435,187.11872100491536,181.45583333333332
durban,2025,p10,absoluto,linear,190.19666666666663,176.2614428751421,175.575
honolulu,2005,p10,absoluto,linear,244.23,262.2474824777505,254.475
honolulu,2006,p10,absoluto,linear,248.12333333333336,260.5012776688357,254.475
honolulu,2007,p10,absoluto,linear,250.9,256.4168455537603,254.475
honolulu,2008,p10,absoluto,linear,250.04333333333332,249.80497713414013,254.475
honolulu,2009,p10,absoluto,linear,247.7333333333333,251.27122548740897,254.475
honolulu,2010,p10,absoluto,linear,252.80666666666667,253.12481351707703,254.475
honolulu,2011,p10,absoluto,linear,250.38666666666668,253.68210256793284,254.475
honolulu,2012,p10,absoluto,linear,254.75,255.3025174584713,253.50333333333333
honolulu,2013,p10,absoluto,linear,259.3333333333333,257.9542392237472,253.50333333333333
honolulu,2014,p10,absoluto,linear,254.2,267.56832568435016,253.77833333333334
honolulu,2015,p10,absoluto,linear,262.9,254.32991760581422,253.50333333333333
honolulu,2016,p10,absoluto,linear,263.925,256.7519654524225,253.50333333333333
honolulu,2017,p10,absoluto,linear,260.9333333333333,257.01225648135653,253.50333333333333
honolulu,2018,p10,absoluto,linear,265.81666666666666,249.12569021988338,253.50333333333333
honolulu,2019,p10,absoluto,linear,266.63666666666666,250.86801074917662,253.50333333333333
long_beach,2010,p10,absoluto,linear,222.5,224.21806106759487,220.70666666666668
long_beach,2011,p10,absoluto,linear,224.55666666666667,223.04153939343283,220.70666666666668
long_beach,2012,p10,absoluto,linear,228.29666666666668,224.62420193249284,220.70666666666668
long_beach,2013,p10,absoluto,linear,217.44166666666663,218.29283138965016,222.5
long_beach,2014,p10,absoluto,linear,222.60833333333332,221.45400359433796,220.70666666666668
long_beach,2015,p10,absoluto,linear,233.96833333333333,227.72773541277365,220.70666666666668
long_beach,2016,p10,absoluto,linear,216.85,227.78328712099386,222.5
long_beach,2017,p10,absoluto,linear,220.58333333333331,219.34730667528729,222.5
long_beach,2018,p10,absoluto,linear,220.70666666666668,218.49987876726263,222.5
long_beach,2019,p10,absoluto,linear,216.04666666666665,217.72868640538167,222.5
maui,2010,p10,absoluto,linear,232.64666666666668,237.3942056103835,234.515
maui,2011,p10,absoluto,linear,233.88,236.75298022046258,233.89833333333334
maui,2012,p10,absoluto,linear,227.85666666666663,232.41396735522156,234.515
maui,2013,p10,absoluto,linear,235.15,232.91045627096827,233.26333333333332
maui,2014,p10,absoluto,linear,239.25666666666663,210.16651197959678,233.26333333333332
nyc,2005,p10,absoluto,linear,217.06166666666667,218.19155217886015,208.43666666666667
nyc,2006,p10,absoluto,linear,208.05,204.31203484912112,209.24416666666667
nyc,2007,p10,absoluto,linear,208.8,211.76090831098918,208.88083333333333
nyc,2008,p10,absoluto,linear,205.88333333333333,206.7162677893194,209.24416666666667
nyc,2009,p10,absoluto,linear,206.47166666666664,218.57020570057958,209.24416666666667
nyc,2010,p10,absoluto,linear,208.07333333333332,206.01634005611243,209.24416666666667
nyc,2011,p10,absoluto,linear,207.0283333333333,207.55716240632194,209.24416666666667
nyc,2013,p10,absoluto,linear,210.60666666666668,212.52905538188443,208.43666666666667
nyc,2014,p10,absoluto,linear,213.27166666666668,206.6798883087004,208.43666666666667
nyc,2015,p10,absoluto,linear,214.6,209.52310149250437,208.43666666666667
nyc,2016,p10,absoluto,linear,213.21666666666667,209.36370174747967,208.43666666666667
nyc,2017,p10,absoluto,linear,211.06666666666663,213.63369126464897,208.43666666666667
nyc,2018,p10,absoluto,linear,209.68833333333333,204.7650450665933,208.43666666666667
nyc,2019,p10,absoluto,linear,206.81666666666663,206.42311180018905,209.24416666666667
nyc,2022,p10,absoluto,linear,218.76666666666668,216.42431354660806,208.43666666666667
nyc,2023,p10,absoluto,linear,207.58333333333331,209.70588608285792,209.24416666666667
nyc,2024,p10,absoluto,linear,201.9,206.35771585923362,209.24416666666667
rio,2023,p10,absoluto,linear,203.44333333333333,200.83582133500653,203.0975
rio,2024,p10,absoluto,linear,201.26833333333332,204.5330379923221,204.185
rio,2025,p10,absoluto,linear,204.92666666666668,205.9253522888124,202.35583333333332
savannah,2011,p10,absoluto,linear,217.8583333333333,219.23821198648875,219.05749999999998
savannah,2012,p10,absoluto,linear,218.7083333333333,220.91902659068208,219.01833333333332
savannah,2013,p10,absoluto,linear,218.63,226.89851342486156,219.05749999999998
savannah,2014,p10,absoluto,linear,219.40666666666667,222.8933905778201,218.66916666666663
savannah,2015,p10,absoluto,linear,210.08333333333331,240.04693703751164,219.05749999999998
savannah,2016,p10,absoluto,linear,226.24666666666667,216.55101595177229,218.66916666666663
savannah,2017,p10,absoluto,linear,232.57666666666668,219.46591432431316,218.66916666666663
savannah,2018,p10,absoluto,linear,216.58,208.6511820703518,219.05749999999998
savannah,2019,p10,absoluto,linear,220.29666666666665,210.71473882195176,218.66916666666663
singapore,2014,p10,absoluto,linear,268.43333333333334,257.92469688550545,262.2683333333333
singapore,2015,p10,absoluto,linear,271.78000000000003,258.9498063175983,262.2683333333333
singapore,2016,p10,absoluto,linear,262.2683333333333,262.9678795416721,262.8066666666667
singapore,2017,p10,absoluto,linear,262.8066666666667,258.48477166547934,262.2683333333333
singapore,2018,p10,absoluto,linear,259.71666666666664,257.1269474546718,262.8066666666667
singapore,2019,p10,absoluto,linear,269.0566666666666,268.39171691888293,262.2683333333333
singapore,2022,p10,absoluto,linear,238.2,261.7692931335672,262.8066666666667
singapore,2023,p10,absoluto,linear,246.69666666666663,254.80738697059297,262.8066666666667
berlin,2005,p10,absoluto,ridge,199.36666666666667,200.7823667371744,196.69333333333333
berlin,2006,p10,absoluto,ridge,203.75333333333336,204.67816490135263,196.69333333333333
berlin,2007,p10,absoluto,ridge,197.9,195.9115626016874,196.69333333333333
berlin,2008,p10,absoluto,ridge,196.81833333333333,195.16833263487825,196.83416666666665
berlin,2009,p10,absoluto,ridge,200.6,199.46076565231132,196.69333333333333
berlin,2010,p10,absoluto,ridge,197.1,189.72304205381855,196.69333333333333
berlin,2011,p10,absoluto,ridge,198.0,199.59393886084567,196.69333333333333
berlin,2012,p10,absoluto,ridge,196.2333333333333,195.11566116382366,196.95916666666665
berlin,2013,p10,absoluto,ridge,195.5,194.3939092373591,196.95916666666665
berlin,2014,p10,absoluto,ridge,195.6833333333333,196.45892136054496,196.95916666666665
berlin,2015,p10,absoluto,ridge,193.76666666666668,196.31745995412166,196.95916666666665
berlin,2016,p10,absoluto,ridge,196.36666666666667,200.33212543405963,196.95916666666665
berlin,2017,p10,absoluto,ridge,196.56833333333333,202.5716158910532,196.95916666666665
berlin,2018,p10,absoluto,ridge,198.165,199.55440945183105,196.69333333333333
berlin,2019,p10,absoluto,ridge,186.31666666666663,178.9417737804625,196.95916666666665
boston,2005,p10,absoluto,ridge,194.045,194.21606591601196,187.51
boston,2006,p10,absoluto,ridge,188.60166666666663,190.84315609240474,187.51
boston,2007,p10,absoluto,ridge,191.035,168.19267874058312,187.51
boston,2008,p10,absoluto,ridge,188.58333333333331,186.1343279644869,187.51
boston,2009,p10,absoluto,ridge,187.4333333333333,186.0227196287659,188.08499999999998
boston,2010,p10,absoluto,ridge,187.58666666666667,195.48798175470483,188.00833333333333
boston,2011,p10,absoluto,ridge,186.8,184.21441809733452,188.08499999999998
boston,2012,p10,absoluto,ridge,203.03333333333333,193.5563323715262,187.51
boston,2013,p10,absoluto,ridge,181.22833333333327,184.8990089804487,188.08499999999998
boston,2014,p10,absoluto,ridge,184.78333333333333,186.05224124517636,188.08499999999998
boston,2015,p10,absoluto,ridge,180.06166666666667,183.63413905541873,188.08499999999998
boston,2016,p10,absoluto,ridge,188.6833333333333,195.223707037885,187.51
boston,2017,p10,absoluto,ridge,189.18166666666667,198.9322653899863,187.51
boston,2018,p10,absoluto,ridge,185.35,151.42099163113585,188.08499999999998
boston,2019,p10,absoluto,ridge,180.2333333333333,176.0897251033051,188.08499999999998
chicago,2005,p10,absoluto,ridge,208.26666666666668,212.21634349508307,207.3
chicago,2006,p10,absoluto,ridge,204.55,201.4527204023972,207.825
chicago,2007,p10,absoluto,ridge,230.4833333333333,226.13893836714448,207.3
chicago,2008,p10,absoluto,ridge,219.47333333333333,217.89321871953695,207.3
chicago,2009,p10,absoluto,ridge,206.08,195.9888050501248,207.825
chicago,2010,p10,absoluto,ridge,214.95,218.10362435268925,207.3
chicago,2011,p10,absoluto,ridge,213.9833333333333,214.69117917597873,207.3
chicago,2012,p10,absoluto,ridge,208.13333333333333,202.77942250835125,207.3
chicago,2013,p10,absoluto,ridge,208.6,208.2243589017349,207.3
chicago,2014,p10,absoluto,ridge,206.61666666666667,203.36400600578284,207.825
chicago,2015,p10,absoluto,ridge,207.51666666666668,208.7206723020642,207.60833333333332
chicago,2016,p10,absoluto,ridge,207.08333333333331,207.5977326643397,207.825
chicago,2017,p10,absoluto,ridge,211.21666666666667,210.55898413796712,207.3
chicago,2018,p10,absoluto,ridge,204.05,207.71070270220326,207.825
chicago,2019,p10,absoluto,ridge,198.275,196.58716187716044,207.825
chicago,2022,p10,absoluto,ridge,197.0233333333333,200.8382547926694,207.825
chicago,2023,p10,absoluto,ridge,189.16666666666663,208.82143655637688,207.825
durban,2022,p10,absoluto,ridge,172.715,198.04210673073985,184.31583333333333
durban,2024,p10,absoluto,ridge,178.435,192.505590104705,181.45583333333332
durban,2025,p10,absoluto,ridge,190.19666666666663,179.71576735217118,175.575
honolulu,2005,p10,absoluto,ridge,244.23,263.436184811975,254.475
honolulu,2006,p10,absoluto,ridge,248.12333333333336,256.1619290432341,254.475
honolulu,2007,p10,absoluto,ridge,250.9,258.8226590642484,254.475
honolulu,2008,p10,absoluto,ridge,250.04333333333332,251.43619694542753,254.475
honolulu,2009,p10,absoluto,ridge,247.7333333333333,253.72732306742637,254.475
honolulu,2010,p10,absoluto,ridge,252.80666666666667,257.6030118539606,254.475
honolulu,2011,p10,absoluto,ridge,250.38666666666668,252.4737256245917,254.475
honolulu,2012,p10,absoluto,ridge,254.75,259.4667667687229,253.50333333333333
honolulu,2013,p10,absoluto,ridge,259.3333333333333,255.80483723596484,253.50333333333333
honolulu,2014,p10,absoluto,ridge,254.2,257.9657128368552,253.77833333333334
honolulu,2015,p10,absoluto,ridge,262.9,253.70019468998066,253.50333333333333
honolulu,2016,p10,absoluto,ridge,263.925,252.36532294277174,253.50333333333333
honolulu,2017,p10,absoluto,ridge,260.9333333333333,251.8154675962018,253.50333333333333
honolulu,2018,p10,absoluto,ridge,265.81666666666666,247.14861985193056,253.50333333333333
honolulu,2019,p10,absoluto,ridge,266.63666666666666,248.47525934305338,253.50333333333333
long_beach,2010,p10,absoluto,ridge,222.5,223.72504334228535,220.70666666666668
long_beach,2011,p10,absoluto,ridge,224.55666666666667,222.52165253291375,220.70666666666668
long_beach,2012,p10,absoluto,ridge,228.29666666666668,223.4189642696081,220.70666666666668
long_beach,2013,p10,absoluto,ridge,217.44166666666663,221.18266634813892,222.5
long_beach,2014,p10,absoluto,ridge,222.60833333333332,223.21673284935372,220.70666666666668
long_beach,2015,p10,absoluto,ridge,233.96833333333333,230.78167217539186,220.70666666666668
long_beach,2016,p10,absoluto,ridge,216.85,225.47146125828843,222.5
long_beach,2017,p10,absoluto,ridge,220.58333333333331,216.6284131774914,222.5
long_beach,2018,p10,absoluto,ridge,220.70666666666668,213.9317068765273,222.5
long_beach,2019,p10,absoluto,ridge,216.04666666666665,214.12585847348154,222.5
maui,2010,p10,absoluto,ridge,232.64666666666668,237.60261101919474,234.515
maui,2011,p10,absoluto,ridge,233.88,230.5452663350523,233.89833333333334
maui,2012,p10,absoluto,ridge,227.85666666666663,225.2338974005897,234.515
maui,2013,p10,absoluto,ridge,235.15,229.4772123529311,233.26333333333332
maui,2014,p10,absoluto,ridge,239.25666666666663,242.03662530251404,233.26333333333332
nyc,2005,p10,absoluto,ridge,217.06166666666667,217.1733947874362,208.43666666666667
nyc,2006,p10,absoluto,ridge,208.05,206.37422710998283,209.24416666666667
nyc,2007,p10,absoluto,ridge,208.8,212.90295412414648,208.88083333333333
nyc,2008,p10,absoluto,ridge,205.88333333333333,206.29701002091016,209.24416666666667
nyc,2009,p10,absoluto,ridge,206.47166666666664,215.65415514453792,209.24416666666667
nyc,2010,p10,absoluto,ridge,208.07333333333332,206.66034828316535,209.24416666666667
nyc,2011,p10,absoluto,ridge,207.0283333333333,205.85418345289096,209.24416666666667
nyc,2013,p10,absoluto,ridge,210.60666666666668,209.9352464882047,208.43666666666667
nyc,2014,p10,absoluto,ridge,213.27166666666668,206.9339274409072,208.43666666666667
nyc,2015,p10,absoluto,ridge,214.6,212.04897796430464,208.43666666666667
nyc,2016,p10,absoluto,ridge,213.21666666666667,212.5618966672293,208.43666666666667
nyc,2017,p10,absoluto,ridge,211.06666666666663,215.215722038918,208.43666666666667
nyc,2018,p10,absoluto,ridge,209.68833333333333,206.34973020144463,208.43666666666667
nyc,2019,p10,absoluto,ridge,206.81666666666663,204.96303381564465,209.24416666666667
nyc,2022,p10,absoluto,ridge,218.76666666666668,216.92671242394093,208.43666666666667
nyc,2023,p10,absoluto,ridge,207.58333333333331,209.85364849171006,209.24416666666667
nyc,2024,p10,absoluto,ridge,201.9,204.6552541240709,209.24416666666667
rio,2023,p10,absoluto,ridge,203.44333333333333,211.013446344538,203.0975
rio,2024,p10,absoluto,ridge,201.26833333333332,208.21781432204546,204.185
rio,2025,p10,absoluto,ridge,204.92666666666668,210.4869556155667,202.35583333333332
savannah,2011,p10,absoluto,ridge,217.8583333333333,223.39386901502942,219.05749999999998
savannah,2012,p10,absoluto,ridge,218.7083333333333,218.50195748798473,219.01833333333332
savannah,2013,p10,absoluto,ridge,218.63,222.49254170260048,219.05749999999998
savannah,2014,p10,absoluto,ridge,219.40666666666667,221.03348101514035,218.66916666666663
savannah,2015,p10,absoluto,ridge,210.08333333333331,244.6275383220611,219.05749999999998
savannah,2016,p10,absoluto,ridge,226.24666666666667,219.52295716551106,218.66916666666663
savannah,2017,p10,absoluto,ridge,232.57666666666668,215.0038234549478,218.66916666666663
savannah,2018,p10,absoluto,ridge,216.58,209.3642062025154,219.05749999999998
savannah,2019,p10,absoluto,ridge,220.29666666666665,210.96264957682462,218.66916666666663
singapore,2014,p10,absoluto,ridge,268.43333333333334,258.21229351236735,262.2683333333333
singapore,2015,p10,absoluto,ridge,271.78000000000003,256.17404956934433,262.2683333333333
singapore,2016,p10,absoluto,ridge,262.2683333333333,256.6506466856593,262.8066666666667
singapore,2017,p10,absoluto,ridge,262.8066666666667,256.77345961207925,262.2683333333333
singapore,2018,p10,absoluto,ridge,259.71666666666664,254.63289758969358,262.8066666666667
singapore,2019,p10,absoluto,ridge,269.0566666666666,270.08511459897085,262.2683333333333
singapore,2022,p10,absoluto,ridge,238.2,260.1012495775075,262.8066666666667
singapore,2023,p10,absoluto,ridge,246.69666666666663,256.24984381877266,262.8066666666667
berlin,2005,p10,absoluto,floresta_aleatoria,199.36666666666667,197.44845018187826,196.69333333333333
berlin,2006,p10,absoluto,floresta_aleatoria,203.75333333333336,198.7154245254631,196.69333333333333
berlin,2007,p10,absoluto,floresta_aleatoria,197.9,193.81845067129632,196.69333333333333
berlin,2008,p10,absoluto,floresta_aleatoria,196.81833333333333,196.22925914517194,196.83416666666665
berlin,2009,p10,absoluto,floresta_aleatoria,200.6,199.95489944444435,196.69333333333333
berlin,2010,p10,absoluto,floresta_aleatoria,197.1,192.8201790310845,196.69333333333333
berlin,2011,p10,absoluto,floresta_aleatoria,198.0,197.83434410879647,196.69333333333333
berlin,2012,p10,absoluto,floresta_aleatoria,196.2333333333333,194.81413058591863,196.95916666666665
berlin,2013,p10,absoluto,floresta_aleatoria,195.5,193.3363952777778,196.95916666666665
berlin,2014,p10,absoluto,floresta_aleatoria,195.6833333333333,196.59195649801578,196.95916666666665
berlin,2015,p10,absoluto,floresta_aleatoria,193.76666666666668,195.43437558531764,196.95916666666665
berlin,2016,p10,absoluto,floresta_aleatoria,196.36666666666667,197.2777922883598,196.95916666666665
berlin,2017,p10,absoluto,floresta_aleatoria,196.56833333333333,194.68877880787036,196.95916666666665
berlin,2018,p10,absoluto,floresta_aleatoria,198.165,196.0894067757935,196.69333333333333
berlin,2019,p10,absoluto,floresta_aleatoria,186.31666666666663,196.2113366798942,196.95916666666665
boston,2005,p10,absoluto,floresta_aleatoria,194.045,190.47536242394173,187.51
boston,2006,p10,absoluto,floresta_aleatoria,188.60166666666663,191.16259672123022,187.51
boston,2007,p10,absoluto,floresta_aleatoria,191.035,187.33900041170648,187.51
boston,2008,p10,absoluto,floresta_aleatoria,188.58333333333331,190.66462129464279,187.51
boston,2009,p10,absoluto,floresta_aleatoria,187.4333333333333,187.85104174603165,188.08499999999998
boston,2010,p10,absoluto,floresta_aleatoria,187.58666666666667,188.07574308531733,188.00833333333333
boston,2011,p10,absoluto,floresta_aleatoria,186.8,187.81892225694432,188.08499999999998
boston,2012,p10,absoluto,floresta_aleatoria,203.03333333333333,198.84828999503978,187.51
boston,2013,p10,absoluto,floresta_aleatoria,181.22833333333327,188.29537776620356,188.08499999999998
boston,2014,p10,absoluto,floresta_aleatoria,184.78333333333333,189.52667355654762,188.08499999999998
boston,2015,p10,absoluto,floresta_aleatoria,180.06166666666667,186.53846497023812,188.08499999999998
boston,2016,p10,absoluto,floresta_aleatoria,188.6833333333333,187.38938461640203,187.51
boston,2017,p10,absoluto,floresta_aleatoria,189.18166666666667,189.2243617658729,187.51
boston,2018,p10,absoluto,floresta_aleatoria,185.35,185.07956789682535,188.08499999999998
boston,2019,p10,absoluto,floresta_aleatoria,180.2333333333333,192.10581124834658,188.08499999999998
chicago,2005,p10,absoluto,floresta_aleatoria,208.26666666666668,207.39397153273808,207.3
chicago,2006,p10,absoluto,floresta_aleatoria,204.55,208.40765126818783,207.825
chicago,2007,p10,absoluto,floresta_aleatoria,230.4833333333333,246.5087473561507,207.3
chicago,2008,p10,absoluto,floresta_aleatoria,219.47333333333333,214.08424155423288,207.3
chicago,2009,p10,absoluto,floresta_aleatoria,206.08,207.8517211755952,207.825
chicago,2010,p10,absoluto,floresta_aleatoria,214.95,213.90161802083355,207.3
chicago,2011,p10,absoluto,floresta_aleatoria,213.9833333333333,213.35943097718257,207.3
chicago,2012,p10,absoluto,floresta_aleatoria,208.13333333333333,203.61148708002645,207.3
chicago,2013,p10,absoluto,floresta_aleatoria,208.6,207.65301571097868,207.3
chicago,2014,p10,absoluto,floresta_aleatoria,206.61666666666667,207.82388616071444,207.825
chicago,2015,p10,absoluto,floresta_aleatoria,207.51666666666668,210.1739291914682,207.60833333333332
chicago,2016,p10,absoluto,floresta_aleatoria,207.08333333333331,207.396060221561,207.825
chicago,2017,p10,absoluto,floresta_aleatoria,211.21666666666667,210.04135901124337,207.3
chicago,2018,p10,absoluto,floresta_aleatoria,204.05,208.63245799437843,207.825
chicago,2019,p10,absoluto,floresta_aleatoria,198.275,205.88014395337302,207.825
chicago,2022,p10,absoluto,floresta_aleatoria,197.0233333333333,203.5489900231482,207.825
chicago,2023,p10,absoluto,floresta_aleatoria,189.16666666666663,204.2613334904101,207.825
durban,2022,p10,absoluto,floresta_aleatoria,172.715,214.41487371362436,184.31583333333333
durban,2024,p10,absoluto,floresta_aleatoria,178.435,201.38952915674588,181.45583333333332
durban,2025,p10,absoluto,floresta_aleatoria,190.19666666666663,199.96262341765893,175.575
honolulu,2005,p10,absoluto,floresta_aleatoria,244.23,253.17691863591284,254.475
honolulu,2006,p10,absoluto,floresta_aleatoria,248.12333333333336,241.3969888955028,254.475
honolulu,2007,p10,absoluto,floresta_aleatoria,250.9,253.41137860284417,254.475
honolulu,2008,p10,absoluto,floresta_aleatoria,250.04333333333332,252.9438820155423,254.475
honolulu,2009,p10,absoluto,floresta_aleatoria,247.7333333333333,240.15730368220906,254.475
honolulu,2010,p10,absoluto,floresta_aleatoria,252.80666666666667,247.99056337466928,254.475
honolulu,2011,p10,absoluto,floresta_aleatoria,250.38666666666668,248.78825780919297,254.475
honolulu,2012,p10,absoluto,floresta_aleatoria,254.75,254.7255837152777,253.50333333333333
honolulu,2013,p10,absoluto,floresta_aleatoria,259.3333333333333,258.7545863640873,253.50333333333333
honolulu,2014,p10,absoluto,floresta_aleatoria,254.2,258.1538335449735,253.77833333333334
honolulu,2015,p10,absoluto,floresta_aleatoria,262.9,253.53355117394204,253.50333333333333
honolulu,2016,p10,absoluto,floresta_aleatoria,263.925,259.93333991236767,253.50333333333333
honolulu,2017,p10,absoluto,floresta_aleatoria,260.9333333333333,259.54355333333325,253.50333333333333
honolulu,2018,p10,absoluto,floresta_aleatoria,265.81666666666666,255.3018600727513,253.50333333333333
honolulu,2019,p10,absoluto,floresta_aleatoria,266.63666666666666,254.14302500946957,253.50333333333333
long_beach,2010,p10,absoluto,floresta_aleatoria,222.5,219.46290503141543,220.70666666666668
long_beach,2011,p10,absoluto,floresta_aleatoria,224.55666666666667,218.38368326223582,220.70666666666668
long_beach,2012,p10,absoluto,floresta_aleatoria,228.29666666666668,221.6527946660057,220.70666666666668
long_beach,2013,p10,absoluto,floresta_aleatoria,217.44166666666663,221.9043153472224,222.5
long_beach,2014,p10,absoluto,floresta_aleatoria,222.60833333333332,222.87644089120386,220.70666666666668
long_beach,2015,p10,absoluto,floresta_aleatoria,233.96833333333333,230.9292794328706,220.70666666666668
long_beach,2016,p10,absoluto,floresta_aleatoria,216.85,223.61799468915365,222.5
long_beach,2017,p10,absoluto,floresta_aleatoria,220.58333333333331,221.85598141865063,222.5
long_beach,2018,p10,absoluto,floresta_aleatoria,220.70666666666668,219.95343578373001,222.5
long_beach,2019,p10,absoluto,floresta_aleatoria,216.04666666666665,218.38087563988103,222.5
maui,2010,p10,absoluto,floresta_aleatoria,232.64666666666668,233.1460753377526,234.515
maui,2011,p10,absoluto,floresta_aleatoria,233.88,231.86478471275277,233.89833333333334
maui,2012,p10,absoluto,floresta_aleatoria,227.85666666666663,232.23828321593916,234.515
maui,2013,p10,absoluto,floresta_aleatoria,235.15,233.24723452380965,233.26333333333332
maui,2014,p10,absoluto,floresta_aleatoria,239.25666666666663,233.23179290674628,233.26333333333332
nyc,2005,p10,absoluto,floresta_aleatoria,217.06166666666667,212.2873724950397,208.43666666666667
nyc,2006,p10,absoluto,floresta_aleatoria,208.05,208.54775889505186,209.24416666666667
nyc,2007,p10,absoluto,floresta_aleatoria,208.8,208.44906825201417,208.88083333333333
nyc,2008,p10,absoluto,floresta_aleatoria,205.88333333333333,207.84763823923754,209.24416666666667
nyc,2009,p10,absoluto,floresta_aleatoria,206.47166666666664,209.0124413262083,209.24416666666667
nyc,2010,p10,absoluto,floresta_aleatoria,208.07333333333332,207.37629720238078,209.24416666666667
nyc,2011,p10,absoluto,floresta_aleatoria,207.0283333333333,208.56410918650792,209.24416666666667
nyc,2013,p10,absoluto,floresta_aleatoria,210.60666666666668,209.17151695932543,208.43666666666667
nyc,2014,p10,absoluto,floresta_aleatoria,213.27166666666668,207.04068716435202,208.43666666666667
nyc,2015,p10,absoluto,floresta_aleatoria,214.6,211.40453017195773,208.43666666666667
nyc,2016,p10,absoluto,floresta_aleatoria,213.21666666666667,208.83689843253953,208.43666666666667
nyc,2017,p10,absoluto,floresta_aleatoria,211.06666666666663,212.32832159226172,208.43666666666667
nyc,2018,p10,absoluto,floresta_aleatoria,209.68833333333333,207.4670719246033,208.43666666666667
nyc,2019,p10,absoluto,floresta_aleatoria,206.81666666666663,206.44775492394186,209.24416666666667
nyc,2022,p10,absoluto,floresta_aleatoria,218.76666666666668,217.15366085482822,208.43666666666667
nyc,2023,p10,absoluto,floresta_aleatoria,207.58333333333331,203.06903932209033,209.24416666666667
nyc,2024,p10,absoluto,floresta_aleatoria,201.9,202.6251645701059,209.24416666666667
rio,2023,p10,absoluto,floresta_aleatoria,203.44333333333333,211.0803989765213,203.0975
rio,2024,p10,absoluto,floresta_aleatoria,201.26833333333332,210.3347645221559,204.185
rio,2025,p10,absoluto,floresta_aleatoria,204.92666666666668,226.6704176967595,202.35583333333332
savannah,2011,p10,absoluto,floresta_aleatoria,217.8583333333333,216.14575987103166,219.05749999999998
savannah,2012,p10,absoluto,floresta_aleatoria,218.7083333333333,219.9440221957675,219.01833333333332
savannah,2013,p10,absoluto,floresta_aleatoria,218.63,219.11609131613758,219.05749999999998
savannah,2014,p10,absoluto,floresta_aleatoria,219.40666666666667,219.29198625330682,218.66916666666663
savannah,2015,p10,absoluto,floresta_aleatoria,210.08333333333331,240.61670893187852,219.05749999999998
savannah,2016,p10,absoluto,floresta_aleatoria,226.24666666666667,216.88228715443148,218.66916666666663
savannah,2017,p10,absoluto,floresta_aleatoria,232.57666666666668,218.90553594576716,218.66916666666663
savannah,2018,p10,absoluto,floresta_aleatoria,216.58,217.1358715525796,219.05749999999998
savannah,2019,p10,absoluto,floresta_aleatoria,220.29666666666665,214.61621628141552,218.66916666666663
singapore,2014,p10,absoluto,floresta_aleatoria,268.43333333333334,254.66420580357112,262.2683333333333
singapore,2015,p10,absoluto,floresta_aleatoria,271.78000000000003,261.32368703703685,262.2683333333333
singapore,2016,p10,absoluto,floresta_aleatoria,262.2683333333333,263.2158830704365,262.8066666666667
singapore,2017,p10,absoluto,floresta_aleatoria,262.8066666666667,257.91511788029084,262.2683333333333
singapore,2018,p10,absoluto,floresta_aleatoria,259.71666666666664,262.10190103294843,262.8066666666667
singapore,2019,p10,absoluto,floresta_aleatoria,269.0566666666666,253.97820100198408,262.2683333333333
singapore,2022,p10,absoluto,floresta_aleatoria,238.2,259.82434344246025,262.8066666666667
singapore,2023,p10,absoluto,floresta_aleatoria,246.69666666666663,253.39140472222215,262.8066666666667
berlin,2005,p10,absoluto,gbm_histogramas,199.36666666666667,200.4331487076689,196.69333333333333
berlin,2006,p10,absoluto,gbm_histogramas,203.75333333333336,197.80960907997667,196.69333333333333
berlin,2007,p10,absoluto,gbm_histogramas,197.9,194.8830381102034,196.69333333333333
berlin,2008,p10,absoluto,gbm_histogramas,196.81833333333333,197.03719457847782,196.83416666666665
berlin,2009,p10,absoluto,gbm_histogramas,200.6,200.5039261378378,196.69333333333333
berlin,2010,p10,absoluto,gbm_histogramas,197.1,190.5860847483817,196.69333333333333
berlin,2011,p10,absoluto,gbm_histogramas,198.0,198.46406430687503,196.69333333333333
berlin,2012,p10,absoluto,gbm_histogramas,196.2333333333333,196.30521953672513,196.95916666666665
berlin,2013,p10,absoluto,gbm_histogramas,195.5,193.6461570672748,196.95916666666665
berlin,2014,p10,absoluto,gbm_histogramas,195.6833333333333,196.95764195988576,196.95916666666665
berlin,2015,p10,absoluto,gbm_histogramas,193.76666666666668,196.453117052367,196.95916666666665
berlin,2016,p10,absoluto,gbm_histogramas,196.36666666666667,199.31013728661566,196.95916666666665
berlin,2017,p10,absoluto,gbm_histogramas,196.56833333333333,194.43622756610037,196.95916666666665
berlin,2018,p10,absoluto,gbm_histogramas,198.165,195.86446400037178,196.69333333333333
berlin,2019,p10,absoluto,gbm_histogramas,186.31666666666663,195.7479673563374,196.95916666666665
boston,2005,p10,absoluto,gbm_histogramas,194.045,192.08290542488908,187.51
boston,2006,p10,absoluto,gbm_histogramas,188.60166666666663,192.34144468075257,187.51
boston,2007,p10,absoluto,gbm_histogramas,191.035,184.07703399911418,187.51
boston,2008,p10,absoluto,gbm_histogramas,188.58333333333331,193.60830918894925,187.51
boston,2009,p10,absoluto,gbm_histogramas,187.4333333333333,188.3672866939909,188.08499999999998
boston,2010,p10,absoluto,gbm_histogramas,187.58666666666667,191.09163373364171,188.00833333333333
boston,2011,p10,absoluto,gbm_histogramas,186.8,184.6823703279301,188.08499999999998
boston,2012,p10,absoluto,gbm_histogramas,203.03333333333333,199.78117969884934,187.51
boston,2013,p10,absoluto,gbm_histogramas,181.22833333333327,187.41267459940627,188.08499999999998
boston,2014,p10,absoluto,gbm_histogramas,184.78333333333333,189.06950277911795,188.08499999999998
boston,2015,p10,absoluto,gbm_histogramas,180.06166666666667,182.88025057028128,188.08499999999998
boston,2016,p10,absoluto,gbm_histogramas,188.6833333333333,187.80926701625341,187.51
boston,2017,p10,absoluto,gbm_histogramas,189.18166666666667,189.49299473605905,187.51
boston,2018,p10,absoluto,gbm_histogramas,185.35,182.64653612147225,188.08499999999998
boston,2019,p10,absoluto,gbm_histogramas,180.2333333333333,190.3084317412423,188.08499999999998
chicago,2005,p10,absoluto,gbm_histogramas,208.26666666666668,207.46554525067663,207.3
chicago,2006,p10,absoluto,gbm_histogramas,204.55,209.48124795591096,207.825
chicago,2007,p10,absoluto,gbm_histogramas,230.4833333333333,234.827443987563,207.3
chicago,2008,p10,absoluto,gbm_histogramas,219.47333333333333,213.75232840618418,207.3
chicago,2009,p10,absoluto,gbm_histogramas,206.08,206.42734715491653,207.825
chicago,2010,p10,absoluto,gbm_histogramas,214.95,214.2206021423835,207.3
chicago,2011,p10,absoluto,gbm_histogramas,213.9833333333333,213.96097779621127,207.3
chicago,2012,p10,absoluto,gbm_histogramas,208.13333333333333,205.53145671514272,207.3
chicago,2013,p10,absoluto,gbm_histogramas,208.6,207.7955001403875,207.3
chicago,2014,p10,absoluto,gbm_histogramas,206.61666666666667,207.4910443302165,207.825
chicago,2015,p10,absoluto,gbm_histogramas,207.51666666666668,211.3067176726276,207.60833333333332
chicago,2016,p10,absoluto,gbm_histogramas,207.08333333333331,207.01305933211617,207.825
chicago,2017,p10,absoluto,gbm_histogramas,211.21666666666667,215.83009134068797,207.3
chicago,2018,p10,absoluto,gbm_histogramas,204.05,210.7040676394092,207.825
chicago,2019,p10,absoluto,gbm_histogramas,198.275,205.8658894408996,207.825
chicago,2022,p10,absoluto,gbm_histogramas,197.0233333333333,192.13098446081318,207.825
chicago,2023,p10,absoluto,gbm_histogramas,189.16666666666663,201.52536290974479,207.825
durban,2022,p10,absoluto,gbm_histogramas,172.715,210.6402814827665,184.31583333333333
durban,2024,p10,absoluto,gbm_histogramas,178.435,205.49399556993913,181.45583333333332
durban,2025,p10,absoluto,gbm_histogramas,190.19666666666663,200.47380942653942,175.575
honolulu,2005,p10,absoluto,gbm_histogramas,244.23,254.74378340676736,254.475
honolulu,2006,p10,absoluto,gbm_histogramas,248.12333333333336,235.203084612097,254.475
honolulu,2007,p10,absoluto,gbm_histogramas,250.9,252.30497218102144,254.475
honolulu,2008,p10,absoluto,gbm_histogramas,250.04333333333332,255.4878477805853,254.475
honolulu,2009,p10,absoluto,gbm_histogramas,247.7333333333333,235.98095638899798,254.475
honolulu,2010,p10,absoluto,gbm_histogramas,252.80666666666667,250.04647204290248,254.475
honolulu,2011,p10,absoluto,gbm_histogramas,250.38666666666668,245.9845380452655,254.475
honolulu,2012,p10,absoluto,gbm_histogramas,254.75,255.88352901559392,253.50333333333333
honolulu,2013,p10,absoluto,gbm_histogramas,259.3333333333333,263.3950609364867,253.50333333333333
honolulu,2014,p10,absoluto,gbm_histogramas,254.2,261.90369902969707,253.77833333333334
honolulu,2015,p10,absoluto,gbm_histogramas,262.9,252.18485986582456,253.50333333333333
honolulu,2016,p10,absoluto,gbm_histogramas,263.925,261.5564407587867,253.50333333333333
honolulu,2017,p10,absoluto,gbm_histogramas,260.9333333333333,256.6737521298875,253.50333333333333
honolulu,2018,p10,absoluto,gbm_histogramas,265.81666666666666,256.01022616166,253.50333333333333
honolulu,2019,p10,absoluto,gbm_histogramas,266.63666666666666,251.84683688176764,253.50333333333333
long_beach,2010,p10,absoluto,gbm_histogramas,222.5,220.91154206469906,220.70666666666668
long_beach,2011,p10,absoluto,gbm_histogramas,224.55666666666667,218.3757905610973,220.70666666666668
long_beach,2012,p10,absoluto,gbm_histogramas,228.29666666666668,221.24389222757543,220.70666666666668
long_beach,2013,p10,absoluto,gbm_histogramas,217.44166666666663,220.89643480383586,222.5
long_beach,2014,p10,absoluto,gbm_histogramas,222.60833333333332,221.73984722037176,220.70666666666668
long_beach,2015,p10,absoluto,gbm_histogramas,233.96833333333333,230.33101477309665,220.70666666666668
long_beach,2016,p10,absoluto,gbm_histogramas,216.85,224.31924764491308,222.5
long_beach,2017,p10,absoluto,gbm_histogramas,220.58333333333331,218.6238318177236,222.5
long_beach,2018,p10,absoluto,gbm_histogramas,220.70666666666668,214.50258500107248,222.5
long_beach,2019,p10,absoluto,gbm_histogramas,216.04666666666665,217.21045291291867,222.5
maui,2010,p10,absoluto,gbm_histogramas,232.64666666666668,233.62244171671585,234.515
maui,2011,p10,absoluto,gbm_histogramas,233.88,229.36935549141114,233.89833333333334
maui,2012,p10,absoluto,gbm_histogramas,227.85666666666663,233.27626027294568,234.515
maui,2013,p10,absoluto,gbm_histogramas,235.15,234.40217831751457,233.26333333333332
maui,2014,p10,absoluto,gbm_histogramas,239.25666666666663,235.68268952006582,233.26333333333332
nyc,2005,p10,absoluto,gbm_histogramas,217.06166666666667,210.6022905062389,208.43666666666667
nyc,2006,p10,absoluto,gbm_histogramas,208.05,209.3705350971093,209.24416666666667
nyc,2007,p10,absoluto,gbm_histogramas,208.8,208.5083010619803,208.88083333333333
nyc,2008,p10,absoluto,gbm_histogramas,205.88333333333333,208.0939253764986,209.24416666666667
nyc,2009,p10,absoluto,gbm_histogramas,206.47166666666664,209.8266764506177,209.24416666666667
nyc,2010,p10,absoluto,gbm_histogramas,208.07333333333332,208.06141510406442,209.24416666666667
nyc,2011,p10,absoluto,gbm_histogramas,207.0283333333333,207.36637345560328,209.24416666666667
nyc,2013,p10,absoluto,gbm_histogramas,210.60666666666668,209.41380887142273,208.43666666666667
nyc,2014,p10,absoluto,gbm_histogramas,213.27166666666668,207.21894532495648,208.43666666666667
nyc,2015,p10,absoluto,gbm_histogramas,214.6,211.1147723340021,208.43666666666667
nyc,2016,p10,absoluto,gbm_histogramas,213.21666666666667,208.21774251848586,208.43666666666667
nyc,2017,p10,absoluto,gbm_histogramas,211.06666666666663,212.59786212326796,208.43666666666667
nyc,2018,p10,absoluto,gbm_histogramas,209.68833333333333,207.65041764088213,208.43666666666667
nyc,2019,p10,absoluto,gbm_histogramas,206.81666666666663,207.53473424232934,209.24416666666667
nyc,2022,p10,absoluto,gbm_histogramas,218.76666666666668,236.2757893837452,208.43666666666667
nyc,2023,p10,absoluto,gbm_histogramas,207.58333333333331,203.38001808388023,209.24416666666667
nyc,2024,p10,absoluto,gbm_histogramas,201.9,201.20193045857877,209.24416666666667
rio,2023,p10,absoluto,gbm_histogramas,203.44333333333333,197.93651412762912,203.0975
rio,2024,p10,absoluto,gbm_histogramas,201.26833333333332,208.54172951273247,204.185
rio,2025,p10,absoluto,gbm_histogramas,204.92666666666668,221.4933406415949,202.35583333333332
savannah,2011,p10,absoluto,gbm_histogramas,217.8583333333333,213.45778878215341,219.05749999999998
savannah,2012,p10,absoluto,gbm_histogramas,218.7083333333333,220.800117797056,219.01833333333332
savannah,2013,p10,absoluto,gbm_histogramas,218.63,219.196477031626,219.05749999999998
savannah,2014,p10,absoluto,gbm_histogramas,219.40666666666667,219.59113844453205,218.66916666666663
savannah,2015,p10,absoluto,gbm_histogramas,210.08333333333331,248.94645364893216,219.05749999999998
savannah,2016,p10,absoluto,gbm_histogramas,226.24666666666667,220.2781444507544,218.66916666666663
savannah,2017,p10,absoluto,gbm_histogramas,232.57666666666668,217.5378278453211,218.66916666666663
savannah,2018,p10,absoluto,gbm_histogramas,216.58,216.26982332091757,219.05749999999998
savannah,2019,p10,absoluto,gbm_histogramas,220.29666666666665,212.82174531988952,218.66916666666663
singapore,2014,p10,absoluto,gbm_histogramas,268.43333333333334,260.08044710286333,262.2683333333333
singapore,2015,p10,absoluto,gbm_histogramas,271.78000000000003,255.05682536606494,262.2683333333333
singapore,2016,p10,absoluto,gbm_histogramas,262.2683333333333,264.69620592695566,262.8066666666667
singapore,2017,p10,absoluto,gbm_histogramas,262.8066666666667,267.11991383324204,262.2683333333333
singapore,2018,p10,absoluto,gbm_histogramas,259.71666666666664,256.84734968087395,262.8066666666667
singapore,2019,p10,absoluto,gbm_histogramas,269.0566666666666,254.6794365462956,262.2683333333333
singapore,2022,p10,absoluto,gbm_histogramas,238.2,258.15135271260414,262.8066666666667
singapore,2023,p10,absoluto,gbm_histogramas,246.69666666666663,263.96825714808256,262.8066666666667
berlin,2005,p10,absoluto,perceptron_multicamadas,199.36666666666667,210.72813631428937,196.69333333333333
berlin,2006,p10,absoluto,perceptron_multicamadas,203.75333333333336,204.35210838801308,196.69333333333333
berlin,2007,p10,absoluto,perceptron_multicamadas,197.9,190.45981276301995,196.69333333333333
berlin,2008,p10,absoluto,perceptron_multicamadas,196.81833333333333,184.92599115005834,196.83416666666665
berlin,2009,p10,absoluto,perceptron_multicamadas,200.6,227.63617899474994,196.69333333333333
berlin,2010,p10,absoluto,perceptron_multicamadas,197.1,181.99710753534774,196.69333333333333
berlin,2011,p10,absoluto,perceptron_multicamadas,198.0,192.45657224746867,196.69333333333333
berlin,2012,p10,absoluto,perceptron_multicamadas,196.2333333333333,183.4316582786063,196.95916666666665
berlin,2013,p10,absoluto,perceptron_multicamadas,195.5,198.59980101937816,196.95916666666665
berlin,2014,p10,absoluto,perceptron_multicamadas,195.6833333333333,189.74561924436708,196.95916666666665
berlin,2015,p10,absoluto,perceptron_multicamadas,193.76666666666668,200.34757678843357,196.95916666666665
berlin,2016,p10,absoluto,perceptron_multicamadas,196.36666666666667,203.67327853651474,196.95916666666665
berlin,2017,p10,absoluto,perceptron_multicamadas,196.56833333333333,225.01885244755613,196.95916666666665
berlin,2018,p10,absoluto,perceptron_multicamadas,198.165,171.32295086956313,196.69333333333333
berlin,2019,p10,absoluto,perceptron_multicamadas,186.31666666666663,192.24590660312188,196.95916666666665
boston,2005,p10,absoluto,perceptron_multicamadas,194.045,187.20298671015308,187.51
boston,2006,p10,absoluto,perceptron_multicamadas,188.60166666666663,169.70641105256246,187.51
boston,2007,p10,absoluto,perceptron_multicamadas,191.035,205.9007225939964,187.51
boston,2008,p10,absoluto,perceptron_multicamadas,188.58333333333331,163.8210895547808,187.51
boston,2009,p10,absoluto,perceptron_multicamadas,187.4333333333333,202.1634781242918,188.08499999999998
boston,2010,p10,absoluto,perceptron_multicamadas,187.58666666666667,127.94517418926027,188.00833333333333
boston,2011,p10,absoluto,perceptron_multicamadas,186.8,203.06596940370054,188.08499999999998
boston,2012,p10,absoluto,perceptron_multicamadas,203.03333333333333,150.30810808788516,187.51
boston,2013,p10,absoluto,perceptron_multicamadas,181.22833333333327,190.19675275761017,188.08499999999998
boston,2014,p10,absoluto,perceptron_multicamadas,184.78333333333333,211.49815352241006,188.08499999999998
boston,2015,p10,absoluto,perceptron_multicamadas,180.06166666666667,174.60572776089896,188.08499999999998
boston,2016,p10,absoluto,perceptron_multicamadas,188.6833333333333,204.8181439208013,187.51
boston,2017,p10,absoluto,perceptron_multicamadas,189.18166666666667,188.19355144439626,187.51
boston,2018,p10,absoluto,perceptron_multicamadas,185.35,321.33919605056917,188.08499999999998
boston,2019,p10,absoluto,perceptron_multicamadas,180.2333333333333,90.09149708214986,188.08499999999998
chicago,2005,p10,absoluto,perceptron_multicamadas,208.26666666666668,187.10236515712396,207.3
chicago,2006,p10,absoluto,perceptron_multicamadas,204.55,229.58171781876828,207.825
chicago,2007,p10,absoluto,perceptron_multicamadas,230.4833333333333,151.45516942195968,207.3
chicago,2008,p10,absoluto,perceptron_multicamadas,219.47333333333333,201.24133923446692,207.3
chicago,2009,p10,absoluto,perceptron_multicamadas,206.08,257.24522953731116,207.825
chicago,2010,p10,absoluto,perceptron_multicamadas,214.95,238.26314358080694,207.3
chicago,2011,p10,absoluto,perceptron_multicamadas,213.9833333333333,226.2597647950645,207.3
chicago,2012,p10,absoluto,perceptron_multicamadas,208.13333333333333,218.2342890862897,207.3
chicago,2013,p10,absoluto,perceptron_multicamadas,208.6,186.54370976171765,207.3
chicago,2014,p10,absoluto,perceptron_multicamadas,206.61666666666667,189.57743845343703,207.825
chicago,2015,p10,absoluto,perceptron_multicamadas,207.51666666666668,204.47978764452535,207.60833333333332
chicago,2016,p10,absoluto,perceptron_multicamadas,207.08333333333331,187.83288424636203,207.825
chicago,2017,p10,absoluto,perceptron_multicamadas,211.21666666666667,212.92420520632714,207.3
chicago,2018,p10,absoluto,perceptron_multicamadas,204.05,198.48999691406806,207.825
chicago,2019,p10,absoluto,perceptron_multicamadas,198.275,214.20231478624768,207.825
chicago,2022,p10,absoluto,perceptron_multicamadas,197.0233333333333,231.24868937702135,207.825
chicago,2023,p10,absoluto,perceptron_multicamadas,189.16666666666663,154.5503395706892,207.825
durban,2022,p10,absoluto,perceptron_multicamadas,172.715,238.4153854234771,184.31583333333333
durban,2024,p10,absoluto,perceptron_multicamadas,178.435,125.91949193817096,181.45583333333332
durban,2025,p10,absoluto,perceptron_multicamadas,190.19666666666663,167.02607783824877,175.575
honolulu,2005,p10,absoluto,perceptron_multicamadas,244.23,254.6466398677558,254.475
honolulu,2006,p10,absoluto,perceptron_multicamadas,248.12333333333336,241.5081072519451,254.475
honolulu,2007,p10,absoluto,perceptron_multicamadas,250.9,258.146158749368,254.475
honolulu,2008,p10,absoluto,perceptron_multicamadas,250.04333333333332,232.19256168402637,254.475
honolulu,2009,p10,absoluto,perceptron_multicamadas,247.7333333333333,237.4066967504043,254.475
honolulu,2010,p10,absoluto,perceptron_multicamadas,252.80666666666667,248.49519278618996,254.475
honolulu,2011,p10,absoluto,perceptron_multicamadas,250.38666666666668,243.1675500320613,254.475
honolulu,2012,p10,absoluto,perceptron_multicamadas,254.75,255.6013320055561,253.50333333333333
honolulu,2013,p10,absoluto,perceptron_multicamadas,259.3333333333333,268.6375857169129,253.50333333333333
honolulu,2014,p10,absoluto,perceptron_multicamadas,254.2,274.1164201359855,253.77833333333334
honolulu,2015,p10,absoluto,perceptron_multicamadas,262.9,253.8495789404908,253.50333333333333
honolulu,2016,p10,absoluto,perceptron_multicamadas,263.925,267.7764368510682,253.50333333333333
honolulu,2017,p10,absoluto,perceptron_multicamadas,260.9333333333333,252.94349748497086,253.50333333333333
honolulu,2018,p10,absoluto,perceptron_multicamadas,265.81666666666666,241.9092358844582,253.50333333333333
honolulu,2019,p10,absoluto,perceptron_multicamadas,266.63666666666666,243.56555867240056,253.50333333333333
long_beach,2010,p10,absoluto,perceptron_multicamadas,222.5,235.65018939682315,220.70666666666668
long_beach,2011,p10,absoluto,perceptron_multicamadas,224.55666666666667,201.70388557011006,220.70666666666668
long_beach,2012,p10,absoluto,perceptron_multicamadas,228.29666666666668,236.05294054141098,220.70666666666668
long_beach,2013,p10,absoluto,perceptron_multicamadas,217.44166666666663,206.46132230110703,222.5
long_beach,2014,p10,absoluto,perceptron_multicamadas,222.60833333333332,226.46364467090285,220.70666666666668
long_beach,2015,p10,absoluto,perceptron_multicamadas,233.96833333333333,256.92291581302203,220.70666666666668
long_beach,2016,p10,absoluto,perceptron_multicamadas,216.85,243.08191608794743,222.5
long_beach,2017,p10,absoluto,perceptron_multicamadas,220.58333333333331,221.2871577256844,222.5
long_beach,2018,p10,absoluto,perceptron_multicamadas,220.70666666666668,223.371963297954,222.5
long_beach,2019,p10,absoluto,perceptron_multicamadas,216.04666666666665,197.28949556095984,222.5
maui,2010,p10,absoluto,perceptron_multicamadas,232.64666666666668,225.8279131600424,234.515
maui,2011,p10,absoluto,perceptron_multicamadas,233.88,243.0602354914461,233.89833333333334
maui,2012,p10,absoluto,perceptron_multicamadas,227.85666666666663,219.22553702387557,234.515
maui,2013,p10,absoluto,perceptron_multicamadas,235.15,226.07707498511235,233.26333333333332
maui,2014,p10,absoluto,perceptron_multicamadas,239.25666666666663,253.29747734829522,233.26333333333332
nyc,2005,p10,absoluto,perceptron_multicamadas,217.06166666666667,200.28218432788765,208.43666666666667
nyc,2006,p10,absoluto,perceptron_multicamadas,208.05,242.59194846839893,209.24416666666667
nyc,2007,p10,absoluto,perceptron_multicamadas,208.8,182.8518096135661,208.88083333333333
nyc,2008,p10,absoluto,perceptron_multicamadas,205.88333333333333,200.6139186340614,209.24416666666667
nyc,2009,p10,absoluto,perceptron_multicamadas,206.47166666666664,217.0684451413652,209.24416666666667
nyc,2010,p10,absoluto,perceptron_multicamadas,208.07333333333332,198.59462536413173,209.24416666666667
nyc,2011,p10,absoluto,perceptron_multicamadas,207.0283333333333,198.42378242532004,209.24416666666667
nyc,2013,p10,absoluto,perceptron_multicamadas,210.60666666666668,208.47252671528133,208.43666666666667
nyc,2014,p10,absoluto,perceptron_multicamadas,213.27166666666668,243.73579262062327,208.43666666666667
nyc,2015,p10,absoluto,perceptron_multicamadas,214.6,176.1323806555671,208.43666666666667
nyc,2016,p10,absoluto,perceptron_multicamadas,213.21666666666667,202.0003680483727,208.43666666666667
nyc,2017,p10,absoluto,perceptron_multicamadas,211.06666666666663,246.07771334349465,208.43666666666667
nyc,2018,p10,absoluto,perceptron_multicamadas,209.68833333333333,197.1447295443318,208.43666666666667
nyc,2019,p10,absoluto,perceptron_multicamadas,206.81666666666663,210.6476368440958,209.24416666666667
nyc,2022,p10,absoluto,perceptron_multicamadas,218.76666666666668,184.63786917674264,208.43666666666667
nyc,2023,p10,absoluto,perceptron_multicamadas,207.58333333333331,216.23291316280498,209.24416666666667
nyc,2024,p10,absoluto,perceptron_multicamadas,201.9,212.4868592024941,209.24416666666667
rio,2023,p10,absoluto,perceptron_multicamadas,203.44333333333333,183.63875254343372,203.0975
rio,2024,p10,absoluto,perceptron_multicamadas,201.26833333333332,209.8780903218728,204.185
rio,2025,p10,absoluto,perceptron_multicamadas,204.92666666666668,212.45608733173947,202.35583333333332
savannah,2011,p10,absoluto,perceptron_multicamadas,217.8583333333333,241.47749930154745,219.05749999999998
savannah,2012,p10,absoluto,perceptron_multicamadas,218.7083333333333,202.92486678901813,219.01833333333332
savannah,2013,p10,absoluto,perceptron_multicamadas,218.63,232.3015644741914,219.05749999999998
savannah,2014,p10,absoluto,perceptron_multicamadas,219.40666666666667,227.18602219033568,218.66916666666663
savannah,2015,p10,absoluto,perceptron_multicamadas,210.08333333333331,243.07053136450847,219.05749999999998
savannah,2016,p10,absoluto,perceptron_multicamadas,226.24666666666667,190.6545229207131,218.66916666666663
savannah,2017,p10,absoluto,perceptron_multicamadas,232.57666666666668,255.18328716488264,218.66916666666663
savannah,2018,p10,absoluto,perceptron_multicamadas,216.58,192.81316589901112,219.05749999999998
savannah,2019,p10,absoluto,perceptron_multicamadas,220.29666666666665,171.9843898340865,218.66916666666663
singapore,2014,p10,absoluto,perceptron_multicamadas,268.43333333333334,245.50676873208525,262.2683333333333
singapore,2015,p10,absoluto,perceptron_multicamadas,271.78000000000003,260.0320520479208,262.2683333333333
singapore,2016,p10,absoluto,perceptron_multicamadas,262.2683333333333,280.04572732677576,262.8066666666667
singapore,2017,p10,absoluto,perceptron_multicamadas,262.8066666666667,258.46399761078743,262.2683333333333
singapore,2018,p10,absoluto,perceptron_multicamadas,259.71666666666664,258.7342618189991,262.8066666666667
singapore,2019,p10,absoluto,perceptron_multicamadas,269.0566666666666,348.755144262089,262.2683333333333
singapore,2022,p10,absoluto,perceptron_multicamadas,238.2,242.40437686061026,262.8066666666667
singapore,2023,p10,absoluto,perceptron_multicamadas,246.69666666666663,262.58829171630384,262.8066666666667
berlin,2005,p10,desvio,ridge,199.36666666666667,200.40368356432347,196.69333333333333
berlin,2006,p10,desvio,ridge,203.75333333333336,201.5554451172525,196.69333333333333
berlin,2007,p10,desvio,ridge,197.9,196.4189275451501,196.69333333333333
berlin,2008,p10,desvio,ridge,196.81833333333333,197.37453837311736,196.83416666666665
berlin,2009,p10,desvio,ridge,200.6,200.86490309300615,196.69333333333333
berlin,2010,p10,desvio,ridge,197.1,192.16755078938888,196.69333333333333
berlin,2011,p10,desvio,ridge,198.0,199.4636988582626,196.69333333333333
berlin,2012,p10,desvio,ridge,196.2333333333333,196.63580261525172,196.95916666666665
berlin,2013,p10,desvio,ridge,195.5,197.33696122894816,196.95916666666665
berlin,2014,p10,desvio,ridge,195.6833333333333,198.66458765027514,196.95916666666665
berlin,2015,p10,desvio,ridge,193.76666666666668,197.93324000382037,196.95916666666665
berlin,2016,p10,desvio,ridge,196.36666666666667,200.48676716994288,196.95916666666665
berlin,2017,p10,desvio,ridge,196.56833333333333,198.69100910874656,196.95916666666665
berlin,2018,p10,desvio,ridge,198.165,197.48689841083464,196.69333333333333
berlin,2019,p10,desvio,ridge,186.31666666666663,194.74147720072318,196.95916666666665
boston,2005,p10,desvio,ridge,194.045,189.3955917666766,187.51
boston,2006,p10,desvio,ridge,188.60166666666663,187.41901382043292,187.51
boston,2007,p10,desvio,ridge,191.035,185.02235704731828,187.51
boston,2008,p10,desvio,ridge,188.58333333333331,188.6575269848837,187.51
boston,2009,p10,desvio,ridge,187.4333333333333,186.49408060927024,188.08499999999998
boston,2010,p10,desvio,ridge,187.58666666666667,185.85568821033544,188.00833333333333
boston,2011,p10,desvio,ridge,186.8,187.93217125464417,188.08499999999998
boston,2012,p10,desvio,ridge,203.03333333333333,191.3207322803759,187.51
boston,2013,p10,desvio,ridge,181.22833333333327,188.5051323956383,188.08499999999998
boston,2014,p10,desvio,ridge,184.78333333333333,189.77614568574376,188.08499999999998
boston,2015,p10,desvio,ridge,180.06166666666667,183.2416790370467,188.08499999999998
boston,2016,p10,desvio,ridge,188.6833333333333,188.86047464102575,187.51
boston,2017,p10,desvio,ridge,189.18166666666667,189.514099382073,187.51
boston,2018,p10,desvio,ridge,185.35,168.28275705844948,188.08499999999998
boston,2019,p10,desvio,ridge,180.2333333333333,187.51981496159343,188.08499999999998
chicago,2005,p10,desvio,ridge,208.26666666666668,208.9655585502608,207.3
chicago,2006,p10,desvio,ridge,204.55,202.8353969778292,207.825
chicago,2007,p10,desvio,ridge,230.4833333333333,210.6479688392605,207.3
chicago,2008,p10,desvio,ridge,219.47333333333333,212.63490165397653,207.3
chicago,2009,p10,desvio,ridge,206.08,204.381052588419,207.825
chicago,2010,p10,desvio,ridge,214.95,212.28500993004525,207.3
chicago,2011,p10,desvio,ridge,213.9833333333333,211.44009432244042,207.3
chicago,2012,p10,desvio,ridge,208.13333333333333,203.93535724597982,207.3
chicago,2013,p10,desvio,ridge,208.6,207.78052741337905,207.3
chicago,2014,p10,desvio,ridge,206.61666666666667,207.78531417237534,207.825
chicago,2015,p10,desvio,ridge,207.51666666666668,209.6363681469463,207.60833333333332
chicago,2016,p10,desvio,ridge,207.08333333333331,208.6957407141818,207.825
chicago,2017,p10,desvio,ridge,211.21666666666667,209.87263971270372,207.3
chicago,2018,p10,desvio,ridge,204.05,203.62446786789369,207.825
chicago,2019,p10,desvio,ridge,198.275,204.08568928953298,207.825
chicago,2022,p10,desvio,ridge,197.0233333333333,208.6559584984856,207.825
chicago,2023,p10,desvio,ridge,189.16666666666663,205.0201207995735,207.825
durban,2022,p10,desvio,ridge,172.715,182.7515704152546,184.31583333333333
durban,2024,p10,desvio,ridge,178.435,182.17215730788112,181.45583333333332
durban,2025,p10,desvio,ridge,190.19666666666663,174.97294141246576,175.575
honolulu,2005,p10,desvio,ridge,244.23,258.15362660305675,254.475
honolulu,2006,p10,desvio,ridge,248.12333333333336,258.0517238686958,254.475
honolulu,2007,p10,desvio,ridge,250.9,256.28310418824526,254.475
honolulu,2008,p10,desvio,ridge,250.04333333333332,254.0417587672002,254.475
honolulu,2009,p10,desvio,ridge,247.7333333333333,257.631244539724,254.475
honolulu,2010,p10,desvio,ridge,252.80666666666667,255.80947440651252,254.475
honolulu,2011,p10,desvio,ridge,250.38666666666668,255.62813029746218,254.475
honolulu,2012,p10,desvio,ridge,254.75,256.2337119701437,253.50333333333333
honolulu,2013,p10,desvio,ridge,259.3333333333333,255.86245969667382,253.50333333333333
honolulu,2014,p10,desvio,ridge,254.2,255.47046491030753,253.77833333333334
honolulu,2015,p10,desvio,ridge,262.9,254.95427971925986,253.50333333333333
honolulu,2016,p10,desvio,ridge,263.925,254.65145817517202,253.50333333333333
honolulu,2017,p10,desvio,ridge,260.9333333333333,254.85099529089595,253.50333333333333
honolulu,2018,p10,desvio,ridge,265.81666666666666,254.38335531824947,253.50333333333333
honolulu,2019,p10,desvio,ridge,266.63666666666666,254.13193189923675,253.50333333333333
long_beach,2010,p10,desvio,ridge,222.5,220.6308559967549,220.70666666666668
long_beach,2011,p10,desvio,ridge,224.55666666666667,221.63037701779325,220.70666666666668
long_beach,2012,p10,desvio,ridge,228.29666666666668,221.79739723809138,220.70666666666668
long_beach,2013,p10,desvio,ridge,217.44166666666663,221.47733165469214,222.5
long_beach,2014,p10,desvio,ridge,222.60833333333332,221.5746174800721,220.70666666666668
long_beach,2015,p10,desvio,ridge,233.96833333333333,223.73253370018304,220.70666666666668
long_beach,2016,p10,desvio,ridge,216.85,223.98740685222057,222.5
long_beach,2017,p10,desvio,ridge,220.58333333333331,222.08611200691269,222.5
long_beach,2018,p10,desvio,ridge,220.70666666666668,221.91104056829622,222.5
long_beach,2019,p10,desvio,ridge,216.04666666666665,221.28008734800548,222.5
maui,2010,p10,desvio,ridge,232.64666666666668,235.6919080659368,234.515
maui,2011,p10,desvio,ridge,233.88,235.8347528934771,233.89833333333334
maui,2012,p10,desvio,ridge,227.85666666666663,236.3090083400647,234.515
maui,2013,p10,desvio,ridge,235.15,234.71387173323524,233.26333333333332
maui,2014,p10,desvio,ridge,239.25666666666663,232.7955906520318,233.26333333333332
nyc,2005,p10,desvio,ridge,217.06166666666667,211.52750891937657,208.43666666666667
nyc,2006,p10,desvio,ridge,208.05,208.77199971272756,209.24416666666667
nyc,2007,p10,desvio,ridge,208.8,208.64824233990677,208.88083333333333
nyc,2008,p10,desvio,ridge,205.88333333333333,207.73693122796882,209.24416666666667
nyc,2009,p10,desvio,ridge,206.47166666666664,209.76523588862528,209.24416666666667
nyc,2010,p10,desvio,ridge,208.07333333333332,207.34028598005406,209.24416666666667
nyc,2011,p10,desvio,ridge,207.0283333333333,208.2979924981545,209.24416666666667
nyc,2013,p10,desvio,ridge,210.60666666666668,207.44124531432047,208.43666666666667
nyc,2014,p10,desvio,ridge,213.27166666666668,205.63556265869076,208.43666666666667
nyc,2015,p10,desvio,ridge,214.6,208.31118493644504,208.43666666666667
nyc,2016,p10,desvio,ridge,213.21666666666667,208.52067172394817,208.43666666666667
nyc,2017,p10,desvio,ridge,211.06666666666663,208.21994600532622,208.43666666666667
nyc,2018,p10,desvio,ridge,209.68833333333333,207.61933071567935,208.43666666666667
nyc,2019,p10,desvio,ridge,206.81666666666663,207.18421562300807,209.24416666666667
nyc,2022,p10,desvio,ridge,218.76666666666668,209.6432318931141,208.43666666666667
nyc,2023,p10,desvio,ridge,207.58333333333331,210.29834710645693,209.24416666666667
nyc,2024,p10,desvio,ridge,201.9,207.5462092978198,209.24416666666667
rio,2023,p10,desvio,ridge,203.44333333333333,203.02675525313182,203.0975
rio,2024,p10,desvio,ridge,201.26833333333332,203.61909781365972,204.185
rio,2025,p10,desvio,ridge,204.92666666666668,201.88317629601033,202.35583333333332
savannah,2011,p10,desvio,ridge,217.8583333333333,219.65600525823356,219.05749999999998
savannah,2012,p10,desvio,ridge,218.7083333333333,221.78907021415645,219.01833333333332
savannah,2013,p10,desvio,ridge,218.63,221.13796216200322,219.05749999999998
savannah,2014,p10,desvio,ridge,219.40666666666667,220.23834487559972,218.66916666666663
savannah,2015,p10,desvio,ridge,210.08333333333331,221.9589148699673,219.05749999999998
savannah,2016,p10,desvio,ridge,226.24666666666667,219.91883149797388,218.66916666666663
savannah,2017,p10,desvio,ridge,232.57666666666668,221.11225974351493,218.66916666666663
savannah,2018,p10,desvio,ridge,216.58,219.45857360272475,219.05749999999998
savannah,2019,p10,desvio,ridge,220.29666666666665,216.3060779357143,218.66916666666663
singapore,2014,p10,desvio,ridge,268.43333333333334,261.3636055168445,262.2683333333333
singapore,2015,p10,desvio,ridge,271.78000000000003,261.71307196728,262.2683333333333
singapore,2016,p10,desvio,ridge,262.2683333333333,262.617301532871,262.8066666666667
singapore,2017,p10,desvio,ridge,262.8066666666667,261.42923877528057,262.2683333333333
singapore,2018,p10,desvio,ridge,259.71666666666664,261.63645518223876,262.8066666666667
singapore,2019,p10,desvio,ridge,269.0566666666666,251.84266903722556,262.2683333333333
singapore,2022,p10,desvio,ridge,238.2,262.9062061928754,262.8066666666667
singapore,2023,p10,desvio,ridge,246.69666666666663,261.18798157872294,262.8066666666667
berlin,2005,p10,desvio,gbm_histogramas,199.36666666666667,200.72629196457788,196.69333333333333
berlin,2006,p10,desvio,gbm_histogramas,203.75333333333336,207.9810019094007,196.69333333333333
berlin,2007,p10,desvio,gbm_histogramas,197.9,199.20331617595133,196.69333333333333
berlin,2008,p10,desvio,gbm_histogramas,196.81833333333333,196.40865992426015,196.83416666666665
berlin,2009,p10,desvio,gbm_histogramas,200.6,199.70313008155534,196.69333333333333
berlin,2010,p10,desvio,gbm_histogramas,197.1,191.15505529973768,196.69333333333333
berlin,2011,p10,desvio,gbm_histogramas,198.0,199.33008312975986,196.69333333333333
berlin,2012,p10,desvio,gbm_histogramas,196.2333333333333,195.81979784592633,196.95916666666665
berlin,2013,p10,desvio,gbm_histogramas,195.5,196.3629058893576,196.95916666666665
berlin,2014,p10,desvio,gbm_histogramas,195.6833333333333,198.3186015976351,196.95916666666665
berlin,2015,p10,desvio,gbm_histogramas,193.76666666666668,196.08287387126254,196.95916666666665
berlin,2016,p10,desvio,gbm_histogramas,196.36666666666667,198.25398995763624,196.95916666666665
berlin,2017,p10,desvio,gbm_histogramas,196.56833333333333,200.32090413576185,196.95916666666665
berlin,2018,p10,desvio,gbm_histogramas,198.165,193.98130451457618,196.69333333333333
berlin,2019,p10,desvio,gbm_histogramas,186.31666666666663,193.9253221814838,196.95916666666665
boston,2005,p10,desvio,gbm_histogramas,194.045,187.56713740228017,187.51
boston,2006,p10,desvio,gbm_histogramas,188.60166666666663,186.65491834193577,187.51
boston,2007,p10,desvio,gbm_histogramas,191.035,186.44932236751123,187.51
boston,2008,p10,desvio,gbm_histogramas,188.58333333333331,187.50408647605457,187.51
boston,2009,p10,desvio,gbm_histogramas,187.4333333333333,184.73572523234475,188.08499999999998
boston,2010,p10,desvio,gbm_histogramas,187.58666666666667,186.50120832819138,188.00833333333333
boston,2011,p10,desvio,gbm_histogramas,186.8,187.6228690847388,188.08499999999998
boston,2012,p10,desvio,gbm_histogramas,203.03333333333333,197.53383326521285,187.51
boston,2013,p10,desvio,gbm_histogramas,181.22833333333327,188.54077281449528,188.08499999999998
boston,2014,p10,desvio,gbm_histogramas,184.78333333333333,188.13769259764516,188.08499999999998
boston,2015,p10,desvio,gbm_histogramas,180.06166666666667,184.64371450014312,188.08499999999998
boston,2016,p10,desvio,gbm_histogramas,188.6833333333333,188.4865077577968,187.51
boston,2017,p10,desvio,gbm_histogramas,189.18166666666667,190.81770026704393,187.51
boston,2018,p10,desvio,gbm_histogramas,185.35,177.58733742309926,188.08499999999998
boston,2019,p10,desvio,gbm_histogramas,180.2333333333333,186.52726441020965,188.08499999999998
chicago,2005,p10,desvio,gbm_histogramas,208.26666666666668,206.4555839774755,207.3
chicago,2006,p10,desvio,gbm_histogramas,204.55,207.60489682514103,207.825
chicago,2007,p10,desvio,gbm_histogramas,230.4833333333333,218.5579857812044,207.3
chicago,2008,p10,desvio,gbm_histogramas,219.47333333333333,213.00796735130137,207.3
chicago,2009,p10,desvio,gbm_histogramas,206.08,205.84698714339675,207.825
chicago,2010,p10,desvio,gbm_histogramas,214.95,216.02465444490298,207.3
chicago,2011,p10,desvio,gbm_histogramas,213.9833333333333,214.4048861809986,207.3
chicago,2012,p10,desvio,gbm_histogramas,208.13333333333333,202.71132538931255,207.3
chicago,2013,p10,desvio,gbm_histogramas,208.6,206.8856788035033,207.3
chicago,2014,p10,desvio,gbm_histogramas,206.61666666666667,206.33665845065534,207.825
chicago,2015,p10,desvio,gbm_histogramas,207.51666666666668,207.10789340823536,207.60833333333332
chicago,2016,p10,desvio,gbm_histogramas,207.08333333333331,207.16389378328893,207.825
chicago,2017,p10,desvio,gbm_histogramas,211.21666666666667,211.80919550941945,207.3
chicago,2018,p10,desvio,gbm_histogramas,204.05,206.21317027554676,207.825
chicago,2019,p10,desvio,gbm_histogramas,198.275,202.46369785981184,207.825
chicago,2022,p10,desvio,gbm_histogramas,197.0233333333333,204.2126682458284,207.825
chicago,2023,p10,desvio,gbm_histogramas,189.16666666666663,202.43195765163466,207.825
durban,2022,p10,desvio,gbm_histogramas,172.715,180.09506349442552,184.31583333333333
durban,2024,p10,desvio,gbm_histogramas,178.435,182.3528823227929,181.45583333333332
durban,2025,p10,desvio,gbm_histogramas,190.19666666666663,177.1934242862425,175.575
honolulu,2005,p10,desvio,gbm_histogramas,244.23,255.90166258718452,254.475
honolulu,2006,p10,desvio,gbm_histogramas,248.12333333333336,254.26055088755695,254.475
honolulu,2007,p10,desvio,gbm_histogramas,250.9,255.9638917778256,254.475
honolulu,2008,p10,desvio,gbm_histogramas,250.04333333333332,250.15415190604315,254.475
honolulu,2009,p10,desvio,gbm_histogramas,247.7333333333333,260.2258574106843,254.475
honolulu,2010,p10,desvio,gbm_histogramas,252.80666666666667,252.50175831318057,254.475
honolulu,2011,p10,desvio,gbm_histogramas,250.38666666666668,255.19260879310724,254.475
honolulu,2012,p10,desvio,gbm_histogramas,254.75,257.0793302641489,253.50333333333333
honolulu,2013,p10,desvio,gbm_histogramas,259.3333333333333,259.6513809533481,253.50333333333333
honolulu,2014,p10,desvio,gbm_histogramas,254.2,256.2804882171643,253.77833333333334
honolulu,2015,p10,desvio,gbm_histogramas,262.9,252.78166090663075,253.50333333333333
honolulu,2016,p10,desvio,gbm_histogramas,263.925,257.4166764016523,253.50333333333333
honolulu,2017,p10,desvio,gbm_histogramas,260.9333333333333,252.52351465531447,253.50333333333333
honolulu,2018,p10,desvio,gbm_histogramas,265.81666666666666,258.1114615443369,253.50333333333333
honolulu,2019,p10,desvio,gbm_histogramas,266.63666666666666,252.09510313983466,253.50333333333333
long_beach,2010,p10,desvio,gbm_histogramas,222.5,223.45085985651514,220.70666666666668
long_beach,2011,p10,desvio,gbm_histogramas,224.55666666666667,219.22909594978574,220.70666666666668
long_beach,2012,p10,desvio,gbm_histogramas,228.29666666666668,220.42980666496877,220.70666666666668
long_beach,2013,p10,desvio,gbm_histogramas,217.44166666666663,223.25524214813055,222.5
long_beach,2014,p10,desvio,gbm_histogramas,222.60833333333332,223.2669569824328,220.70666666666668
long_beach,2015,p10,desvio,gbm_histogramas,233.96833333333333,234.8103023279525,220.70666666666668
long_beach,2016,p10,desvio,gbm_histogramas,216.85,224.6268423476188,222.5
long_beach,2017,p10,desvio,gbm_histogramas,220.58333333333331,222.71167029592456,222.5
long_beach,2018,p10,desvio,gbm_histogramas,220.70666666666668,220.87881225644946,222.5
long_beach,2019,p10,desvio,gbm_histogramas,216.04666666666665,222.11629468102737,222.5
maui,2010,p10,desvio,gbm_histogramas,232.64666666666668,236.25441340149763,234.515
maui,2011,p10,desvio,gbm_histogramas,233.88,232.95590547692439,233.89833333333334
maui,2012,p10,desvio,gbm_histogramas,227.85666666666663,232.96279617107612,234.515
maui,2013,p10,desvio,gbm_histogramas,235.15,235.36014941425285,233.26333333333332
maui,2014,p10,desvio,gbm_histogramas,239.25666666666663,239.03032485741824,233.26333333333332
nyc,2005,p10,desvio,gbm_histogramas,217.06166666666667,210.3093048041864,208.43666666666667
nyc,2006,p10,desvio,gbm_histogramas,208.05,206.25892670458163,209.24416666666667
nyc,2007,p10,desvio,gbm_histogramas,208.8,209.13984668380127,208.88083333333333
nyc,2008,p10,desvio,gbm_histogramas,205.88333333333333,207.78439610288882,209.24416666666667
nyc,2009,p10,desvio,gbm_histogramas,206.47166666666664,209.61115664930395,209.24416666666667
nyc,2010,p10,desvio,gbm_histogramas,208.07333333333332,207.6620818669934,209.24416666666667
nyc,2011,p10,desvio,gbm_histogramas,207.0283333333333,207.92080991979427,209.24416666666667
nyc,2013,p10,desvio,gbm_histogramas,210.60666666666668,211.1667890796543,208.43666666666667
nyc,2014,p10,desvio,gbm_histogramas,213.27166666666668,209.70180115724276,208.43666666666667
nyc,2015,p10,desvio,gbm_histogramas,214.6,210.38720965399634,208.43666666666667
nyc,2016,p10,desvio,gbm_histogramas,213.21666666666667,211.7515399929799,208.43666666666667
nyc,2017,p10,desvio,gbm_histogramas,211.06666666666663,210.4305854974705,208.43666666666667
nyc,2018,p10,desvio,gbm_histogramas,209.68833333333333,209.29855792778275,208.43666666666667
nyc,2019,p10,desvio,gbm_histogramas,206.81666666666663,203.20986379414433,209.24416666666667
nyc,2022,p10,desvio,gbm_histogramas,218.76666666666668,207.89168465896384,208.43666666666667
nyc,2023,p10,desvio,gbm_histogramas,207.58333333333331,207.7771984657551,209.24416666666667
nyc,2024,p10,desvio,gbm_histogramas,201.9,201.70474161436601,209.24416666666667
rio,2023,p10,desvio,gbm_histogramas,203.44333333333333,204.83007615473295,203.0975
rio,2024,p10,desvio,gbm_histogramas,201.26833333333332,206.5534689645782,204.185
rio,2025,p10,desvio,gbm_histogramas,204.92666666666668,202.63468523919988,202.35583333333332
savannah,2011,p10,desvio,gbm_histogramas,217.8583333333333,221.34782618746854,219.05749999999998
savannah,2012,p10,desvio,gbm_histogramas,218.7083333333333,223.23711247858552,219.01833333333332
savannah,2013,p10,desvio,gbm_histogramas,218.63,219.24973972335073,219.05749999999998
savannah,2014,p10,desvio,gbm_histogramas,219.40666666666667,220.96615047348953,218.66916666666663
savannah,2015,p10,desvio,gbm_histogramas,210.08333333333331,227.53177671172574,219.05749999999998
savannah,2016,p10,desvio,gbm_histogramas,226.24666666666667,219.99888037558839,218.66916666666663
savannah,2017,p10,desvio,gbm_histogramas,232.57666666666668,221.33491736089283,218.66916666666663
savannah,2018,p10,desvio,gbm_histogramas,216.58,216.1005815585209,219.05749999999998
savannah,2019,p10,desvio,gbm_histogramas,220.29666666666665,216.46169201659006,218.66916666666663
singapore,2014,p10,desvio,gbm_histogramas,268.43333333333334,264.0894509973289,262.2683333333333
singapore,2015,p10,desvio,gbm_histogramas,271.78000000000003,264.3490154923205,262.2683333333333
singapore,2016,p10,desvio,gbm_histogramas,262.2683333333333,259.6043525700701,262.8066666666667
singapore,2017,p10,desvio,gbm_histogramas,262.8066666666667,262.8500092394997,262.2683333333333
singapore,2018,p10,desvio,gbm_histogramas,259.71666666666664,266.58795388426086,262.8066666666667
singapore,2019,p10,desvio,gbm_histogramas,269.0566666666666,256.41518352278376,262.2683333333333
singapore,2022,p10,desvio,gbm_histogramas,238.2,257.04705339336044,262.8066666666667
singapore,2023,p10,desvio,gbm_histogramas,246.69666666666663,256.2342455653897,262.8066666666667
berlin,2005,p10,desvio,linear,199.36666666666667,201.03116419618706,196.69333333333333
berlin,2006,p10,desvio,linear,203.75333333333336,199.39230998150472,196.69333333333333
berlin,2007,p10,desvio,linear,197.9,202.8000036976288,196.69333333333333
berlin,2008,p10,desvio,linear,196.81833333333333,197.0233377933849,196.83416666666665
berlin,2009,p10,desvio,linear,200.6,201.98517422864137,196.69333333333333
berlin,2010,p10,desvio,linear,197.1,190.27282357219096,196.69333333333333
berlin,2011,p10,desvio,linear,198.0,201.36828589451997,196.69333333333333
berlin,2012,p10,desvio,linear,196.2333333333333,198.04697308809332,196.95916666666665
berlin,2013,p10,desvio,linear,195.5,194.66586780629382,196.95916666666665
berlin,2014,p10,desvio,linear,195.6833333333333,200.19287355955035,196.95916666666665
berlin,2015,p10,desvio,linear,193.76666666666668,199.24959461225092,196.95916666666665
berlin,2016,p10,desvio,linear,196.36666666666667,201.0299765170585,196.95916666666665
berlin,2017,p10,desvio,linear,196.56833333333333,197.8499475162415,196.95916666666665
berlin,2018,p10,desvio,linear,198.165,196.5172096711638,196.69333333333333
berlin,2019,p10,desvio,linear,186.31666666666663,188.86154111009807,196.95916666666665
boston,2005,p10,desvio,linear,194.045,188.79027066113238,187.51
boston,2006,p10,desvio,linear,188.60166666666663,187.99143296848544,187.51
boston,2007,p10,desvio,linear,191.035,162.47445259971423,187.51
boston,2008,p10,desvio,linear,188.58333333333331,195.8766724302726,187.51
boston,2009,p10,desvio,linear,187.4333333333333,185.47937987127204,188.08499999999998
boston,2010,p10,desvio,linear,187.58666666666667,173.87320709574036,188.00833333333333
boston,2011,p10,desvio,linear,186.8,187.38354621894297,188.08499999999998
boston,2012,p10,desvio,linear,203.03333333333333,196.18757213749214,187.51
boston,2013,p10,desvio,linear,181.22833333333327,191.03441701511937,188.08499999999998
boston,2014,p10,desvio,linear,184.78333333333333,187.87032435236569,188.08499999999998
boston,2015,p10,desvio,linear,180.06166666666667,179.50460929770156,188.08499999999998
boston,2016,p10,desvio,linear,188.6833333333333,210.33624997874438,187.51
boston,2017,p10,desvio,linear,189.18166666666667,210.0095336505937,187.51
boston,2018,p10,desvio,linear,185.35,136.3369488046583,188.08499999999998
boston,2019,p10,desvio,linear,180.2333333333333,176.92974915672792,188.08499999999998
chicago,2005,p10,desvio,linear,208.26666666666668,206.20861057547648,207.3
chicago,2006,p10,desvio,linear,204.55,204.80688866238174,207.825
chicago,2007,p10,desvio,linear,230.4833333333333,216.9873151119956,207.3
chicago,2008,p10,desvio,linear,219.47333333333333,217.20615260103676,207.3
chicago,2009,p10,desvio,linear,206.08,205.1872329660935,207.825
chicago,2010,p10,desvio,linear,214.95,217.37618290603174,207.3
chicago,2011,p10,desvio,linear,213.9833333333333,218.46648840338406,207.3
chicago,2012,p10,desvio,linear,208.13333333333333,206.27384459798552,207.3
chicago,2013,p10,desvio,linear,208.6,202.59010276180388,207.3
chicago,2014,p10,desvio,linear,206.61666666666667,202.19539426160782,207.825
chicago,2015,p10,desvio,linear,207.51666666666668,207.18948358735716,207.60833333333332
chicago,2016,p10,desvio,linear,207.08333333333331,204.35156518430622,207.825
chicago,2017,p10,desvio,linear,211.21666666666667,208.4948306020558,207.3
chicago,2018,p10,desvio,linear,204.05,206.27601468059083,207.825
chicago,2019,p10,desvio,linear,198.275,201.01912229941604,207.825
chicago,2022,p10,desvio,linear,197.0233333333333,204.33237507996836,207.825
chicago,2023,p10,desvio,linear,189.16666666666663,208.4805550823721,207.825
durban,2022,p10,desvio,linear,172.715,181.7310383670852,184.31583333333333
durban,2024,p10,desvio,linear,178.435,184.64770819974822,181.45583333333332
durban,2025,p10,desvio,linear,190.19666666666663,177.67666624535738,175.575
honolulu,2005,p10,desvio,linear,244.23,261.34559325870396,254.475
honolulu,2006,p10,desvio,linear,248.12333333333336,261.5617473670954,254.475
honolulu,2007,p10,desvio,linear,250.9,256.3619021187874,254.475
honolulu,2008,p10,desvio,linear,250.04333333333332,248.76181986931087,254.475
honolulu,2009,p10,desvio,linear,247.7333333333333,253.92714910355488,254.475
honolulu,2010,p10,desvio,linear,252.80666666666667,254.6302856293218,254.475
honolulu,2011,p10,desvio,linear,250.38666666666668,253.3676780226504,254.475
honolulu,2012,p10,desvio,linear,254.75,255.91610868984986,253.50333333333333
honolulu,2013,p10,desvio,linear,259.3333333333333,258.98557136395857,253.50333333333333
honolulu,2014,p10,desvio,linear,254.2,264.1240520111087,253.77833333333334
honolulu,2015,p10,desvio,linear,262.9,256.44795988294834,253.50333333333333
honolulu,2016,p10,desvio,linear,263.925,257.7339297030125,253.50333333333333
honolulu,2017,p10,desvio,linear,260.9333333333333,258.31847603590205,253.50333333333333
honolulu,2018,p10,desvio,linear,265.81666666666666,253.25058601064057,253.50333333333333
honolulu,2019,p10,desvio,linear,266.63666666666666,254.60409588282926,253.50333333333333
long_beach,2010,p10,desvio,linear,222.5,221.00611064867996,220.70666666666668
long_beach,2011,p10,desvio,linear,224.55666666666667,221.39965520822986,220.70666666666668
long_beach,2012,p10,desvio,linear,228.29666666666668,222.35757977790618,220.70666666666668
long_beach,2013,p10,desvio,linear,217.44166666666663,217.5694752645221,222.5
long_beach,2014,p10,desvio,linear,222.60833333333332,220.67185613350253,220.70666666666668
long_beach,2015,p10,desvio,linear,233.96833333333333,225.45239501157923,220.70666666666668
long_beach,2016,p10,desvio,linear,216.85,226.4569986425369,222.5
long_beach,2017,p10,desvio,linear,220.58333333333331,219.2031132968701,222.5
long_beach,2018,p10,desvio,linear,220.70666666666668,219.79085830109867,222.5
long_beach,2019,p10,desvio,linear,216.04666666666665,218.00386523067976,222.5
maui,2010,p10,desvio,linear,232.64666666666668,234.83880086591222,234.515
maui,2011,p10,desvio,linear,233.88,235.96354810330553,233.89833333333334
maui,2012,p10,desvio,linear,227.85666666666663,233.1175558022504,234.515
maui,2013,p10,desvio,linear,235.15,232.9984878509982,233.26333333333332
maui,2014,p10,desvio,linear,239.25666666666663,223.00326475007535,233.26333333333332
nyc,2005,p10,desvio,linear,217.06166666666667,215.7667618346553,208.43666666666667
nyc,2006,p10,desvio,linear,208.05,203.64636687641902,209.24416666666667
nyc,2007,p10,desvio,linear,208.8,210.93188998924512,208.88083333333333
nyc,2008,p10,desvio,linear,205.88333333333333,206.2331257431206,209.24416666666667
nyc,2009,p10,desvio,linear,206.47166666666664,215.09805662588548,209.24416666666667
nyc,2010,p10,desvio,linear,208.07333333333332,204.50521176260733,209.24416666666667
nyc,2011,p10,desvio,linear,207.0283333333333,205.0332170843471,209.24416666666667
nyc,2013,p10,desvio,linear,210.60666666666668,210.20476262599877,208.43666666666667
nyc,2014,p10,desvio,linear,213.27166666666668,203.31165040858886,208.43666666666667
nyc,2015,p10,desvio,linear,214.6,207.87398990921707,208.43666666666667
nyc,2016,p10,desvio,linear,213.21666666666667,208.3586033526981,208.43666666666667
nyc,2017,p10,desvio,linear,211.06666666666663,212.47004625752038,208.43666666666667
nyc,2018,p10,desvio,linear,209.68833333333333,205.15877175861934,208.43666666666667
nyc,2019,p10,desvio,linear,206.81666666666663,205.680395531765,209.24416666666667
nyc,2022,p10,desvio,linear,218.76666666666668,214.30759934888422,208.43666666666667
nyc,2023,p10,desvio,linear,207.58333333333331,208.30329354219555,209.24416666666667
nyc,2024,p10,desvio,linear,201.9,206.75762895289512,209.24416666666667
rio,2023,p10,desvio,linear,203.44333333333333,197.95466316548996,203.0975
rio,2024,p10,desvio,linear,201.26833333333332,201.4137817420705,204.185
rio,2025,p10,desvio,linear,204.92666666666668,198.39887976293417,202.35583333333332
savannah,2011,p10,desvio,linear,217.8583333333333,218.78276552001824,219.05749999999998
savannah,2012,p10,desvio,linear,218.7083333333333,222.2279103586018,219.01833333333332
savannah,2013,p10,desvio,linear,218.63,228.27017263985377,219.05749999999998
savannah,2014,p10,desvio,linear,219.40666666666667,224.84964684316083,218.66916666666663
savannah,2015,p10,desvio,linear,210.08333333333331,229.67538089027835,219.05749999999998
savannah,2016,p10,desvio,linear,226.24666666666667,218.0865906379309,218.66916666666663
savannah,2017,p10,desvio,linear,232.57666666666668,224.50778674931206,218.66916666666663
savannah,2018,p10,desvio,linear,216.58,214.6926301462678,219.05749999999998
savannah,2019,p10,desvio,linear,220.29666666666665,215.73365387885514,218.66916666666663
singapore,2014,p10,desvio,linear,268.43333333333334,258.1768121707763,262.2683333333333
singapore,2015,p10,desvio,linear,271.78000000000003,259.9162205307453,262.2683333333333
singapore,2016,p10,desvio,linear,262.2683333333333,264.20139352792677,262.8066666666667
singapore,2017,p10,desvio,linear,262.8066666666667,259.19857169480247,262.2683333333333
singapore,2018,p10,desvio,linear,259.71666666666664,257.7041917921606,262.8066666666667
singapore,2019,p10,desvio,linear,269.0566666666666,307.776012399389,262.2683333333333
singapore,2022,p10,desvio,linear,238.2,262.6111460375438,262.8066666666667
singapore,2023,p10,desvio,linear,246.69666666666663,254.85380873386399,262.8066666666667
berlin,2005,p10,desvio,floresta_aleatoria,199.36666666666667,200.2504343452381,196.69333333333333
berlin,2006,p10,desvio,floresta_aleatoria,203.75333333333336,205.01821539847882,196.69333333333333
berlin,2007,p10,desvio,floresta_aleatoria,197.9,197.7468456894841,196.69333333333333
berlin,2008,p10,desvio,floresta_aleatoria,196.81833333333333,196.9705549082341,196.83416666666665
berlin,2009,p10,desvio,floresta_aleatoria,200.6,200.60735745039682,196.69333333333333
berlin,2010,p10,desvio,floresta_aleatoria,197.1,193.3731870271164,196.69333333333333
berlin,2011,p10,desvio,floresta_aleatoria,198.0,198.35544215277775,196.69333333333333
berlin,2012,p10,desvio,floresta_aleatoria,196.2333333333333,196.41363065724204,196.95916666666665
berlin,2013,p10,desvio,floresta_aleatoria,195.5,196.71470869874335,196.95916666666665
berlin,2014,p10,desvio,floresta_aleatoria,195.6833333333333,197.89927222966267,196.95916666666665
berlin,2015,p10,desvio,floresta_aleatoria,193.76666666666668,196.96865891451716,196.95916666666665
berlin,2016,p10,desvio,floresta_aleatoria,196.36666666666667,198.1064008192791,196.95916666666665
berlin,2017,p10,desvio,floresta_aleatoria,196.56833333333333,197.95131361359125,196.95916666666665
berlin,2018,p10,desvio,floresta_aleatoria,198.165,196.19223397156082,196.69333333333333
berlin,2019,p10,desvio,floresta_aleatoria,186.31666666666663,190.46500871693118,196.95916666666665
boston,2005,p10,desvio,floresta_aleatoria,194.045,187.20888466435184,187.51
boston,2006,p10,desvio,floresta_aleatoria,188.60166666666663,187.46007048941797,187.51
boston,2007,p10,desvio,floresta_aleatoria,191.035,186.24009004464284,187.51
boston,2008,p10,desvio,floresta_aleatoria,188.58333333333331,186.59712204117062,187.51
boston,2009,p10,desvio,floresta_aleatoria,187.4333333333333,186.13785887070102,188.08499999999998
boston,2010,p10,desvio,floresta_aleatoria,187.58666666666667,186.93923565806878,188.00833333333333
boston,2011,p10,desvio,floresta_aleatoria,186.8,186.90700195932538,188.08499999999998
boston,2012,p10,desvio,floresta_aleatoria,203.03333333333333,192.49939830935844,187.51
boston,2013,p10,desvio,floresta_aleatoria,181.22833333333327,188.0982259176587,188.08499999999998
boston,2014,p10,desvio,floresta_aleatoria,184.78333333333333,188.18673453207668,188.08499999999998
boston,2015,p10,desvio,floresta_aleatoria,180.06166666666667,185.95649021246692,188.08499999999998
boston,2016,p10,desvio,floresta_aleatoria,188.6833333333333,188.7178640294312,187.51
boston,2017,p10,desvio,floresta_aleatoria,189.18166666666667,188.31483011739417,187.51
boston,2018,p10,desvio,floresta_aleatoria,185.35,182.78748392526452,188.08499999999998
boston,2019,p10,desvio,floresta_aleatoria,180.2333333333333,184.54835499007933,188.08499999999998
chicago,2005,p10,desvio,floresta_aleatoria,208.26666666666668,207.48137584325397,207.3
chicago,2006,p10,desvio,floresta_aleatoria,204.55,207.64672901951056,207.825
chicago,2007,p10,desvio,floresta_aleatoria,230.4833333333333,214.92161698630653,207.3
chicago,2008,p10,desvio,floresta_aleatoria,219.47333333333333,210.95300535383598,207.3
chicago,2009,p10,desvio,floresta_aleatoria,206.08,206.00588640046294,207.825
chicago,2010,p10,desvio,floresta_aleatoria,214.95,213.8655774495701,207.3
chicago,2011,p10,desvio,floresta_aleatoria,213.9833333333333,211.52500562996033,207.3
chicago,2012,p10,desvio,floresta_aleatoria,208.13333333333333,205.09714203042327,207.3
chicago,2013,p10,desvio,floresta_aleatoria,208.6,206.39157967592593,207.3
chicago,2014,p10,desvio,floresta_aleatoria,206.61666666666667,206.98381313657407,207.825
chicago,2015,p10,desvio,floresta_aleatoria,207.51666666666668,209.03696870535714,207.60833333333332
chicago,2016,p10,desvio,floresta_aleatoria,207.08333333333331,207.13620666170632,207.825
chicago,2017,p10,desvio,floresta_aleatoria,211.21666666666667,209.36880587466933,207.3
chicago,2018,p10,desvio,floresta_aleatoria,204.05,206.05984007936505,207.825
chicago,2019,p10,desvio,floresta_aleatoria,198.275,204.1334905539021,207.825
chicago,2022,p10,desvio,floresta_aleatoria,197.0233333333333,205.53337128968252,207.825
chicago,2023,p10,desvio,floresta_aleatoria,189.16666666666663,203.4176081812169,207.825
durban,2022,p10,desvio,floresta_aleatoria,172.715,182.87532599867723,184.31583333333333
durban,2024,p10,desvio,floresta_aleatoria,178.435,181.71471919229495,181.45583333333332
durban,2025,p10,desvio,floresta_aleatoria,190.19666666666663,174.2623881034301,175.575
honolulu,2005,p10,desvio,floresta_aleatoria,244.23,255.95882129133597,254.475
honolulu,2006,p10,desvio,floresta_aleatoria,248.12333333333336,255.3772744940476,254.475
honolulu,2007,p10,desvio,floresta_aleatoria,250.9,255.85259316220237,254.475
honolulu,2008,p10,desvio,floresta_aleatoria,250.04333333333332,251.93919518105156,254.475
honolulu,2009,p10,desvio,floresta_aleatoria,247.7333333333333,257.59167059193123,254.475
honolulu,2010,p10,desvio,floresta_aleatoria,252.80666666666667,252.96681672123015,254.475
honolulu,2011,p10,desvio,floresta_aleatoria,250.38666666666668,255.00953202132936,254.475
honolulu,2012,p10,desvio,floresta_aleatoria,254.75,255.4087642557269,253.50333333333333
honolulu,2013,p10,desvio,floresta_aleatoria,259.3333333333333,258.4447059002976,253.50333333333333
honolulu,2014,p10,desvio,floresta_aleatoria,254.2,254.02822168154762,253.77833333333334
honolulu,2015,p10,desvio,floresta_aleatoria,262.9,252.88246644916424,253.50333333333333
honolulu,2016,p10,desvio,floresta_aleatoria,263.925,255.02113802504206,253.50333333333333
honolulu,2017,p10,desvio,floresta_aleatoria,260.9333333333333,253.7736791244288,253.50333333333333
honolulu,2018,p10,desvio,floresta_aleatoria,265.81666666666666,256.2989393030754,253.50333333333333
honolulu,2019,p10,desvio,floresta_aleatoria,266.63666666666666,251.9681243262987,253.50333333333333
long_beach,2010,p10,desvio,floresta_aleatoria,222.5,221.17417802248676,220.70666666666668
long_beach,2011,p10,desvio,floresta_aleatoria,224.55666666666667,221.23342897238757,220.70666666666668
long_beach,2012,p10,desvio,floresta_aleatoria,228.29666666666668,221.52026132936507,220.70666666666668
long_beach,2013,p10,desvio,floresta_aleatoria,217.44166666666663,223.7793584242725,222.5
long_beach,2014,p10,desvio,floresta_aleatoria,222.60833333333332,223.36021234126983,220.70666666666668
long_beach,2015,p10,desvio,floresta_aleatoria,233.96833333333333,227.87009282820767,220.70666666666668
long_beach,2016,p10,desvio,floresta_aleatoria,216.85,226.76532216765872,222.5
long_beach,2017,p10,desvio,floresta_aleatoria,220.58333333333331,222.51012420634922,222.5
long_beach,2018,p10,desvio,floresta_aleatoria,220.70666666666668,221.4589616005291,222.5
long_beach,2019,p10,desvio,floresta_aleatoria,216.04666666666665,221.79097111607143,222.5
maui,2010,p10,desvio,floresta_aleatoria,232.64666666666668,234.61224728339946,234.515
maui,2011,p10,desvio,floresta_aleatoria,233.88,233.08737063078703,233.89833333333334
maui,2012,p10,desvio,floresta_aleatoria,227.85666666666663,234.78833402777778,234.515
maui,2013,p10,desvio,floresta_aleatoria,235.15,237.05310965608464,233.26333333333332
maui,2014,p10,desvio,floresta_aleatoria,239.25666666666663,236.54295962632273,233.26333333333332
nyc,2005,p10,desvio,floresta_aleatoria,217.06166666666667,209.40122225694444,208.43666666666667
nyc,2006,p10,desvio,floresta_aleatoria,208.05,207.6345169055886,209.24416666666667
nyc,2007,p10,desvio,floresta_aleatoria,208.8,208.78536491319443,208.88083333333333
nyc,2008,p10,desvio,floresta_aleatoria,205.88333333333333,208.2159212375992,209.24416666666667
nyc,2009,p10,desvio,floresta_aleatoria,206.47166666666664,209.32581796792329,209.24416666666667
nyc,2010,p10,desvio,floresta_aleatoria,208.07333333333332,207.61225651041667,209.24416666666667
nyc,2011,p10,desvio,floresta_aleatoria,207.0283333333333,208.30226023313492,209.24416666666667
nyc,2013,p10,desvio,floresta_aleatoria,210.60666666666668,209.20954555555554,208.43666666666667
nyc,2014,p10,desvio,floresta_aleatoria,213.27166666666668,206.88265002645502,208.43666666666667
nyc,2015,p10,desvio,floresta_aleatoria,214.6,209.08109214781746,208.43666666666667
nyc,2016,p10,desvio,floresta_aleatoria,213.21666666666667,209.9594029646164,208.43666666666667
nyc,2017,p10,desvio,floresta_aleatoria,211.06666666666663,210.12945587872775,208.43666666666667
nyc,2018,p10,desvio,floresta_aleatoria,209.68833333333333,208.21995325306636,208.43666666666667
nyc,2019,p10,desvio,floresta_aleatoria,206.81666666666663,204.83084222710738,209.24416666666667
nyc,2022,p10,desvio,floresta_aleatoria,218.76666666666668,205.34534050925924,208.43666666666667
nyc,2023,p10,desvio,floresta_aleatoria,207.58333333333331,206.66224856977513,209.24416666666667
nyc,2024,p10,desvio,floresta_aleatoria,201.9,205.21488505208333,209.24416666666667
rio,2023,p10,desvio,floresta_aleatoria,203.44333333333333,206.91325834325394,203.0975
rio,2024,p10,desvio,floresta_aleatoria,201.26833333333332,205.33457903920154,204.185
rio,2025,p10,desvio,floresta_aleatoria,204.92666666666668,203.860352458664,202.35583333333332
savannah,2011,p10,desvio,floresta_aleatoria,217.8583333333333,220.70811012648807,219.05749999999998
savannah,2012,p10,desvio,floresta_aleatoria,218.7083333333333,220.49747502480156,219.01833333333332
savannah,2013,p10,desvio,floresta_aleatoria,218.63,219.61668046709653,219.05749999999998
savannah,2014,p10,desvio,floresta_aleatoria,219.40666666666667,220.05167221478172,218.66916666666663
savannah,2015,p10,desvio,floresta_aleatoria,210.08333333333331,225.50551136574072,219.05749999999998
savannah,2016,p10,desvio,floresta_aleatoria,226.24666666666667,218.1843295114087,218.66916666666663
savannah,2017,p10,desvio,floresta_aleatoria,232.57666666666668,219.1327145122354,218.66916666666663
savannah,2018,p10,desvio,floresta_aleatoria,216.58,218.35133565821906,219.05749999999998
savannah,2019,p10,desvio,floresta_aleatoria,220.29666666666665,216.2604620039682,218.66916666666663
singapore,2014,p10,desvio,floresta_aleatoria,268.43333333333334,264.70217198412695,262.2683333333333
singapore,2015,p10,desvio,floresta_aleatoria,271.78000000000003,260.96509998346556,262.2683333333333
singapore,2016,p10,desvio,floresta_aleatoria,262.2683333333333,263.7641536805555,262.8066666666667
singapore,2017,p10,desvio,floresta_aleatoria,262.8066666666667,265.22309301587296,262.2683333333333
singapore,2018,p10,desvio,floresta_aleatoria,259.71666666666664,263.32347968088624,262.8066666666667
singapore,2019,p10,desvio,floresta_aleatoria,269.0566666666666,258.1715145138889,262.2683333333333
singapore,2022,p10,desvio,floresta_aleatoria,238.2,260.28492014054234,262.8066666666667
singapore,2023,p10,desvio,floresta_aleatoria,246.69666666666663,260.4177133878968,262.8066666666667
berlin,2005,p10,desvio,perceptron_multicamadas,199.36666666666667,200.9439841215392,196.69333333333333
berlin,2006,p10,desvio,perceptron_multicamadas,203.75333333333336,201.37120596250878,196.69333333333333
berlin,2007,p10,desvio,perceptron_multicamadas,197.9,197.08724634004216,196.69333333333333
berlin,2008,p10,desvio,perceptron_multicamadas,196.81833333333333,197.10557403950975,196.83416666666665
berlin,2009,p10,desvio,perceptron_multicamadas,200.6,197.20568845120178,196.69333333333333
berlin,2010,p10,desvio,perceptron_multicamadas,197.1,189.22939197700634,196.69333333333333
berlin,2011,p10,desvio,perceptron_multicamadas,198.0,201.5987303500124,196.69333333333333
berlin,2012,p10,desvio,perceptron_multicamadas,196.2333333333333,196.66356146773794,196.95916666666665
berlin,2013,p10,desvio,perceptron_multicamadas,195.5,197.7176596467265,196.95916666666665
berlin,2014,p10,desvio,perceptron_multicamadas,195.6833333333333,196.39187787892166,196.95916666666665
berlin,2015,p10,desvio,perceptron_multicamadas,193.76666666666668,194.87946900549593,196.95916666666665
berlin,2016,p10,desvio,perceptron_multicamadas,196.36666666666667,198.62992474942297,196.95916666666665
berlin,2017,p10,desvio,perceptron_multicamadas,196.56833333333333,197.0001021783589,196.95916666666665
berlin,2018,p10,desvio,perceptron_multicamadas,198.165,186.92532010142654,196.69333333333333
berlin,2019,p10,desvio,perceptron_multicamadas,186.31666666666663,194.76629887541273,196.95916666666665
boston,2005,p10,desvio,perceptron_multicamadas,194.045,188.1651646955071,187.51
boston,2006,p10,desvio,perceptron_multicamadas,188.60166666666663,188.8491555082701,187.51
boston,2007,p10,desvio,perceptron_multicamadas,191.035,183.30040183086479,187.51
boston,2008,p10,desvio,perceptron_multicamadas,188.58333333333331,186.25863649651942,187.51
boston,2009,p10,desvio,perceptron_multicamadas,187.4333333333333,185.59824823130552,188.08499999999998
boston,2010,p10,desvio,perceptron_multicamadas,187.58666666666667,180.9762126805333,188.00833333333333
boston,2011,p10,desvio,perceptron_multicamadas,186.8,185.21294491092678,188.08499999999998
boston,2012,p10,desvio,perceptron_multicamadas,203.03333333333333,201.85486632918418,187.51
boston,2013,p10,desvio,perceptron_multicamadas,181.22833333333327,186.6145832868628,188.08499999999998
boston,2014,p10,desvio,perceptron_multicamadas,184.78333333333333,187.13290452212436,188.08499999999998
boston,2015,p10,desvio,perceptron_multicamadas,180.06166666666667,194.78848568335036,188.08499999999998
boston,2016,p10,desvio,perceptron_multicamadas,188.6833333333333,193.56739284682152,187.51
boston,2017,p10,desvio,perceptron_multicamadas,189.18166666666667,201.99116730473364,187.51
boston,2018,p10,desvio,perceptron_multicamadas,185.35,129.1042820524522,188.08499999999998
boston,2019,p10,desvio,perceptron_multicamadas,180.2333333333333,176.25225131757202,188.08499999999998
chicago,2005,p10,desvio,perceptron_multicamadas,208.26666666666668,204.07016550745206,207.3
chicago,2006,p10,desvio,perceptron_multicamadas,204.55,198.5335926187972,207.825
chicago,2007,p10,desvio,perceptron_multicamadas,230.4833333333333,220.91921231443817,207.3
chicago,2008,p10,desvio,perceptron_multicamadas,219.47333333333333,218.99765889124149,207.3
chicago,2009,p10,desvio,perceptron_multicamadas,206.08,203.06298041339255,207.825
chicago,2010,p10,desvio,perceptron_multicamadas,214.95,211.88420007358647,207.3
chicago,2011,p10,desvio,perceptron_multicamadas,213.9833333333333,216.25101721801835,207.3
chicago,2012,p10,desvio,perceptron_multicamadas,208.13333333333333,202.8886160419425,207.3
chicago,2013,p10,desvio,perceptron_multicamadas,208.6,203.09829046205124,207.3
chicago,2014,p10,desvio,perceptron_multicamadas,206.61666666666667,199.5532976874177,207.825
chicago,2015,p10,desvio,perceptron_multicamadas,207.51666666666668,208.34620451145838,207.60833333333332
chicago,2016,p10,desvio,perceptron_multicamadas,207.08333333333331,206.3668659084318,207.825
chicago,2017,p10,desvio,perceptron_multicamadas,211.21666666666667,210.09816811510797,207.3
chicago,2018,p10,desvio,perceptron_multicamadas,204.05,208.61213737603939,207.825
chicago,2019,p10,desvio,perceptron_multicamadas,198.275,200.65712374259175,207.825
chicago,2022,p10,desvio,perceptron_multicamadas,197.0233333333333,199.8018177172278,207.825
chicago,2023,p10,desvio,perceptron_multicamadas,189.16666666666663,201.31375454369223,207.825
durban,2022,p10,desvio,perceptron_multicamadas,172.715,171.7787903186964,184.31583333333333
durban,2024,p10,desvio,perceptron_multicamadas,178.435,196.17458752920075,181.45583333333332
durban,2025,p10,desvio,perceptron_multicamadas,190.19666666666663,165.57508070618806,175.575
honolulu,2005,p10,desvio,perceptron_multicamadas,244.23,255.0255794547905,254.475
honolulu,2006,p10,desvio,perceptron_multicamadas,248.12333333333336,251.5580315192426,254.475
honolulu,2007,p10,desvio,perceptron_multicamadas,250.9,255.84381181818821,254.475
honolulu,2008,p10,desvio,perceptron_multicamadas,250.04333333333332,245.35503920968824,254.475
honolulu,2009,p10,desvio,perceptron_multicamadas,247.7333333333333,257.7328030956087,254.475
honolulu,2010,p10,desvio,perceptron_multicamadas,252.80666666666667,252.82463453499827,254.475
honolulu,2011,p10,desvio,perceptron_multicamadas,250.38666666666668,249.12169547858394,254.475
honolulu,2012,p10,desvio,perceptron_multicamadas,254.75,254.57401958171138,253.50333333333333
honolulu,2013,p10,desvio,perceptron_multicamadas,259.3333333333333,261.259307664168,253.50333333333333
honolulu,2014,p10,desvio,perceptron_multicamadas,254.2,257.5246162934942,253.77833333333334
honolulu,2015,p10,desvio,perceptron_multicamadas,262.9,259.9660751461042,253.50333333333333
honolulu,2016,p10,desvio,perceptron_multicamadas,263.925,265.11315301236186,253.50333333333333
honolulu,2017,p10,desvio,perceptron_multicamadas,260.9333333333333,253.3406611974541,253.50333333333333
honolulu,2018,p10,desvio,perceptron_multicamadas,265.81666666666666,257.18051796247573,253.50333333333333
honolulu,2019,p10,desvio,perceptron_multicamadas,266.63666666666666,260.6000323407504,253.50333333333333
long_beach,2010,p10,desvio,perceptron_multicamadas,222.5,217.17661175145233,220.70666666666668
long_beach,2011,p10,desvio,perceptron_multicamadas,224.55666666666667,216.59535245940432,220.70666666666668
long_beach,2012,p10,desvio,perceptron_multicamadas,228.29666666666668,224.36120570684548,220.70666666666668
long_beach,2013,p10,desvio,perceptron_multicamadas,217.44166666666663,222.28875294449668,222.5
long_beach,2014,p10,desvio,perceptron_multicamadas,222.60833333333332,225.49152421552654,220.70666666666668
long_beach,2015,p10,desvio,perceptron_multicamadas,233.96833333333333,229.15398319254328,220.70666666666668
long_beach,2016,p10,desvio,perceptron_multicamadas,216.85,228.20751624404508,222.5
long_beach,2017,p10,desvio,perceptron_multicamadas,220.58333333333331,214.973372820201,222.5
long_beach,2018,p10,desvio,perceptron_multicamadas,220.70666666666668,218.85554333626095,222.5
long_beach,2019,p10,desvio,perceptron_multicamadas,216.04666666666665,221.3253412166372,222.5
maui,2010,p10,desvio,perceptron_multicamadas,232.64666666666668,234.07852224513576,234.515
maui,2011,p10,desvio,perceptron_multicamadas,233.88,235.97233705465862,233.89833333333334
maui,2012,p10,desvio,perceptron_multicamadas,227.85666666666663,234.68422221816593,234.515
maui,2013,p10,desvio,perceptron_multicamadas,235.15,231.38422640004973,233.26333333333332
maui,2014,p10,desvio,perceptron_multicamadas,239.25666666666663,222.25935698059772,233.26333333333332
nyc,2005,p10,desvio,perceptron_multicamadas,217.06166666666667,214.38693610116965,208.43666666666667
nyc,2006,p10,desvio,perceptron_multicamadas,208.05,208.5577227298294,209.24416666666667
nyc,2007,p10,desvio,perceptron_multicamadas,208.8,212.5169232077996,208.88083333333333
nyc,2008,p10,desvio,perceptron_multicamadas,205.88333333333333,206.78740222603645,209.24416666666667
nyc,2009,p10,desvio,perceptron_multicamadas,206.47166666666664,209.56689064871134,209.24416666666667
nyc,2010,p10,desvio,perceptron_multicamadas,208.07333333333332,208.6759694153162,209.24416666666667
nyc,2011,p10,desvio,perceptron_multicamadas,207.0283333333333,210.99200680820655,209.24416666666667
nyc,2013,p10,desvio,perceptron_multicamadas,210.60666666666668,210.06275419730005,208.43666666666667
nyc,2014,p10,desvio,perceptron_multicamadas,213.27166666666668,208.44248679852774,208.43666666666667
nyc,2015,p10,desvio,perceptron_multicamadas,214.6,210.57734507506805,208.43666666666667
nyc,2016,p10,desvio,perceptron_multicamadas,213.21666666666667,212.53944908025608,208.43666666666667
nyc,2017,p10,desvio,perceptron_multicamadas,211.06666666666663,216.09569408011552,208.43666666666667
nyc,2018,p10,desvio,perceptron_multicamadas,209.68833333333333,202.42220515014367,208.43666666666667
nyc,2019,p10,desvio,perceptron_multicamadas,206.81666666666663,205.85806401091915,209.24416666666667
nyc,2022,p10,desvio,perceptron_multicamadas,218.76666666666668,216.49336588824346,208.43666666666667
nyc,2023,p10,desvio,perceptron_multicamadas,207.58333333333331,207.48473821030808,209.24416666666667
nyc,2024,p10,desvio,perceptron_multicamadas,201.9,206.92951475605068,209.24416666666667
rio,2023,p10,desvio,perceptron_multicamadas,203.44333333333333,200.2304866826561,203.0975
rio,2024,p10,desvio,perceptron_multicamadas,201.26833333333332,203.6185150653948,204.185
rio,2025,p10,desvio,perceptron_multicamadas,204.92666666666668,205.83483056170516,202.35583333333332
savannah,2011,p10,desvio,perceptron_multicamadas,217.8583333333333,224.15867642655735,219.05749999999998
savannah,2012,p10,desvio,perceptron_multicamadas,218.7083333333333,222.5041035037679,219.01833333333332
savannah,2013,p10,desvio,perceptron_multicamadas,218.63,222.61344559979895,219.05749999999998
savannah,2014,p10,desvio,perceptron_multicamadas,219.40666666666667,221.81658673694935,218.66916666666663
savannah,2015,p10,desvio,perceptron_multicamadas,210.08333333333331,232.31600777673214,219.05749999999998
savannah,2016,p10,desvio,perceptron_multicamadas,226.24666666666667,218.74222671754634,218.66916666666663
savannah,2017,p10,desvio,perceptron_multicamadas,232.57666666666668,219.6757721232221,218.66916666666663
savannah,2018,p10,desvio,perceptron_multicamadas,216.58,219.8322750228906,219.05749999999998
savannah,2019,p10,desvio,perceptron_multicamadas,220.29666666666665,207.78012310542988,218.66916666666663
singapore,2014,p10,desvio,perceptron_multicamadas,268.43333333333334,263.6433189158038,262.2683333333333
singapore,2015,p10,desvio,perceptron_multicamadas,271.78000000000003,267.12534491100496,262.2683333333333
singapore,2016,p10,desvio,perceptron_multicamadas,262.2683333333333,267.7863212817099,262.8066666666667
singapore,2017,p10,desvio,perceptron_multicamadas,262.8066666666667,261.42443494995473,262.2683333333333
singapore,2018,p10,desvio,perceptron_multicamadas,259.71666666666664,258.2115879824479,262.8066666666667
singapore,2019,p10,desvio,perceptron_multicamadas,269.0566666666666,245.2999807758476,262.2683333333333
singapore,2022,p10,desvio,perceptron_multicamadas,238.2,259.4409128371761,262.8066666666667
singapore,2023,p10,desvio,perceptron_multicamadas,246.69666666666663,252.91750271775018,262.8066666666667
berlin,2005,p25,referencia,media_global,221.7,244.70941091954023,218.71666666666664
berlin,2006,p25,referencia,media_global,226.03333333333333,244.67205459770113,218.71666666666664
berlin,2007,p25,referencia,media_global,218.9333333333333,244.73326149425284,219.16666666666666
berlin,2008,p25,referencia,media_global,218.5,244.73699712643676,219.38333333333333
berlin,2009,p25,referencia,media_global,223.4,244.6947557471264,218.71666666666664
berlin,2010,p25,referencia,media_global,217.6833333333333,244.74403735632183,219.38333333333333
berlin,2011,p25,referencia,media_global,219.83333333333331,244.72550287356322,218.71666666666664
berlin,2012,p25,referencia,media_global,216.91666666666663,244.75064655172415,219.38333333333333
berlin,2013,p25,referencia,media_global,216.56666666666663,244.75366379310344,219.38333333333333
berlin,2014,p25,referencia,media_global,217.16666666666663,244.74849137931034,219.38333333333333
berlin,2015,p25,referencia,media_global,215.96666666666667,244.75883620689655,219.38333333333333
berlin,2016,p25,referencia,media_global,220.01666666666668,244.7239224137931,218.71666666666664
berlin,2017,p25,referencia,media_global,219.85,244.7253591954023,218.71666666666664
berlin,2018,p25,referencia,media_global,223.28333333333333,244.69576149425285,218.71666666666664
berlin,2019,p25,referencia,media_global,209.13333333333333,244.81774425287355,219.38333333333333
boston,2005,p25,referencia,media_global,211.6833333333333,244.79576149425284,205.15625
boston,2006,p25,referencia,media_global,205.53333333333333,244.84877873563218,205.17291666666665
boston,2007,p25,referencia,media_global,208.35,244.82449712643677,205.15625
boston,2008,p25,referencia,media_global,205.58333333333331,244.84834770114938,205.15625
boston,2009,p25,referencia,media_global,204.58333333333331,244.85696839080455,205.54999999999998
boston,2010,p25,referencia,media_global,204.74166666666667,244.85560344827584,205.54999999999998
boston,2011,p25,referencia,media_global,204.1125,244.86102729885053,205.54999999999998
boston,2012,p25,referencia,media_global,224.7,244.68354885057468,205.15625
boston,2013,p25,referencia,media_global,199.58333333333331,244.90007183908043,205.54999999999998
boston,2014,p25,referencia,media_global,205.56666666666663,244.8484913793103,205.15625
boston,2015,p25,referencia,media_global,198.63333333333333,244.90826149425286,205.54999999999998
boston,2016,p25,referencia,media_global,206.4333333333333,244.8410201149425,205.15625
boston,2017,p25,referencia,media_global,208.31666666666663,244.8247844827586,205.15625
boston,2018,p25,referencia,media_global,204.77916666666667,244.85528017241379,205.54999999999998
boston,2019,p25,referencia,media_global,200.4333333333333,244.89274425287354,205.54999999999998
chicago,2005,p25,referencia,media_global,231.3625,244.6261135057471,232.825
chicago,2006,p25,referencia,media_global,229.29583333333332,244.6439295977011,232.825
chicago,2007,p25,referencia,media_global,260.05,244.37880747126434,232.74166666666667
chicago,2008,p25,referencia,media_global,248.3,244.4801005747126,232.74166666666667
chicago,2009,p25,referencia,media_global,230.58333333333331,244.63283045977008,232.825
chicago,2010,p25,referencia,media_global,243.81666666666663,244.51874999999998,232.74166666666667
chicago,2011,p25,referencia,media_global,240.81666666666663,244.5446120689655,232.74166666666667
chicago,2012,p25,referencia,media_global,232.88333333333333,244.61300287356323,232.74166666666667
chicago,2013,p25,referencia,media_global,233.81666666666663,244.60495689655173,232.74166666666667
chicago,2014,p25,referencia,media_global,232.71666666666667,244.6144396551724,232.825
chicago,2015,p25,referencia,media_global,234.21666666666667,244.60150862068963,232.74166666666667
chicago,2016,p25,referencia,media_global,232.76666666666668,244.61400862068965,232.8
chicago,2017,p25,referencia,media_global,240.35,244.54863505747127,232.74166666666667
chicago,2018,p25,referencia,media_global,230.61666666666667,244.63254310344826,232.825
chicago,2019,p25,referencia,media_global,225.61666666666667,244.6756465517241,232.825
chicago,2022,p25,referencia,media_global,223.9,244.69044540229882,232.825
chicago,2023,p25,referencia,media_global,215.2,244.76544540229884,232.825
durban,2022,p25,referencia,media_global,200.7625,244.88990660919538,215.49999999999997
durban,2024,p25,referencia,media_global,210.94166666666663,244.8021551724138,210.41041666666666
durban,2025,p25,referencia,media_global,220.0583333333333,244.72356321839078,205.85208333333333
honolulu,2005,p25,referencia,media_global,284.68333333333334,244.16645114942526,294.5020833333333
honolulu,2006,p25,referencia,media_global,287.4166666666667,244.1428879310345,294.5020833333333
honolulu,2007,p25,referencia,media_global,292.3833333333333,244.10007183908047,294.5020833333333
honolulu,2008,p25,referencia,media_global,289.68333333333334,244.1233477011494,294.5020833333333
honolulu,2009,p25,referencia,media_global,288.65,244.13225574712644,294.5020833333333
honolulu,2010,p25,referencia,media_global,294.3416666666667,244.0831896551724,294.5020833333333
honolulu,2011,p25,referencia,media_global,290.3416666666667,244.1176724137931,294.5020833333333
honolulu,2012,p25,referencia,media_global,294.62916666666666,244.08071120689655,294.35833333333335
honolulu,2013,p25,referencia,media_global,306.51666666666665,243.97823275862072,294.35833333333335
honolulu,2014,p25,referencia,media_global,294.375,244.08290229885057,294.48541666666665
honolulu,2015,p25,referencia,media_global,309.4166666666667,243.9532327586207,294.35833333333335
honolulu,2016,p25,referencia,media_global,310.7625,243.94163074712642,294.35833333333335
honolulu,2017,p25,referencia,media_global,306.2333333333333,243.9806752873563,294.35833333333335
honolulu,2018,p25,referencia,media_global,309.4583333333333,243.9528735632184,294.35833333333335
honolulu,2019,p25,referencia,media_global,316.0,243.89647988505746,294.35833333333335
long_beach,2010,p25,referencia,media_global,250.075,244.4647988505747,249.75
long_beach,2011,p25,referencia,media_global,253.59166666666667,244.43448275862067,249.75
long_beach,2012,p25,referencia,media_global,262.8125,244.35499281609194,249.75
long_beach,2013,p25,referencia,media_global,242.2458333333333,244.53229166666665,249.88333333333333
long_beach,2014,p25,referencia,media_global,248.625,244.4772988505747,249.88333333333333
long_beach,2015,p25,referencia,media_global,270.8958333333333,244.28530890804595,249.75
long_beach,2016,p25,referencia,media_global,245.71666666666667,244.50237068965515,249.88333333333333
long_beach,2017,p25,referencia,media_global,249.88333333333333,244.4664511494253,249.75
long_beach,2018,p25,referencia,media_global,249.75,244.46760057471263,249.88333333333333
long_beach,2019,p25,referencia,media_global,245.15833333333333,244.50718390804596,249.88333333333333
maui,2010,p25,referencia,media_global,266.32916666666665,244.32467672413793,267.87916666666666
maui,2011,p25,referencia,media_global,262.93333333333334,244.35395114942526,269.57708333333335
maui,2012,p25,referencia,media_global,262.2333333333333,244.35998563218388,269.57708333333335
maui,2013,p25,referencia,media_global,272.825,244.2686781609195,264.63125
maui,2014,p25,referencia,media_global,275.31666666666666,244.24719827586208,264.63125
nyc,2005,p25,referencia,media_global,243.9375,244.51770833333333,234.1833333333333
nyc,2006,p25,referencia,media_global,232.53333333333333,244.61602011494253,235.29999999999995
nyc,2007,p25,referencia,media_global,233.6833333333333,244.60610632183906,235.29999999999995
nyc,2008,p25,referencia,media_global,229.53333333333333,244.64188218390802,235.29999999999995
nyc,2009,p25,referencia,media_global,229.88333333333333,244.63886494252873,235.29999999999995
nyc,2010,p25,referencia,media_global,231.7083333333333,244.623132183908,235.29999999999995
nyc,2011,p25,referencia,media_global,231.85,244.62191091954023,235.29999999999995
nyc,2013,p25,referencia,media_global,233.6,244.6068247126437,235.29999999999995
nyc,2014,p25,referencia,media_global,236.75,244.57966954022987,234.1833333333333
nyc,2015,p25,referencia,media_global,239.81666666666663,244.55323275862068,234.1833333333333
nyc,2016,p25,referencia,media_global,238.89166666666665,244.5612068965517,234.1833333333333
nyc,2017,p25,referencia,media_global,237.1833333333333,244.57593390804595,234.1833333333333
nyc,2018,p25,referencia,media_global,237.16666666666663,244.5760775862069,234.1833333333333
nyc,2019,p25,referencia,media_global,234.6833333333333,244.5974856321839,234.79999999999995
nyc,2022,p25,referencia,media_global,247.9958333333333,244.4827227011494,234.1833333333333
nyc,2023,p25,referencia,media_global,235.91666666666663,244.58685344827586,234.1833333333333
nyc,2024,p25,referencia,media_global,228.86666666666667,244.6476293103448,235.29999999999995
rio,2023,p25,referencia,media_global,226.96666666666667,244.66400862068963,225.45208333333332
rio,2024,p25,referencia,media_global,224.7375,244.6832255747126,226.56666666666666
rio,2025,p25,referencia,media_global,226.16666666666663,244.6709051724138,225.85208333333333
savannah,2011,p25,referencia,media_global,239.45,244.55639367816093,241.96249999999998
savannah,2012,p25,referencia,media_global,242.21666666666667,244.53254310344826,241.6208333333333
savannah,2013,p25,referencia,media_global,241.7083333333333,244.53692528735633,241.875
savannah,2014,p25,referencia,media_global,240.8958333333333,244.54392959770115,241.96249999999998
savannah,2015,p25,referencia,media_global,229.2125,244.64464798850574,241.96249999999998
savannah,2016,p25,referencia,media_global,251.58333333333331,244.4517959770115,241.6208333333333
savannah,2017,p25,referencia,media_global,259.45,244.38397988505747,241.6208333333333
savannah,2018,p25,referencia,media_global,241.53333333333333,244.53843390804596,241.96249999999998
savannah,2019,p25,referencia,media_global,243.03333333333333,244.5255028735632,241.6208333333333
singapore,2014,p25,referencia,media_global,310.0833333333333,243.94748563218388,304.30833333333334
singapore,2015,p25,referencia,media_global,311.26666666666665,243.9372844827586,304.30833333333334
singapore,2016,p25,referencia,media_global,304.30833333333334,243.9972701149425,307.3666666666667
singapore,2017,p25,referencia,media_global,307.3666666666667,243.97090517241375,304.30833333333334
singapore,2018,p25,referencia,media_global,302.93333333333334,244.00912356321834,307.3666666666667
singapore,2019,p25,referencia,media_global,310.01666666666665,243.94806034482755,304.30833333333334
singapore,2022,p25,referencia,media_global,278.3666666666667,244.22090517241375,307.3666666666667
singapore,2023,p25,referencia,media_global,283.325,244.17816091954018,307.3666666666667
berlin,2005,p25,referencia,referencia_historica,221.7,218.71666666666664,218.71666666666664
berlin,2006,p25,referencia,referencia_historica,226.03333333333333,218.71666666666664,218.71666666666664
berlin,2007,p25,referencia,referencia_historica,218.9333333333333,219.16666666666666,219.16666666666666
berlin,2008,p25,referencia,referencia_historica,218.5,219.38333333333333,219.38333333333333
berlin,2009,p25,referencia,referencia_historica,223.4,218.71666666666664,218.71666666666664
berlin,2010,p25,referencia,referencia_historica,217.6833333333333,219.38333333333333,219.38333333333333
berlin,2011,p25,referencia,referencia_historica,219.83333333333331,218.71666666666664,218.71666666666664
berlin,2012,p25,referencia,referencia_historica,216.91666666666663,219.38333333333333,219.38333333333333
berlin,2013,p25,referencia,referencia_historica,216.56666666666663,219.38333333333333,219.38333333333333
berlin,2014,p25,referencia,referencia_historica,217.16666666666663,219.38333333333333,219.38333333333333
berlin,2015,p25,referencia,referencia_historica,215.96666666666667,219.38333333333333,219.38333333333333
berlin,2016,p25,referencia,referencia_historica,220.01666666666668,218.71666666666664,218.71666666666664
berlin,2017,p25,referencia,referencia_historica,219.85,218.71666666666664,218.71666666666664
berlin,2018,p25,referencia,referencia_historica,223.28333333333333,218.71666666666664,218.71666666666664
berlin,2019,p25,referencia,referencia_historica,209.13333333333333,219.38333333333333,219.38333333333333
boston,2005,p25,referencia,referencia_historica,211.6833333333333,205.15625,205.15625
boston,2006,p25,referencia,referencia_historica,205.53333333333333,205.17291666666665,205.17291666666665
boston,2007,p25,referencia,referencia_historica,208.35,205.15625,205.15625
boston,2008,p25,referencia,referencia_historica,205.58333333333331,205.15625,205.15625
boston,2009,p25,referencia,referencia_historica,204.58333333333331,205.54999999999998,205.54999999999998
boston,2010,p25,referencia,referencia_historica,204.74166666666667,205.54999999999998,205.54999999999998
boston,2011,p25,referencia,referencia_historica,204.1125,205.54999999999998,205.54999999999998
boston,2012,p25,referencia,referencia_historica,224.7,205.15625,205.15625
boston,2013,p25,referencia,referencia_historica,199.58333333333331,205.54999999999998,205.54999999999998
boston,2014,p25,referencia,referencia_historica,205.56666666666663,205.15625,205.15625
boston,2015,p25,referencia,referencia_historica,198.63333333333333,205.54999999999998,205.54999999999998
boston,2016,p25,referencia,referencia_historica,206.4333333333333,205.15625,205.15625
boston,2017,p25,referencia,referencia_historica,208.31666666666663,205.15625,205.15625
boston,2018,p25,referencia,referencia_historica,204.77916666666667,205.54999999999998,205.54999999999998
boston,2019,p25,referencia,referencia_historica,200.4333333333333,205.54999999999998,205.54999999999998
chicago,2005,p25,referencia,referencia_historica,231.3625,232.825,232.825
chicago,2006,p25,referencia,referencia_historica,229.29583333333332,232.825,232.825
chicago,2007,p25,referencia,referencia_historica,260.05,232.74166666666667,232.74166666666667
chicago,2008,p25,referencia,referencia_historica,248.3,232.74166666666667,232.74166666666667
chicago,2009,p25,referencia,referencia_historica,230.58333333333331,232.825,232.825
chicago,2010,p25,referencia,referencia_historica,243.81666666666663,232.74166666666667,232.74166666666667
chicago,2011,p25,referencia,referencia_historica,240.81666666666663,232.74166666666667,232.74166666666667
chicago,2012,p25,referencia,referencia_historica,232.88333333333333,232.74166666666667,232.74166666666667
chicago,2013,p25,referencia,referencia_historica,233.81666666666663,232.74166666666667,232.74166666666667
chicago,2014,p25,referencia,referencia_historica,232.71666666666667,232.825,232.825
chicago,2015,p25,referencia,referencia_historica,234.21666666666667,232.74166666666667,232.74166666666667
chicago,2016,p25,referencia,referencia_historica,232.76666666666668,232.8,232.8
chicago,2017,p25,referencia,referencia_historica,240.35,232.74166666666667,232.74166666666667
chicago,2018,p25,referencia,referencia_historica,230.61666666666667,232.825,232.825
chicago,2019,p25,referencia,referencia_historica,225.61666666666667,232.825,232.825
chicago,2022,p25,referencia,referencia_historica,223.9,232.825,232.825
chicago,2023,p25,referencia,referencia_historica,215.2,232.825,232.825
durban,2022,p25,referencia,referencia_historica,200.7625,215.49999999999997,215.49999999999997
durban,2024,p25,referencia,referencia_historica,210.94166666666663,210.41041666666666,210.41041666666666
durban,2025,p25,referencia,referencia_historica,220.0583333333333,205.85208333333333,205.85208333333333
honolulu,2005,p25,referencia,referencia_historica,284.68333333333334,294.5020833333333,294.5020833333333
honolulu,2006,p25,referencia,referencia_historica,287.4166666666667,294.5020833333333,294.5020833333333
honolulu,2007,p25,referencia,referencia_historica,292.3833333333333,294.5020833333333,294.5020833333333
honolulu,2008,p25,referencia,referencia_historica,289.68333333333334,294.5020833333333,294.5020833333333
honolulu,2009,p25,referencia,referencia_historica,288.65,294.5020833333333,294.5020833333333
honolulu,2010,p25,referencia,referencia_historica,294.3416666666667,294.5020833333333,294.5020833333333
honolulu,2011,p25,referencia,referencia_historica,290.3416666666667,294.5020833333333,294.5020833333333
honolulu,2012,p25,referencia,referencia_historica,294.62916666666666,294.35833333333335,294.35833333333335
honolulu,2013,p25,referencia,referencia_historica,306.51666666666665,294.35833333333335,294.35833333333335
honolulu,2014,p25,referencia,referencia_historica,294.375,294.48541666666665,294.48541666666665
honolulu,2015,p25,referencia,referencia_historica,309.4166666666667,294.35833333333335,294.35833333333335
honolulu,2016,p25,referencia,referencia_historica,310.7625,294.35833333333335,294.35833333333335
honolulu,2017,p25,referencia,referencia_historica,306.2333333333333,294.35833333333335,294.35833333333335
honolulu,2018,p25,referencia,referencia_historica,309.4583333333333,294.35833333333335,294.35833333333335
honolulu,2019,p25,referencia,referencia_historica,316.0,294.35833333333335,294.35833333333335
long_beach,2010,p25,referencia,referencia_historica,250.075,249.75,249.75
long_beach,2011,p25,referencia,referencia_historica,253.59166666666667,249.75,249.75
long_beach,2012,p25,referencia,referencia_historica,262.8125,249.75,249.75
long_beach,2013,p25,referencia,referencia_historica,242.2458333333333,249.88333333333333,249.88333333333333
long_beach,2014,p25,referencia,referencia_historica,248.625,249.88333333333333,249.88333333333333
long_beach,2015,p25,referencia,referencia_historica,270.8958333333333,249.75,249.75
long_beach,2016,p25,referencia,referencia_historica,245.71666666666667,249.88333333333333,249.88333333333333
long_beach,2017,p25,referencia,referencia_historica,249.88333333333333,249.75,249.75
long_beach,2018,p25,referencia,referencia_historica,249.75,249.88333333333333,249.88333333333333
long_beach,2019,p25,referencia,referencia_historica,245.15833333333333,249.88333333333333,249.88333333333333
maui,2010,p25,referencia,referencia_historica,266.32916666666665,267.87916666666666,267.87916666666666
maui,2011,p25,referencia,referencia_historica,262.93333333333334,269.57708333333335,269.57708333333335
maui,2012,p25,referencia,referencia_historica,262.2333333333333,269.57708333333335,269.57708333333335
maui,2013,p25,referencia,referencia_historica,272.825,264.63125,264.63125
maui,2014,p25,referencia,referencia_historica,275.31666666666666,264.63125,264.63125
nyc,2005,p25,referencia,referencia_historica,243.9375,234.1833333333333,234.1833333333333
nyc,2006,p25,referencia,referencia_historica,232.53333333333333,235.29999999999995,235.29999999999995
nyc,2007,p25,referencia,referencia_historica,233.6833333333333,235.29999999999995,235.29999999999995
nyc,2008,p25,referencia,referencia_historica,229.53333333333333,235.29999999999995,235.29999999999995
nyc,2009,p25,referencia,referencia_historica,229.88333333333333,235.29999999999995,235.29999999999995
nyc,2010,p25,referencia,referencia_historica,231.7083333333333,235.29999999999995,235.29999999999995
nyc,2011,p25,referencia,referencia_historica,231.85,235.29999999999995,235.29999999999995
nyc,2013,p25,referencia,referencia_historica,233.6,235.29999999999995,235.29999999999995
nyc,2014,p25,referencia,referencia_historica,236.75,234.1833333333333,234.1833333333333
nyc,2015,p25,referencia,referencia_historica,239.81666666666663,234.1833333333333,234.1833333333333
nyc,2016,p25,referencia,referencia_historica,238.89166666666665,234.1833333333333,234.1833333333333
nyc,2017,p25,referencia,referencia_historica,237.1833333333333,234.1833333333333,234.1833333333333
nyc,2018,p25,referencia,referencia_historica,237.16666666666663,234.1833333333333,234.1833333333333
nyc,2019,p25,referencia,referencia_historica,234.6833333333333,234.79999999999995,234.79999999999995
nyc,2022,p25,referencia,referencia_historica,247.9958333333333,234.1833333333333,234.1833333333333
nyc,2023,p25,referencia,referencia_historica,235.91666666666663,234.1833333333333,234.1833333333333
nyc,2024,p25,referencia,referencia_historica,228.86666666666667,235.29999999999995,235.29999999999995
rio,2023,p25,referencia,referencia_historica,226.96666666666667,225.45208333333332,225.45208333333332
rio,2024,p25,referencia,referencia_historica,224.7375,226.56666666666666,226.56666666666666
rio,2025,p25,referencia,referencia_historica,226.16666666666663,225.85208333333333,225.85208333333333
savannah,2011,p25,referencia,referencia_historica,239.45,241.96249999999998,241.96249999999998
savannah,2012,p25,referencia,referencia_historica,242.21666666666667,241.6208333333333,241.6208333333333
savannah,2013,p25,referencia,referencia_historica,241.7083333333333,241.875,241.875
savannah,2014,p25,referencia,referencia_historica,240.8958333333333,241.96249999999998,241.96249999999998
savannah,2015,p25,referencia,referencia_historica,229.2125,241.96249999999998,241.96249999999998
savannah,2016,p25,referencia,referencia_historica,251.58333333333331,241.6208333333333,241.6208333333333
savannah,2017,p25,referencia,referencia_historica,259.45,241.6208333333333,241.6208333333333
savannah,2018,p25,referencia,referencia_historica,241.53333333333333,241.96249999999998,241.96249999999998
savannah,2019,p25,referencia,referencia_historica,243.03333333333333,241.6208333333333,241.6208333333333
singapore,2014,p25,referencia,referencia_historica,310.0833333333333,304.30833333333334,304.30833333333334
singapore,2015,p25,referencia,referencia_historica,311.26666666666665,304.30833333333334,304.30833333333334
singapore,2016,p25,referencia,referencia_historica,304.30833333333334,307.3666666666667,307.3666666666667
singapore,2017,p25,referencia,referencia_historica,307.3666666666667,304.30833333333334,304.30833333333334
singapore,2018,p25,referencia,referencia_historica,302.93333333333334,307.3666666666667,307.3666666666667
singapore,2019,p25,referencia,referencia_historica,310.01666666666665,304.30833333333334,304.30833333333334
singapore,2022,p25,referencia,referencia_historica,278.3666666666667,307.3666666666667,307.3666666666667
singapore,2023,p25,referencia,referencia_historica,283.325,307.3666666666667,307.3666666666667
berlin,2005,p25,absoluto,linear,221.7,220.6994037921612,218.71666666666664
berlin,2006,p25,absoluto,linear,226.03333333333333,223.45741174632386,218.71666666666664
berlin,2007,p25,absoluto,linear,218.9333333333333,220.6046812630798,219.16666666666666
berlin,2008,p25,absoluto,linear,218.5,216.52452832810434,219.38333333333333
berlin,2009,p25,absoluto,linear,223.4,225.4112305363388,218.71666666666664
berlin,2010,p25,absoluto,linear,217.6833333333333,208.0165465166882,219.38333333333333
berlin,2011,p25,absoluto,linear,219.83333333333331,221.72327909346916,218.71666666666664
berlin,2012,p25,absoluto,linear,216.91666666666663,217.79012920160275,219.38333333333333
berlin,2013,p25,absoluto,linear,216.56666666666663,213.19579694259056,219.38333333333333
berlin,2014,p25,absoluto,linear,217.16666666666663,219.8178257065046,219.38333333333333
berlin,2015,p25,absoluto,linear,215.96666666666667,220.62138854381914,219.38333333333333
berlin,2016,p25,absoluto,linear,220.01666666666668,225.14615769062954,218.71666666666664
berlin,2017,p25,absoluto,linear,219.85,221.33343176994615,218.71666666666664
berlin,2018,p25,absoluto,linear,223.28333333333333,214.50385094050478,218.71666666666664
berlin,2019,p25,absoluto,linear,209.13333333333333,215.4092736510909,219.38333333333333
boston,2005,p25,absoluto,linear,211.6833333333333,203.08126458520752,205.15625
boston,2006,p25,absoluto,linear,205.53333333333333,202.19769710783413,205.17291666666665
boston,2007,p25,absoluto,linear,208.35,176.7688295228964,205.15625
boston,2008,p25,absoluto,linear,205.58333333333331,213.97941111499503,205.15625
boston,2009,p25,absoluto,linear,204.58333333333331,200.45692997607955,205.54999999999998
boston,2010,p25,absoluto,linear,204.74166666666667,183.0729665009637,205.54999999999998
boston,2011,p25,absoluto,linear,204.1125,208.99322896252696,205.54999999999998
boston,2012,p25,absoluto,linear,224.7,219.59323265453085,205.15625
boston,2013,p25,absoluto,linear,199.58333333333331,210.58234883326315,205.54999999999998
boston,2014,p25,absoluto,linear,205.56666666666663,209.1519581761727,205.15625
boston,2015,p25,absoluto,linear,198.63333333333333,196.4986408127658,205.54999999999998
boston,2016,p25,absoluto,linear,206.4333333333333,232.40393794091167,205.15625
boston,2017,p25,absoluto,linear,208.31666666666663,228.39707637980695,205.15625
boston,2018,p25,absoluto,linear,204.77916666666667,173.74334303256862,205.54999999999998
boston,2019,p25,absoluto,linear,200.4333333333333,198.21911367764233,205.54999999999998
chicago,2005,p25,absoluto,linear,231.3625,228.10742879024744,232.825
chicago,2006,p25,absoluto,linear,229.29583333333332,227.93720779057975,232.825
chicago,2007,p25,absoluto,linear,260.05,247.73006202665792,232.74166666666667
chicago,2008,p25,absoluto,linear,248.3,243.99173861748264,232.74166666666667
chicago,2009,p25,absoluto,linear,230.58333333333331,226.17076370719238,232.825
chicago,2010,p25,absoluto,linear,243.81666666666663,249.56063010878515,232.74166666666667
chicago,2011,p25,absoluto,linear,240.81666666666663,248.41649690972832,232.74166666666667
chicago,2012,p25,absoluto,linear,232.88333333333333,230.7186662497797,232.74166666666667
chicago,2013,p25,absoluto,linear,233.81666666666663,226.1478536942223,232.74166666666667
chicago,2014,p25,absoluto,linear,232.71666666666667,229.54207498358497,232.825
chicago,2015,p25,absoluto,linear,234.21666666666667,232.88377381499487,232.74166666666667
chicago,2016,p25,absoluto,linear,232.76666666666668,228.30415224195508,232.8
chicago,2017,p25,absoluto,linear,240.35,234.79983246632128,232.74166666666667
chicago,2018,p25,absoluto,linear,230.61666666666667,230.62374676067375,232.825
chicago,2019,p25,absoluto,linear,225.61666666666667,223.9155168389475,232.825
chicago,2022,p25,absoluto,linear,223.9,233.84405942238956,232.825
chicago,2023,p25,absoluto,linear,215.2,242.95830874182522,232.825
durban,2022,p25,absoluto,linear,200.7625,206.20299514586807,215.49999999999997
durban,2024,p25,absoluto,linear,210.94166666666663,217.23107255001312,210.41041666666666
durban,2025,p25,absoluto,linear,220.0583333333333,209.1012241170937,205.85208333333333
honolulu,2005,p25,absoluto,linear,284.68333333333334,304.39313823127094,294.5020833333333
honolulu,2006,p25,absoluto,linear,287.4166666666667,303.7126807024373,294.5020833333333
honolulu,2007,p25,absoluto,linear,292.3833333333333,299.8359953464503,294.5020833333333
honolulu,2008,p25,absoluto,linear,289.68333333333334,289.85303445003143,294.5020833333333
honolulu,2009,p25,absoluto,linear,288.65,294.2726940031041,294.5020833333333
honolulu,2010,p25,absoluto,linear,294.3416666666667,294.8352677115051,294.5020833333333
honolulu,2011,p25,absoluto,linear,290.3416666666667,293.97131455637555,294.5020833333333
honolulu,2012,p25,absoluto,linear,294.62916666666666,297.1811292473506,294.35833333333335
honolulu,2013,p25,absoluto,linear,306.51666666666665,302.9203791157545,294.35833333333335
honolulu,2014,p25,absoluto,linear,294.375,310.2406420058164,294.48541666666665
honolulu,2015,p25,absoluto,linear,309.4166666666667,298.5918840323028,294.35833333333335
honolulu,2016,p25,absoluto,linear,310.7625,301.53920556373424,294.35833333333335
honolulu,2017,p25,absoluto,linear,306.2333333333333,300.6704088627977,294.35833333333335
honolulu,2018,p25,absoluto,linear,309.4583333333333,291.40611582304484,294.35833333333335
honolulu,2019,p25,absoluto,linear,316.0,296.58197941999043,294.35833333333335
long_beach,2010,p25,absoluto,linear,250.075,251.55926106517342,249.75
long_beach,2011,p25,absoluto,linear,253.59166666666667,253.73170664443663,249.75
long_beach,2012,p25,absoluto,linear,262.8125,252.5332896892547,249.75
long_beach,2013,p25,absoluto,linear,242.2458333333333,246.29809738024605,249.88333333333333
long_beach,2014,p25,absoluto,linear,248.625,250.7708982263107,249.88333333333333
long_beach,2015,p25,absoluto,linear,270.8958333333333,259.39735848445855,249.75
long_beach,2016,p25,absoluto,linear,245.71666666666667,259.4724863186254,249.88333333333333
long_beach,2017,p25,absoluto,linear,249.88333333333333,247.59213736252198,249.75
long_beach,2018,p25,absoluto,linear,249.75,246.59211431387817,249.88333333333333
long_beach,2019,p25,absoluto,linear,245.15833333333333,247.75049007529574,249.88333333333333
maui,2010,p25,absoluto,linear,266.32916666666665,270.4845548622974,267.87916666666666
maui,2011,p25,absoluto,linear,262.93333333333334,274.5087952911415,269.57708333333335
maui,2012,p25,absoluto,linear,262.2333333333333,266.6791367810961,269.57708333333335
maui,2013,p25,absoluto,linear,272.825,266.19548566285545,264.63125
maui,2014,p25,absoluto,linear,275.31666666666666,235.36147292676412,264.63125
nyc,2005,p25,absoluto,linear,243.9375,242.94896933951534,234.1833333333333
nyc,2006,p25,absoluto,linear,232.53333333333333,227.65856766849836,235.29999999999995
nyc,2007,p25,absoluto,linear,233.6833333333333,236.14147074399233,235.29999999999995
nyc,2008,p25,absoluto,linear,229.53333333333333,229.71014268956782,235.29999999999995
nyc,2009,p25,absoluto,linear,229.88333333333333,245.73694780968194,235.29999999999995
nyc,2010,p25,absoluto,linear,231.7083333333333,228.88766100743456,235.29999999999995
nyc,2011,p25,absoluto,linear,231.85,232.3392590602886,235.29999999999995
nyc,2013,p25,absoluto,linear,233.6,239.18093193103994,235.29999999999995
nyc,2014,p25,absoluto,linear,236.75,231.03198434818478,234.1833333333333
nyc,2015,p25,absoluto,linear,239.81666666666663,235.97846607284097,234.1833333333333
nyc,2016,p25,absoluto,linear,238.89166666666665,233.31140454607345,234.1833333333333
nyc,2017,p25,absoluto,linear,237.1833333333333,239.74705872258758,234.1833333333333
nyc,2018,p25,absoluto,linear,237.16666666666663,230.7816424688122,234.1833333333333
nyc,2019,p25,absoluto,linear,234.6833333333333,231.91666010090765,234.79999999999995
nyc,2022,p25,absoluto,linear,247.9958333333333,246.07236666073536,234.1833333333333
nyc,2023,p25,absoluto,linear,235.91666666666663,238.077017617212,234.1833333333333
nyc,2024,p25,absoluto,linear,228.86666666666667,234.35737318423824,235.29999999999995
rio,2023,p25,absoluto,linear,226.96666666666667,221.99647153235875,225.45208333333332
rio,2024,p25,absoluto,linear,224.7375,228.44287721541295,226.56666666666666
rio,2025,p25,absoluto,linear,226.16666666666663,231.15255925835095,225.85208333333333
savannah,2011,p25,absoluto,linear,239.45,240.7926053483527,241.96249999999998
savannah,2012,p25,absoluto,linear,242.21666666666667,246.02711612063402,241.6208333333333
savannah,2013,p25,absoluto,linear,241.7083333333333,248.9071995621155,241.875
savannah,2014,p25,absoluto,linear,240.8958333333333,245.60470644142677,241.96249999999998
savannah,2015,p25,absoluto,linear,229.2125,269.49943873388696,241.96249999999998
savannah,2016,p25,absoluto,linear,251.58333333333331,237.84759647999556,241.6208333333333
savannah,2017,p25,absoluto,linear,259.45,244.98686599047466,241.6208333333333
savannah,2018,p25,absoluto,linear,241.53333333333333,229.37090358533115,241.96249999999998
savannah,2019,p25,absoluto,linear,243.03333333333333,234.16580350731522,241.6208333333333
singapore,2014,p25,absoluto,linear,310.0833333333333,298.3715841693001,304.30833333333334
singapore,2015,p25,absoluto,linear,311.26666666666665,300.4877135623955,304.30833333333334
singapore,2016,p25,absoluto,linear,304.30833333333334,304.14620012237316,307.3666666666667
singapore,2017,p25,absoluto,linear,307.3666666666667,299.26967652346246,304.30833333333334
singapore,2018,p25,absoluto,linear,302.93333333333334,296.5799647020564,307.3666666666667
singapore,2019,p25,absoluto,linear,310.01666666666665,337.77364679365246,304.30833333333334
singapore,2022,p25,absoluto,linear,278.3666666666667,303.5980280999035,307.3666666666667
singapore,2023,p25,absoluto,linear,283.325,299.5909490207595,307.3666666666667
berlin,2005,p25,absoluto,ridge,221.7,221.73965184276526,218.71666666666664
berlin,2006,p25,absoluto,ridge,226.03333333333333,224.92079649830322,218.71666666666664
berlin,2007,p25,absoluto,ridge,218.9333333333333,218.4962490911987,219.16666666666666
berlin,2008,p25,absoluto,ridge,218.5,217.59417315784702,219.38333333333333
berlin,2009,p25,absoluto,ridge,223.4,222.0962280020494,218.71666666666664
berlin,2010,p25,absoluto,ridge,217.6833333333333,210.0373473737111,219.38333333333333
berlin,2011,p25,absoluto,ridge,219.83333333333331,222.28213379765924,218.71666666666664
berlin,2012,p25,absoluto,ridge,216.91666666666663,218.3882266694437,219.38333333333333
berlin,2013,p25,absoluto,ridge,216.56666666666663,215.4267890054451,219.38333333333333
berlin,2014,p25,absoluto,ridge,217.16666666666663,220.0354863731602,219.38333333333333
berlin,2015,p25,absoluto,ridge,215.96666666666667,220.28160073974595,219.38333333333333
berlin,2016,p25,absoluto,ridge,220.01666666666668,225.03146429107284,218.71666666666664
berlin,2017,p25,absoluto,ridge,219.85,224.54945402517288,218.71666666666664
berlin,2018,p25,absoluto,ridge,223.28333333333333,215.3975583477735,218.71666666666664
berlin,2019,p25,absoluto,ridge,209.13333333333333,206.35119706588506,219.38333333333333
boston,2005,p25,absoluto,ridge,211.6833333333333,207.68681829954002,205.15625
boston,2006,p25,absoluto,ridge,205.53333333333333,206.565773752834,205.17291666666665
boston,2007,p25,absoluto,ridge,208.35,180.5777528925433,205.15625
boston,2008,p25,absoluto,ridge,205.58333333333331,208.02039902403155,205.15625
boston,2009,p25,absoluto,ridge,204.58333333333331,201.4965640284356,205.54999999999998
boston,2010,p25,absoluto,ridge,204.74166666666667,202.5201140398404,205.54999999999998
boston,2011,p25,absoluto,ridge,204.1125,206.35613883606908,205.54999999999998
boston,2012,p25,absoluto,ridge,224.7,216.2975367924229,205.15625
boston,2013,p25,absoluto,ridge,199.58333333333331,207.1771954743561,205.54999999999998
boston,2014,p25,absoluto,ridge,205.56666666666663,206.69953840410028,205.15625
boston,2015,p25,absoluto,ridge,198.63333333333333,200.02095222092697,205.54999999999998
boston,2016,p25,absoluto,ridge,206.4333333333333,219.19824854997958,205.15625
boston,2017,p25,absoluto,ridge,208.31666666666663,224.36513947784624,205.15625
boston,2018,p25,absoluto,ridge,204.77916666666667,195.67699527536712,205.54999999999998
boston,2019,p25,absoluto,ridge,200.4333333333333,200.83034890752242,205.54999999999998
chicago,2005,p25,absoluto,ridge,231.3625,231.17042850172868,232.825
chicago,2006,p25,absoluto,ridge,229.29583333333332,223.31848559144763,232.825
chicago,2007,p25,absoluto,ridge,260.05,249.04811229099877,232.74166666666667
chicago,2008,p25,absoluto,ridge,248.3,246.18886657404704,232.74166666666667
chicago,2009,p25,absoluto,ridge,230.58333333333331,222.67403847573482,232.825
chicago,2010,p25,absoluto,ridge,243.81666666666663,248.1072974795546,232.74166666666667
chicago,2011,p25,absoluto,ridge,240.81666666666663,245.380750901678,232.74166666666667
chicago,2012,p25,absoluto,ridge,232.88333333333333,229.37864454857487,232.74166666666667
chicago,2013,p25,absoluto,ridge,233.81666666666663,232.33290069989485,232.74166666666667
chicago,2014,p25,absoluto,ridge,232.71666666666667,229.8207259209927,232.825
chicago,2015,p25,absoluto,ridge,234.21666666666667,234.91934072952014,232.74166666666667
chicago,2016,p25,absoluto,ridge,232.76666666666668,231.45271223742878,232.8
chicago,2017,p25,absoluto,ridge,240.35,237.01199692786815,232.74166666666667
chicago,2018,p25,absoluto,ridge,230.61666666666667,231.13153506940313,232.825
chicago,2019,p25,absoluto,ridge,225.61666666666667,222.3327133440029,232.825
chicago,2022,p25,absoluto,ridge,223.9,232.4919102874953,232.825
chicago,2023,p25,absoluto,ridge,215.2,240.11293482316424,232.825
durban,2022,p25,absoluto,ridge,200.7625,218.76406860871882,215.49999999999997
durban,2024,p25,absoluto,ridge,210.94166666666663,216.23573124802041,210.41041666666666
durban,2025,p25,absoluto,ridge,220.0583333333333,205.95765480344448,205.85208333333333
honolulu,2005,p25,absoluto,ridge,284.68333333333334,305.9268622090721,294.5020833333333
honolulu,2006,p25,absoluto,ridge,287.4166666666667,301.1075846997768,294.5020833333333
honolulu,2007,p25,absoluto,ridge,292.3833333333333,300.647862344309,294.5020833333333
honolulu,2008,p25,absoluto,ridge,289.68333333333334,289.67883764049907,294.5020833333333
honolulu,2009,p25,absoluto,ridge,288.65,296.1371041858455,294.5020833333333
honolulu,2010,p25,absoluto,ridge,294.3416666666667,297.7877178939274,294.5020833333333
honolulu,2011,p25,absoluto,ridge,290.3416666666667,294.6501142702953,294.5020833333333
honolulu,2012,p25,absoluto,ridge,294.62916666666666,298.81112871955537,294.35833333333335
honolulu,2013,p25,absoluto,ridge,306.51666666666665,301.63445325880303,294.35833333333335
honolulu,2014,p25,absoluto,ridge,294.375,304.78410785774724,294.48541666666665
honolulu,2015,p25,absoluto,ridge,309.4166666666667,298.67457871859585,294.35833333333335
honolulu,2016,p25,absoluto,ridge,310.7625,299.43993017248556,294.35833333333335
honolulu,2017,p25,absoluto,ridge,306.2333333333333,299.0301212056808,294.35833333333335
honolulu,2018,p25,absoluto,ridge,309.4583333333333,288.4380986556305,294.35833333333335
honolulu,2019,p25,absoluto,ridge,316.0,295.7992657475155,294.35833333333335
long_beach,2010,p25,absoluto,ridge,250.075,251.69228367290003,249.75
long_beach,2011,p25,absoluto,ridge,253.59166666666667,253.00576555230418,249.75
long_beach,2012,p25,absoluto,ridge,262.8125,251.77661044153845,249.75
long_beach,2013,p25,absoluto,ridge,242.2458333333333,247.29856797419,249.88333333333333
long_beach,2014,p25,absoluto,ridge,248.625,252.2252824166492,249.88333333333333
long_beach,2015,p25,absoluto,ridge,270.8958333333333,261.9547399041891,249.75
long_beach,2016,p25,absoluto,ridge,245.71666666666667,256.8740015793861,249.88333333333333
long_beach,2017,p25,absoluto,ridge,249.88333333333333,247.5825413377655,249.75
long_beach,2018,p25,absoluto,ridge,249.75,244.32650906984995,249.88333333333333
long_beach,2019,p25,absoluto,ridge,245.15833333333333,247.66816208364313,249.88333333333333
maui,2010,p25,absoluto,ridge,266.32916666666665,270.6602230477957,267.87916666666666
maui,2011,p25,absoluto,ridge,262.93333333333334,271.2970294386227,269.57708333333335
maui,2012,p25,absoluto,ridge,262.2333333333333,262.97462798220556,269.57708333333335
maui,2013,p25,absoluto,ridge,272.825,266.3081062308108,264.63125
maui,2014,p25,absoluto,ridge,275.31666666666666,249.052779880162,264.63125
nyc,2005,p25,absoluto,ridge,243.9375,243.35122907762795,234.1833333333333
nyc,2006,p25,absoluto,ridge,232.53333333333333,229.1045595822289,235.29999999999995
nyc,2007,p25,absoluto,ridge,233.6833333333333,236.2766729034503,235.29999999999995
nyc,2008,p25,absoluto,ridge,229.53333333333333,229.96398774950953,235.29999999999995
nyc,2009,p25,absoluto,ridge,229.88333333333333,242.85048615413774,235.29999999999995
nyc,2010,p25,absoluto,ridge,231.7083333333333,229.66665769422596,235.29999999999995
nyc,2011,p25,absoluto,ridge,231.85,230.58624865922022,235.29999999999995
nyc,2013,p25,absoluto,ridge,233.6,236.6857537277965,235.29999999999995
nyc,2014,p25,absoluto,ridge,236.75,230.86502189636624,234.1833333333333
nyc,2015,p25,absoluto,ridge,239.81666666666663,235.50717074878278,234.1833333333333
nyc,2016,p25,absoluto,ridge,238.89166666666665,236.42697281480335,234.1833333333333
nyc,2017,p25,absoluto,ridge,237.1833333333333,240.73733742163952,234.1833333333333
nyc,2018,p25,absoluto,ridge,237.16666666666663,231.85507467861498,234.1833333333333
nyc,2019,p25,absoluto,ridge,234.6833333333333,230.92877680322175,234.79999999999995
nyc,2022,p25,absoluto,ridge,247.9958333333333,246.91030983961386,234.1833333333333
nyc,2023,p25,absoluto,ridge,235.91666666666663,239.52234573616514,234.1833333333333
nyc,2024,p25,absoluto,ridge,228.86666666666667,234.66488598850046,235.29999999999995
rio,2023,p25,absoluto,ridge,226.96666666666667,226.3142753939801,225.45208333333332
rio,2024,p25,absoluto,ridge,224.7375,227.23098371714875,226.56666666666666
rio,2025,p25,absoluto,ridge,226.16666666666663,229.2337975244246,225.85208333333333
savannah,2011,p25,absoluto,ridge,239.45,241.19401396341206,241.96249999999998
savannah,2012,p25,absoluto,ridge,242.21666666666667,243.9026761748501,241.6208333333333
savannah,2013,p25,absoluto,ridge,241.7083333333333,247.1394692702044,241.875
savannah,2014,p25,absoluto,ridge,240.8958333333333,244.65889282568384,241.96249999999998
savannah,2015,p25,absoluto,ridge,229.2125,271.36753305425145,241.96249999999998
savannah,2016,p25,absoluto,ridge,251.58333333333331,240.82300594424743,241.6208333333333
savannah,2017,p25,absoluto,ridge,259.45,243.09055175735628,241.6208333333333
savannah,2018,p25,absoluto,ridge,241.53333333333333,232.10451792109356,241.96249999999998
savannah,2019,p25,absoluto,ridge,243.03333333333333,234.641783882601,241.6208333333333
singapore,2014,p25,absoluto,ridge,310.0833333333333,298.53073448156357,304.30833333333334
singapore,2015,p25,absoluto,ridge,311.26666666666665,299.68140559256204,304.30833333333334
singapore,2016,p25,absoluto,ridge,304.30833333333334,301.35194339045506,307.3666666666667
singapore,2017,p25,absoluto,ridge,307.3666666666667,298.24281631070386,304.30833333333334
singapore,2018,p25,absoluto,ridge,302.93333333333334,296.4656783341781,307.3666666666667
singapore,2019,p25,absoluto,ridge,310.01666666666665,302.50998423785836,304.30833333333334
singapore,2022,p25,absoluto,ridge,278.3666666666667,301.81679446418093,307.3666666666667
singapore,2023,p25,absoluto,ridge,283.325,300.5696229904484,307.3666666666667
berlin,2005,p25,absoluto,floresta_aleatoria,221.7,219.01298435846562,218.71666666666664
berlin,2006,p25,absoluto,floresta_aleatoria,226.03333333333333,223.16693317625695,218.71666666666664
berlin,2007,p25,absoluto,floresta_aleatoria,218.9333333333333,214.2882252480159,219.16666666666666
berlin,2008,p25,absoluto,floresta_aleatoria,218.5,216.9992073164682,219.38333333333333
berlin,2009,p25,absoluto,floresta_aleatoria,223.4,221.8558657655425,218.71666666666664
berlin,2010,p25,absoluto,floresta_aleatoria,217.6833333333333,215.04165115740744,219.38333333333333
berlin,2011,p25,absoluto,floresta_aleatoria,219.83333333333331,221.32969318783086,218.71666666666664
berlin,2012,p25,absoluto,floresta_aleatoria,216.91666666666663,216.11462055224888,219.38333333333333
berlin,2013,p25,absoluto,floresta_aleatoria,216.56666666666663,213.48772796792335,219.38333333333333
berlin,2014,p25,absoluto,floresta_aleatoria,217.16666666666663,219.17602907197008,219.38333333333333
berlin,2015,p25,absoluto,floresta_aleatoria,215.96666666666667,216.58661645171958,219.38333333333333
berlin,2016,p25,absoluto,floresta_aleatoria,220.01666666666668,220.09726225649345,218.71666666666664
berlin,2017,p25,absoluto,floresta_aleatoria,219.85,216.45303010912693,218.71666666666664
berlin,2018,p25,absoluto,floresta_aleatoria,223.28333333333333,217.80576296296297,218.71666666666664
berlin,2019,p25,absoluto,floresta_aleatoria,209.13333333333333,217.67029776785702,219.38333333333333
boston,2005,p25,absoluto,floresta_aleatoria,211.6833333333333,208.23785818865738,205.15625
boston,2006,p25,absoluto,floresta_aleatoria,205.53333333333333,208.09995842840598,205.17291666666665
boston,2007,p25,absoluto,floresta_aleatoria,208.35,206.31579792493375,205.15625
boston,2008,p25,absoluto,floresta_aleatoria,205.58333333333331,207.99262731894854,205.15625
boston,2009,p25,absoluto,floresta_aleatoria,204.58333333333331,204.71904630043014,205.54999999999998
boston,2010,p25,absoluto,floresta_aleatoria,204.74166666666667,206.0348914806547,205.54999999999998
boston,2011,p25,absoluto,floresta_aleatoria,204.1125,206.65287565310834,205.54999999999998
boston,2012,p25,absoluto,floresta_aleatoria,224.7,216.12770572916685,205.15625
boston,2013,p25,absoluto,floresta_aleatoria,199.58333333333331,205.42962884424603,205.54999999999998
boston,2014,p25,absoluto,floresta_aleatoria,205.56666666666663,208.95565382771167,205.15625
boston,2015,p25,absoluto,floresta_aleatoria,198.63333333333333,205.085297019676,205.54999999999998
boston,2016,p25,absoluto,floresta_aleatoria,206.4333333333333,207.41275791170656,205.15625
boston,2017,p25,absoluto,floresta_aleatoria,208.31666666666663,211.06795939980174,205.15625
boston,2018,p25,absoluto,floresta_aleatoria,204.77916666666667,205.15433157242066,205.54999999999998
boston,2019,p25,absoluto,floresta_aleatoria,200.4333333333333,214.2627985739086,205.54999999999998
chicago,2005,p25,absoluto,floresta_aleatoria,231.3625,232.55159314649464,232.825
chicago,2006,p25,absoluto,floresta_aleatoria,229.29583333333332,232.90373708664018,232.825
chicago,2007,p25,absoluto,floresta_aleatoria,260.05,284.967364765212,232.74166666666667
chicago,2008,p25,absoluto,floresta_aleatoria,248.3,244.29462456597233,232.74166666666667
chicago,2009,p25,absoluto,floresta_aleatoria,230.58333333333331,231.82411425264547,232.825
chicago,2010,p25,absoluto,floresta_aleatoria,243.81666666666663,246.07467422701717,232.74166666666667
chicago,2011,p25,absoluto,floresta_aleatoria,240.81666666666663,243.2113696387236,232.74166666666667
chicago,2012,p25,absoluto,floresta_aleatoria,232.88333333333333,230.13857417741397,232.74166666666667
chicago,2013,p25,absoluto,floresta_aleatoria,233.81666666666663,234.3924067599358,232.74166666666667
chicago,2014,p25,absoluto,floresta_aleatoria,232.71666666666667,232.66508318489952,232.825
chicago,2015,p25,absoluto,floresta_aleatoria,234.21666666666667,239.8753718667326,232.74166666666667
chicago,2016,p25,absoluto,floresta_aleatoria,232.76666666666668,233.69877694730022,232.8
chicago,2017,p25,absoluto,floresta_aleatoria,240.35,239.72625011987427,232.74166666666667
chicago,2018,p25,absoluto,floresta_aleatoria,230.61666666666667,238.8924805555557,232.825
chicago,2019,p25,absoluto,floresta_aleatoria,225.61666666666667,231.8081479414682,232.825
chicago,2022,p25,absoluto,floresta_aleatoria,223.9,231.5984214575063,232.825
chicago,2023,p25,absoluto,floresta_aleatoria,215.2,230.21291412450412,232.825
durban,2022,p25,absoluto,floresta_aleatoria,200.7625,244.5426325148811,215.49999999999997
durban,2024,p25,absoluto,floresta_aleatoria,210.94166666666663,232.6434365575393,210.41041666666666
durban,2025,p25,absoluto,floresta_aleatoria,220.0583333333333,228.1082170014879,205.85208333333333
honolulu,2005,p25,absoluto,floresta_aleatoria,284.68333333333334,294.8790161044977,294.5020833333333
honolulu,2006,p25,absoluto,floresta_aleatoria,287.4166666666667,275.6464353794643,294.5020833333333
honolulu,2007,p25,absoluto,floresta_aleatoria,292.3833333333333,295.5504830894512,294.5020833333333
honolulu,2008,p25,absoluto,floresta_aleatoria,289.68333333333334,294.1543880952386,294.5020833333333
honolulu,2009,p25,absoluto,floresta_aleatoria,288.65,276.87180862268536,294.5020833333333
honolulu,2010,p25,absoluto,floresta_aleatoria,294.3416666666667,285.5708113591272,294.5020833333333
honolulu,2011,p25,absoluto,floresta_aleatoria,290.3416666666667,286.37812006861816,294.5020833333333
honolulu,2012,p25,absoluto,floresta_aleatoria,294.62916666666666,298.87249199735464,294.35833333333335
honolulu,2013,p25,absoluto,floresta_aleatoria,306.51666666666665,303.7187537367728,294.35833333333335
honolulu,2014,p25,absoluto,floresta_aleatoria,294.375,301.5498737681879,294.48541666666665
honolulu,2015,p25,absoluto,floresta_aleatoria,309.4166666666667,295.1868185598552,294.35833333333335
honolulu,2016,p25,absoluto,floresta_aleatoria,310.7625,304.8787790798613,294.35833333333335
honolulu,2017,p25,absoluto,floresta_aleatoria,306.2333333333333,301.2744942501655,294.35833333333335
honolulu,2018,p25,absoluto,floresta_aleatoria,309.4583333333333,298.54239269593245,294.35833333333335
honolulu,2019,p25,absoluto,floresta_aleatoria,316.0,299.3651827087843,294.35833333333335
long_beach,2010,p25,absoluto,floresta_aleatoria,250.075,244.847263938492,249.75
long_beach,2011,p25,absoluto,floresta_aleatoria,253.59166666666667,245.83414344824732,249.75
long_beach,2012,p25,absoluto,floresta_aleatoria,262.8125,248.1928465401785,249.75
long_beach,2013,p25,absoluto,floresta_aleatoria,242.2458333333333,249.13612929894174,249.88333333333333
long_beach,2014,p25,absoluto,floresta_aleatoria,248.625,252.3197983837632,249.88333333333333
long_beach,2015,p25,absoluto,floresta_aleatoria,270.8958333333333,262.34421025959006,249.75
long_beach,2016,p25,absoluto,floresta_aleatoria,245.71666666666667,252.43914651537668,249.88333333333333
long_beach,2017,p25,absoluto,floresta_aleatoria,249.88333333333333,250.6082312003967,249.75
long_beach,2018,p25,absoluto,floresta_aleatoria,249.75,248.43257257357803,249.88333333333333
long_beach,2019,p25,absoluto,floresta_aleatoria,245.15833333333333,246.23824332423922,249.88333333333333
maui,2010,p25,absoluto,floresta_aleatoria,266.32916666666665,265.7075413682959,267.87916666666666
maui,2011,p25,absoluto,floresta_aleatoria,262.93333333333334,266.5956672487522,269.57708333333335
maui,2012,p25,absoluto,floresta_aleatoria,262.2333333333333,265.32138832671967,269.57708333333335
maui,2013,p25,absoluto,floresta_aleatoria,272.825,266.062598222553,264.63125
maui,2014,p25,absoluto,floresta_aleatoria,275.31666666666666,266.97105070684535,264.63125
nyc,2005,p25,absoluto,floresta_aleatoria,243.9375,239.01427413194438,234.1833333333333
nyc,2006,p25,absoluto,floresta_aleatoria,232.53333333333333,233.37677895171976,235.29999999999995
nyc,2007,p25,absoluto,floresta_aleatoria,233.6833333333333,233.2800977306549,235.29999999999995
nyc,2008,p25,absoluto,floresta_aleatoria,229.53333333333333,232.38440352182545,235.29999999999995
nyc,2009,p25,absoluto,floresta_aleatoria,229.88333333333333,233.4435338458995,235.29999999999995
nyc,2010,p25,absoluto,floresta_aleatoria,231.7083333333333,231.93005954034413,235.29999999999995
nyc,2011,p25,absoluto,floresta_aleatoria,231.85,233.29281950231473,235.29999999999995
nyc,2013,p25,absoluto,floresta_aleatoria,233.6,234.4258111607143,235.29999999999995
nyc,2014,p25,absoluto,floresta_aleatoria,236.75,232.74864320436527,234.1833333333333
nyc,2015,p25,absoluto,floresta_aleatoria,239.81666666666663,237.55166893601177,234.1833333333333
nyc,2016,p25,absoluto,floresta_aleatoria,238.89166666666665,234.86180341021813,234.1833333333333
nyc,2017,p25,absoluto,floresta_aleatoria,237.1833333333333,237.6152951099539,234.1833333333333
nyc,2018,p25,absoluto,floresta_aleatoria,237.16666666666663,233.6764911251653,234.1833333333333
nyc,2019,p25,absoluto,floresta_aleatoria,234.6833333333333,232.2277965879027,234.79999999999995
nyc,2022,p25,absoluto,floresta_aleatoria,247.9958333333333,245.0236064690807,234.1833333333333
nyc,2023,p25,absoluto,floresta_aleatoria,235.91666666666663,229.12670997023793,234.1833333333333
nyc,2024,p25,absoluto,floresta_aleatoria,228.86666666666667,227.6032750909392,235.29999999999995
rio,2023,p25,absoluto,floresta_aleatoria,226.96666666666667,238.22775782903446,225.45208333333332
rio,2024,p25,absoluto,floresta_aleatoria,224.7375,238.84120938326734,226.56666666666666
rio,2025,p25,absoluto,floresta_aleatoria,226.16666666666663,252.99432533068796,225.85208333333333
savannah,2011,p25,absoluto,floresta_aleatoria,239.45,235.2813860656414,241.96249999999998
savannah,2012,p25,absoluto,floresta_aleatoria,242.21666666666667,243.23955622933198,241.6208333333333
savannah,2013,p25,absoluto,floresta_aleatoria,241.7083333333333,239.71359959077378,241.875
savannah,2014,p25,absoluto,floresta_aleatoria,240.8958333333333,241.43114547784393,241.96249999999998
savannah,2015,p25,absoluto,floresta_aleatoria,229.2125,279.6644760044643,241.96249999999998
savannah,2016,p25,absoluto,floresta_aleatoria,251.58333333333331,242.85037810019847,241.6208333333333
savannah,2017,p25,absoluto,floresta_aleatoria,259.45,245.18195365823422,241.6208333333333
savannah,2018,p25,absoluto,floresta_aleatoria,241.53333333333333,238.5151879960315,241.96249999999998
savannah,2019,p25,absoluto,floresta_aleatoria,243.03333333333333,236.46238812003966,241.6208333333333
singapore,2014,p25,absoluto,floresta_aleatoria,310.0833333333333,299.18626706762575,304.30833333333334
singapore,2015,p25,absoluto,floresta_aleatoria,311.26666666666665,303.91251173115074,304.30833333333334
singapore,2016,p25,absoluto,floresta_aleatoria,304.30833333333334,305.5125668650795,307.3666666666667
singapore,2017,p25,absoluto,floresta_aleatoria,307.3666666666667,298.24630266203707,304.30833333333334
singapore,2018,p25,absoluto,floresta_aleatoria,302.93333333333334,305.59773707010567,307.3666666666667
singapore,2019,p25,absoluto,floresta_aleatoria,310.01666666666665,291.71146872933195,304.30833333333334
singapore,2022,p25,absoluto,floresta_aleatoria,278.3666666666667,301.5979234292327,307.3666666666667
singapore,2023,p25,absoluto,floresta_aleatoria,283.325,293.4417482308198,307.3666666666667
berlin,2005,p25,absoluto,gbm_histogramas,221.7,222.59787386956592,218.71666666666664
berlin,2006,p25,absoluto,gbm_histogramas,226.03333333333333,222.15890044132712,218.71666666666664
berlin,2007,p25,absoluto,gbm_histogramas,218.9333333333333,217.39268216220424,219.16666666666666
berlin,2008,p25,absoluto,gbm_histogramas,218.5,217.56850177083484,219.38333333333333
berlin,2009,p25,absoluto,gbm_histogramas,223.4,225.83665069369826,218.71666666666664
berlin,2010,p25,absoluto,gbm_histogramas,217.6833333333333,213.28275433331672,219.38333333333333
berlin,2011,p25,absoluto,gbm_histogramas,219.83333333333331,221.2726897351648,218.71666666666664
berlin,2012,p25,absoluto,gbm_histogramas,216.91666666666663,217.66181357115542,219.38333333333333
berlin,2013,p25,absoluto,gbm_histogramas,216.56666666666663,214.24756683449914,219.38333333333333
berlin,2014,p25,absoluto,gbm_histogramas,217.16666666666663,220.0825820499509,219.38333333333333
berlin,2015,p25,absoluto,gbm_histogramas,215.96666666666667,217.49214111824034,219.38333333333333
berlin,2016,p25,absoluto,gbm_histogramas,220.01666666666668,221.67899011177371,218.71666666666664
berlin,2017,p25,absoluto,gbm_histogramas,219.85,217.38402969310897,218.71666666666664
berlin,2018,p25,absoluto,gbm_histogramas,223.28333333333333,217.80423621778698,218.71666666666664
berlin,2019,p25,absoluto,gbm_histogramas,209.13333333333333,218.19311471838523,219.38333333333333
boston,2005,p25,absoluto,gbm_histogramas,211.6833333333333,211.43769991900024,205.15625
boston,2006,p25,absoluto,gbm_histogramas,205.53333333333333,207.51067639241327,205.17291666666665
boston,2007,p25,absoluto,gbm_histogramas,208.35,203.70946054068025,205.15625
boston,2008,p25,absoluto,gbm_histogramas,205.58333333333331,209.73166150161248,205.15625
boston,2009,p25,absoluto,gbm_histogramas,204.58333333333331,204.74440206613667,205.54999999999998
boston,2010,p25,absoluto,gbm_histogramas,204.74166666666667,208.83505052992246,205.54999999999998
boston,2011,p25,absoluto,gbm_histogramas,204.1125,203.8512728926777,205.54999999999998
boston,2012,p25,absoluto,gbm_histogramas,224.7,215.00330921232543,205.15625
boston,2013,p25,absoluto,gbm_histogramas,199.58333333333331,204.88231767180793,205.54999999999998
boston,2014,p25,absoluto,gbm_histogramas,205.56666666666663,209.2155368750704,205.15625
boston,2015,p25,absoluto,gbm_histogramas,198.63333333333333,201.03908933685292,205.54999999999998
boston,2016,p25,absoluto,gbm_histogramas,206.4333333333333,207.9492200412883,205.15625
boston,2017,p25,absoluto,gbm_histogramas,208.31666666666663,208.1984352427543,205.15625
boston,2018,p25,absoluto,gbm_histogramas,204.77916666666667,202.01803355322954,205.54999999999998
boston,2019,p25,absoluto,gbm_histogramas,200.4333333333333,214.66580114742936,205.54999999999998
chicago,2005,p25,absoluto,gbm_histogramas,231.3625,232.465693317713,232.825
chicago,2006,p25,absoluto,gbm_histogramas,229.29583333333332,231.45134524580052,232.825
chicago,2007,p25,absoluto,gbm_histogramas,260.05,277.3601791077488,232.74166666666667
chicago,2008,p25,absoluto,gbm_histogramas,248.3,242.65085466487054,232.74166666666667
chicago,2009,p25,absoluto,gbm_histogramas,230.58333333333331,230.3389295320646,232.825
chicago,2010,p25,absoluto,gbm_histogramas,243.81666666666663,245.15778133450382,232.74166666666667
chicago,2011,p25,absoluto,gbm_histogramas,240.81666666666663,241.30464091912236,232.74166666666667
chicago,2012,p25,absoluto,gbm_histogramas,232.88333333333333,230.22420645215757,232.74166666666667
chicago,2013,p25,absoluto,gbm_histogramas,233.81666666666663,234.4465374188192,232.74166666666667
chicago,2014,p25,absoluto,gbm_histogramas,232.71666666666667,232.30965464909937,232.825
chicago,2015,p25,absoluto,gbm_histogramas,234.21666666666667,238.69227802560803,232.74166666666667
chicago,2016,p25,absoluto,gbm_histogramas,232.76666666666668,232.49432568387613,232.8
chicago,2017,p25,absoluto,gbm_histogramas,240.35,244.23563489563875,232.74166666666667
chicago,2018,p25,absoluto,gbm_histogramas,230.61666666666667,236.54797913841222,232.825
chicago,2019,p25,absoluto,gbm_histogramas,225.61666666666667,231.06180295015946,232.825
chicago,2022,p25,absoluto,gbm_histogramas,223.9,224.3128985101664,232.825
chicago,2023,p25,absoluto,gbm_histogramas,215.2,227.8753649825715,232.825
durban,2022,p25,absoluto,gbm_histogramas,200.7625,235.02073207421975,215.49999999999997
durban,2024,p25,absoluto,gbm_histogramas,210.94166666666663,237.3354404635415,210.41041666666666
durban,2025,p25,absoluto,gbm_histogramas,220.0583333333333,225.6624696771669,205.85208333333333
honolulu,2005,p25,absoluto,gbm_histogramas,284.68333333333334,293.1758098873392,294.5020833333333
honolulu,2006,p25,absoluto,gbm_histogramas,287.4166666666667,264.61356944281056,294.5020833333333
honolulu,2007,p25,absoluto,gbm_histogramas,292.3833333333333,294.17873898566955,294.5020833333333
honolulu,2008,p25,absoluto,gbm_histogramas,289.68333333333334,296.24517845054856,294.5020833333333
honolulu,2009,p25,absoluto,gbm_histogramas,288.65,268.17671310646176,294.5020833333333
honolulu,2010,p25,absoluto,gbm_histogramas,294.3416666666667,289.52695985667555,294.5020833333333
honolulu,2011,p25,absoluto,gbm_histogramas,290.3416666666667,281.71428862112225,294.5020833333333
honolulu,2012,p25,absoluto,gbm_histogramas,294.62916666666666,301.8569373899009,294.35833333333335
honolulu,2013,p25,absoluto,gbm_histogramas,306.51666666666665,307.8460804923582,294.35833333333335
honolulu,2014,p25,absoluto,gbm_histogramas,294.375,306.56244402620194,294.48541666666665
honolulu,2015,p25,absoluto,gbm_histogramas,309.4166666666667,292.2822919493616,294.35833333333335
honolulu,2016,p25,absoluto,gbm_histogramas,310.7625,307.4370480976916,294.35833333333335
honolulu,2017,p25,absoluto,gbm_histogramas,306.2333333333333,296.74200310378956,294.35833333333335
honolulu,2018,p25,absoluto,gbm_histogramas,309.4583333333333,301.10140103789837,294.35833333333335
honolulu,2019,p25,absoluto,gbm_histogramas,316.0,294.3408782639075,294.35833333333335
long_beach,2010,p25,absoluto,gbm_histogramas,250.075,246.03104600691356,249.75
long_beach,2011,p25,absoluto,gbm_histogramas,253.59166666666667,246.32891128022052,249.75
long_beach,2012,p25,absoluto,gbm_histogramas,262.8125,248.48516802304104,249.75
long_beach,2013,p25,absoluto,gbm_histogramas,242.2458333333333,248.68622630530675,249.88333333333333
long_beach,2014,p25,absoluto,gbm_histogramas,248.625,252.60250728793636,249.88333333333333
long_beach,2015,p25,absoluto,gbm_histogramas,270.8958333333333,263.49673048317936,249.75
long_beach,2016,p25,absoluto,gbm_histogramas,245.71666666666667,252.42764363872107,249.88333333333333
long_beach,2017,p25,absoluto,gbm_histogramas,249.88333333333333,247.37312663104888,249.75
long_beach,2018,p25,absoluto,gbm_histogramas,249.75,243.0383384871821,249.88333333333333
long_beach,2019,p25,absoluto,gbm_histogramas,245.15833333333333,247.74427929833567,249.88333333333333
maui,2010,p25,absoluto,gbm_histogramas,266.32916666666665,268.27517639968596,267.87916666666666
maui,2011,p25,absoluto,gbm_histogramas,262.93333333333334,266.04720374939455,269.57708333333335
maui,2012,p25,absoluto,gbm_histogramas,262.2333333333333,269.5305490501186,269.57708333333335
maui,2013,p25,absoluto,gbm_histogramas,272.825,265.39442402945394,264.63125
maui,2014,p25,absoluto,gbm_histogramas,275.31666666666666,269.2094901915312,264.63125
nyc,2005,p25,absoluto,gbm_histogramas,243.9375,236.52236626014945,234.1833333333333
nyc,2006,p25,absoluto,gbm_histogramas,232.53333333333333,235.5411014379079,235.29999999999995
nyc,2007,p25,absoluto,gbm_histogramas,233.6833333333333,233.08550128220952,235.29999999999995
nyc,2008,p25,absoluto,gbm_histogramas,229.53333333333333,232.00425230235837,235.29999999999995
nyc,2009,p25,absoluto,gbm_histogramas,229.88333333333333,235.1866413159499,235.29999999999995
nyc,2010,p25,absoluto,gbm_histogramas,231.7083333333333,230.7748719567731,235.29999999999995
nyc,2011,p25,absoluto,gbm_histogramas,231.85,231.10360623736233,235.29999999999995
nyc,2013,p25,absoluto,gbm_histogramas,233.6,234.53896546704203,235.29999999999995
nyc,2014,p25,absoluto,gbm_histogramas,236.75,232.19822596437,234.1833333333333
nyc,2015,p25,absoluto,gbm_histogramas,239.81666666666663,238.38462471420365,234.1833333333333
nyc,2016,p25,absoluto,gbm_histogramas,238.89166666666665,232.18499612911216,234.1833333333333
nyc,2017,p25,absoluto,gbm_histogramas,237.1833333333333,236.92289474093806,234.1833333333333
nyc,2018,p25,absoluto,gbm_histogramas,237.16666666666663,233.17490324632203,234.1833333333333
nyc,2019,p25,absoluto,gbm_histogramas,234.6833333333333,232.8536344138821,234.79999999999995
nyc,2022,p25,absoluto,gbm_histogramas,247.9958333333333,266.0132258089801,234.1833333333333
nyc,2023,p25,absoluto,gbm_histogramas,235.91666666666663,233.864700848021,234.1833333333333
nyc,2024,p25,absoluto,gbm_histogramas,228.86666666666667,230.02610819703335,235.29999999999995
rio,2023,p25,absoluto,gbm_histogramas,226.96666666666667,227.09293428215977,225.45208333333332
rio,2024,p25,absoluto,gbm_histogramas,224.7375,227.53801228403475,226.56666666666666
rio,2025,p25,absoluto,gbm_histogramas,226.16666666666663,240.68497872635223,225.85208333333333
savannah,2011,p25,absoluto,gbm_histogramas,239.45,236.76812370782332,241.96249999999998
savannah,2012,p25,absoluto,gbm_histogramas,242.21666666666667,243.191466870979,241.6208333333333
savannah,2013,p25,absoluto,gbm_histogramas,241.7083333333333,240.46814226530998,241.875
savannah,2014,p25,absoluto,gbm_histogramas,240.8958333333333,242.54539752114908,241.96249999999998
savannah,2015,p25,absoluto,gbm_histogramas,229.2125,286.37800068713085,241.96249999999998
savannah,2016,p25,absoluto,gbm_histogramas,251.58333333333331,245.49349572488737,241.6208333333333
savannah,2017,p25,absoluto,gbm_histogramas,259.45,248.19522321051085,241.6208333333333
savannah,2018,p25,absoluto,gbm_histogramas,241.53333333333333,236.37979614652627,241.96249999999998
savannah,2019,p25,absoluto,gbm_histogramas,243.03333333333333,239.18868343079137,241.6208333333333
singapore,2014,p25,absoluto,gbm_histogramas,310.0833333333333,297.6016223927941,304.30833333333334
singapore,2015,p25,absoluto,gbm_histogramas,311.26666666666665,306.41750495805127,304.30833333333334
singapore,2016,p25,absoluto,gbm_histogramas,304.30833333333334,305.16459240147407,307.3666666666667
singapore,2017,p25,absoluto,gbm_histogramas,307.3666666666667,308.6217994870194,304.30833333333334
singapore,2018,p25,absoluto,gbm_histogramas,302.93333333333334,301.0185888030379,307.3666666666667
singapore,2019,p25,absoluto,gbm_histogramas,310.01666666666665,283.4393979870514,304.30833333333334
singapore,2022,p25,absoluto,gbm_histogramas,278.3666666666667,294.837035104006,307.3666666666667
singapore,2023,p25,absoluto,gbm_histogramas,283.325,301.83008107796246,307.3666666666667
berlin,2005,p25,absoluto,perceptron_multicamadas,221.7,231.1518224111145,218.71666666666664
berlin,2006,p25,absoluto,perceptron_multicamadas,226.03333333333333,221.92805243161462,218.71666666666664
berlin,2007,p25,absoluto,perceptron_multicamadas,218.9333333333333,214.74276784947122,219.16666666666666
berlin,2008,p25,absoluto,perceptron_multicamadas,218.5,197.7027634250509,219.38333333333333
berlin,2009,p25,absoluto,perceptron_multicamadas,223.4,269.8527336511176,218.71666666666664
berlin,2010,p25,absoluto,perceptron_multicamadas,217.6833333333333,200.48153960210996,219.38333333333333
berlin,2011,p25,absoluto,perceptron_multicamadas,219.83333333333331,212.8751560110707,218.71666666666664
berlin,2012,p25,absoluto,perceptron_multicamadas,216.91666666666663,205.72145647992411,219.38333333333333
berlin,2013,p25,absoluto,perceptron_multicamadas,216.56666666666663,221.33334484604774,219.38333333333333
berlin,2014,p25,absoluto,perceptron_multicamadas,217.16666666666663,213.0789053545544,219.38333333333333
berlin,2015,p25,absoluto,perceptron_multicamadas,215.96666666666667,222.13028745876494,219.38333333333333
berlin,2016,p25,absoluto,perceptron_multicamadas,220.01666666666668,225.6216552385079,218.71666666666664
berlin,2017,p25,absoluto,perceptron_multicamadas,219.85,245.1633042548761,218.71666666666664
berlin,2018,p25,absoluto,perceptron_multicamadas,223.28333333333333,190.9683635560286,218.71666666666664
berlin,2019,p25,absoluto,perceptron_multicamadas,209.13333333333333,208.47621525181194,219.38333333333333
boston,2005,p25,absoluto,perceptron_multicamadas,211.6833333333333,198.84296260213088,205.15625
boston,2006,p25,absoluto,perceptron_multicamadas,205.53333333333333,177.0076240580555,205.17291666666665
boston,2007,p25,absoluto,perceptron_multicamadas,208.35,235.27190452929028,205.15625
boston,2008,p25,absoluto,perceptron_multicamadas,205.58333333333331,180.24404160646503,205.15625
boston,2009,p25,absoluto,perceptron_multicamadas,204.58333333333331,220.5211018213505,205.54999999999998
boston,2010,p25,absoluto,perceptron_multicamadas,204.74166666666667,146.45687455038498,205.54999999999998
boston,2011,p25,absoluto,perceptron_multicamadas,204.1125,218.99892167450375,205.54999999999998
boston,2012,p25,absoluto,perceptron_multicamadas,224.7,159.6338508759452,205.15625
boston,2013,p25,absoluto,perceptron_multicamadas,199.58333333333331,206.21595264089902,205.54999999999998
boston,2014,p25,absoluto,perceptron_multicamadas,205.56666666666663,232.5622676316231,205.15625
boston,2015,p25,absoluto,perceptron_multicamadas,198.63333333333333,187.36182178070365,205.54999999999998
boston,2016,p25,absoluto,perceptron_multicamadas,206.4333333333333,224.32233228223035,205.15625
boston,2017,p25,absoluto,perceptron_multicamadas,208.31666666666663,207.23243480786164,205.15625
boston,2018,p25,absoluto,perceptron_multicamadas,204.77916666666667,350.7685374778298,205.54999999999998
boston,2019,p25,absoluto,perceptron_multicamadas,200.4333333333333,93.07541329509793,205.54999999999998
chicago,2005,p25,absoluto,perceptron_multicamadas,231.3625,208.64488903974305,232.825
chicago,2006,p25,absoluto,perceptron_multicamadas,229.29583333333332,262.2458139803574,232.825
chicago,2007,p25,absoluto,perceptron_multicamadas,260.05,176.8823139143899,232.74166666666667
chicago,2008,p25,absoluto,perceptron_multicamadas,248.3,222.43089347312323,232.74166666666667
chicago,2009,p25,absoluto,perceptron_multicamadas,230.58333333333331,290.22402411060614,232.825
chicago,2010,p25,absoluto,perceptron_multicamadas,243.81666666666663,267.8725873808756,232.74166666666667
chicago,2011,p25,absoluto,perceptron_multicamadas,240.81666666666663,253.27257833971836,232.74166666666667
chicago,2012,p25,absoluto,perceptron_multicamadas,232.88333333333333,237.77370537118733,232.74166666666667
chicago,2013,p25,absoluto,perceptron_multicamadas,233.81666666666663,211.7785542556398,232.74166666666667
chicago,2014,p25,absoluto,perceptron_multicamadas,232.71666666666667,211.92341902862645,232.825
chicago,2015,p25,absoluto,perceptron_multicamadas,234.21666666666667,227.6116729078616,232.74166666666667
chicago,2016,p25,absoluto,perceptron_multicamadas,232.76666666666668,210.3494435168318,232.8
chicago,2017,p25,absoluto,perceptron_multicamadas,240.35,237.73832470296372,232.74166666666667
chicago,2018,p25,absoluto,perceptron_multicamadas,230.61666666666667,221.83288412025786,232.825
chicago,2019,p25,absoluto,perceptron_multicamadas,225.61666666666667,247.09751937380037,232.825
chicago,2022,p25,absoluto,perceptron_multicamadas,223.9,265.5860646191365,232.825
chicago,2023,p25,absoluto,perceptron_multicamadas,215.2,165.5443232331989,232.825
durban,2022,p25,absoluto,perceptron_multicamadas,200.7625,271.9545210457002,215.49999999999997
durban,2024,p25,absoluto,perceptron_multicamadas,210.94166666666663,149.58961006094944,210.41041666666666
durban,2025,p25,absoluto,perceptron_multicamadas,220.0583333333333,195.38766294589814,205.85208333333333
honolulu,2005,p25,absoluto,perceptron_multicamadas,284.68333333333334,296.6253009611652,294.5020833333333
honolulu,2006,p25,absoluto,perceptron_multicamadas,287.4166666666667,275.1768536859071,294.5020833333333
honolulu,2007,p25,absoluto,perceptron_multicamadas,292.3833333333333,302.686631293003,294.5020833333333
honolulu,2008,p25,absoluto,perceptron_multicamadas,289.68333333333334,269.72697944347027,294.5020833333333
honolulu,2009,p25,absoluto,perceptron_multicamadas,288.65,280.13918288200773,294.5020833333333
honolulu,2010,p25,absoluto,perceptron_multicamadas,294.3416666666667,291.2320191229963,294.5020833333333
honolulu,2011,p25,absoluto,perceptron_multicamadas,290.3416666666667,282.3637101090919,294.5020833333333
honolulu,2012,p25,absoluto,perceptron_multicamadas,294.62916666666666,296.8530899213092,294.35833333333335
honolulu,2013,p25,absoluto,perceptron_multicamadas,306.51666666666665,316.0489546417755,294.35833333333335
honolulu,2014,p25,absoluto,perceptron_multicamadas,294.375,321.0920050353132,294.48541666666665
honolulu,2015,p25,absoluto,perceptron_multicamadas,309.4166666666667,298.5801029029644,294.35833333333335
honolulu,2016,p25,absoluto,perceptron_multicamadas,310.7625,313.57148868316807,294.35833333333335
honolulu,2017,p25,absoluto,perceptron_multicamadas,306.2333333333333,297.9467435912154,294.35833333333335
honolulu,2018,p25,absoluto,perceptron_multicamadas,309.4583333333333,276.59916913819495,294.35833333333335
honolulu,2019,p25,absoluto,perceptron_multicamadas,316.0,283.9245942370245,294.35833333333335
long_beach,2010,p25,absoluto,perceptron_multicamadas,250.075,264.55479166949095,249.75
long_beach,2011,p25,absoluto,perceptron_multicamadas,253.59166666666667,224.95337292042294,249.75
long_beach,2012,p25,absoluto,perceptron_multicamadas,262.8125,265.45296521528877,249.75
long_beach,2013,p25,absoluto,perceptron_multicamadas,242.2458333333333,232.7254925198987,249.88333333333333
long_beach,2014,p25,absoluto,perceptron_multicamadas,248.625,258.46328884399236,249.88333333333333
long_beach,2015,p25,absoluto,perceptron_multicamadas,270.8958333333333,295.40798340813325,249.75
long_beach,2016,p25,absoluto,perceptron_multicamadas,245.71666666666667,277.03301286518246,249.88333333333333
long_beach,2017,p25,absoluto,perceptron_multicamadas,249.88333333333333,250.08875352752946,249.75
long_beach,2018,p25,absoluto,perceptron_multicamadas,249.75,252.89877910198538,249.88333333333333
long_beach,2019,p25,absoluto,perceptron_multicamadas,245.15833333333333,217.5361884792588,249.88333333333333
maui,2010,p25,absoluto,perceptron_multicamadas,266.32916666666665,257.43296371856314,267.87916666666666
maui,2011,p25,absoluto,perceptron_multicamadas,262.93333333333334,280.42837526418106,269.57708333333335
maui,2012,p25,absoluto,perceptron_multicamadas,262.2333333333333,249.3437094361748,269.57708333333335
maui,2013,p25,absoluto,perceptron_multicamadas,272.825,257.0468924756544,264.63125
maui,2014,p25,absoluto,perceptron_multicamadas,275.31666666666666,290.68579696784735,264.63125
nyc,2005,p25,absoluto,perceptron_multicamadas,243.9375,205.5017815522697,234.1833333333333
nyc,2006,p25,absoluto,perceptron_multicamadas,232.53333333333333,277.93852904527574,235.29999999999995
nyc,2007,p25,absoluto,perceptron_multicamadas,233.6833333333333,196.729581754618,235.29999999999995
nyc,2008,p25,absoluto,perceptron_multicamadas,229.53333333333333,221.6437451850142,235.29999999999995
nyc,2009,p25,absoluto,perceptron_multicamadas,229.88333333333333,250.76181018065753,235.29999999999995
nyc,2010,p25,absoluto,perceptron_multicamadas,231.7083333333333,224.49841693335142,235.29999999999995
nyc,2011,p25,absoluto,perceptron_multicamadas,231.85,220.32151981527832,235.29999999999995
nyc,2013,p25,absoluto,perceptron_multicamadas,233.6,231.7324411408789,235.29999999999995
nyc,2014,p25,absoluto,perceptron_multicamadas,236.75,268.04460075912044,234.1833333333333
nyc,2015,p25,absoluto,perceptron_multicamadas,239.81666666666663,206.37916113010425,234.1833333333333
nyc,2016,p25,absoluto,perceptron_multicamadas,238.89166666666665,224.23779766307962,234.1833333333333
nyc,2017,p25,absoluto,perceptron_multicamadas,237.1833333333333,276.27799239283917,234.1833333333333
nyc,2018,p25,absoluto,perceptron_multicamadas,237.16666666666663,221.12578648191177,234.1833333333333
nyc,2019,p25,absoluto,perceptron_multicamadas,234.6833333333333,237.56719254986263,234.79999999999995
nyc,2022,p25,absoluto,perceptron_multicamadas,247.9958333333333,211.94471703305743,234.1833333333333
nyc,2023,p25,absoluto,perceptron_multicamadas,235.91666666666663,245.0672949372316,234.1833333333333
nyc,2024,p25,absoluto,perceptron_multicamadas,228.86666666666667,238.86093390409562,235.29999999999995
rio,2023,p25,absoluto,perceptron_multicamadas,226.96666666666667,201.651423344066,225.45208333333332
rio,2024,p25,absoluto,perceptron_multicamadas,224.7375,238.55103784915323,226.56666666666666
rio,2025,p25,absoluto,perceptron_multicamadas,226.16666666666663,244.67744716526343,225.85208333333333
savannah,2011,p25,absoluto,perceptron_multicamadas,239.45,263.53995684861474,241.96249999999998
savannah,2012,p25,absoluto,perceptron_multicamadas,242.21666666666667,223.0661584131477,241.6208333333333
savannah,2013,p25,absoluto,perceptron_multicamadas,241.7083333333333,246.98776464832994,241.875
savannah,2014,p25,absoluto,perceptron_multicamadas,240.8958333333333,247.83108872959005,241.96249999999998
savannah,2015,p25,absoluto,perceptron_multicamadas,229.2125,273.5178775467894,241.96249999999998
savannah,2016,p25,absoluto,perceptron_multicamadas,251.58333333333331,220.07186894747315,241.6208333333333
savannah,2017,p25,absoluto,perceptron_multicamadas,259.45,283.85193960266685,241.6208333333333
savannah,2018,p25,absoluto,perceptron_multicamadas,241.53333333333333,208.78994047810735,241.96249999999998
savannah,2019,p25,absoluto,perceptron_multicamadas,243.03333333333333,192.4798788071951,241.6208333333333
singapore,2014,p25,absoluto,perceptron_multicamadas,310.0833333333333,285.0185940284744,304.30833333333334
singapore,2015,p25,absoluto,perceptron_multicamadas,311.26666666666665,304.5039750875208,304.30833333333334
singapore,2016,p25,absoluto,perceptron_multicamadas,304.30833333333334,324.070044470496,307.3666666666667
singapore,2017,p25,absoluto,perceptron_multicamadas,307.3666666666667,300.762815411552,304.30833333333334
singapore,2018,p25,absoluto,perceptron_multicamadas,302.93333333333334,297.29073402890907,307.3666666666667
singapore,2019,p25,absoluto,perceptron_multicamadas,310.01666666666665,405.4158051697334,304.30833333333334
singapore,2022,p25,absoluto,perceptron_multicamadas,278.3666666666667,279.2965134183546,307.3666666666667
singapore,2023,p25,absoluto,perceptron_multicamadas,283.325,299.82476160025044,307.3666666666667
berlin,2005,p25,desvio,ridge,221.7,222.96617497202007,218.71666666666664
berlin,2006,p25,desvio,ridge,226.03333333333333,224.58909573701138,218.71666666666664
berlin,2007,p25,desvio,ridge,218.9333333333333,217.95208027603755,219.16666666666666
berlin,2008,p25,desvio,ridge,218.5,219.5017291084124,219.38333333333333
berlin,2009,p25,desvio,ridge,223.4,223.99013097925848,218.71666666666664
berlin,2010,p25,desvio,ridge,217.6833333333333,213.41645371043825,219.38333333333333
berlin,2011,p25,desvio,ridge,219.83333333333331,222.2611308382825,218.71666666666664
berlin,2012,p25,desvio,ridge,216.91666666666663,218.71182106232098,219.38333333333333
berlin,2013,p25,desvio,ridge,216.56666666666663,219.17395750649823,219.38333333333333
berlin,2014,p25,desvio,ridge,217.16666666666663,221.6581277436738,219.38333333333333
berlin,2015,p25,desvio,ridge,215.96666666666667,219.96476934672188,219.38333333333333
berlin,2016,p25,desvio,ridge,220.01666666666668,223.32655279518127,218.71666666666664
berlin,2017,p25,desvio,ridge,219.85,220.41023163982516,218.71666666666664
berlin,2018,p25,desvio,ridge,223.28333333333333,220.74424672316118,218.71666666666664
berlin,2019,p25,desvio,ridge,209.13333333333333,214.65283266479813,219.38333333333333
boston,2005,p25,desvio,ridge,211.6833333333333,207.70935079759218,205.15625
boston,2006,p25,desvio,ridge,205.53333333333333,204.76805860562575,205.17291666666665
boston,2007,p25,desvio,ridge,208.35,201.96868629014776,205.15625
boston,2008,p25,desvio,ridge,205.58333333333331,206.99874783875111,205.15625
boston,2009,p25,desvio,ridge,204.58333333333331,203.90498997861602,205.54999999999998
boston,2010,p25,desvio,ridge,204.74166666666667,203.56242870207984,205.54999999999998
boston,2011,p25,desvio,ridge,204.1125,206.30108757988612,205.54999999999998
boston,2012,p25,desvio,ridge,224.7,211.00608832545757,205.15625
boston,2013,p25,desvio,ridge,199.58333333333331,206.44986133379453,205.54999999999998
boston,2014,p25,desvio,ridge,205.56666666666663,208.8166322741665,205.15625
boston,2015,p25,desvio,ridge,198.63333333333333,200.6700528869814,205.54999999999998
boston,2016,p25,desvio,ridge,206.4333333333333,207.5501591726411,205.15625
boston,2017,p25,desvio,ridge,208.31666666666663,208.50684564614428,205.15625
boston,2018,p25,desvio,ridge,204.77916666666667,186.7313497909056,205.54999999999998
boston,2019,p25,desvio,ridge,200.4333333333333,206.90883067805407,205.54999999999998
chicago,2005,p25,desvio,ridge,231.3625,234.3096857325492,232.825
chicago,2006,p25,desvio,ridge,229.29583333333332,225.28543618465542,232.825
chicago,2007,p25,desvio,ridge,260.05,238.05925377557205,232.74166666666667
chicago,2008,p25,desvio,ridge,248.3,239.88811062943475,232.74166666666667
chicago,2009,p25,desvio,ridge,230.58333333333331,228.70439003470338,232.825
chicago,2010,p25,desvio,ridge,243.81666666666663,239.8357494928631,232.74166666666667
chicago,2011,p25,desvio,ridge,240.81666666666663,238.8702509362291,232.74166666666667
chicago,2012,p25,desvio,ridge,232.88333333333333,228.97144369581375,232.74166666666667
chicago,2013,p25,desvio,ridge,233.81666666666663,233.78073580621103,232.74166666666667
chicago,2014,p25,desvio,ridge,232.71666666666667,233.93003232743294,232.825
chicago,2015,p25,desvio,ridge,234.21666666666667,236.63559415249125,232.74166666666667
chicago,2016,p25,desvio,ridge,232.76666666666668,234.53718353201236,232.8
chicago,2017,p25,desvio,ridge,240.35,237.39644718946744,232.74166666666667
chicago,2018,p25,desvio,ridge,230.61666666666667,228.65615588547348,232.825
chicago,2019,p25,desvio,ridge,225.61666666666667,229.23491542679102,232.825
chicago,2022,p25,desvio,ridge,223.9,235.46075193515267,232.825
chicago,2023,p25,desvio,ridge,215.2,230.8153762056752,232.825
durban,2022,p25,desvio,ridge,200.7625,214.74288504595972,215.49999999999997
durban,2024,p25,desvio,ridge,210.94166666666663,211.54822788475894,210.41041666666666
durban,2025,p25,desvio,ridge,220.0583333333333,205.8524849273595,205.85208333333333
honolulu,2005,p25,desvio,ridge,284.68333333333334,299.91691563139733,294.5020833333333
honolulu,2006,p25,desvio,ridge,287.4166666666667,299.6215578857721,294.5020833333333
honolulu,2007,p25,desvio,ridge,292.3833333333333,298.3657634592446,294.5020833333333
honolulu,2008,p25,desvio,ridge,289.68333333333334,296.09697781512233,294.5020833333333
honolulu,2009,p25,desvio,ridge,288.65,299.730319511543,294.5020833333333
honolulu,2010,p25,desvio,ridge,294.3416666666667,297.60031958558653,294.5020833333333
honolulu,2011,p25,desvio,ridge,290.3416666666667,296.7175809166498,294.5020833333333
honolulu,2012,p25,desvio,ridge,294.62916666666666,298.32767631130656,294.35833333333335
honolulu,2013,p25,desvio,ridge,306.51666666666665,298.324008648003,294.35833333333335
honolulu,2014,p25,desvio,ridge,294.375,296.6376595062169,294.48541666666665
honolulu,2015,p25,desvio,ridge,309.4166666666667,297.45109763904014,294.35833333333335
honolulu,2016,p25,desvio,ridge,310.7625,296.932262535975,294.35833333333335
honolulu,2017,p25,desvio,ridge,306.2333333333333,296.5172294512346,294.35833333333335
honolulu,2018,p25,desvio,ridge,309.4583333333333,295.55772503166634,294.35833333333335
honolulu,2019,p25,desvio,ridge,316.0,296.6094915454602,294.35833333333335
long_beach,2010,p25,desvio,ridge,250.075,249.70518520737838,249.75
long_beach,2011,p25,desvio,ridge,253.59166666666667,251.28760039564327,249.75
long_beach,2012,p25,desvio,ridge,262.8125,251.31841397651996,249.75
long_beach,2013,p25,desvio,ridge,242.2458333333333,249.68139184350477,249.88333333333333
long_beach,2014,p25,desvio,ridge,248.625,251.55567279634488,249.88333333333333
long_beach,2015,p25,desvio,ridge,270.8958333333333,254.3611160491348,249.75
long_beach,2016,p25,desvio,ridge,245.71666666666667,252.9794541732273,249.88333333333333
long_beach,2017,p25,desvio,ridge,249.88333333333333,250.4458513835583,249.75
long_beach,2018,p25,desvio,ridge,249.75,250.2674889501139,249.88333333333333
long_beach,2019,p25,desvio,ridge,245.15833333333333,249.49671291310747,249.88333333333333
maui,2010,p25,desvio,ridge,266.32916666666665,269.4210987835474,267.87916666666666
maui,2011,p25,desvio,ridge,262.93333333333334,272.4468310768658,269.57708333333335
maui,2012,p25,desvio,ridge,262.2333333333333,271.9727491929117,269.57708333333335
maui,2013,p25,desvio,ridge,272.825,267.3072688733971,264.63125
maui,2014,p25,desvio,ridge,275.31666666666666,264.6650891380114,264.63125
nyc,2005,p25,desvio,ridge,243.9375,237.42533112461496,234.1833333333333
nyc,2006,p25,desvio,ridge,232.53333333333333,233.9473514857866,235.29999999999995
nyc,2007,p25,desvio,ridge,233.6833333333333,234.15734587663567,235.29999999999995
nyc,2008,p25,desvio,ridge,229.53333333333333,232.73187262012578,235.29999999999995
nyc,2009,p25,desvio,ridge,229.88333333333333,235.09993681361428,235.29999999999995
nyc,2010,p25,desvio,ridge,231.7083333333333,232.3487934793048,235.29999999999995
nyc,2011,p25,desvio,ridge,231.85,234.26906041113287,235.29999999999995
nyc,2013,p25,desvio,ridge,233.6,232.94256787894992,235.29999999999995
nyc,2014,p25,desvio,ridge,236.75,229.90423964191862,234.1833333333333
nyc,2015,p25,desvio,ridge,239.81666666666663,234.83210134929968,234.1833333333333
nyc,2016,p25,desvio,ridge,238.89166666666665,233.86682274821987,234.1833333333333
nyc,2017,p25,desvio,ridge,237.1833333333333,234.36750201636326,234.1833333333333
nyc,2018,p25,desvio,ridge,237.16666666666663,233.82466606748912,234.1833333333333
nyc,2019,p25,desvio,ridge,234.6833333333333,232.99748575838746,234.79999999999995
nyc,2022,p25,desvio,ridge,247.9958333333333,237.3292939575873,234.1833333333333
nyc,2023,p25,desvio,ridge,235.91666666666663,236.78904870269153,234.1833333333333
nyc,2024,p25,desvio,ridge,228.86666666666667,234.01942156878334,235.29999999999995
rio,2023,p25,desvio,ridge,226.96666666666667,226.5038847757216,225.45208333333332
rio,2024,p25,desvio,ridge,224.7375,227.29532813312903,226.56666666666666
rio,2025,p25,desvio,ridge,226.16666666666663,226.8100817423994,225.85208333333333
savannah,2011,p25,desvio,ridge,239.45,241.82256604027094,241.96249999999998
savannah,2012,p25,desvio,ridge,242.21666666666667,245.47379912780826,241.6208333333333
savannah,2013,p25,desvio,ridge,241.7083333333333,244.78238318616752,241.875
savannah,2014,p25,desvio,ridge,240.8958333333333,244.20548343630543,241.96249999999998
savannah,2015,p25,desvio,ridge,229.2125,246.22591270952466,241.96249999999998
savannah,2016,p25,desvio,ridge,251.58333333333331,242.7944084498454,241.6208333333333
savannah,2017,p25,desvio,ridge,259.45,246.0067742361677,241.6208333333333
savannah,2018,p25,desvio,ridge,241.53333333333333,242.56043577387575,241.96249999999998
savannah,2019,p25,desvio,ridge,243.03333333333333,239.57823894051577,241.6208333333333
singapore,2014,p25,desvio,ridge,310.0833333333333,303.40165037038435,304.30833333333334
singapore,2015,p25,desvio,ridge,311.26666666666665,303.9234620520285,304.30833333333334
singapore,2016,p25,desvio,ridge,304.30833333333334,306.1308592032005,307.3666666666667
singapore,2017,p25,desvio,ridge,307.3666666666667,303.57582714228204,304.30833333333334
singapore,2018,p25,desvio,ridge,302.93333333333334,304.91264001428186,307.3666666666667
singapore,2019,p25,desvio,ridge,310.01666666666665,297.3805323656865,304.30833333333334
singapore,2022,p25,desvio,ridge,278.3666666666667,306.3863772989816,307.3666666666667
singapore,2023,p25,desvio,ridge,283.325,305.25159362108894,307.3666666666667
berlin,2005,p25,desvio,gbm_histogramas,221.7,222.20124463311097,218.71666666666664
berlin,2006,p25,desvio,gbm_histogramas,226.03333333333333,230.52963544327505,218.71666666666664
berlin,2007,p25,desvio,gbm_histogramas,218.9333333333333,221.96310309707286,219.16666666666666
berlin,2008,p25,desvio,gbm_histogramas,218.5,217.21248501744776,219.38333333333333
berlin,2009,p25,desvio,gbm_histogramas,223.4,223.15750817993313,218.71666666666664
berlin,2010,p25,desvio,gbm_histogramas,217.6833333333333,209.325395932604,219.38333333333333
berlin,2011,p25,desvio,gbm_histogramas,219.83333333333331,220.0881004917941,218.71666666666664
berlin,2012,p25,desvio,gbm_histogramas,216.91666666666663,217.4146761974057,219.38333333333333
berlin,2013,p25,desvio,gbm_histogramas,216.56666666666663,216.36401904941692,219.38333333333333
berlin,2014,p25,desvio,gbm_histogramas,217.16666666666663,220.92062813512604,219.38333333333333
berlin,2015,p25,desvio,gbm_histogramas,215.96666666666667,217.89883294707633,219.38333333333333
berlin,2016,p25,desvio,gbm_histogramas,220.01666666666668,220.72297384200746,218.71666666666664
berlin,2017,p25,desvio,gbm_histogramas,219.85,220.32301396205477,218.71666666666664
berlin,2018,p25,desvio,gbm_histogramas,223.28333333333333,217.18283651901928,218.71666666666664
berlin,2019,p25,desvio,gbm_histogramas,209.13333333333333,213.40968929386284,219.38333333333333
boston,2005,p25,desvio,gbm_histogramas,211.6833333333333,204.21196903995855,205.15625
boston,2006,p25,desvio,gbm_histogramas,205.53333333333333,203.39037251360875,205.17291666666665
boston,2007,p25,desvio,gbm_histogramas,208.35,202.7728198884739,205.15625
boston,2008,p25,desvio,gbm_histogramas,205.58333333333331,204.2523328478666,205.15625
boston,2009,p25,desvio,gbm_histogramas,204.58333333333331,203.36490328697585,205.54999999999998
boston,2010,p25,desvio,gbm_histogramas,204.74166666666667,204.391456376623,205.54999999999998
boston,2011,p25,desvio,gbm_histogramas,204.1125,205.1464853185943,205.54999999999998
boston,2012,p25,desvio,gbm_histogramas,224.7,219.11845650588606,205.15625
boston,2013,p25,desvio,gbm_histogramas,199.58333333333331,205.14854745548294,205.54999999999998
boston,2014,p25,desvio,gbm_histogramas,205.56666666666663,206.78194247674875,205.15625
boston,2015,p25,desvio,gbm_histogramas,198.63333333333333,202.64617898061073,205.54999999999998
boston,2016,p25,desvio,gbm_histogramas,206.4333333333333,206.84220047878424,205.15625
boston,2017,p25,desvio,gbm_histogramas,208.31666666666663,211.76596359674784,205.15625
boston,2018,p25,desvio,gbm_histogramas,204.77916666666667,193.95137656028825,205.54999999999998
boston,2019,p25,desvio,gbm_histogramas,200.4333333333333,202.48707116547666,205.54999999999998
chicago,2005,p25,desvio,gbm_histogramas,231.3625,230.9638672380929,232.825
chicago,2006,p25,desvio,gbm_histogramas,229.29583333333332,231.3792248650041,232.825
chicago,2007,p25,desvio,gbm_histogramas,260.05,249.2038556874218,232.74166666666667
chicago,2008,p25,desvio,gbm_histogramas,248.3,240.67239386152804,232.74166666666667
chicago,2009,p25,desvio,gbm_histogramas,230.58333333333331,229.63710570379644,232.825
chicago,2010,p25,desvio,gbm_histogramas,243.81666666666663,244.01806238200243,232.74166666666667
chicago,2011,p25,desvio,gbm_histogramas,240.81666666666663,239.07023865408325,232.74166666666667
chicago,2012,p25,desvio,gbm_histogramas,232.88333333333333,229.22903965776624,232.74166666666667
chicago,2013,p25,desvio,gbm_histogramas,233.81666666666663,233.16863525729937,232.74166666666667
chicago,2014,p25,desvio,gbm_histogramas,232.71666666666667,234.48450925363673,232.825
chicago,2015,p25,desvio,gbm_histogramas,234.21666666666667,232.15370521456828,232.74166666666667
chicago,2016,p25,desvio,gbm_histogramas,232.76666666666668,232.4582611420089,232.8
chicago,2017,p25,desvio,gbm_histogramas,240.35,236.94002260264173,232.74166666666667
chicago,2018,p25,desvio,gbm_histogramas,230.61666666666667,232.97706693278013,232.825
chicago,2019,p25,desvio,gbm_histogramas,225.61666666666667,228.55793262997327,232.825
chicago,2022,p25,desvio,gbm_histogramas,223.9,233.64209646481117,232.825
chicago,2023,p25,desvio,gbm_histogramas,215.2,230.06333142601665,232.825
durban,2022,p25,desvio,gbm_histogramas,200.7625,209.65927814997687,215.49999999999997
durban,2024,p25,desvio,gbm_histogramas,210.94166666666663,214.51431601138535,210.41041666666666
durban,2025,p25,desvio,gbm_histogramas,220.0583333333333,206.75325765247618,205.85208333333333
honolulu,2005,p25,desvio,gbm_histogramas,284.68333333333334,295.16916567321806,294.5020833333333
honolulu,2006,p25,desvio,gbm_histogramas,287.4166666666667,294.78885156761606,294.5020833333333
honolulu,2007,p25,desvio,gbm_histogramas,292.3833333333333,300.51847083783287,294.5020833333333
honolulu,2008,p25,desvio,gbm_histogramas,289.68333333333334,294.77146340925253,294.5020833333333
honolulu,2009,p25,desvio,gbm_histogramas,288.65,303.34824860454574,294.5020833333333
honolulu,2010,p25,desvio,gbm_histogramas,294.3416666666667,293.5298320863977,294.5020833333333
honolulu,2011,p25,desvio,gbm_histogramas,290.3416666666667,297.10334750302474,294.5020833333333
honolulu,2012,p25,desvio,gbm_histogramas,294.62916666666666,295.57842427791434,294.35833333333335
honolulu,2013,p25,desvio,gbm_histogramas,306.51666666666665,307.6039169470535,294.35833333333335
honolulu,2014,p25,desvio,gbm_histogramas,294.375,295.8312570914073,294.48541666666665
honolulu,2015,p25,desvio,gbm_histogramas,309.4166666666667,293.04824878513756,294.35833333333335
honolulu,2016,p25,desvio,gbm_histogramas,310.7625,301.5832313070907,294.35833333333335
honolulu,2017,p25,desvio,gbm_histogramas,306.2333333333333,294.58327523633426,294.35833333333335
honolulu,2018,p25,desvio,gbm_histogramas,309.4583333333333,300.96806193655976,294.35833333333335
honolulu,2019,p25,desvio,gbm_histogramas,316.0,292.62407723137073,294.35833333333335
long_beach,2010,p25,desvio,gbm_histogramas,250.075,247.7683494587586,249.75
long_beach,2011,p25,desvio,gbm_histogramas,253.59166666666667,249.03715943375525,249.75
long_beach,2012,p25,desvio,gbm_histogramas,262.8125,250.81855106314976,249.75
long_beach,2013,p25,desvio,gbm_histogramas,242.2458333333333,252.43678183479182,249.88333333333333
long_beach,2014,p25,desvio,gbm_histogramas,248.625,253.58760341005225,249.88333333333333
long_beach,2015,p25,desvio,gbm_histogramas,270.8958333333333,261.8620016400627,249.75
long_beach,2016,p25,desvio,gbm_histogramas,245.71666666666667,258.34130116769535,249.88333333333333
long_beach,2017,p25,desvio,gbm_histogramas,249.88333333333333,250.896012634693,249.75
long_beach,2018,p25,desvio,gbm_histogramas,249.75,247.2272209493145,249.88333333333333
long_beach,2019,p25,desvio,gbm_histogramas,245.15833333333333,247.74682409236368,249.88333333333333
maui,2010,p25,desvio,gbm_histogramas,266.32916666666665,265.6253429622489,267.87916666666666
maui,2011,p25,desvio,gbm_histogramas,262.93333333333334,267.99544087015346,269.57708333333335
maui,2012,p25,desvio,gbm_histogramas,262.2333333333333,266.64453980100643,269.57708333333335
maui,2013,p25,desvio,gbm_histogramas,272.825,269.81541898355033,264.63125
maui,2014,p25,desvio,gbm_histogramas,275.31666666666666,271.28470141582056,264.63125
nyc,2005,p25,desvio,gbm_histogramas,243.9375,234.58901200656558,234.1833333333333
nyc,2006,p25,desvio,gbm_histogramas,232.53333333333333,231.8280429453695,235.29999999999995
nyc,2007,p25,desvio,gbm_histogramas,233.6833333333333,235.60401713014514,235.29999999999995
nyc,2008,p25,desvio,gbm_histogramas,229.53333333333333,232.02231159977273,235.29999999999995
nyc,2009,p25,desvio,gbm_histogramas,229.88333333333333,234.1395763589667,235.29999999999995
nyc,2010,p25,desvio,gbm_histogramas,231.7083333333333,231.21619969235354,235.29999999999995
nyc,2011,p25,desvio,gbm_histogramas,231.85,231.9166811238487,235.29999999999995
nyc,2013,p25,desvio,gbm_histogramas,233.6,233.44343915715226,235.29999999999995
nyc,2014,p25,desvio,gbm_histogramas,236.75,234.6449752451015,234.1833333333333
nyc,2015,p25,desvio,gbm_histogramas,239.81666666666663,234.11326812905983,234.1833333333333
nyc,2016,p25,desvio,gbm_histogramas,238.89166666666665,235.26909134067105,234.1833333333333
nyc,2017,p25,desvio,gbm_histogramas,237.1833333333333,236.59573432503558,234.1833333333333
nyc,2018,p25,desvio,gbm_histogramas,237.16666666666663,235.8813746426985,234.1833333333333
nyc,2019,p25,desvio,gbm_histogramas,234.6833333333333,228.47660894739062,234.79999999999995
nyc,2022,p25,desvio,gbm_histogramas,247.9958333333333,227.38178483691937,234.1833333333333
nyc,2023,p25,desvio,gbm_histogramas,235.91666666666663,236.1161101727959,234.1833333333333
nyc,2024,p25,desvio,gbm_histogramas,228.86666666666667,232.10634206600608,235.29999999999995
rio,2023,p25,desvio,gbm_histogramas,226.96666666666667,226.48487910162038,225.45208333333332
rio,2024,p25,desvio,gbm_histogramas,224.7375,229.42771829015626,226.56666666666666
rio,2025,p25,desvio,gbm_histogramas,226.16666666666663,227.6216103923088,225.85208333333333
savannah,2011,p25,desvio,gbm_histogramas,239.45,243.18163170929344,241.96249999999998
savannah,2012,p25,desvio,gbm_histogramas,242.21666666666667,244.54422612677243,241.6208333333333
savannah,2013,p25,desvio,gbm_histogramas,241.7083333333333,242.56376152347084,241.875
savannah,2014,p25,desvio,gbm_histogramas,240.8958333333333,242.80985764862814,241.96249999999998
savannah,2015,p25,desvio,gbm_histogramas,229.2125,259.8787584996426,241.96249999999998
savannah,2016,p25,desvio,gbm_histogramas,251.58333333333331,243.37342969812133,241.6208333333333
savannah,2017,p25,desvio,gbm_histogramas,259.45,242.21609895167558,241.6208333333333
savannah,2018,p25,desvio,gbm_histogramas,241.53333333333333,238.2868126275985,241.96249999999998
savannah,2019,p25,desvio,gbm_histogramas,243.03333333333333,241.4566871837971,241.6208333333333
singapore,2014,p25,desvio,gbm_histogramas,310.0833333333333,303.65687300024274,304.30833333333334
singapore,2015,p25,desvio,gbm_histogramas,311.26666666666665,305.938247281804,304.30833333333334
singapore,2016,p25,desvio,gbm_histogramas,304.30833333333334,301.70343128239375,307.3666666666667
singapore,2017,p25,desvio,gbm_histogramas,307.3666666666667,297.1217032086051,304.30833333333334
singapore,2018,p25,desvio,gbm_histogramas,302.93333333333334,307.871596252177,307.3666666666667
singapore,2019,p25,desvio,gbm_histogramas,310.01666666666665,299.8951532272754,304.30833333333334
singapore,2022,p25,desvio,gbm_histogramas,278.3666666666667,298.0394148681753,307.3666666666667
singapore,2023,p25,desvio,gbm_histogramas,283.325,297.1239876651148,307.3666666666667
berlin,2005,p25,desvio,linear,221.7,221.71163237265816,218.71666666666664
berlin,2006,p25,desvio,linear,226.03333333333333,221.61555993969296,218.71666666666664
berlin,2007,p25,desvio,linear,218.9333333333333,223.76677202166175,219.16666666666666
berlin,2008,p25,desvio,linear,218.5,217.77224471587792,219.38333333333333
berlin,2009,p25,desvio,linear,223.4,224.25615622462607,218.71666666666664
berlin,2010,p25,desvio,linear,217.6833333333333,210.1377319782934,219.38333333333333
berlin,2011,p25,desvio,linear,219.83333333333331,224.18714999839136,218.71666666666664
berlin,2012,p25,desvio,linear,216.91666666666663,220.06697231114322,219.38333333333333
berlin,2013,p25,desvio,linear,216.56666666666663,215.73869898726315,219.38333333333333
berlin,2014,p25,desvio,linear,217.16666666666663,222.49072885366888,219.38333333333333
berlin,2015,p25,desvio,linear,215.96666666666667,221.87892832142262,219.38333333333333
berlin,2016,p25,desvio,linear,220.01666666666668,225.07933476942284,218.71666666666664
berlin,2017,p25,desvio,linear,219.85,222.21398113498336,218.71666666666664
berlin,2018,p25,desvio,linear,223.28333333333333,220.7270722449281,218.71666666666664
berlin,2019,p25,desvio,linear,209.13333333333333,206.09742512380402,219.38333333333333
boston,2005,p25,desvio,linear,211.6833333333333,207.56282114422243,205.15625
boston,2006,p25,desvio,linear,205.53333333333333,203.801316753668,205.17291666666665
boston,2007,p25,desvio,linear,208.35,173.8272215589221,205.15625
boston,2008,p25,desvio,linear,205.58333333333331,215.61793686343236,205.15625
boston,2009,p25,desvio,linear,204.58333333333331,202.2443019026208,205.54999999999998
boston,2010,p25,desvio,linear,204.74166666666667,188.03220921374194,205.54999999999998
boston,2011,p25,desvio,linear,204.1125,205.25676238123543,205.54999999999998
boston,2012,p25,desvio,linear,224.7,217.3168114842272,205.15625
boston,2013,p25,desvio,linear,199.58333333333331,210.82416822993682,205.54999999999998
boston,2014,p25,desvio,linear,205.56666666666663,206.43677205504324,205.15625
boston,2015,p25,desvio,linear,198.63333333333333,196.13021797563542,205.54999999999998
boston,2016,p25,desvio,linear,206.4333333333333,233.40183091987788,205.15625
boston,2017,p25,desvio,linear,208.31666666666663,233.6104488211618,205.15625
boston,2018,p25,desvio,linear,204.77916666666667,181.74091599009458,205.54999999999998
boston,2019,p25,desvio,linear,200.4333333333333,197.9393723039428,205.54999999999998
chicago,2005,p25,desvio,linear,231.3625,230.6367540880873,232.825
chicago,2006,p25,desvio,linear,229.29583333333332,227.26703531230382,232.825
chicago,2007,p25,desvio,linear,260.05,247.1341785785811,232.74166666666667
chicago,2008,p25,desvio,linear,248.3,245.96021451373898,232.74166666666667
chicago,2009,p25,desvio,linear,230.58333333333331,230.196219867533,232.825
chicago,2010,p25,desvio,linear,243.81666666666663,246.7628793586563,232.74166666666667
chicago,2011,p25,desvio,linear,240.81666666666663,246.62578169533612,232.74166666666667
chicago,2012,p25,desvio,linear,232.88333333333333,232.71335612461348,232.74166666666667
chicago,2013,p25,desvio,linear,233.81666666666663,227.98809281857666,232.74166666666667
chicago,2014,p25,desvio,linear,232.71666666666667,228.52054699735262,232.825
chicago,2015,p25,desvio,linear,234.21666666666667,235.07189648877278,232.74166666666667
chicago,2016,p25,desvio,linear,232.76666666666668,231.66904261576374,232.8
chicago,2017,p25,desvio,linear,240.35,237.26367741944992,232.74166666666667
chicago,2018,p25,desvio,linear,230.61666666666667,231.4227081160822,232.825
chicago,2019,p25,desvio,linear,225.61666666666667,226.50788988902497,232.825
chicago,2022,p25,desvio,linear,223.9,232.21267654076462,232.825
chicago,2023,p25,desvio,linear,215.2,238.388277585808,232.825
durban,2022,p25,desvio,linear,200.7625,213.08966654064335,215.49999999999997
durban,2024,p25,desvio,linear,210.94166666666663,213.4211073524428,210.41041666666666
durban,2025,p25,desvio,linear,220.0583333333333,209.07149996590266,205.85208333333333
honolulu,2005,p25,desvio,linear,284.68333333333334,303.95688131384554,294.5020833333333
honolulu,2006,p25,desvio,linear,287.4166666666667,303.86330052591103,294.5020833333333
honolulu,2007,p25,desvio,linear,292.3833333333333,300.0224908354699,294.5020833333333
honolulu,2008,p25,desvio,linear,289.68333333333334,291.1347457506874,294.5020833333333
honolulu,2009,p25,desvio,linear,288.65,296.3652002610219,294.5020833333333
honolulu,2010,p25,desvio,linear,294.3416666666667,296.5581952440058,294.5020833333333
honolulu,2011,p25,desvio,linear,290.3416666666667,292.6609144538086,294.5020833333333
honolulu,2012,p25,desvio,linear,294.62916666666666,297.7841598736991,294.35833333333335
honolulu,2013,p25,desvio,linear,306.51666666666665,303.1368330712752,294.35833333333335
honolulu,2014,p25,desvio,linear,294.375,305.3108781058403,294.48541666666665
honolulu,2015,p25,desvio,linear,309.4166666666667,300.92995642976234,294.35833333333335
honolulu,2016,p25,desvio,linear,310.7625,302.25690882824574,294.35833333333335
honolulu,2017,p25,desvio,linear,306.2333333333333,301.1468845162402,294.35833333333335
honolulu,2018,p25,desvio,linear,309.4583333333333,293.8348067334975,294.35833333333335
honolulu,2019,p25,desvio,linear,316.0,299.3337620982925,294.35833333333335
long_beach,2010,p25,desvio,linear,250.075,248.41328532410677,249.75
long_beach,2011,p25,desvio,linear,253.59166666666667,251.01717529195122,249.75
long_beach,2012,p25,desvio,linear,262.8125,250.3545115211816,249.75
long_beach,2013,p25,desvio,linear,242.2458333333333,245.19098197291538,249.88333333333333
long_beach,2014,p25,desvio,linear,248.625,249.76607421096293,249.88333333333333
long_beach,2015,p25,desvio,linear,270.8958333333333,258.2585264721123,249.75
long_beach,2016,p25,desvio,linear,245.71666666666667,257.74780595771483,249.88333333333333
long_beach,2017,p25,desvio,linear,249.88333333333333,246.97766336644756,249.75
long_beach,2018,p25,desvio,linear,249.75,247.32963108230166,249.88333333333333
long_beach,2019,p25,desvio,linear,245.15833333333333,246.13891804379486,249.88333333333333
maui,2010,p25,desvio,linear,266.32916666666665,267.995192621396,267.87916666666666
maui,2011,p25,desvio,linear,262.93333333333334,274.4029560924327,269.57708333333335
maui,2012,p25,desvio,linear,262.2333333333333,268.8557147747754,269.57708333333335
maui,2013,p25,desvio,linear,272.825,266.8643820678224,264.63125
maui,2014,p25,desvio,linear,275.31666666666666,253.48493294026707,264.63125
nyc,2005,p25,desvio,linear,243.9375,240.849184376167,234.1833333333333
nyc,2006,p25,desvio,linear,232.53333333333333,227.17750899820388,235.29999999999995
nyc,2007,p25,desvio,linear,233.6833333333333,235.61155742923407,235.29999999999995
nyc,2008,p25,desvio,linear,229.53333333333333,228.76972459213135,235.29999999999995
nyc,2009,p25,desvio,linear,229.88333333333333,242.0474416104688,235.29999999999995
nyc,2010,p25,desvio,linear,231.7083333333333,226.9260807538394,235.29999999999995
nyc,2011,p25,desvio,linear,231.85,228.6108668278437,235.29999999999995
nyc,2013,p25,desvio,linear,233.6,237.2997522938432,235.29999999999995
nyc,2014,p25,desvio,linear,236.75,227.1817591987895,234.1833333333333
nyc,2015,p25,desvio,linear,239.81666666666663,234.55364340867456,234.1833333333333
nyc,2016,p25,desvio,linear,238.89166666666665,233.2426106710338,234.1833333333333
nyc,2017,p25,desvio,linear,237.1833333333333,238.2826321275271,234.1833333333333
nyc,2018,p25,desvio,linear,237.16666666666663,230.61758031172417,234.1833333333333
nyc,2019,p25,desvio,linear,234.6833333333333,230.9400883072834,234.79999999999995
nyc,2022,p25,desvio,linear,247.9958333333333,244.3267309550694,234.1833333333333
nyc,2023,p25,desvio,linear,235.91666666666663,236.22100429480923,234.1833333333333
nyc,2024,p25,desvio,linear,228.86666666666667,234.09011259956233,235.29999999999995
rio,2023,p25,desvio,linear,226.96666666666667,221.07679106295285,225.45208333333332
rio,2024,p25,desvio,linear,224.7375,225.43571851059434,226.56666666666666
rio,2025,p25,desvio,linear,226.16666666666663,223.79661123835882,225.85208333333333
savannah,2011,p25,desvio,linear,239.45,239.88731777816233,241.96249999999998
savannah,2012,p25,desvio,linear,242.21666666666667,246.53940170583934,241.6208333333333
savannah,2013,p25,desvio,linear,241.7083333333333,250.70019212212813,241.875
savannah,2014,p25,desvio,linear,240.8958333333333,247.91593235589067,241.96249999999998
savannah,2015,p25,desvio,linear,229.2125,254.50839127914514,241.96249999999998
savannah,2016,p25,desvio,linear,251.58333333333331,239.9688160840298,241.6208333333333
savannah,2017,p25,desvio,linear,259.45,248.75386918209935,241.6208333333333
savannah,2018,p25,desvio,linear,241.53333333333333,236.93089185799735,241.96249999999998
savannah,2019,p25,desvio,linear,243.03333333333333,239.01245196852943,241.6208333333333
singapore,2014,p25,desvio,linear,310.0833333333333,298.7215324954198,304.30833333333334
singapore,2015,p25,desvio,linear,311.26666666666665,300.8852224130694,304.30833333333334
singapore,2016,p25,desvio,linear,304.30833333333334,305.97344051583286,307.3666666666667
singapore,2017,p25,desvio,linear,307.3666666666667,300.4696558088361,304.30833333333334
singapore,2018,p25,desvio,linear,302.93333333333334,298.15984530774233,307.3666666666667
singapore,2019,p25,desvio,linear,310.01666666666665,401.15126245943,304.30833333333334
singapore,2022,p25,desvio,linear,278.3666666666667,304.54122671059497,307.3666666666667
singapore,2023,p25,desvio,linear,283.325,298.8258941791425,307.3666666666667
berlin,2005,p25,desvio,floresta_aleatoria,221.7,222.4797140376984,218.71666666666664
berlin,2006,p25,desvio,floresta_aleatoria,226.03333333333333,228.38205959408066,218.71666666666664
berlin,2007,p25,desvio,floresta_aleatoria,218.9333333333333,218.53534161292987,219.16666666666666
berlin,2008,p25,desvio,floresta_aleatoria,218.5,218.7471380332341,219.38333333333333
berlin,2009,p25,desvio,floresta_aleatoria,223.4,224.12035274057536,218.71666666666664
berlin,2010,p25,desvio,floresta_aleatoria,217.6833333333333,216.33652409474206,219.38333333333333
berlin,2011,p25,desvio,floresta_aleatoria,219.83333333333331,221.3094203042328,218.71666666666664
berlin,2012,p25,desvio,floresta_aleatoria,216.91666666666663,218.11208934696668,219.38333333333333
berlin,2013,p25,desvio,floresta_aleatoria,216.56666666666663,218.1368438988095,219.38333333333333
berlin,2014,p25,desvio,floresta_aleatoria,217.16666666666663,220.54072952967172,219.38333333333333
berlin,2015,p25,desvio,floresta_aleatoria,215.96666666666667,219.01743515549842,219.38333333333333
berlin,2016,p25,desvio,floresta_aleatoria,220.01666666666668,221.57561633184523,218.71666666666664
berlin,2017,p25,desvio,floresta_aleatoria,219.85,218.76202598379626,218.71666666666664
berlin,2018,p25,desvio,floresta_aleatoria,223.28333333333333,218.6343007647156,218.71666666666664
berlin,2019,p25,desvio,floresta_aleatoria,209.13333333333333,212.481220651455,219.38333333333333
boston,2005,p25,desvio,floresta_aleatoria,211.6833333333333,204.8352521040013,205.15625
boston,2006,p25,desvio,floresta_aleatoria,205.53333333333333,203.89408893642525,205.17291666666665
boston,2007,p25,desvio,floresta_aleatoria,208.35,202.71392592385914,205.15625
boston,2008,p25,desvio,floresta_aleatoria,205.58333333333331,204.85214829695767,205.15625
boston,2009,p25,desvio,floresta_aleatoria,204.58333333333331,202.80336862373736,205.54999999999998
boston,2010,p25,desvio,floresta_aleatoria,204.74166666666667,204.23227364417988,205.54999999999998
boston,2011,p25,desvio,floresta_aleatoria,204.1125,204.68346962218914,205.54999999999998
boston,2012,p25,desvio,floresta_aleatoria,224.7,213.96223168816138,205.15625
boston,2013,p25,desvio,floresta_aleatoria,199.58333333333331,205.1735046709656,205.54999999999998
boston,2014,p25,desvio,floresta_aleatoria,205.56666666666663,205.98294287987764,205.15625
boston,2015,p25,desvio,floresta_aleatoria,198.63333333333333,203.84967624083092,205.54999999999998
boston,2016,p25,desvio,floresta_aleatoria,206.4333333333333,206.91088098544972,205.15625
boston,2017,p25,desvio,floresta_aleatoria,208.31666666666663,206.5281138702877,205.15625
boston,2018,p25,desvio,floresta_aleatoria,204.77916666666667,201.22079043485448,205.54999999999998
boston,2019,p25,desvio,floresta_aleatoria,200.4333333333333,203.40749075727513,205.54999999999998
chicago,2005,p25,desvio,floresta_aleatoria,231.3625,232.43147327628967,232.825
chicago,2006,p25,desvio,floresta_aleatoria,229.29583333333332,231.1650322458213,232.825
chicago,2007,p25,desvio,floresta_aleatoria,260.05,244.1489937872024,232.74166666666667
chicago,2008,p25,desvio,floresta_aleatoria,248.3,237.9959597635582,232.74166666666667
chicago,2009,p25,desvio,floresta_aleatoria,230.58333333333331,230.15308943001443,232.825
chicago,2010,p25,desvio,floresta_aleatoria,243.81666666666663,241.50603914930556,232.74166666666667
chicago,2011,p25,desvio,floresta_aleatoria,240.81666666666663,238.89060029761905,232.74166666666667
chicago,2012,p25,desvio,floresta_aleatoria,232.88333333333333,229.1517023050445,232.74166666666667
chicago,2013,p25,desvio,floresta_aleatoria,233.81666666666663,231.82649151785716,232.74166666666667
chicago,2014,p25,desvio,floresta_aleatoria,232.71666666666667,232.0971935760131,232.825
chicago,2015,p25,desvio,floresta_aleatoria,234.21666666666667,235.32133795469576,232.74166666666667
chicago,2016,p25,desvio,floresta_aleatoria,232.76666666666668,232.26118159722225,232.8
chicago,2017,p25,desvio,floresta_aleatoria,240.35,235.9343056795635,232.74166666666667
chicago,2018,p25,desvio,floresta_aleatoria,230.61666666666667,231.6936126488095,232.825
chicago,2019,p25,desvio,floresta_aleatoria,225.61666666666667,229.8265820302961,232.825
chicago,2022,p25,desvio,floresta_aleatoria,223.9,232.7994294642857,232.825
chicago,2023,p25,desvio,floresta_aleatoria,215.2,229.60113611111112,232.825
durban,2022,p25,desvio,floresta_aleatoria,200.7625,215.56784418402776,215.49999999999997
durban,2024,p25,desvio,floresta_aleatoria,210.94166666666663,212.90940105200067,210.41041666666666
durban,2025,p25,desvio,floresta_aleatoria,220.0583333333333,205.48474698660715,205.85208333333333
honolulu,2005,p25,desvio,floresta_aleatoria,284.68333333333334,297.3912992001488,294.5020833333333
honolulu,2006,p25,desvio,floresta_aleatoria,287.4166666666667,297.4628894283234,294.5020833333333
honolulu,2007,p25,desvio,floresta_aleatoria,292.3833333333333,299.76139287574404,294.5020833333333
honolulu,2008,p25,desvio,floresta_aleatoria,289.68333333333334,295.6595235863095,294.5020833333333
honolulu,2009,p25,desvio,floresta_aleatoria,288.65,301.25597904265874,294.5020833333333
honolulu,2010,p25,desvio,floresta_aleatoria,294.3416666666667,293.5520947027943,294.5020833333333
honolulu,2011,p25,desvio,floresta_aleatoria,290.3416666666667,295.65300576430224,294.5020833333333
honolulu,2012,p25,desvio,floresta_aleatoria,294.62916666666666,298.64604893353174,294.35833333333335
honolulu,2013,p25,desvio,floresta_aleatoria,306.51666666666665,303.98521121858465,294.35833333333335
honolulu,2014,p25,desvio,floresta_aleatoria,294.375,295.8873236173115,294.48541666666665
honolulu,2015,p25,desvio,floresta_aleatoria,309.4166666666667,295.80968199968436,294.35833333333335
honolulu,2016,p25,desvio,floresta_aleatoria,310.7625,298.5149329169673,294.35833333333335
honolulu,2017,p25,desvio,floresta_aleatoria,306.2333333333333,294.05586999834657,294.35833333333335
honolulu,2018,p25,desvio,floresta_aleatoria,309.4583333333333,298.8391142383658,294.35833333333335
honolulu,2019,p25,desvio,floresta_aleatoria,316.0,295.7489825994318,294.35833333333335
long_beach,2010,p25,desvio,floresta_aleatoria,250.075,248.09586010664682,249.75
long_beach,2011,p25,desvio,floresta_aleatoria,253.59166666666667,250.79644897073413,249.75
long_beach,2012,p25,desvio,floresta_aleatoria,262.8125,249.8852123511905,249.75
long_beach,2013,p25,desvio,floresta_aleatoria,242.2458333333333,251.55034479166667,249.88333333333333
long_beach,2014,p25,desvio,floresta_aleatoria,248.625,252.7839535094246,249.88333333333333
long_beach,2015,p25,desvio,floresta_aleatoria,270.8958333333333,258.691760417794,249.75
long_beach,2016,p25,desvio,floresta_aleatoria,245.71666666666667,257.6019821800595,249.88333333333333
long_beach,2017,p25,desvio,floresta_aleatoria,249.88333333333333,251.85483881225835,249.75
long_beach,2018,p25,desvio,floresta_aleatoria,249.75,250.30145230241402,249.88333333333333
long_beach,2019,p25,desvio,floresta_aleatoria,245.15833333333333,251.2268338293651,249.88333333333333
maui,2010,p25,desvio,floresta_aleatoria,266.32916666666665,268.1958331582191,267.87916666666666
maui,2011,p25,desvio,floresta_aleatoria,262.93333333333334,268.7260015873016,269.57708333333335
maui,2012,p25,desvio,floresta_aleatoria,262.2333333333333,270.10746009424605,269.57708333333335
maui,2013,p25,desvio,floresta_aleatoria,272.825,270.1799561767226,264.63125
maui,2014,p25,desvio,floresta_aleatoria,275.31666666666666,270.2522282986111,264.63125
nyc,2005,p25,desvio,floresta_aleatoria,243.9375,234.52172170138886,234.1833333333333
nyc,2006,p25,desvio,floresta_aleatoria,232.53333333333333,232.7615891947751,235.29999999999995
nyc,2007,p25,desvio,floresta_aleatoria,233.6833333333333,234.18900961474864,235.29999999999995
nyc,2008,p25,desvio,floresta_aleatoria,229.53333333333333,233.16915020254626,235.29999999999995
nyc,2009,p25,desvio,floresta_aleatoria,229.88333333333333,234.47298164269176,235.29999999999995
nyc,2010,p25,desvio,floresta_aleatoria,231.7083333333333,232.1610227885251,235.29999999999995
nyc,2011,p25,desvio,floresta_aleatoria,231.85,233.40112368964944,235.29999999999995
nyc,2013,p25,desvio,floresta_aleatoria,233.6,234.2876921626984,235.29999999999995
nyc,2014,p25,desvio,floresta_aleatoria,236.75,232.4842642154431,234.1833333333333
nyc,2015,p25,desvio,floresta_aleatoria,239.81666666666663,234.39037026439993,234.1833333333333
nyc,2016,p25,desvio,floresta_aleatoria,238.89166666666665,234.86084774305553,234.1833333333333
nyc,2017,p25,desvio,floresta_aleatoria,237.1833333333333,235.94421552992722,234.1833333333333
nyc,2018,p25,desvio,floresta_aleatoria,237.16666666666663,234.02288282076717,234.1833333333333
nyc,2019,p25,desvio,floresta_aleatoria,234.6833333333333,230.95795156362732,234.79999999999995
nyc,2022,p25,desvio,floresta_aleatoria,247.9958333333333,230.1065366691468,234.1833333333333
nyc,2023,p25,desvio,floresta_aleatoria,235.91666666666663,231.85443752066797,234.1833333333333
nyc,2024,p25,desvio,floresta_aleatoria,228.86666666666667,230.7085626653439,235.29999999999995
rio,2023,p25,desvio,floresta_aleatoria,226.96666666666667,231.07294289434523,225.45208333333332
rio,2024,p25,desvio,floresta_aleatoria,224.7375,227.90048041087962,226.56666666666666
rio,2025,p25,desvio,floresta_aleatoria,226.16666666666663,228.0074912367725,225.85208333333333
savannah,2011,p25,desvio,floresta_aleatoria,239.45,242.4119845196759,241.96249999999998
savannah,2012,p25,desvio,floresta_aleatoria,242.21666666666667,243.50483136987432,241.6208333333333
savannah,2013,p25,desvio,floresta_aleatoria,241.7083333333333,242.72907786744506,241.875
savannah,2014,p25,desvio,floresta_aleatoria,240.8958333333333,243.4722709400553,241.96249999999998
savannah,2015,p25,desvio,floresta_aleatoria,229.2125,255.92838435470776,241.96249999999998
savannah,2016,p25,desvio,floresta_aleatoria,251.58333333333331,241.78071254133596,241.6208333333333
savannah,2017,p25,desvio,floresta_aleatoria,259.45,243.70185395998675,241.6208333333333
savannah,2018,p25,desvio,floresta_aleatoria,241.53333333333333,241.77834210407644,241.96249999999998
savannah,2019,p25,desvio,floresta_aleatoria,243.03333333333333,239.87514192069503,241.6208333333333
singapore,2014,p25,desvio,floresta_aleatoria,310.0833333333333,305.9144533730159,304.30833333333334
singapore,2015,p25,desvio,floresta_aleatoria,311.26666666666665,304.9760040922619,304.30833333333334
singapore,2016,p25,desvio,floresta_aleatoria,304.30833333333334,306.6475940393519,307.3666666666667
singapore,2017,p25,desvio,floresta_aleatoria,307.3666666666667,305.64743382936507,304.30833333333334
singapore,2018,p25,desvio,floresta_aleatoria,302.93333333333334,305.66437945601854,307.3666666666667
singapore,2019,p25,desvio,floresta_aleatoria,310.01666666666665,301.95545160796956,304.30833333333334
singapore,2022,p25,desvio,floresta_aleatoria,278.3666666666667,302.2528123139881,307.3666666666667
singapore,2023,p25,desvio,floresta_aleatoria,283.325,303.5573513971561,307.3666666666667
berlin,2005,p25,desvio,perceptron_multicamadas,221.7,223.2543494154843,218.71666666666664
berlin,2006,p25,desvio,perceptron_multicamadas,226.03333333333333,224.263991084282,218.71666666666664
berlin,2007,p25,desvio,perceptron_multicamadas,218.9333333333333,216.7407041634215,219.16666666666666
berlin,2008,p25,desvio,perceptron_multicamadas,218.5,217.09683359849114,219.38333333333333
berlin,2009,p25,desvio,perceptron_multicamadas,223.4,217.06970852291636,218.71666666666664
berlin,2010,p25,desvio,perceptron_multicamadas,217.6833333333333,212.70920173296594,219.38333333333333
berlin,2011,p25,desvio,perceptron_multicamadas,219.83333333333331,223.57420790337335,218.71666666666664
berlin,2012,p25,desvio,perceptron_multicamadas,216.91666666666663,220.79514941359568,219.38333333333333
berlin,2013,p25,desvio,perceptron_multicamadas,216.56666666666663,219.2848781945985,219.38333333333333
berlin,2014,p25,desvio,perceptron_multicamadas,217.16666666666663,219.2393819446068,219.38333333333333
berlin,2015,p25,desvio,perceptron_multicamadas,215.96666666666667,215.20154672926049,219.38333333333333
berlin,2016,p25,desvio,perceptron_multicamadas,220.01666666666668,220.3519824423577,218.71666666666664
berlin,2017,p25,desvio,perceptron_multicamadas,219.85,217.44339764551208,218.71666666666664
berlin,2018,p25,desvio,perceptron_multicamadas,223.28333333333333,210.91054364017737,218.71666666666664
berlin,2019,p25,desvio,perceptron_multicamadas,209.13333333333333,215.72519188266776,219.38333333333333
boston,2005,p25,desvio,perceptron_multicamadas,211.6833333333333,204.35998209080626,205.15625
boston,2006,p25,desvio,perceptron_multicamadas,205.53333333333333,207.07101536978823,205.17291666666665
boston,2007,p25,desvio,perceptron_multicamadas,208.35,194.9656707713542,205.15625
boston,2008,p25,desvio,perceptron_multicamadas,205.58333333333331,206.20511804337684,205.15625
boston,2009,p25,desvio,perceptron_multicamadas,204.58333333333331,202.30134719043335,205.54999999999998
boston,2010,p25,desvio,perceptron_multicamadas,204.74166666666667,196.53363211945063,205.54999999999998
boston,2011,p25,desvio,perceptron_multicamadas,204.1125,206.12242107666418,205.54999999999998
boston,2012,p25,desvio,perceptron_multicamadas,224.7,222.8634256503303,205.15625
boston,2013,p25,desvio,perceptron_multicamadas,199.58333333333331,201.21295509774401,205.54999999999998
boston,2014,p25,desvio,perceptron_multicamadas,205.56666666666663,209.80528613816287,205.15625
boston,2015,p25,desvio,perceptron_multicamadas,198.63333333333333,211.12388662121617,205.54999999999998
boston,2016,p25,desvio,perceptron_multicamadas,206.4333333333333,214.288859662215,205.15625
boston,2017,p25,desvio,perceptron_multicamadas,208.31666666666663,226.65063785553082,205.15625
boston,2018,p25,desvio,perceptron_multicamadas,204.77916666666667,145.33980358984607,205.54999999999998
boston,2019,p25,desvio,perceptron_multicamadas,200.4333333333333,198.07221913385698,205.54999999999998
chicago,2005,p25,desvio,perceptron_multicamadas,231.3625,228.10907468385247,232.825
chicago,2006,p25,desvio,perceptron_multicamadas,229.29583333333332,221.36084133750228,232.825
chicago,2007,p25,desvio,perceptron_multicamadas,260.05,253.63277403271422,232.74166666666667
chicago,2008,p25,desvio,perceptron_multicamadas,248.3,247.33336227663952,232.74166666666667
chicago,2009,p25,desvio,perceptron_multicamadas,230.58333333333331,228.5803324813171,232.825
chicago,2010,p25,desvio,perceptron_multicamadas,243.81666666666663,240.1342897688802,232.74166666666667
chicago,2011,p25,desvio,perceptron_multicamadas,240.81666666666663,246.4155297945288,232.74166666666667
chicago,2012,p25,desvio,perceptron_multicamadas,232.88333333333333,224.9761929291032,232.74166666666667
chicago,2013,p25,desvio,perceptron_multicamadas,233.81666666666663,228.05449606027094,232.74166666666667
chicago,2014,p25,desvio,perceptron_multicamadas,232.71666666666667,227.209474088946,232.825
chicago,2015,p25,desvio,perceptron_multicamadas,234.21666666666667,233.7183510576989,232.74166666666667
chicago,2016,p25,desvio,perceptron_multicamadas,232.76666666666668,231.4441445089117,232.8
chicago,2017,p25,desvio,perceptron_multicamadas,240.35,235.52780161914527,232.74166666666667
chicago,2018,p25,desvio,perceptron_multicamadas,230.61666666666667,229.6336179409891,232.825
chicago,2019,p25,desvio,perceptron_multicamadas,225.61666666666667,230.48682495969356,232.825
chicago,2022,p25,desvio,perceptron_multicamadas,223.9,227.5150887976524,232.825
chicago,2023,p25,desvio,perceptron_multicamadas,215.2,233.3583696169024,232.825
durban,2022,p25,desvio,perceptron_multicamadas,200.7625,200.56127883642716,215.49999999999997
durban,2024,p25,desvio,perceptron_multicamadas,210.94166666666663,229.42409890802338,210.41041666666666
durban,2025,p25,desvio,perceptron_multicamadas,220.0583333333333,196.75247985668872,205.85208333333333
honolulu,2005,p25,desvio,perceptron_multicamadas,284.68333333333334,294.0345352746193,294.5020833333333
honolulu,2006,p25,desvio,perceptron_multicamadas,287.4166666666667,288.6092499985513,294.5020833333333
honolulu,2007,p25,desvio,perceptron_multicamadas,292.3833333333333,300.50944882853685,294.5020833333333
honolulu,2008,p25,desvio,perceptron_multicamadas,289.68333333333334,281.1818626086858,294.5020833333333
honolulu,2009,p25,desvio,perceptron_multicamadas,288.65,301.14989682115265,294.5020833333333
honolulu,2010,p25,desvio,perceptron_multicamadas,294.3416666666667,294.8611183287087,294.5020833333333
honolulu,2011,p25,desvio,perceptron_multicamadas,290.3416666666667,288.41361934346696,294.5020833333333
honolulu,2012,p25,desvio,perceptron_multicamadas,294.62916666666666,296.5183951205763,294.35833333333335
honolulu,2013,p25,desvio,perceptron_multicamadas,306.51666666666665,308.0422686448447,294.35833333333335
honolulu,2014,p25,desvio,perceptron_multicamadas,294.375,303.4891595886884,294.48541666666665
honolulu,2015,p25,desvio,perceptron_multicamadas,309.4166666666667,304.5280760649398,294.35833333333335
honolulu,2016,p25,desvio,perceptron_multicamadas,310.7625,310.45562325465977,294.35833333333335
honolulu,2017,p25,desvio,perceptron_multicamadas,306.2333333333333,295.02455494215053,294.35833333333335
honolulu,2018,p25,desvio,perceptron_multicamadas,309.4583333333333,297.170533324218,294.35833333333335
honolulu,2019,p25,desvio,perceptron_multicamadas,316.0,307.89164354870405,294.35833333333335
long_beach,2010,p25,desvio,perceptron_multicamadas,250.075,242.1725292365221,249.75
long_beach,2011,p25,desvio,perceptron_multicamadas,253.59166666666667,247.59923168760682,249.75
long_beach,2012,p25,desvio,perceptron_multicamadas,262.8125,251.33748526512966,249.75
long_beach,2013,p25,desvio,perceptron_multicamadas,242.2458333333333,248.83379809575462,249.88333333333333
long_beach,2014,p25,desvio,perceptron_multicamadas,248.625,257.2415505907249,249.88333333333333
long_beach,2015,p25,desvio,perceptron_multicamadas,270.8958333333333,263.99931055960775,249.75
long_beach,2016,p25,desvio,perceptron_multicamadas,245.71666666666667,260.2353120064517,249.88333333333333
long_beach,2017,p25,desvio,perceptron_multicamadas,249.88333333333333,242.92653689218534,249.75
long_beach,2018,p25,desvio,perceptron_multicamadas,249.75,248.0131603023539,249.88333333333333
long_beach,2019,p25,desvio,perceptron_multicamadas,245.15833333333333,249.17927717717774,249.88333333333333
maui,2010,p25,desvio,perceptron_multicamadas,266.32916666666665,260.1637712132168,267.87916666666666
maui,2011,p25,desvio,perceptron_multicamadas,262.93333333333334,276.7505269202459,269.57708333333335
maui,2012,p25,desvio,perceptron_multicamadas,262.2333333333333,265.17101610318144,269.57708333333335
maui,2013,p25,desvio,perceptron_multicamadas,272.825,261.55497538992176,264.63125
maui,2014,p25,desvio,perceptron_multicamadas,275.31666666666666,257.8518074440883,264.63125
nyc,2005,p25,desvio,perceptron_multicamadas,243.9375,237.58064763654258,234.1833333333333
nyc,2006,p25,desvio,perceptron_multicamadas,232.53333333333333,236.11541644990996,235.29999999999995
nyc,2007,p25,desvio,perceptron_multicamadas,233.6833333333333,235.90361173855848,235.29999999999995
nyc,2008,p25,desvio,perceptron_multicamadas,229.53333333333333,230.66882444084163,235.29999999999995
nyc,2009,p25,desvio,perceptron_multicamadas,229.88333333333333,235.6861130172182,235.29999999999995
nyc,2010,p25,desvio,perceptron_multicamadas,231.7083333333333,232.90229466829243,235.29999999999995
nyc,2011,p25,desvio,perceptron_multicamadas,231.85,234.170151019253,235.29999999999995
nyc,2013,p25,desvio,perceptron_multicamadas,233.6,233.20209651389465,235.29999999999995
nyc,2014,p25,desvio,perceptron_multicamadas,236.75,233.3578140274666,234.1833333333333
nyc,2015,p25,desvio,perceptron_multicamadas,239.81666666666663,236.85197752014375,234.1833333333333
nyc,2016,p25,desvio,perceptron_multicamadas,238.89166666666665,240.09528695971397,234.1833333333333
nyc,2017,p25,desvio,perceptron_multicamadas,237.1833333333333,242.29265308882339,234.1833333333333
nyc,2018,p25,desvio,perceptron_multicamadas,237.16666666666663,228.6005252693972,234.1833333333333
nyc,2019,p25,desvio,perceptron_multicamadas,234.6833333333333,231.3663169700822,234.79999999999995
nyc,2022,p25,desvio,perceptron_multicamadas,247.9958333333333,244.85533157303743,234.1833333333333
nyc,2023,p25,desvio,perceptron_multicamadas,235.91666666666663,235.44052879275665,234.1833333333333
nyc,2024,p25,desvio,perceptron_multicamadas,228.86666666666667,234.13380654642393,235.29999999999995
rio,2023,p25,desvio,perceptron_multicamadas,226.96666666666667,222.90456002877644,225.45208333333332
rio,2024,p25,desvio,perceptron_multicamadas,224.7375,226.95511848832797,226.56666666666666
rio,2025,p25,desvio,perceptron_multicamadas,226.16666666666663,228.71340836462963,225.85208333333333
savannah,2011,p25,desvio,perceptron_multicamadas,239.45,250.8693199487114,241.96249999999998
savannah,2012,p25,desvio,perceptron_multicamadas,242.21666666666667,246.98028977382523,241.6208333333333
savannah,2013,p25,desvio,perceptron_multicamadas,241.7083333333333,245.76750443729878,241.875
savannah,2014,p25,desvio,perceptron_multicamadas,240.8958333333333,244.39863454456392,241.96249999999998
savannah,2015,p25,desvio,perceptron_multicamadas,229.2125,257.0086186367213,241.96249999999998
savannah,2016,p25,desvio,perceptron_multicamadas,251.58333333333331,242.5532288178844,241.6208333333333
savannah,2017,p25,desvio,perceptron_multicamadas,259.45,245.42130865224732,241.6208333333333
savannah,2018,p25,desvio,perceptron_multicamadas,241.53333333333333,241.60038143878367,241.96249999999998
savannah,2019,p25,desvio,perceptron_multicamadas,243.03333333333333,227.90401757012512,241.6208333333333
singapore,2014,p25,desvio,perceptron_multicamadas,310.0833333333333,304.2465490196683,304.30833333333334
singapore,2015,p25,desvio,perceptron_multicamadas,311.26666666666665,310.895027433245,304.30833333333334
singapore,2016,p25,desvio,perceptron_multicamadas,304.30833333333334,312.2243106716749,307.3666666666667
singapore,2017,p25,desvio,perceptron_multicamadas,307.3666666666667,304.61403155098736,304.30833333333334
singapore,2018,p25,desvio,perceptron_multicamadas,302.93333333333334,296.4733920741439,307.3666666666667
singapore,2019,p25,desvio,perceptron_multicamadas,310.01666666666665,300.07621930498425,304.30833333333334
singapore,2022,p25,desvio,perceptron_multicamadas,278.3666666666667,298.3259558793192,307.3666666666667
singapore,2023,p25,desvio,perceptron_multicamadas,283.325,299.23830876893464,307.3666666666667
berlin,2005,p50,referencia,media_global,248.08333333333331,281.1999281609195,242.30833333333334
berlin,2006,p50,referencia,media_global,253.51666666666668,281.1530890804598,242.30833333333334
berlin,2007,p50,referencia,media_global,242.25,281.2502155172414,243.81666666666666
berlin,2008,p50,referencia,media_global,242.36666666666667,281.24920977011493,243.75833333333333
berlin,2009,p50,referencia,media_global,250.11666666666667,281.1823994252874,242.30833333333334
berlin,2010,p50,referencia,media_global,241.05,281.2605603448276,243.81666666666666
berlin,2011,p50,referencia,media_global,245.26666666666668,281.22420977011495,242.30833333333334
berlin,2012,p50,referencia,media_global,241.06666666666663,281.26041666666663,243.81666666666666
berlin,2013,p50,referencia,media_global,239.6833333333333,281.272341954023,243.81666666666666
berlin,2014,p50,referencia,media_global,241.9333333333333,281.25294540229885,243.81666666666666
berlin,2015,p50,referencia,media_global,241.3083333333333,281.2583333333333,243.81666666666666
berlin,2016,p50,referencia,media_global,247.2333333333333,281.2072557471264,242.30833333333334
berlin,2017,p50,referencia,media_global,247.2,281.20754310344824,242.30833333333334
berlin,2018,p50,referencia,media_global,253.45,281.1536637931034,242.30833333333334
berlin,2019,p50,referencia,media_global,236.75833333333333,281.2975574712644,243.81666666666666
boston,2005,p50,referencia,media_global,233.05,281.329525862069,225.89583333333331
boston,2006,p50,referencia,media_global,224.78333333333333,281.40079022988505,227.14999999999998
boston,2007,p50,referencia,media_global,228.66666666666663,281.3673132183908,225.89583333333331
boston,2008,p50,referencia,media_global,226.21666666666667,281.388433908046,226.82916666666665
boston,2009,p50,referencia,media_global,224.08333333333331,281.4068247126437,227.14999999999998
boston,2010,p50,referencia,media_global,224.28333333333333,281.4051005747126,227.14999999999998
boston,2011,p50,referencia,media_global,224.9833333333333,281.399066091954,227.14999999999998
boston,2012,p50,referencia,media_global,251.06666666666663,281.1742097701149,225.89583333333331
boston,2013,p50,referencia,media_global,220.88333333333333,281.4344109195402,227.14999999999998
boston,2014,p50,referencia,media_global,232.2333333333333,281.336566091954,225.89583333333331
boston,2015,p50,referencia,media_global,219.66666666666663,281.44489942528736,227.14999999999998
boston,2016,p50,referencia,media_global,228.08333333333331,281.372341954023,225.89583333333331
boston,2017,p50,referencia,media_global,231.65833333333333,281.34152298850574,225.89583333333331
boston,2018,p50,referencia,media_global,228.6,281.3678879310345,225.89583333333331
boston,2019,p50,referencia,media_global,225.575,281.3939655172413,227.14999999999998
chicago,2005,p50,referencia,media_global,262.85,281.07262931034484,267.4583333333333
chicago,2006,p50,referencia,media_global,261.05,281.08814655172415,267.4583333333333
chicago,2007,p50,referencia,media_global,295.01666666666665,280.79533045977007,267.425
chicago,2008,p50,referencia,media_global,283.7,280.89288793103447,267.425
chicago,2009,p50,referencia,media_global,263.43333333333334,281.0676005747126,267.4583333333333
chicago,2010,p50,referencia,media_global,280.64166666666665,280.9192528735632,267.425
chicago,2011,p50,referencia,media_global,277.875,280.94310344827585,267.425
chicago,2012,p50,referencia,media_global,267.4,281.0334051724138,267.4583333333333
chicago,2013,p50,referencia,media_global,267.43333333333334,281.03311781609193,267.45
chicago,2014,p50,referencia,media_global,267.4166666666667,281.0332614942528,267.4583333333333
chicago,2015,p50,referencia,media_global,270.75,281.00452586206893,267.425
chicago,2016,p50,referencia,media_global,268.3833333333333,281.0249281609195,267.425
chicago,2017,p50,referencia,media_global,282.71666666666664,280.9013649425287,267.425
chicago,2018,p50,referencia,media_global,267.4833333333333,281.0326867816092,267.425
chicago,2019,p50,referencia,media_global,262.1083333333333,281.0790229885057,267.4583333333333
chicago,2022,p50,referencia,media_global,261.76666666666665,281.0819683908046,267.4583333333333
chicago,2023,p50,referencia,media_global,251.6833333333333,281.1688936781609,267.4583333333333
durban,2022,p50,referencia,media_global,237.78333333333333,281.2887212643678,249.84999999999997
durban,2024,p50,referencia,media_global,247.49166666666667,281.20502873563214,244.9958333333333
durban,2025,p50,referencia,media_global,252.2083333333333,281.1643678160919,242.6375
honolulu,2005,p50,referencia,media_global,339.4833333333333,280.41199712643675,351.41666666666663
honolulu,2006,p50,referencia,media_global,343.6166666666667,280.3763649425287,351.41666666666663
honolulu,2007,p50,referencia,media_global,350.06666666666666,280.32076149425285,351.41666666666663
honolulu,2008,p50,referencia,media_global,346.45,280.3519396551724,351.41666666666663
honolulu,2009,p50,referencia,media_global,344.7333333333333,280.3667385057471,351.41666666666663
honolulu,2010,p50,referencia,media_global,350.8666666666667,280.3138649425287,351.01666666666665
honolulu,2011,p50,referencia,media_global,346.6,280.3506465517241,351.41666666666663
honolulu,2012,p50,referencia,media_global,348.8,280.33168103448276,351.41666666666663
honolulu,2013,p50,referencia,media_global,367.55,280.1700431034483,350.4666666666667
honolulu,2014,p50,referencia,media_global,351.96666666666664,280.30438218390805,350.4666666666667
honolulu,2015,p50,referencia,media_global,372.05,280.13124999999997,350.4666666666667
honolulu,2016,p50,referencia,media_global,374.9583333333333,280.1061781609195,350.4666666666667
honolulu,2017,p50,referencia,media_global,369.35833333333335,280.1544540229885,350.4666666666667
honolulu,2018,p50,referencia,media_global,375.26666666666665,280.1035201149425,350.4666666666667
honolulu,2019,p50,referencia,media_global,381.78333333333336,280.04734195402295,350.4666666666667
long_beach,2010,p50,referencia,media_global,288.5083333333333,280.85143678160915,288.4
long_beach,2011,p50,referencia,media_global,297.1,280.77737068965513,288.4
long_beach,2012,p50,referencia,media_global,309.46666666666664,280.6707614942529,288.4
long_beach,2013,p50,referencia,media_global,279.81666666666666,280.9263649425287,288.5083333333333
long_beach,2014,p50,referencia,media_global,285.19166666666666,280.88002873563215,288.5083333333333
long_beach,2015,p50,referencia,media_global,315.2583333333333,280.6208333333333,288.4
long_beach,2016,p50,referencia,media_global,288.3833333333333,280.85251436781607,288.5083333333333
long_beach,2017,p50,referencia,media_global,288.4,280.8523706896552,288.5083333333333
long_beach,2018,p50,referencia,media_global,289.78333333333336,280.8404454022988,288.4
long_beach,2019,p50,referencia,media_global,283.95,280.8907327586207,288.5083333333333
maui,2010,p50,referencia,media_global,307.475,280.68793103448274,311.5
maui,2011,p50,referencia,media_global,301.18333333333334,280.7421695402299,312.3625
maui,2012,p50,referencia,media_global,305.75,280.70280172413794,312.3625
maui,2013,p50,referencia,media_global,317.25,280.60366379310346,306.6125
maui,2014,p50,referencia,media_global,320.56666666666666,280.57507183908046,306.6125
nyc,2005,p50,referencia,media_global,278.55,280.9372844827586,265.7583333333333
nyc,2006,p50,referencia,media_global,262.28333333333336,281.0775143678161,268.5333333333333
nyc,2007,p50,referencia,media_global,263.65,281.0657327586207,268.5333333333333
nyc,2008,p50,referencia,media_global,259.25,281.10366379310346,268.5333333333333
nyc,2009,p50,referencia,media_global,259.05,281.10538793103444,268.5333333333333
nyc,2010,p50,referencia,media_global,261.3333333333333,281.0857040229885,268.5333333333333
nyc,2011,p50,referencia,media_global,262.71666666666664,281.0737787356322,268.5333333333333
nyc,2013,p50,referencia,media_global,262.3333333333333,281.07708333333335,268.5333333333333
nyc,2014,p50,referencia,media_global,267.8666666666667,281.029382183908,266.42499999999995
nyc,2015,p50,referencia,media_global,273.1333333333333,280.98397988505747,265.7583333333333
nyc,2016,p50,referencia,media_global,271.46666666666664,280.9983477011494,265.7583333333333
nyc,2017,p50,referencia,media_global,270.45,281.0071120689655,265.7583333333333
nyc,2018,p50,referencia,media_global,272.03333333333336,280.99346264367813,265.7583333333333
nyc,2019,p50,referencia,media_global,269.2,281.01788793103447,265.7583333333333
nyc,2022,p50,referencia,media_global,284.75,280.88383620689655,265.7583333333333
nyc,2023,p50,referencia,media_global,272.78333333333336,280.9869971264368,265.7583333333333
nyc,2024,p50,referencia,media_global,263.55,281.0665948275862,268.5333333333333
rio,2023,p50,referencia,media_global,254.5833333333333,281.1438936781609,250.91666666666663
rio,2024,p50,referencia,media_global,251.4833333333333,281.1706178160919,252.46666666666664
rio,2025,p50,referencia,media_global,250.35,281.1803879310345,253.0333333333333
savannah,2011,p50,referencia,media_global,270.125,281.00991379310346,278.4083333333333
savannah,2012,p50,referencia,media_global,277.6166666666667,280.9453304597701,276.9583333333333
savannah,2013,p50,referencia,media_global,274.3833333333333,280.9732040229885,278.4083333333333
savannah,2014,p50,referencia,media_global,274.71666666666664,280.97033045977014,278.4083333333333
savannah,2015,p50,referencia,media_global,249.3083333333333,281.18936781609193,278.4083333333333
savannah,2016,p50,referencia,media_global,286.6166666666667,280.86774425287354,276.16666666666663
savannah,2017,p50,referencia,media_global,300.45,280.74849137931034,276.16666666666663
savannah,2018,p50,referencia,media_global,280.96666666666664,280.9164511494253,276.16666666666663
savannah,2019,p50,referencia,media_global,279.2,280.9316810344827,276.16666666666663
singapore,2014,p50,referencia,media_global,358.0,280.25237068965515,354.1333333333333
singapore,2015,p50,referencia,media_global,360.81666666666666,280.22808908045977,354.1333333333333
singapore,2016,p50,referencia,media_global,354.1333333333333,280.2857040229885,355.3666666666667
singapore,2017,p50,referencia,media_global,355.3666666666667,280.27507183908045,354.1333333333333
singapore,2018,p50,referencia,media_global,353.56666666666666,280.29058908045977,355.3666666666667
singapore,2019,p50,referencia,media_global,358.06666666666666,280.2517959770115,354.1333333333333
singapore,2022,p50,referencia,media_global,327.65,280.51400862068965,355.3666666666667
singapore,2023,p50,referencia,media_global,329.53333333333336,280.49777298850574,355.3666666666667
berlin,2005,p50,referencia,referencia_historica,248.08333333333331,242.30833333333334,242.30833333333334
berlin,2006,p50,referencia,referencia_historica,253.51666666666668,242.30833333333334,242.30833333333334
berlin,2007,p50,referencia,referencia_historica,242.25,243.81666666666666,243.81666666666666
berlin,2008,p50,referencia,referencia_historica,242.36666666666667,243.75833333333333,243.75833333333333
berlin,2009,p50,referencia,referencia_historica,250.11666666666667,242.30833333333334,242.30833333333334
berlin,2010,p50,referencia,referencia_historica,241.05,243.81666666666666,243.81666666666666
berlin,2011,p50,referencia,referencia_historica,245.26666666666668,242.30833333333334,242.30833333333334
berlin,2012,p50,referencia,referencia_historica,241.06666666666663,243.81666666666666,243.81666666666666
berlin,2013,p50,referencia,referencia_historica,239.6833333333333,243.81666666666666,243.81666666666666
berlin,2014,p50,referencia,referencia_historica,241.9333333333333,243.81666666666666,243.81666666666666
berlin,2015,p50,referencia,referencia_historica,241.3083333333333,243.81666666666666,243.81666666666666
berlin,2016,p50,referencia,referencia_historica,247.2333333333333,242.30833333333334,242.30833333333334
berlin,2017,p50,referencia,referencia_historica,247.2,242.30833333333334,242.30833333333334
berlin,2018,p50,referencia,referencia_historica,253.45,242.30833333333334,242.30833333333334
berlin,2019,p50,referencia,referencia_historica,236.75833333333333,243.81666666666666,243.81666666666666
boston,2005,p50,referencia,referencia_historica,233.05,225.89583333333331,225.89583333333331
boston,2006,p50,referencia,referencia_historica,224.78333333333333,227.14999999999998,227.14999999999998
boston,2007,p50,referencia,referencia_historica,228.66666666666663,225.89583333333331,225.89583333333331
boston,2008,p50,referencia,referencia_historica,226.21666666666667,226.82916666666665,226.82916666666665
boston,2009,p50,referencia,referencia_historica,224.08333333333331,227.14999999999998,227.14999999999998
boston,2010,p50,referencia,referencia_historica,224.28333333333333,227.14999999999998,227.14999999999998
boston,2011,p50,referencia,referencia_historica,224.9833333333333,227.14999999999998,227.14999999999998
boston,2012,p50,referencia,referencia_historica,251.06666666666663,225.89583333333331,225.89583333333331
boston,2013,p50,referencia,referencia_historica,220.88333333333333,227.14999999999998,227.14999999999998
boston,2014,p50,referencia,referencia_historica,232.2333333333333,225.89583333333331,225.89583333333331
boston,2015,p50,referencia,referencia_historica,219.66666666666663,227.14999999999998,227.14999999999998
boston,2016,p50,referencia,referencia_historica,228.08333333333331,225.89583333333331,225.89583333333331
boston,2017,p50,referencia,referencia_historica,231.65833333333333,225.89583333333331,225.89583333333331
boston,2018,p50,referencia,referencia_historica,228.6,225.89583333333331,225.89583333333331
boston,2019,p50,referencia,referencia_historica,225.575,227.14999999999998,227.14999999999998
chicago,2005,p50,referencia,referencia_historica,262.85,267.4583333333333,267.4583333333333
chicago,2006,p50,referencia,referencia_historica,261.05,267.4583333333333,267.4583333333333
chicago,2007,p50,referencia,referencia_historica,295.01666666666665,267.425,267.425
chicago,2008,p50,referencia,referencia_historica,283.7,267.425,267.425
chicago,2009,p50,referencia,referencia_historica,263.43333333333334,267.4583333333333,267.4583333333333
chicago,2010,p50,referencia,referencia_historica,280.64166666666665,267.425,267.425
chicago,2011,p50,referencia,referencia_historica,277.875,267.425,267.425
chicago,2012,p50,referencia,referencia_historica,267.4,267.4583333333333,267.4583333333333
chicago,2013,p50,referencia,referencia_historica,267.43333333333334,267.45,267.45
chicago,2014,p50,referencia,referencia_historica,267.4166666666667,267.4583333333333,267.4583333333333
chicago,2015,p50,referencia,referencia_historica,270.75,267.425,267.425
chicago,2016,p50,referencia,referencia_historica,268.3833333333333,267.425,267.425
chicago,2017,p50,referencia,referencia_historica,282.71666666666664,267.425,267.425
chicago,2018,p50,referencia,referencia_historica,267.4833333333333,267.425,267.425
chicago,2019,p50,referencia,referencia_historica,262.1083333333333,267.4583333333333,267.4583333333333
chicago,2022,p50,referencia,referencia_historica,261.76666666666665,267.4583333333333,267.4583333333333
chicago,2023,p50,referencia,referencia_historica,251.6833333333333,267.4583333333333,267.4583333333333
durban,2022,p50,referencia,referencia_historica,237.78333333333333,249.84999999999997,249.84999999999997
durban,2024,p50,referencia,referencia_historica,247.49166666666667,244.9958333333333,244.9958333333333
durban,2025,p50,referencia,referencia_historica,252.2083333333333,242.6375,242.6375
honolulu,2005,p50,referencia,referencia_historica,339.4833333333333,351.41666666666663,351.41666666666663
honolulu,2006,p50,referencia,referencia_historica,343.6166666666667,351.41666666666663,351.41666666666663
honolulu,2007,p50,referencia,referencia_historica,350.06666666666666,351.41666666666663,351.41666666666663
honolulu,2008,p50,referencia,referencia_historica,346.45,351.41666666666663,351.41666666666663
honolulu,2009,p50,referencia,referencia_historica,344.7333333333333,351.41666666666663,351.41666666666663
honolulu,2010,p50,referencia,referencia_historica,350.8666666666667,351.01666666666665,351.01666666666665
honolulu,2011,p50,referencia,referencia_historica,346.6,351.41666666666663,351.41666666666663
honolulu,2012,p50,referencia,referencia_historica,348.8,351.41666666666663,351.41666666666663
honolulu,2013,p50,referencia,referencia_historica,367.55,350.4666666666667,350.4666666666667
honolulu,2014,p50,referencia,referencia_historica,351.96666666666664,350.4666666666667,350.4666666666667
honolulu,2015,p50,referencia,referencia_historica,372.05,350.4666666666667,350.4666666666667
honolulu,2016,p50,referencia,referencia_historica,374.9583333333333,350.4666666666667,350.4666666666667
honolulu,2017,p50,referencia,referencia_historica,369.35833333333335,350.4666666666667,350.4666666666667
honolulu,2018,p50,referencia,referencia_historica,375.26666666666665,350.4666666666667,350.4666666666667
honolulu,2019,p50,referencia,referencia_historica,381.78333333333336,350.4666666666667,350.4666666666667
long_beach,2010,p50,referencia,referencia_historica,288.5083333333333,288.4,288.4
long_beach,2011,p50,referencia,referencia_historica,297.1,288.4,288.4
long_beach,2012,p50,referencia,referencia_historica,309.46666666666664,288.4,288.4
long_beach,2013,p50,referencia,referencia_historica,279.81666666666666,288.5083333333333,288.5083333333333
long_beach,2014,p50,referencia,referencia_historica,285.19166666666666,288.5083333333333,288.5083333333333
long_beach,2015,p50,referencia,referencia_historica,315.2583333333333,288.4,288.4
long_beach,2016,p50,referencia,referencia_historica,288.3833333333333,288.5083333333333,288.5083333333333
long_beach,2017,p50,referencia,referencia_historica,288.4,288.5083333333333,288.5083333333333
long_beach,2018,p50,referencia,referencia_historica,289.78333333333336,288.4,288.4
long_beach,2019,p50,referencia,referencia_historica,283.95,288.5083333333333,288.5083333333333
maui,2010,p50,referencia,referencia_historica,307.475,311.5,311.5
maui,2011,p50,referencia,referencia_historica,301.18333333333334,312.3625,312.3625
maui,2012,p50,referencia,referencia_historica,305.75,312.3625,312.3625
maui,2013,p50,referencia,referencia_historica,317.25,306.6125,306.6125
maui,2014,p50,referencia,referencia_historica,320.56666666666666,306.6125,306.6125
nyc,2005,p50,referencia,referencia_historica,278.55,265.7583333333333,265.7583333333333
nyc,2006,p50,referencia,referencia_historica,262.28333333333336,268.5333333333333,268.5333333333333
nyc,2007,p50,referencia,referencia_historica,263.65,268.5333333333333,268.5333333333333
nyc,2008,p50,referencia,referencia_historica,259.25,268.5333333333333,268.5333333333333
nyc,2009,p50,referencia,referencia_historica,259.05,268.5333333333333,268.5333333333333
nyc,2010,p50,referencia,referencia_historica,261.3333333333333,268.5333333333333,268.5333333333333
nyc,2011,p50,referencia,referencia_historica,262.71666666666664,268.5333333333333,268.5333333333333
nyc,2013,p50,referencia,referencia_historica,262.3333333333333,268.5333333333333,268.5333333333333
nyc,2014,p50,referencia,referencia_historica,267.8666666666667,266.42499999999995,266.42499999999995
nyc,2015,p50,referencia,referencia_historica,273.1333333333333,265.7583333333333,265.7583333333333
nyc,2016,p50,referencia,referencia_historica,271.46666666666664,265.7583333333333,265.7583333333333
nyc,2017,p50,referencia,referencia_historica,270.45,265.7583333333333,265.7583333333333
nyc,2018,p50,referencia,referencia_historica,272.03333333333336,265.7583333333333,265.7583333333333
nyc,2019,p50,referencia,referencia_historica,269.2,265.7583333333333,265.7583333333333
nyc,2022,p50,referencia,referencia_historica,284.75,265.7583333333333,265.7583333333333
nyc,2023,p50,referencia,referencia_historica,272.78333333333336,265.7583333333333,265.7583333333333
nyc,2024,p50,referencia,referencia_historica,263.55,268.5333333333333,268.5333333333333
rio,2023,p50,referencia,referencia_historica,254.5833333333333,250.91666666666663,250.91666666666663
rio,2024,p50,referencia,referencia_historica,251.4833333333333,252.46666666666664,252.46666666666664
rio,2025,p50,referencia,referencia_historica,250.35,253.0333333333333,253.0333333333333
savannah,2011,p50,referencia,referencia_historica,270.125,278.4083333333333,278.4083333333333
savannah,2012,p50,referencia,referencia_historica,277.6166666666667,276.9583333333333,276.9583333333333
savannah,2013,p50,referencia,referencia_historica,274.3833333333333,278.4083333333333,278.4083333333333
savannah,2014,p50,referencia,referencia_historica,274.71666666666664,278.4083333333333,278.4083333333333
savannah,2015,p50,referencia,referencia_historica,249.3083333333333,278.4083333333333,278.4083333333333
savannah,2016,p50,referencia,referencia_historica,286.6166666666667,276.16666666666663,276.16666666666663
savannah,2017,p50,referencia,referencia_historica,300.45,276.16666666666663,276.16666666666663
savannah,2018,p50,referencia,referencia_historica,280.96666666666664,276.16666666666663,276.16666666666663
savannah,2019,p50,referencia,referencia_historica,279.2,276.16666666666663,276.16666666666663
singapore,2014,p50,referencia,referencia_historica,358.0,354.1333333333333,354.1333333333333
singapore,2015,p50,referencia,referencia_historica,360.81666666666666,354.1333333333333,354.1333333333333
singapore,2016,p50,referencia,referencia_historica,354.1333333333333,355.3666666666667,355.3666666666667
singapore,2017,p50,referencia,referencia_historica,355.3666666666667,354.1333333333333,354.1333333333333
singapore,2018,p50,referencia,referencia_historica,353.56666666666666,355.3666666666667,355.3666666666667
singapore,2019,p50,referencia,referencia_historica,358.06666666666666,354.1333333333333,354.1333333333333
singapore,2022,p50,referencia,referencia_historica,327.65,355.3666666666667,355.3666666666667
singapore,2023,p50,referencia,referencia_historica,329.53333333333336,355.3666666666667,355.3666666666667
berlin,2005,p50,absoluto,linear,248.08333333333331,244.80869266625083,242.30833333333334
berlin,2006,p50,absoluto,linear,253.51666666666668,248.35582361340096,242.30833333333334
berlin,2007,p50,absoluto,linear,242.25,243.91224800579428,243.81666666666666
berlin,2008,p50,absoluto,linear,242.36666666666667,240.11800390577073,243.75833333333333
berlin,2009,p50,absoluto,linear,250.11666666666667,253.36625297861215,242.30833333333334
berlin,2010,p50,absoluto,linear,241.05,231.07941832057537,243.81666666666666
berlin,2011,p50,absoluto,linear,245.26666666666668,248.58573470860742,242.30833333333334
berlin,2012,p50,absoluto,linear,241.06666666666663,242.90376764279102,243.81666666666666
berlin,2013,p50,absoluto,linear,239.6833333333333,237.19024279666007,243.81666666666666
berlin,2014,p50,absoluto,linear,241.9333333333333,246.11677768485688,243.81666666666666
berlin,2015,p50,absoluto,linear,241.3083333333333,246.50331226681317,243.81666666666666
berlin,2016,p50,absoluto,linear,247.2333333333333,253.4845652380058,242.30833333333334
berlin,2017,p50,absoluto,linear,247.2,250.49403746693923,242.30833333333334
berlin,2018,p50,absoluto,linear,253.45,241.75268508812587,242.30833333333334
berlin,2019,p50,absoluto,linear,236.75833333333333,235.26495052856274,243.81666666666666
boston,2005,p50,absoluto,linear,233.05,220.8518552047677,225.89583333333331
boston,2006,p50,absoluto,linear,224.78333333333333,217.03190477580426,227.14999999999998
boston,2007,p50,absoluto,linear,228.66666666666663,194.92226126276628,225.89583333333331
boston,2008,p50,absoluto,linear,226.21666666666667,236.33019855784983,226.82916666666665
boston,2009,p50,absoluto,linear,224.08333333333331,217.99715414769372,227.14999999999998
boston,2010,p50,absoluto,linear,224.28333333333333,200.24252477352653,227.14999999999998
boston,2011,p50,absoluto,linear,224.9833333333333,232.37770035437748,227.14999999999998
boston,2012,p50,absoluto,linear,251.06666666666663,246.97447804833143,225.89583333333331
boston,2013,p50,absoluto,linear,220.88333333333333,234.21168416346853,227.14999999999998
boston,2014,p50,absoluto,linear,232.2333333333333,232.95298954447003,225.89583333333331
boston,2015,p50,absoluto,linear,219.66666666666663,219.48883392478513,227.14999999999998
boston,2016,p50,absoluto,linear,228.08333333333331,254.5114781307533,225.89583333333331
boston,2017,p50,absoluto,linear,231.65833333333333,262.2206202113608,225.89583333333331
boston,2018,p50,absoluto,linear,228.6,212.61011986436495,225.89583333333331
boston,2019,p50,absoluto,linear,225.575,220.56185941300453,227.14999999999998
chicago,2005,p50,absoluto,linear,262.85,257.66030172644037,267.4583333333333
chicago,2006,p50,absoluto,linear,261.05,256.8355753724013,267.4583333333333
chicago,2007,p50,absoluto,linear,295.01666666666665,281.3548864596752,267.425
chicago,2008,p50,absoluto,linear,283.7,280.3709976839379,267.425
chicago,2009,p50,absoluto,linear,263.43333333333334,259.57869850667146,267.4583333333333
chicago,2010,p50,absoluto,linear,280.64166666666665,289.6898125115428,267.425
chicago,2011,p50,absoluto,linear,277.875,285.623689062268,267.425
chicago,2012,p50,absoluto,linear,267.4,265.637848107419,267.4583333333333
chicago,2013,p50,absoluto,linear,267.43333333333334,258.7904909016586,267.45
chicago,2014,p50,absoluto,linear,267.4166666666667,265.0554352478897,267.4583333333333
chicago,2015,p50,absoluto,linear,270.75,270.35576204344716,267.425
chicago,2016,p50,absoluto,linear,268.3833333333333,262.07078419125605,267.425
chicago,2017,p50,absoluto,linear,282.71666666666664,272.58166433004027,267.425
chicago,2018,p50,absoluto,linear,267.4833333333333,264.8920764200712,267.425
chicago,2019,p50,absoluto,linear,262.1083333333333,259.95877284067393,267.4583333333333
chicago,2022,p50,absoluto,linear,261.76666666666665,274.51774293206665,267.4583333333333
chicago,2023,p50,absoluto,linear,251.6833333333333,284.74656360068826,267.4583333333333
durban,2022,p50,absoluto,linear,237.78333333333333,233.05397654497963,249.84999999999997
durban,2024,p50,absoluto,linear,247.49166666666667,252.21073951281818,244.9958333333333
durban,2025,p50,absoluto,linear,252.2083333333333,250.27338501810306,242.6375
honolulu,2005,p50,absoluto,linear,339.4833333333333,360.9462431087816,351.41666666666663
honolulu,2006,p50,absoluto,linear,343.6166666666667,365.32269899479616,351.41666666666663
honolulu,2007,p50,absoluto,linear,350.06666666666666,358.0269770327948,351.41666666666663
honolulu,2008,p50,absoluto,linear,346.45,346.04308601740985,351.41666666666663
honolulu,2009,p50,absoluto,linear,344.7333333333333,357.3012112606861,351.41666666666663
honolulu,2010,p50,absoluto,linear,350.8666666666667,352.03553661593685,351.01666666666665
honolulu,2011,p50,absoluto,linear,346.6,353.90617392789034,351.41666666666663
honolulu,2012,p50,absoluto,linear,348.8,355.06413518806903,351.41666666666663
honolulu,2013,p50,absoluto,linear,367.55,363.80374798865023,350.4666666666667
honolulu,2014,p50,absoluto,linear,351.96666666666664,369.500681893208,350.4666666666667
honolulu,2015,p50,absoluto,linear,372.05,358.116101726425,350.4666666666667
honolulu,2016,p50,absoluto,linear,374.9583333333333,361.6566788460831,350.4666666666667
honolulu,2017,p50,absoluto,linear,369.35833333333335,360.5169706385316,350.4666666666667
honolulu,2018,p50,absoluto,linear,375.26666666666665,351.1051566517991,350.4666666666667
honolulu,2019,p50,absoluto,linear,381.78333333333336,357.28526138088864,350.4666666666667
long_beach,2010,p50,absoluto,linear,288.5083333333333,289.05949212989066,288.4
long_beach,2011,p50,absoluto,linear,297.1,294.36531881339005,288.4
long_beach,2012,p50,absoluto,linear,309.46666666666664,290.3289595999346,288.4
long_beach,2013,p50,absoluto,linear,279.81666666666666,284.1020338887757,288.5083333333333
long_beach,2014,p50,absoluto,linear,285.19166666666666,291.10092204589165,288.5083333333333
long_beach,2015,p50,absoluto,linear,315.2583333333333,301.5112529764921,288.4
long_beach,2016,p50,absoluto,linear,288.3833333333333,303.10566313628965,288.5083333333333
long_beach,2017,p50,absoluto,linear,288.4,289.37325082980146,288.5083333333333
long_beach,2018,p50,absoluto,linear,289.78333333333336,288.8701191791611,288.4
long_beach,2019,p50,absoluto,linear,283.95,290.1796787999508,288.5083333333333
maui,2010,p50,absoluto,linear,307.475,312.0439654690735,311.5
maui,2011,p50,absoluto,linear,301.18333333333334,320.4750409605879,312.3625
maui,2012,p50,absoluto,linear,305.75,312.8743093226848,312.3625
maui,2013,p50,absoluto,linear,317.25,307.15943033164825,306.6125
maui,2014,p50,absoluto,linear,320.56666666666666,259.47260340442995,306.6125
nyc,2005,p50,absoluto,linear,278.55,274.0598912118745,265.7583333333333
nyc,2006,p50,absoluto,linear,262.28333333333336,257.6555124541231,268.5333333333333
nyc,2007,p50,absoluto,linear,263.65,266.227001402744,268.5333333333333
nyc,2008,p50,absoluto,linear,259.25,258.9898829519316,268.5333333333333
nyc,2009,p50,absoluto,linear,259.05,279.8617863235211,268.5333333333333
nyc,2010,p50,absoluto,linear,261.3333333333333,256.9368628718976,268.5333333333333
nyc,2011,p50,absoluto,linear,262.71666666666664,263.0212923706803,268.5333333333333
nyc,2013,p50,absoluto,linear,262.3333333333333,271.98772769451017,268.5333333333333
nyc,2014,p50,absoluto,linear,267.8666666666667,261.1766099927325,266.42499999999995
nyc,2015,p50,absoluto,linear,273.1333333333333,270.2167855955122,265.7583333333333
nyc,2016,p50,absoluto,linear,271.46666666666664,264.38748853787564,265.7583333333333
nyc,2017,p50,absoluto,linear,270.45,272.52754693580897,265.7583333333333
nyc,2018,p50,absoluto,linear,272.03333333333336,264.32266175536347,265.7583333333333
nyc,2019,p50,absoluto,linear,269.2,264.26910108090937,265.7583333333333
nyc,2022,p50,absoluto,linear,284.75,282.3274666880157,265.7583333333333
nyc,2023,p50,absoluto,linear,272.78333333333336,274.515264908861,265.7583333333333
nyc,2024,p50,absoluto,linear,263.55,271.54307912224004,268.5333333333333
rio,2023,p50,absoluto,linear,254.5833333333333,246.45691694151952,250.91666666666663
rio,2024,p50,absoluto,linear,251.4833333333333,258.129607635471,252.46666666666664
rio,2025,p50,absoluto,linear,250.35,257.7823216235935,253.0333333333333
savannah,2011,p50,absoluto,linear,270.125,271.3647266005305,278.4083333333333
savannah,2012,p50,absoluto,linear,277.6166666666667,282.1078713225382,276.9583333333333
savannah,2013,p50,absoluto,linear,274.3833333333333,282.0100379577278,278.4083333333333
savannah,2014,p50,absoluto,linear,274.71666666666664,278.97213895757244,278.4083333333333
savannah,2015,p50,absoluto,linear,249.3083333333333,308.8577416875093,278.4083333333333
savannah,2016,p50,absoluto,linear,286.6166666666667,271.38376267465725,276.16666666666663
savannah,2017,p50,absoluto,linear,300.45,278.96986265220136,276.16666666666663
savannah,2018,p50,absoluto,linear,280.96666666666664,262.385368412742,276.16666666666663
savannah,2019,p50,absoluto,linear,279.2,270.6130552498871,276.16666666666663
singapore,2014,p50,absoluto,linear,358.0,346.4135290080426,354.1333333333333
singapore,2015,p50,absoluto,linear,360.81666666666666,349.54317698302697,354.1333333333333
singapore,2016,p50,absoluto,linear,354.1333333333333,352.41781794362026,355.3666666666667
singapore,2017,p50,absoluto,linear,355.3666666666667,348.27239312189005,354.1333333333333
singapore,2018,p50,absoluto,linear,353.56666666666666,344.1293939976979,355.3666666666667
singapore,2019,p50,absoluto,linear,358.06666666666666,456.2417257793368,354.1333333333333
singapore,2022,p50,absoluto,linear,327.65,352.91263603288496,355.3666666666667
singapore,2023,p50,absoluto,linear,329.53333333333336,351.04270138420486,355.3666666666667
berlin,2005,p50,absoluto,ridge,248.08333333333331,246.11292371742195,242.30833333333334
berlin,2006,p50,absoluto,ridge,253.51666666666668,250.51090889861726,242.30833333333334
berlin,2007,p50,absoluto,ridge,242.25,241.6676484669278,243.81666666666666
berlin,2008,p50,absoluto,ridge,242.36666666666667,241.821626277957,243.75833333333333
berlin,2009,p50,absoluto,ridge,250.11666666666667,248.39242721661785,242.30833333333334
berlin,2010,p50,absoluto,ridge,241.05,233.8991375867909,243.81666666666666
berlin,2011,p50,absoluto,ridge,245.26666666666668,249.03975257810663,242.30833333333334
berlin,2012,p50,absoluto,ridge,241.06666666666663,244.25717602509386,243.81666666666666
berlin,2013,p50,absoluto,ridge,239.6833333333333,240.21774163814277,243.81666666666666
berlin,2014,p50,absoluto,ridge,241.9333333333333,246.64277025579244,243.81666666666666
berlin,2015,p50,absoluto,ridge,241.3083333333333,246.16239938759875,243.81666666666666
berlin,2016,p50,absoluto,ridge,247.2333333333333,253.52243118162747,242.30833333333334
berlin,2017,p50,absoluto,ridge,247.2,252.94403103505243,242.30833333333334
berlin,2018,p50,absoluto,ridge,253.45,243.0340180820691,242.30833333333334
berlin,2019,p50,absoluto,ridge,236.75833333333333,226.05809396519027,243.81666666666666
boston,2005,p50,absoluto,ridge,233.05,227.7679181256642,225.89583333333331
boston,2006,p50,absoluto,ridge,224.78333333333333,224.70771457037733,227.14999999999998
boston,2007,p50,absoluto,ridge,228.66666666666663,197.64206346647688,225.89583333333331
boston,2008,p50,absoluto,ridge,226.21666666666667,228.1231823801447,226.82916666666665
boston,2009,p50,absoluto,ridge,224.08333333333331,219.9720494015754,227.14999999999998
boston,2010,p50,absoluto,ridge,224.28333333333333,224.520961225785,227.14999999999998
boston,2011,p50,absoluto,ridge,224.9833333333333,228.97816862541924,227.14999999999998
boston,2012,p50,absoluto,ridge,251.06666666666663,242.29246290055846,225.89583333333331
boston,2013,p50,absoluto,ridge,220.88333333333333,229.55241575523877,227.14999999999998
boston,2014,p50,absoluto,ridge,232.2333333333333,230.07591511391794,225.89583333333331
boston,2015,p50,absoluto,ridge,219.66666666666663,218.12471297325746,227.14999999999998
boston,2016,p50,absoluto,ridge,228.08333333333331,240.07305343088984,225.89583333333331
boston,2017,p50,absoluto,ridge,231.65833333333333,254.72572276715613,225.89583333333331
boston,2018,p50,absoluto,ridge,228.6,241.00289523167464,225.89583333333331
boston,2019,p50,absoluto,ridge,225.575,224.995780758582,227.14999999999998
chicago,2005,p50,absoluto,ridge,262.85,261.1169616889481,267.4583333333333
chicago,2006,p50,absoluto,ridge,261.05,251.72735671381693,267.4583333333333
chicago,2007,p50,absoluto,ridge,295.01666666666665,282.40413680109776,267.425
chicago,2008,p50,absoluto,ridge,283.7,283.22664762617853,267.425
chicago,2009,p50,absoluto,ridge,263.43333333333334,254.82258071445054,267.4583333333333
chicago,2010,p50,absoluto,ridge,280.64166666666665,287.90336559353193,267.425
chicago,2011,p50,absoluto,ridge,277.875,282.5064544878108,267.425
chicago,2012,p50,absoluto,ridge,267.4,264.2377790250066,267.4583333333333
chicago,2013,p50,absoluto,ridge,267.43333333333334,267.17570871615493,267.45
chicago,2014,p50,absoluto,ridge,267.4166666666667,265.0510525928528,267.4583333333333
chicago,2015,p50,absoluto,ridge,270.75,272.5164205374922,267.425
chicago,2016,p50,absoluto,ridge,268.3833333333333,266.2270755510303,267.425
chicago,2017,p50,absoluto,ridge,282.71666666666664,275.47846117993026,267.425
chicago,2018,p50,absoluto,ridge,267.4833333333333,266.17901811854546,267.425
chicago,2019,p50,absoluto,ridge,262.1083333333333,258.0448454726013,267.4583333333333
chicago,2022,p50,absoluto,ridge,261.76666666666665,272.21813736368705,267.4583333333333
chicago,2023,p50,absoluto,ridge,251.6833333333333,280.9364664468808,267.4583333333333
durban,2022,p50,absoluto,ridge,237.78333333333333,251.0662906572135,249.84999999999997
durban,2024,p50,absoluto,ridge,247.49166666666667,250.49902049716,244.9958333333333
durban,2025,p50,absoluto,ridge,252.2083333333333,245.18046317267556,242.6375
honolulu,2005,p50,absoluto,ridge,339.4833333333333,363.29988551586814,351.41666666666663
honolulu,2006,p50,absoluto,ridge,343.6166666666667,361.3702698269305,351.41666666666663
honolulu,2007,p50,absoluto,ridge,350.06666666666666,358.62586656486457,351.41666666666663
honolulu,2008,p50,absoluto,ridge,346.45,345.3656141957704,351.41666666666663
honolulu,2009,p50,absoluto,ridge,344.7333333333333,359.03377112035594,351.41666666666663
honolulu,2010,p50,absoluto,ridge,350.8666666666667,355.61255777969626,351.01666666666665
honolulu,2011,p50,absoluto,ridge,346.6,354.432055778931,351.41666666666663
honolulu,2012,p50,absoluto,ridge,348.8,357.2809405211162,351.41666666666663
honolulu,2013,p50,absoluto,ridge,367.55,362.2310571897448,350.4666666666667
honolulu,2014,p50,absoluto,ridge,351.96666666666664,363.6009943541123,350.4666666666667
honolulu,2015,p50,absoluto,ridge,372.05,358.5215476179545,350.4666666666667
honolulu,2016,p50,absoluto,ridge,374.9583333333333,358.71853150507735,350.4666666666667
honolulu,2017,p50,absoluto,ridge,369.35833333333335,357.9637628132873,350.4666666666667
honolulu,2018,p50,absoluto,ridge,375.26666666666665,347.11033235805024,350.4666666666667
honolulu,2019,p50,absoluto,ridge,381.78333333333336,356.299244992079,350.4666666666667
long_beach,2010,p50,absoluto,ridge,288.5083333333333,289.8806610563111,288.4
long_beach,2011,p50,absoluto,ridge,297.1,293.1389442161014,288.4
long_beach,2012,p50,absoluto,ridge,309.46666666666664,289.8991477217945,288.4
long_beach,2013,p50,absoluto,ridge,279.81666666666666,285.7628271971452,288.5083333333333
long_beach,2014,p50,absoluto,ridge,285.19166666666666,293.17848218628404,288.5083333333333
long_beach,2015,p50,absoluto,ridge,315.2583333333333,304.60039152693673,288.4
long_beach,2016,p50,absoluto,ridge,288.3833333333333,300.2090898995675,288.5083333333333
long_beach,2017,p50,absoluto,ridge,288.4,289.13696947242636,288.5083333333333
long_beach,2018,p50,absoluto,ridge,289.78333333333336,285.0152545243395,288.4
long_beach,2019,p50,absoluto,ridge,283.95,289.62965764079587,288.5083333333333
maui,2010,p50,absoluto,ridge,307.475,312.0574264746645,311.5
maui,2011,p50,absoluto,ridge,301.18333333333334,315.78893395335444,312.3625
maui,2012,p50,absoluto,ridge,305.75,307.9154334003088,312.3625
maui,2013,p50,absoluto,ridge,317.25,308.12408100907345,306.6125
maui,2014,p50,absoluto,ridge,320.56666666666666,279.3011923667335,306.6125
nyc,2005,p50,absoluto,ridge,278.55,274.44300624134377,265.7583333333333
nyc,2006,p50,absoluto,ridge,262.28333333333336,258.8828680385151,268.5333333333333
nyc,2007,p50,absoluto,ridge,263.65,266.56486970364705,268.5333333333333
nyc,2008,p50,absoluto,ridge,259.25,259.4977474625717,268.5333333333333
nyc,2009,p50,absoluto,ridge,259.05,275.4598865104601,268.5333333333333
nyc,2010,p50,absoluto,ridge,261.3333333333333,258.6249229271853,268.5333333333333
nyc,2011,p50,absoluto,ridge,262.71666666666664,260.81037946905775,268.5333333333333
nyc,2013,p50,absoluto,ridge,262.3333333333333,268.5256491106474,268.5333333333333
nyc,2014,p50,absoluto,ridge,267.8666666666667,260.6834653273984,266.42499999999995
nyc,2015,p50,absoluto,ridge,273.1333333333333,269.48721083034764,265.7583333333333
nyc,2016,p50,absoluto,ridge,271.46666666666664,268.34190004498663,265.7583333333333
nyc,2017,p50,absoluto,ridge,270.45,274.22389329950954,265.7583333333333
nyc,2018,p50,absoluto,ridge,272.03333333333336,265.33806336016954,265.7583333333333
nyc,2019,p50,absoluto,ridge,269.2,263.51544719422037,265.7583333333333
nyc,2022,p50,absoluto,ridge,284.75,284.43845861285325,265.7583333333333
nyc,2023,p50,absoluto,ridge,272.78333333333336,276.08533902024107,265.7583333333333
nyc,2024,p50,absoluto,ridge,263.55,271.8990056603398,268.5333333333333
rio,2023,p50,absoluto,ridge,254.5833333333333,252.09178099431455,250.91666666666663
rio,2024,p50,absoluto,ridge,251.4833333333333,255.54344395370177,252.46666666666664
rio,2025,p50,absoluto,ridge,250.35,256.54024646356874,253.0333333333333
savannah,2011,p50,absoluto,ridge,270.125,271.98257376124366,278.4083333333333
savannah,2012,p50,absoluto,ridge,277.6166666666667,278.7175085194216,276.9583333333333
savannah,2013,p50,absoluto,ridge,274.3833333333333,281.0725643640118,278.4083333333333
savannah,2014,p50,absoluto,ridge,274.71666666666664,278.4411477682245,278.4083333333333
savannah,2015,p50,absoluto,ridge,249.3083333333333,311.2685825125815,278.4083333333333
savannah,2016,p50,absoluto,ridge,286.6166666666667,275.0770938935362,276.16666666666663
savannah,2017,p50,absoluto,ridge,300.45,277.41483444448215,276.16666666666663
savannah,2018,p50,absoluto,ridge,280.96666666666664,265.3645605907957,276.16666666666663
savannah,2019,p50,absoluto,ridge,279.2,269.9395847788752,276.16666666666663
singapore,2014,p50,absoluto,ridge,358.0,346.32677086298844,354.1333333333333
singapore,2015,p50,absoluto,ridge,360.81666666666666,347.95701986674044,354.1333333333333
singapore,2016,p50,absoluto,ridge,354.1333333333333,348.77383969826695,355.3666666666667
singapore,2017,p50,absoluto,ridge,355.3666666666667,346.30258710585315,354.1333333333333
singapore,2018,p50,absoluto,ridge,353.56666666666666,343.9149128540721,355.3666666666667
singapore,2019,p50,absoluto,ridge,358.06666666666666,366.1619627985042,354.1333333333333
singapore,2022,p50,absoluto,ridge,327.65,350.8398842053833,355.3666666666667
singapore,2023,p50,absoluto,ridge,329.53333333333336,353.33845263932534,355.3666666666667
berlin,2005,p50,absoluto,floresta_aleatoria,248.08333333333331,245.9634441137566,242.30833333333334
berlin,2006,p50,absoluto,floresta_aleatoria,253.51666666666668,254.5992318700395,242.30833333333334
berlin,2007,p50,absoluto,floresta_aleatoria,242.25,238.68371867559551,243.81666666666666
berlin,2008,p50,absoluto,floresta_aleatoria,242.36666666666667,241.19624047619084,243.75833333333333
berlin,2009,p50,absoluto,floresta_aleatoria,250.11666666666667,248.4349496941139,242.30833333333334
berlin,2010,p50,absoluto,floresta_aleatoria,241.05,241.37512519841275,243.81666666666666
berlin,2011,p50,absoluto,floresta_aleatoria,245.26666666666668,248.71743729331996,242.30833333333334
berlin,2012,p50,absoluto,floresta_aleatoria,241.06666666666663,240.6096388640873,243.81666666666666
berlin,2013,p50,absoluto,floresta_aleatoria,239.6833333333333,236.26722580191802,243.81666666666666
berlin,2014,p50,absoluto,floresta_aleatoria,241.9333333333333,246.16084421146,243.81666666666666
berlin,2015,p50,absoluto,floresta_aleatoria,241.3083333333333,240.6285233878968,243.81666666666666
berlin,2016,p50,absoluto,floresta_aleatoria,247.2333333333333,246.1276952132939,242.30833333333334
berlin,2017,p50,absoluto,floresta_aleatoria,247.2,241.91152690972237,242.30833333333334
berlin,2018,p50,absoluto,floresta_aleatoria,253.45,243.36496803075406,242.30833333333334
berlin,2019,p50,absoluto,floresta_aleatoria,236.75833333333333,241.570099834656,243.81666666666666
boston,2005,p50,absoluto,floresta_aleatoria,233.05,229.97314940476176,225.89583333333331
boston,2006,p50,absoluto,floresta_aleatoria,224.78333333333333,226.6879672619048,227.14999999999998
boston,2007,p50,absoluto,floresta_aleatoria,228.66666666666663,226.75663467261882,225.89583333333331
boston,2008,p50,absoluto,floresta_aleatoria,226.21666666666667,229.00232634755295,226.82916666666665
boston,2009,p50,absoluto,floresta_aleatoria,224.08333333333331,223.99326760912678,227.14999999999998
boston,2010,p50,absoluto,floresta_aleatoria,224.28333333333333,227.6211677744707,227.14999999999998
boston,2011,p50,absoluto,floresta_aleatoria,224.9833333333333,227.9190423611111,227.14999999999998
boston,2012,p50,absoluto,floresta_aleatoria,251.06666666666663,245.63936537698387,225.89583333333331
boston,2013,p50,absoluto,floresta_aleatoria,220.88333333333333,225.2245140790344,227.14999999999998
boston,2014,p50,absoluto,floresta_aleatoria,232.2333333333333,231.19994763558182,225.89583333333331
boston,2015,p50,absoluto,floresta_aleatoria,219.66666666666663,226.24418358134918,227.14999999999998
boston,2016,p50,absoluto,floresta_aleatoria,228.08333333333331,230.56787148644176,225.89583333333331
boston,2017,p50,absoluto,floresta_aleatoria,231.65833333333333,237.40694046792302,225.89583333333331
boston,2018,p50,absoluto,floresta_aleatoria,228.6,229.22908641699726,225.89583333333331
boston,2019,p50,absoluto,floresta_aleatoria,225.575,239.90148858300248,227.14999999999998
chicago,2005,p50,absoluto,floresta_aleatoria,262.85,265.33753435019855,267.4583333333333
chicago,2006,p50,absoluto,floresta_aleatoria,261.05,264.15497924107166,267.4583333333333
chicago,2007,p50,absoluto,floresta_aleatoria,295.01666666666665,330.81435282738113,267.425
chicago,2008,p50,absoluto,floresta_aleatoria,283.7,279.1783835648146,267.425
chicago,2009,p50,absoluto,floresta_aleatoria,263.43333333333334,263.44852315115406,267.4583333333333
chicago,2010,p50,absoluto,floresta_aleatoria,280.64166666666665,283.0216654017854,267.425
chicago,2011,p50,absoluto,floresta_aleatoria,277.875,281.64807750496027,267.425
chicago,2012,p50,absoluto,floresta_aleatoria,267.4,262.2478564905,267.4583333333333
chicago,2013,p50,absoluto,floresta_aleatoria,267.43333333333334,269.00024585888644,267.45
chicago,2014,p50,absoluto,floresta_aleatoria,267.4166666666667,265.7782374255953,267.4583333333333
chicago,2015,p50,absoluto,floresta_aleatoria,270.75,278.4344031415345,267.425
chicago,2016,p50,absoluto,floresta_aleatoria,268.3833333333333,268.58848205191765,267.425
chicago,2017,p50,absoluto,floresta_aleatoria,282.71666666666664,276.66602992724853,267.425
chicago,2018,p50,absoluto,floresta_aleatoria,267.4833333333333,270.2304803984788,267.425
chicago,2019,p50,absoluto,floresta_aleatoria,262.1083333333333,264.1200835152117,267.4583333333333
chicago,2022,p50,absoluto,floresta_aleatoria,261.76666666666665,271.682669229497,267.4583333333333
chicago,2023,p50,absoluto,floresta_aleatoria,251.6833333333333,265.5743240410055,267.4583333333333
durban,2022,p50,absoluto,floresta_aleatoria,237.78333333333333,276.8703059854496,249.84999999999997
durban,2024,p50,absoluto,floresta_aleatoria,247.49166666666667,272.25771061507965,244.9958333333333
durban,2025,p50,absoluto,floresta_aleatoria,252.2083333333333,266.88823956679926,242.6375
honolulu,2005,p50,absoluto,floresta_aleatoria,339.4833333333333,352.96670589451094,351.41666666666663
honolulu,2006,p50,absoluto,floresta_aleatoria,343.6166666666667,318.42918206845246,351.41666666666663
honolulu,2007,p50,absoluto,floresta_aleatoria,350.06666666666666,350.24396190476205,351.41666666666663
honolulu,2008,p50,absoluto,floresta_aleatoria,346.45,353.9932545965608,351.41666666666663
honolulu,2009,p50,absoluto,floresta_aleatoria,344.7333333333333,318.8796557043651,351.41666666666663
honolulu,2010,p50,absoluto,floresta_aleatoria,350.8666666666667,337.16198999669325,351.01666666666665
honolulu,2011,p50,absoluto,floresta_aleatoria,346.6,338.5456812169312,351.41666666666663
honolulu,2012,p50,absoluto,floresta_aleatoria,348.8,358.5773687334656,351.41666666666663
honolulu,2013,p50,absoluto,floresta_aleatoria,367.55,357.6288452876984,350.4666666666667
honolulu,2014,p50,absoluto,floresta_aleatoria,351.96666666666664,362.27459583333336,350.4666666666667
honolulu,2015,p50,absoluto,floresta_aleatoria,372.05,352.3279791997352,350.4666666666667
honolulu,2016,p50,absoluto,floresta_aleatoria,374.9583333333333,361.1587279506373,350.4666666666667
honolulu,2017,p50,absoluto,floresta_aleatoria,369.35833333333335,363.39728813657405,350.4666666666667
honolulu,2018,p50,absoluto,floresta_aleatoria,375.26666666666665,356.7920728918649,350.4666666666667
honolulu,2019,p50,absoluto,floresta_aleatoria,381.78333333333336,351.7248264880954,350.4666666666667
long_beach,2010,p50,absoluto,floresta_aleatoria,288.5083333333333,283.22412117228833,288.4
long_beach,2011,p50,absoluto,floresta_aleatoria,297.1,285.4812889632935,288.4
long_beach,2012,p50,absoluto,floresta_aleatoria,309.46666666666664,288.12197693452373,288.4
long_beach,2013,p50,absoluto,floresta_aleatoria,279.81666666666666,286.7222167328041,288.5083333333333
long_beach,2014,p50,absoluto,floresta_aleatoria,285.19166666666666,292.446292485119,288.5083333333333
long_beach,2015,p50,absoluto,floresta_aleatoria,315.2583333333333,301.0963257966574,288.4
long_beach,2016,p50,absoluto,floresta_aleatoria,288.3833333333333,291.9133315558861,288.5083333333333
long_beach,2017,p50,absoluto,floresta_aleatoria,288.4,290.02323427579364,288.5083333333333
long_beach,2018,p50,absoluto,floresta_aleatoria,289.78333333333336,284.34367964616416,288.4
long_beach,2019,p50,absoluto,floresta_aleatoria,283.95,283.89221484788334,288.5083333333333
maui,2010,p50,absoluto,floresta_aleatoria,307.475,305.93870713458983,311.5
maui,2011,p50,absoluto,floresta_aleatoria,301.18333333333334,308.3894225446429,312.3625
maui,2012,p50,absoluto,floresta_aleatoria,305.75,304.2761311177248,312.3625
maui,2013,p50,absoluto,floresta_aleatoria,317.25,305.93554236111095,306.6125
maui,2014,p50,absoluto,floresta_aleatoria,320.56666666666666,308.2198187169313,306.6125
nyc,2005,p50,absoluto,floresta_aleatoria,278.55,271.4231656001984,265.7583333333333
nyc,2006,p50,absoluto,floresta_aleatoria,262.28333333333336,263.8718271329364,268.5333333333333
nyc,2007,p50,absoluto,floresta_aleatoria,263.65,264.0296903769841,268.5333333333333
nyc,2008,p50,absoluto,floresta_aleatoria,259.25,263.8536340668589,268.5333333333333
nyc,2009,p50,absoluto,floresta_aleatoria,259.05,265.4260774305553,268.5333333333333
nyc,2010,p50,absoluto,floresta_aleatoria,261.3333333333333,262.2229071323351,268.5333333333333
nyc,2011,p50,absoluto,floresta_aleatoria,262.71666666666664,263.6412106646826,268.5333333333333
nyc,2013,p50,absoluto,floresta_aleatoria,262.3333333333333,266.1249474371692,268.5333333333333
nyc,2014,p50,absoluto,floresta_aleatoria,267.8666666666667,263.9979382440476,266.42499999999995
nyc,2015,p50,absoluto,floresta_aleatoria,273.1333333333333,274.6006515211641,265.7583333333333
nyc,2016,p50,absoluto,floresta_aleatoria,271.46666666666664,267.02296541005313,265.7583333333333
nyc,2017,p50,absoluto,floresta_aleatoria,270.45,272.15561412037033,265.7583333333333
nyc,2018,p50,absoluto,floresta_aleatoria,272.03333333333336,265.8317162863759,265.7583333333333
nyc,2019,p50,absoluto,floresta_aleatoria,269.2,264.32069543650795,265.7583333333333
nyc,2022,p50,absoluto,floresta_aleatoria,284.75,291.7845268849208,265.7583333333333
nyc,2023,p50,absoluto,floresta_aleatoria,272.78333333333336,270.237330348876,265.7583333333333
nyc,2024,p50,absoluto,floresta_aleatoria,263.55,264.2254747933204,268.5333333333333
rio,2023,p50,absoluto,floresta_aleatoria,254.5833333333333,275.5346604166665,250.91666666666663
rio,2024,p50,absoluto,floresta_aleatoria,251.4833333333333,278.3742360119046,252.46666666666664
rio,2025,p50,absoluto,floresta_aleatoria,250.35,303.38181917162706,253.0333333333333
savannah,2011,p50,absoluto,floresta_aleatoria,270.125,269.64484116236764,278.4083333333333
savannah,2012,p50,absoluto,floresta_aleatoria,277.6166666666667,280.622273619378,276.9583333333333
savannah,2013,p50,absoluto,floresta_aleatoria,274.3833333333333,275.4523917162698,278.4083333333333
savannah,2014,p50,absoluto,floresta_aleatoria,274.71666666666664,276.08481674933853,278.4083333333333
savannah,2015,p50,absoluto,floresta_aleatoria,249.3083333333333,324.44958263888907,278.4083333333333
savannah,2016,p50,absoluto,floresta_aleatoria,286.6166666666667,276.9690784887566,276.16666666666663
savannah,2017,p50,absoluto,floresta_aleatoria,300.45,278.44552223875655,276.16666666666663
savannah,2018,p50,absoluto,floresta_aleatoria,280.96666666666664,272.57801600529086,276.16666666666663
savannah,2019,p50,absoluto,floresta_aleatoria,279.2,271.7733156828701,276.16666666666663
singapore,2014,p50,absoluto,floresta_aleatoria,358.0,349.41892455357134,354.1333333333333
singapore,2015,p50,absoluto,floresta_aleatoria,360.81666666666666,358.86621674783567,354.1333333333333
singapore,2016,p50,absoluto,floresta_aleatoria,354.1333333333333,355.5280314980158,355.3666666666667
singapore,2017,p50,absoluto,floresta_aleatoria,355.3666666666667,346.809928554894,354.1333333333333
singapore,2018,p50,absoluto,floresta_aleatoria,353.56666666666666,357.3812780588624,355.3666666666667
singapore,2019,p50,absoluto,floresta_aleatoria,358.06666666666666,338.1646572751322,354.1333333333333
singapore,2022,p50,absoluto,floresta_aleatoria,327.65,344.7822654912223,355.3666666666667
singapore,2023,p50,absoluto,floresta_aleatoria,329.53333333333336,338.8719900545635,355.3666666666667
berlin,2005,p50,absoluto,gbm_histogramas,248.08333333333331,246.15831946036323,242.30833333333334
berlin,2006,p50,absoluto,gbm_histogramas,253.51666666666668,247.0594569381875,242.30833333333334
berlin,2007,p50,absoluto,gbm_histogramas,242.25,241.01961280779673,243.81666666666666
berlin,2008,p50,absoluto,gbm_histogramas,242.36666666666667,242.73482975852966,243.75833333333333
berlin,2009,p50,absoluto,gbm_histogramas,250.11666666666667,255.33845725971238,242.30833333333334
berlin,2010,p50,absoluto,gbm_histogramas,241.05,240.70987937872235,243.81666666666666
berlin,2011,p50,absoluto,gbm_histogramas,245.26666666666668,247.64678288750255,242.30833333333334
berlin,2012,p50,absoluto,gbm_histogramas,241.06666666666663,241.59742704872787,243.81666666666666
berlin,2013,p50,absoluto,gbm_histogramas,239.6833333333333,237.50744107116722,243.81666666666666
berlin,2014,p50,absoluto,gbm_histogramas,241.9333333333333,245.39058260115115,243.81666666666666
berlin,2015,p50,absoluto,gbm_histogramas,241.3083333333333,242.70299264264656,243.81666666666666
berlin,2016,p50,absoluto,gbm_histogramas,247.2333333333333,248.66627128212235,242.30833333333334
berlin,2017,p50,absoluto,gbm_histogramas,247.2,242.89946639377473,242.30833333333334
berlin,2018,p50,absoluto,gbm_histogramas,253.45,242.21342420693105,242.30833333333334
berlin,2019,p50,absoluto,gbm_histogramas,236.75833333333333,242.6189949829647,243.81666666666666
boston,2005,p50,absoluto,gbm_histogramas,233.05,236.21831833528714,225.89583333333331
boston,2006,p50,absoluto,gbm_histogramas,224.78333333333333,226.89878596481472,227.14999999999998
boston,2007,p50,absoluto,gbm_histogramas,228.66666666666663,223.8781293143663,225.89583333333331
boston,2008,p50,absoluto,gbm_histogramas,226.21666666666667,230.0703973561249,226.82916666666665
boston,2009,p50,absoluto,gbm_histogramas,224.08333333333331,223.8269025505732,227.14999999999998
boston,2010,p50,absoluto,gbm_histogramas,224.28333333333333,229.1251624180755,227.14999999999998
boston,2011,p50,absoluto,gbm_histogramas,224.9833333333333,225.74363990660254,227.14999999999998
boston,2012,p50,absoluto,gbm_histogramas,251.06666666666663,234.81447916005402,225.89583333333331
boston,2013,p50,absoluto,gbm_histogramas,220.88333333333333,224.28019506302286,227.14999999999998
boston,2014,p50,absoluto,gbm_histogramas,232.2333333333333,228.36422487727543,225.89583333333331
boston,2015,p50,absoluto,gbm_histogramas,219.66666666666663,224.71020661706902,227.14999999999998
boston,2016,p50,absoluto,gbm_histogramas,228.08333333333331,232.85172920642128,225.89583333333331
boston,2017,p50,absoluto,gbm_histogramas,231.65833333333333,230.96736782775747,225.89583333333331
boston,2018,p50,absoluto,gbm_histogramas,228.6,225.07883644569966,225.89583333333331
boston,2019,p50,absoluto,gbm_histogramas,225.575,238.22837513963145,227.14999999999998
chicago,2005,p50,absoluto,gbm_histogramas,262.85,264.9681385644584,267.4583333333333
chicago,2006,p50,absoluto,gbm_histogramas,261.05,263.93998598416135,267.4583333333333
chicago,2007,p50,absoluto,gbm_histogramas,295.01666666666665,316.05429263721163,267.425
chicago,2008,p50,absoluto,gbm_histogramas,283.7,276.565824435941,267.425
chicago,2009,p50,absoluto,gbm_histogramas,263.43333333333334,262.98435814598645,267.4583333333333
chicago,2010,p50,absoluto,gbm_histogramas,280.64166666666665,279.00819880615677,267.425
chicago,2011,p50,absoluto,gbm_histogramas,277.875,278.39489894336003,267.425
chicago,2012,p50,absoluto,gbm_histogramas,267.4,261.9503377554842,267.4583333333333
chicago,2013,p50,absoluto,gbm_histogramas,267.43333333333334,268.136693025042,267.45
chicago,2014,p50,absoluto,gbm_histogramas,267.4166666666667,265.0731908605945,267.4583333333333
chicago,2015,p50,absoluto,gbm_histogramas,270.75,277.0264657266716,267.425
chicago,2016,p50,absoluto,gbm_histogramas,268.3833333333333,265.30971961793455,267.425
chicago,2017,p50,absoluto,gbm_histogramas,282.71666666666664,285.98887863716504,267.425
chicago,2018,p50,absoluto,gbm_histogramas,267.4833333333333,270.43829928416494,267.425
chicago,2019,p50,absoluto,gbm_histogramas,262.1083333333333,262.53215256311404,267.4583333333333
chicago,2022,p50,absoluto,gbm_histogramas,261.76666666666665,265.94642510995834,267.4583333333333
chicago,2023,p50,absoluto,gbm_histogramas,251.6833333333333,262.509680496278,267.4583333333333
durban,2022,p50,absoluto,gbm_histogramas,237.78333333333333,256.9822439698051,249.84999999999997
durban,2024,p50,absoluto,gbm_histogramas,247.49166666666667,267.3952320968949,244.9958333333333
durban,2025,p50,absoluto,gbm_histogramas,252.2083333333333,253.35662423336828,242.6375
honolulu,2005,p50,absoluto,gbm_histogramas,339.4833333333333,351.30553641687976,351.41666666666663
honolulu,2006,p50,absoluto,gbm_histogramas,343.6166666666667,302.8969684132874,351.41666666666663
honolulu,2007,p50,absoluto,gbm_histogramas,350.06666666666666,352.19286161552117,351.41666666666663
honolulu,2008,p50,absoluto,gbm_histogramas,346.45,353.0386868494673,351.41666666666663
honolulu,2009,p50,absoluto,gbm_histogramas,344.7333333333333,301.7559669847642,351.41666666666663
honolulu,2010,p50,absoluto,gbm_histogramas,350.8666666666667,346.91791638075074,351.01666666666665
honolulu,2011,p50,absoluto,gbm_histogramas,346.6,328.7039563873834,351.41666666666663
honolulu,2012,p50,absoluto,gbm_histogramas,348.8,362.47699530439576,351.41666666666663
honolulu,2013,p50,absoluto,gbm_histogramas,367.55,356.5457017683032,350.4666666666667
honolulu,2014,p50,absoluto,gbm_histogramas,351.96666666666664,367.79898468876144,350.4666666666667
honolulu,2015,p50,absoluto,gbm_histogramas,372.05,350.8864176107795,350.4666666666667
honolulu,2016,p50,absoluto,gbm_histogramas,374.9583333333333,365.81332700901555,350.4666666666667
honolulu,2017,p50,absoluto,gbm_histogramas,369.35833333333335,367.02601878202086,350.4666666666667
honolulu,2018,p50,absoluto,gbm_histogramas,375.26666666666665,357.74528810281396,350.4666666666667
honolulu,2019,p50,absoluto,gbm_histogramas,381.78333333333336,350.034536628987,350.4666666666667
long_beach,2010,p50,absoluto,gbm_histogramas,288.5083333333333,282.06885966364945,288.4
long_beach,2011,p50,absoluto,gbm_histogramas,297.1,286.0977978983825,288.4
long_beach,2012,p50,absoluto,gbm_histogramas,309.46666666666664,289.9978096174017,288.4
long_beach,2013,p50,absoluto,gbm_histogramas,279.81666666666666,285.11457150463093,288.5083333333333
long_beach,2014,p50,absoluto,gbm_histogramas,285.19166666666666,294.03484934502035,288.5083333333333
long_beach,2015,p50,absoluto,gbm_histogramas,315.2583333333333,311.0251796445808,288.4
long_beach,2016,p50,absoluto,gbm_histogramas,288.3833333333333,293.3248923824948,288.5083333333333
long_beach,2017,p50,absoluto,gbm_histogramas,288.4,284.52356160865924,288.5083333333333
long_beach,2018,p50,absoluto,gbm_histogramas,289.78333333333336,283.28255235343005,288.4
long_beach,2019,p50,absoluto,gbm_histogramas,283.95,284.4997097853585,288.5083333333333
maui,2010,p50,absoluto,gbm_histogramas,307.475,304.114897701948,311.5
maui,2011,p50,absoluto,gbm_histogramas,301.18333333333334,312.86497312096964,312.3625
maui,2012,p50,absoluto,gbm_histogramas,305.75,308.1406689927084,312.3625
maui,2013,p50,absoluto,gbm_histogramas,317.25,303.6313537677847,306.6125
maui,2014,p50,absoluto,gbm_histogramas,320.56666666666666,304.9326506482986,306.6125
nyc,2005,p50,absoluto,gbm_histogramas,278.55,268.46046050848054,265.7583333333333
nyc,2006,p50,absoluto,gbm_histogramas,262.28333333333336,265.162152704945,268.5333333333333
nyc,2007,p50,absoluto,gbm_histogramas,263.65,263.9557574736382,268.5333333333333
nyc,2008,p50,absoluto,gbm_histogramas,259.25,263.6025824158718,268.5333333333333
nyc,2009,p50,absoluto,gbm_histogramas,259.05,266.0687106811449,268.5333333333333
nyc,2010,p50,absoluto,gbm_histogramas,261.3333333333333,260.67495099782934,268.5333333333333
nyc,2011,p50,absoluto,gbm_histogramas,262.71666666666664,261.42194985555017,268.5333333333333
nyc,2013,p50,absoluto,gbm_histogramas,262.3333333333333,264.16338380968324,268.5333333333333
nyc,2014,p50,absoluto,gbm_histogramas,267.8666666666667,264.22998202175364,266.42499999999995
nyc,2015,p50,absoluto,gbm_histogramas,273.1333333333333,273.49958789469997,265.7583333333333
nyc,2016,p50,absoluto,gbm_histogramas,271.46666666666664,262.7143034277636,265.7583333333333
nyc,2017,p50,absoluto,gbm_histogramas,270.45,269.16730858130296,265.7583333333333
nyc,2018,p50,absoluto,gbm_histogramas,272.03333333333336,266.5174141819802,265.7583333333333
nyc,2019,p50,absoluto,gbm_histogramas,269.2,264.7877840236227,265.7583333333333
nyc,2022,p50,absoluto,gbm_histogramas,284.75,295.8434288522461,265.7583333333333
nyc,2023,p50,absoluto,gbm_histogramas,272.78333333333336,269.9908203167247,265.7583333333333
nyc,2024,p50,absoluto,gbm_histogramas,263.55,264.4142165776042,268.5333333333333
rio,2023,p50,absoluto,gbm_histogramas,254.5833333333333,255.95137563801404,250.91666666666663
rio,2024,p50,absoluto,gbm_histogramas,251.4833333333333,251.25948528866735,252.46666666666664
rio,2025,p50,absoluto,gbm_histogramas,250.35,276.0586108005452,253.0333333333333
savannah,2011,p50,absoluto,gbm_histogramas,270.125,272.26300412050114,278.4083333333333
savannah,2012,p50,absoluto,gbm_histogramas,277.6166666666667,280.05917242432895,276.9583333333333
savannah,2013,p50,absoluto,gbm_histogramas,274.3833333333333,275.4105167519834,278.4083333333333
savannah,2014,p50,absoluto,gbm_histogramas,274.71666666666664,275.56330644586967,278.4083333333333
savannah,2015,p50,absoluto,gbm_histogramas,249.3083333333333,341.29108718396407,278.4083333333333
savannah,2016,p50,absoluto,gbm_histogramas,286.6166666666667,277.1903251383407,276.16666666666663
savannah,2017,p50,absoluto,gbm_histogramas,300.45,280.2585386173481,276.16666666666663
savannah,2018,p50,absoluto,gbm_histogramas,280.96666666666664,272.2875876089543,276.16666666666663
savannah,2019,p50,absoluto,gbm_histogramas,279.2,276.3143329230748,276.16666666666663
singapore,2014,p50,absoluto,gbm_histogramas,358.0,344.5438067997654,354.1333333333333
singapore,2015,p50,absoluto,gbm_histogramas,360.81666666666666,363.09047630265997,354.1333333333333
singapore,2016,p50,absoluto,gbm_histogramas,354.1333333333333,350.9030047559869,355.3666666666667
singapore,2017,p50,absoluto,gbm_histogramas,355.3666666666667,348.44784861685207,354.1333333333333
singapore,2018,p50,absoluto,gbm_histogramas,353.56666666666666,353.76607007196105,355.3666666666667
singapore,2019,p50,absoluto,gbm_histogramas,358.06666666666666,336.39903581727526,354.1333333333333
singapore,2022,p50,absoluto,gbm_histogramas,327.65,348.3881701228099,355.3666666666667
singapore,2023,p50,absoluto,gbm_histogramas,329.53333333333336,349.00788559862167,355.3666666666667
berlin,2005,p50,absoluto,perceptron_multicamadas,248.08333333333331,263.0029890098181,242.30833333333334
berlin,2006,p50,absoluto,perceptron_multicamadas,253.51666666666668,255.05214966531074,242.30833333333334
berlin,2007,p50,absoluto,perceptron_multicamadas,242.25,233.35502436153993,243.81666666666666
berlin,2008,p50,absoluto,perceptron_multicamadas,242.36666666666667,211.86121236043667,243.75833333333333
berlin,2009,p50,absoluto,perceptron_multicamadas,250.11666666666667,304.35777909589126,242.30833333333334
berlin,2010,p50,absoluto,perceptron_multicamadas,241.05,221.59013670531405,243.81666666666666
berlin,2011,p50,absoluto,perceptron_multicamadas,245.26666666666668,241.03505897889914,242.30833333333334
berlin,2012,p50,absoluto,perceptron_multicamadas,241.06666666666663,221.04488914903553,243.81666666666666
berlin,2013,p50,absoluto,perceptron_multicamadas,239.6833333333333,248.4694234715644,243.81666666666666
berlin,2014,p50,absoluto,perceptron_multicamadas,241.9333333333333,233.42300126312568,243.81666666666666
berlin,2015,p50,absoluto,perceptron_multicamadas,241.3083333333333,243.1998425255733,243.81666666666666
berlin,2016,p50,absoluto,perceptron_multicamadas,247.2333333333333,254.51153771345025,242.30833333333334
berlin,2017,p50,absoluto,perceptron_multicamadas,247.2,290.6335552091218,242.30833333333334
berlin,2018,p50,absoluto,perceptron_multicamadas,253.45,209.49379927199467,242.30833333333334
berlin,2019,p50,absoluto,perceptron_multicamadas,236.75833333333333,235.7530584363471,243.81666666666666
boston,2005,p50,absoluto,perceptron_multicamadas,233.05,215.02181321130595,225.89583333333331
boston,2006,p50,absoluto,perceptron_multicamadas,224.78333333333333,197.36514757290163,227.14999999999998
boston,2007,p50,absoluto,perceptron_multicamadas,228.66666666666663,265.1505312584475,225.89583333333331
boston,2008,p50,absoluto,perceptron_multicamadas,226.21666666666667,188.17080383715347,226.82916666666665
boston,2009,p50,absoluto,perceptron_multicamadas,224.08333333333331,238.7101151465289,227.14999999999998
boston,2010,p50,absoluto,perceptron_multicamadas,224.28333333333333,151.83262728292047,227.14999999999998
boston,2011,p50,absoluto,perceptron_multicamadas,224.9833333333333,250.1152566298095,227.14999999999998
boston,2012,p50,absoluto,perceptron_multicamadas,251.06666666666663,168.87225270453303,225.89583333333331
boston,2013,p50,absoluto,perceptron_multicamadas,220.88333333333333,241.05616914816943,227.14999999999998
boston,2014,p50,absoluto,perceptron_multicamadas,232.2333333333333,259.60901896475383,225.89583333333331
boston,2015,p50,absoluto,perceptron_multicamadas,219.66666666666663,204.2192202046966,227.14999999999998
boston,2016,p50,absoluto,perceptron_multicamadas,228.08333333333331,246.79140591705522,225.89583333333331
boston,2017,p50,absoluto,perceptron_multicamadas,231.65833333333333,229.50665513462002,225.89583333333331
boston,2018,p50,absoluto,perceptron_multicamadas,228.6,416.59604568553266,225.89583333333331
boston,2019,p50,absoluto,perceptron_multicamadas,225.575,85.09471612622937,227.14999999999998
chicago,2005,p50,absoluto,perceptron_multicamadas,262.85,242.9244094202561,267.4583333333333
chicago,2006,p50,absoluto,perceptron_multicamadas,261.05,286.88394746151164,267.4583333333333
chicago,2007,p50,absoluto,perceptron_multicamadas,295.01666666666665,200.14733159581326,267.425
chicago,2008,p50,absoluto,perceptron_multicamadas,283.7,263.5469306179046,267.425
chicago,2009,p50,absoluto,perceptron_multicamadas,263.43333333333334,332.3779080687313,267.4583333333333
chicago,2010,p50,absoluto,perceptron_multicamadas,280.64166666666665,310.4838654900328,267.425
chicago,2011,p50,absoluto,perceptron_multicamadas,277.875,294.07583603713107,267.425
chicago,2012,p50,absoluto,perceptron_multicamadas,267.4,273.53025798708063,267.4583333333333
chicago,2013,p50,absoluto,perceptron_multicamadas,267.43333333333334,238.8732746438601,267.45
chicago,2014,p50,absoluto,perceptron_multicamadas,267.4166666666667,239.10631385477313,267.4583333333333
chicago,2015,p50,absoluto,perceptron_multicamadas,270.75,263.8144505466562,267.425
chicago,2016,p50,absoluto,perceptron_multicamadas,268.3833333333333,236.44501274631716,267.425
chicago,2017,p50,absoluto,perceptron_multicamadas,282.71666666666664,275.45746436140087,267.425
chicago,2018,p50,absoluto,perceptron_multicamadas,267.4833333333333,233.6587745529316,267.425
chicago,2019,p50,absoluto,perceptron_multicamadas,262.1083333333333,287.22031760980445,267.4583333333333
chicago,2022,p50,absoluto,perceptron_multicamadas,261.76666666666665,304.9845801542024,267.4583333333333
chicago,2023,p50,absoluto,perceptron_multicamadas,251.6833333333333,189.54502955090848,267.4583333333333
durban,2022,p50,absoluto,perceptron_multicamadas,237.78333333333333,306.34203646486225,249.84999999999997
durban,2024,p50,absoluto,perceptron_multicamadas,247.49166666666667,170.39695522417756,244.9958333333333
durban,2025,p50,absoluto,perceptron_multicamadas,252.2083333333333,229.3501813056446,242.6375
honolulu,2005,p50,absoluto,perceptron_multicamadas,339.4833333333333,356.6937558004953,351.41666666666663
honolulu,2006,p50,absoluto,perceptron_multicamadas,343.6166666666667,327.8520339772902,351.41666666666663
honolulu,2007,p50,absoluto,perceptron_multicamadas,350.06666666666666,363.03529653941905,351.41666666666663
honolulu,2008,p50,absoluto,perceptron_multicamadas,346.45,327.4206038322865,351.41666666666663
honolulu,2009,p50,absoluto,perceptron_multicamadas,344.7333333333333,332.79336656885243,351.41666666666663
honolulu,2010,p50,absoluto,perceptron_multicamadas,350.8666666666667,347.6564537832666,351.01666666666665
honolulu,2011,p50,absoluto,perceptron_multicamadas,346.6,335.1056851838851,351.41666666666663
honolulu,2012,p50,absoluto,perceptron_multicamadas,348.8,360.8796029136563,351.41666666666663
honolulu,2013,p50,absoluto,perceptron_multicamadas,367.55,378.92027339455154,350.4666666666667
honolulu,2014,p50,absoluto,perceptron_multicamadas,351.96666666666664,394.7018677508542,350.4666666666667
honolulu,2015,p50,absoluto,perceptron_multicamadas,372.05,359.37686626595814,350.4666666666667
honolulu,2016,p50,absoluto,perceptron_multicamadas,374.9583333333333,375.86281435723583,350.4666666666667
honolulu,2017,p50,absoluto,perceptron_multicamadas,369.35833333333335,354.7111077566171,350.4666666666667
honolulu,2018,p50,absoluto,perceptron_multicamadas,375.26666666666665,332.1121035955747,350.4666666666667
honolulu,2019,p50,absoluto,perceptron_multicamadas,381.78333333333336,339.08057653397225,350.4666666666667
long_beach,2010,p50,absoluto,perceptron_multicamadas,288.5083333333333,304.0513058861497,288.4
long_beach,2011,p50,absoluto,perceptron_multicamadas,297.1,263.09058315262723,288.4
long_beach,2012,p50,absoluto,perceptron_multicamadas,309.46666666666664,306.4294351183415,288.4
long_beach,2013,p50,absoluto,perceptron_multicamadas,279.81666666666666,270.5488124226296,288.5083333333333
long_beach,2014,p50,absoluto,perceptron_multicamadas,285.19166666666666,298.3920506701099,288.5083333333333
long_beach,2015,p50,absoluto,perceptron_multicamadas,315.2583333333333,356.5745651513742,288.4
long_beach,2016,p50,absoluto,perceptron_multicamadas,288.3833333333333,326.90267287944414,288.5083333333333
long_beach,2017,p50,absoluto,perceptron_multicamadas,288.4,290.1169614902464,288.5083333333333
long_beach,2018,p50,absoluto,perceptron_multicamadas,289.78333333333336,292.22813413427866,288.4
long_beach,2019,p50,absoluto,perceptron_multicamadas,283.95,254.7601461092572,288.5083333333333
maui,2010,p50,absoluto,perceptron_multicamadas,307.475,297.2740268314971,311.5
maui,2011,p50,absoluto,perceptron_multicamadas,301.18333333333334,326.05876416164676,312.3625
maui,2012,p50,absoluto,perceptron_multicamadas,305.75,285.114060889942,312.3625
maui,2013,p50,absoluto,perceptron_multicamadas,317.25,298.3085914894161,306.6125
maui,2014,p50,absoluto,perceptron_multicamadas,320.56666666666666,335.78763343330735,306.6125
nyc,2005,p50,absoluto,perceptron_multicamadas,278.55,219.59159777332394,265.7583333333333
nyc,2006,p50,absoluto,perceptron_multicamadas,262.28333333333336,311.27180751407286,268.5333333333333
nyc,2007,p50,absoluto,perceptron_multicamadas,263.65,223.0169937354512,268.5333333333333
nyc,2008,p50,absoluto,perceptron_multicamadas,259.25,252.52959825509024,268.5333333333333
nyc,2009,p50,absoluto,perceptron_multicamadas,259.05,265.486332102866,268.5333333333333
nyc,2010,p50,absoluto,perceptron_multicamadas,261.3333333333333,263.01112827088815,268.5333333333333
nyc,2011,p50,absoluto,perceptron_multicamadas,262.71666666666664,247.66094969481392,268.5333333333333
nyc,2013,p50,absoluto,perceptron_multicamadas,262.3333333333333,260.3924866136126,268.5333333333333
nyc,2014,p50,absoluto,perceptron_multicamadas,267.8666666666667,307.3513739901141,266.42499999999995
nyc,2015,p50,absoluto,perceptron_multicamadas,273.1333333333333,229.2064546224465,265.7583333333333
nyc,2016,p50,absoluto,perceptron_multicamadas,271.46666666666664,251.6824105078913,265.7583333333333
nyc,2017,p50,absoluto,perceptron_multicamadas,270.45,310.7587419432816,265.7583333333333
nyc,2018,p50,absoluto,perceptron_multicamadas,272.03333333333336,255.22133140214976,265.7583333333333
nyc,2019,p50,absoluto,perceptron_multicamadas,269.2,272.63980667410027,265.7583333333333
nyc,2022,p50,absoluto,perceptron_multicamadas,284.75,260.04444322438957,265.7583333333333
nyc,2023,p50,absoluto,perceptron_multicamadas,272.78333333333336,263.45558178346454,265.7583333333333
nyc,2024,p50,absoluto,perceptron_multicamadas,263.55,278.5697804261404,268.5333333333333
rio,2023,p50,absoluto,perceptron_multicamadas,254.5833333333333,226.96334824478672,250.91666666666663
rio,2024,p50,absoluto,perceptron_multicamadas,251.4833333333333,265.22026645088147,252.46666666666664
rio,2025,p50,absoluto,perceptron_multicamadas,250.35,278.2069472920014,253.0333333333333
savannah,2011,p50,absoluto,perceptron_multicamadas,270.125,307.91091618264585,278.4083333333333
savannah,2012,p50,absoluto,perceptron_multicamadas,277.6166666666667,255.51473540695412,276.9583333333333
savannah,2013,p50,absoluto,perceptron_multicamadas,274.3833333333333,285.3040825600994,278.4083333333333
savannah,2014,p50,absoluto,perceptron_multicamadas,274.71666666666664,280.79572354517046,278.4083333333333
savannah,2015,p50,absoluto,perceptron_multicamadas,249.3083333333333,318.1551899655304,278.4083333333333
savannah,2016,p50,absoluto,perceptron_multicamadas,286.6166666666667,247.97380403883218,276.16666666666663
savannah,2017,p50,absoluto,perceptron_multicamadas,300.45,324.3579619921823,276.16666666666663
savannah,2018,p50,absoluto,perceptron_multicamadas,280.96666666666664,240.92305743438735,276.16666666666663
savannah,2019,p50,absoluto,perceptron_multicamadas,279.2,223.3008536419078,276.16666666666663
singapore,2014,p50,absoluto,perceptron_multicamadas,358.0,333.47112691433273,354.1333333333333
singapore,2015,p50,absoluto,perceptron_multicamadas,360.81666666666666,353.9738711219278,354.1333333333333
singapore,2016,p50,absoluto,perceptron_multicamadas,354.1333333333333,375.6457976954479,355.3666666666667
singapore,2017,p50,absoluto,perceptron_multicamadas,355.3666666666667,353.18042127921797,354.1333333333333
singapore,2018,p50,absoluto,perceptron_multicamadas,353.56666666666666,346.94879301284925,355.3666666666667
singapore,2019,p50,absoluto,perceptron_multicamadas,358.06666666666666,425.5834928629344,354.1333333333333
singapore,2022,p50,absoluto,perceptron_multicamadas,327.65,320.4996421331134,355.3666666666667
singapore,2023,p50,absoluto,perceptron_multicamadas,329.53333333333336,347.8347963633675,355.3666666666667
berlin,2005,p50,desvio,ridge,248.08333333333331,247.89073873277238,242.30833333333334
berlin,2006,p50,desvio,ridge,253.51666666666668,250.42879452880726,242.30833333333334
berlin,2007,p50,desvio,ridge,242.25,242.1510170374207,243.81666666666666
berlin,2008,p50,desvio,ridge,242.36666666666667,243.99138640658106,243.75833333333333
berlin,2009,p50,desvio,ridge,250.11666666666667,249.79021794959004,242.30833333333334
berlin,2010,p50,desvio,ridge,241.05,237.2426544068208,243.81666666666666
berlin,2011,p50,desvio,ridge,245.26666666666668,247.69978822928167,242.30833333333334
berlin,2012,p50,desvio,ridge,241.06666666666663,243.43614053561575,243.81666666666666
berlin,2013,p50,desvio,ridge,239.6833333333333,243.35519726791415,243.81666666666666
berlin,2014,p50,desvio,ridge,241.9333333333333,247.59919165597302,243.81666666666666
berlin,2015,p50,desvio,ridge,241.3083333333333,244.4395847784059,243.81666666666666
berlin,2016,p50,desvio,ridge,247.2333333333333,249.1305960505613,242.30833333333334
berlin,2017,p50,desvio,ridge,247.2,244.36952643382196,242.30833333333334
berlin,2018,p50,desvio,ridge,253.45,247.15950980324874,242.30833333333334
berlin,2019,p50,desvio,ridge,236.75833333333333,238.5929631825571,243.81666666666666
boston,2005,p50,desvio,ridge,233.05,229.12181038115054,225.89583333333331
boston,2006,p50,desvio,ridge,224.78333333333333,225.68461745774755,227.14999999999998
boston,2007,p50,desvio,ridge,228.66666666666663,222.37022264658,225.89583333333331
boston,2008,p50,desvio,ridge,226.21666666666667,228.5066416314107,226.82916666666665
boston,2009,p50,desvio,ridge,224.08333333333331,224.51888858715247,227.14999999999998
boston,2010,p50,desvio,ridge,224.28333333333333,225.4108509377806,227.14999999999998
boston,2011,p50,desvio,ridge,224.9833333333333,228.26310568858645,227.14999999999998
boston,2012,p50,desvio,ridge,251.06666666666663,234.87800487085573,225.89583333333331
boston,2013,p50,desvio,ridge,220.88333333333333,227.40777607435666,227.14999999999998
boston,2014,p50,desvio,ridge,232.2333333333333,231.3674441274929,225.89583333333331
boston,2015,p50,desvio,ridge,219.66666666666663,222.70545582155998,227.14999999999998
boston,2016,p50,desvio,ridge,228.08333333333331,229.5973493557877,225.89583333333331
boston,2017,p50,desvio,ridge,231.65833333333333,231.43002557689184,225.89583333333331
boston,2018,p50,desvio,ridge,228.6,210.207142311181,225.89583333333331
boston,2019,p50,desvio,ridge,225.575,230.78396476146042,227.14999999999998
chicago,2005,p50,desvio,ridge,262.85,268.08571426349255,267.4583333333333
chicago,2006,p50,desvio,ridge,261.05,256.2810848404706,267.4583333333333
chicago,2007,p50,desvio,ridge,295.01666666666665,275.2520600412883,267.425
chicago,2008,p50,desvio,ridge,283.7,276.8533021620763,267.425
chicago,2009,p50,desvio,ridge,263.43333333333334,261.610775218585,267.4583333333333
chicago,2010,p50,desvio,ridge,280.64166666666665,277.43866847875813,267.425
chicago,2011,p50,desvio,ridge,277.875,276.0431232858685,267.425
chicago,2012,p50,desvio,ridge,267.4,262.9987492385466,267.4583333333333
chicago,2013,p50,desvio,ridge,267.43333333333334,269.0427513417594,267.45
chicago,2014,p50,desvio,ridge,267.4166666666667,269.7720801849711,267.4583333333333
chicago,2015,p50,desvio,ridge,270.75,273.8996485639876,267.425
chicago,2016,p50,desvio,ridge,268.3833333333333,269.93839227259303,267.425
chicago,2017,p50,desvio,ridge,282.71666666666664,274.66122126534134,267.425
chicago,2018,p50,desvio,ridge,267.4833333333333,264.23023581192484,267.425
chicago,2019,p50,desvio,ridge,262.1083333333333,264.4354258291295,267.4583333333333
chicago,2022,p50,desvio,ridge,261.76666666666665,272.435720515483,267.4583333333333
chicago,2023,p50,desvio,ridge,251.6833333333333,266.9020871293866,267.4583333333333
durban,2022,p50,desvio,ridge,237.78333333333333,250.73593701552971,249.84999999999997
durban,2024,p50,desvio,ridge,247.49166666666667,247.78689431497418,244.9958333333333
durban,2025,p50,desvio,ridge,252.2083333333333,244.51169539699322,242.6375
honolulu,2005,p50,desvio,ridge,339.4833333333333,357.6406888198426,351.41666666666663
honolulu,2006,p50,desvio,ridge,343.6166666666667,357.83936665877263,351.41666666666663
honolulu,2007,p50,desvio,ridge,350.06666666666666,356.4943495124129,351.41666666666663
honolulu,2008,p50,desvio,ridge,346.45,354.5683526854986,351.41666666666663
honolulu,2009,p50,desvio,ridge,344.7333333333333,358.55574880236105,351.41666666666663
honolulu,2010,p50,desvio,ridge,350.8666666666667,355.2997330909616,351.01666666666665
honolulu,2011,p50,desvio,ridge,346.6,354.6226236967099,351.41666666666663
honolulu,2012,p50,desvio,ridge,348.8,356.8393165283485,351.41666666666663
honolulu,2013,p50,desvio,ridge,367.55,356.5763267811691,350.4666666666667
honolulu,2014,p50,desvio,ridge,351.96666666666664,353.6961029167152,350.4666666666667
honolulu,2015,p50,desvio,ridge,372.05,355.6261569789536,350.4666666666667
honolulu,2016,p50,desvio,ridge,374.9583333333333,354.8364804137854,350.4666666666667
honolulu,2017,p50,desvio,ridge,369.35833333333335,353.98499369931227,350.4666666666667
honolulu,2018,p50,desvio,ridge,375.26666666666665,352.7401727682695,350.4666666666667
honolulu,2019,p50,desvio,ridge,381.78333333333336,354.8359514147505,350.4666666666667
long_beach,2010,p50,desvio,ridge,288.5083333333333,288.73006172380036,288.4
long_beach,2011,p50,desvio,ridge,297.1,290.809680812964,288.4
long_beach,2012,p50,desvio,ridge,309.46666666666664,291.0441672184686,288.4
long_beach,2013,p50,desvio,ridge,279.81666666666666,288.97823094286275,288.5083333333333
long_beach,2014,p50,desvio,ridge,285.19166666666666,291.81942607163757,288.5083333333333
long_beach,2015,p50,desvio,ridge,315.2583333333333,295.3688062663246,288.4
long_beach,2016,p50,desvio,ridge,288.3833333333333,293.5686595103204,288.5083333333333
long_beach,2017,p50,desvio,ridge,288.4,290.8485677514913,288.5083333333333
long_beach,2018,p50,desvio,ridge,289.78333333333336,290.34672657881026,288.4
long_beach,2019,p50,desvio,ridge,283.95,289.5022282567734,288.5083333333333
maui,2010,p50,desvio,ridge,307.475,312.26531836205646,311.5
maui,2011,p50,desvio,ridge,301.18333333333334,316.1572902561496,312.3625
maui,2012,p50,desvio,ridge,305.75,315.5601864437046,312.3625
maui,2013,p50,desvio,ridge,317.25,309.7839441015974,306.6125
maui,2014,p50,desvio,ridge,320.56666666666666,306.0650992879099,306.6125
nyc,2005,p50,desvio,ridge,278.55,269.4092153543449,265.7583333333333
nyc,2006,p50,desvio,ridge,262.28333333333336,265.85593388839726,268.5333333333333
nyc,2007,p50,desvio,ridge,263.65,266.69875144634824,268.5333333333333
nyc,2008,p50,desvio,ridge,259.25,264.46926575711456,268.5333333333333
nyc,2009,p50,desvio,ridge,259.05,267.42436889502443,268.5333333333333
nyc,2010,p50,desvio,ridge,261.3333333333333,264.1239834674057,268.5333333333333
nyc,2011,p50,desvio,ridge,262.71666666666664,267.4002651225842,268.5333333333333
nyc,2013,p50,desvio,ridge,262.3333333333333,264.829759300298,268.5333333333333
nyc,2014,p50,desvio,ridge,267.8666666666667,260.27740496351316,266.42499999999995
nyc,2015,p50,desvio,ridge,273.1333333333333,268.10659292899595,265.7583333333333
nyc,2016,p50,desvio,ridge,271.46666666666664,265.67488791279015,265.7583333333333
nyc,2017,p50,desvio,ridge,270.45,267.1299621898831,265.7583333333333
nyc,2018,p50,desvio,ridge,272.03333333333336,266.52743198723635,265.7583333333333
nyc,2019,p50,desvio,ridge,269.2,265.1611717151789,265.7583333333333
nyc,2022,p50,desvio,ridge,284.75,272.12546038643274,265.7583333333333
nyc,2023,p50,desvio,ridge,272.78333333333336,270.356269380872,265.7583333333333
nyc,2024,p50,desvio,ridge,263.55,267.87900984280105,268.5333333333333
rio,2023,p50,desvio,ridge,254.5833333333333,254.26885065947678,250.91666666666663
rio,2024,p50,desvio,ridge,251.4833333333333,255.69339821455472,252.46666666666664
rio,2025,p50,desvio,ridge,250.35,256.59266912659456,253.0333333333333
savannah,2011,p50,desvio,ridge,270.125,276.3130355452133,278.4083333333333
savannah,2012,p50,desvio,ridge,277.6166666666667,281.1209097929569,276.9583333333333
savannah,2013,p50,desvio,ridge,274.3833333333333,281.28972763287544,278.4083333333333
savannah,2014,p50,desvio,ridge,274.71666666666664,280.4805002016152,278.4083333333333
savannah,2015,p50,desvio,ridge,249.3083333333333,284.0410184935983,278.4083333333333
savannah,2016,p50,desvio,ridge,286.6166666666667,277.18094643418533,276.16666666666663
savannah,2017,p50,desvio,ridge,300.45,282.3028425560993,276.16666666666663
savannah,2018,p50,desvio,ridge,280.96666666666664,276.58883042283423,276.16666666666663
savannah,2019,p50,desvio,ridge,279.2,274.8566528812679,276.16666666666663
singapore,2014,p50,desvio,ridge,358.0,352.9238504591045,354.1333333333333
singapore,2015,p50,desvio,ridge,360.81666666666666,353.25545242608854,354.1333333333333
singapore,2016,p50,desvio,ridge,354.1333333333333,355.05059123844956,355.3666666666667
singapore,2017,p50,desvio,ridge,355.3666666666667,353.553960911366,354.1333333333333
singapore,2018,p50,desvio,ridge,353.56666666666666,353.7847297285928,355.3666666666667
singapore,2019,p50,desvio,ridge,358.06666666666666,352.2908529829537,354.1333333333333
singapore,2022,p50,desvio,ridge,327.65,355.58557419708336,355.3666666666667
singapore,2023,p50,desvio,ridge,329.53333333333336,355.1223223902737,355.3666666666667
berlin,2005,p50,desvio,gbm_histogramas,248.08333333333331,247.9613166952492,242.30833333333334
berlin,2006,p50,desvio,gbm_histogramas,253.51666666666668,258.6639807651654,242.30833333333334
berlin,2007,p50,desvio,gbm_histogramas,242.25,241.82347998242128,243.81666666666666
berlin,2008,p50,desvio,gbm_histogramas,242.36666666666667,243.15673113781133,243.75833333333333
berlin,2009,p50,desvio,gbm_histogramas,250.11666666666667,248.70245206274203,242.30833333333334
berlin,2010,p50,desvio,gbm_histogramas,241.05,236.57855313859866,243.81666666666666
berlin,2011,p50,desvio,gbm_histogramas,245.26666666666668,247.54544187532687,242.30833333333334
berlin,2012,p50,desvio,gbm_histogramas,241.06666666666663,242.05277274862658,243.81666666666666
berlin,2013,p50,desvio,gbm_histogramas,239.6833333333333,238.91792577678336,243.81666666666666
berlin,2014,p50,desvio,gbm_histogramas,241.9333333333333,246.1939972779338,243.81666666666666
berlin,2015,p50,desvio,gbm_histogramas,241.3083333333333,244.24399357720142,243.81666666666666
berlin,2016,p50,desvio,gbm_histogramas,247.2333333333333,248.6541747028329,242.30833333333334
berlin,2017,p50,desvio,gbm_histogramas,247.2,242.03064232727007,242.30833333333334
berlin,2018,p50,desvio,gbm_histogramas,253.45,241.85087380850047,242.30833333333334
berlin,2019,p50,desvio,gbm_histogramas,236.75833333333333,242.50553777782127,243.81666666666666
boston,2005,p50,desvio,gbm_histogramas,233.05,225.5853745083325,225.89583333333331
boston,2006,p50,desvio,gbm_histogramas,224.78333333333333,221.72916835942007,227.14999999999998
boston,2007,p50,desvio,gbm_histogramas,228.66666666666663,225.61458067926603,225.89583333333331
boston,2008,p50,desvio,gbm_histogramas,226.21666666666667,226.48934925407963,226.82916666666665
boston,2009,p50,desvio,gbm_histogramas,224.08333333333331,223.14501717530726,227.14999999999998
boston,2010,p50,desvio,gbm_histogramas,224.28333333333333,223.88975919542068,227.14999999999998
boston,2011,p50,desvio,gbm_histogramas,224.9833333333333,225.27401231431926,227.14999999999998
boston,2012,p50,desvio,gbm_histogramas,251.06666666666663,240.6449344876226,225.89583333333331
boston,2013,p50,desvio,gbm_histogramas,220.88333333333333,226.74752488845854,227.14999999999998
boston,2014,p50,desvio,gbm_histogramas,232.2333333333333,227.17967132926296,225.89583333333331
boston,2015,p50,desvio,gbm_histogramas,219.66666666666663,225.0952702330804,227.14999999999998
boston,2016,p50,desvio,gbm_histogramas,228.08333333333331,229.4478358895908,225.89583333333331
boston,2017,p50,desvio,gbm_histogramas,231.65833333333333,234.4935127752859,225.89583333333331
boston,2018,p50,desvio,gbm_histogramas,228.6,220.008243372019,225.89583333333331
boston,2019,p50,desvio,gbm_histogramas,225.575,226.55094628598718,227.14999999999998
chicago,2005,p50,desvio,gbm_histogramas,262.85,265.8850704359475,267.4583333333333
chicago,2006,p50,desvio,gbm_histogramas,261.05,264.21900928122403,267.4583333333333
chicago,2007,p50,desvio,gbm_histogramas,295.01666666666665,287.28351991182063,267.425
chicago,2008,p50,desvio,gbm_histogramas,283.7,277.2964021405851,267.425
chicago,2009,p50,desvio,gbm_histogramas,263.43333333333334,262.67412313481793,267.4583333333333
chicago,2010,p50,desvio,gbm_histogramas,280.64166666666665,281.7457710707345,267.425
chicago,2011,p50,desvio,gbm_histogramas,277.875,273.8918247565751,267.425
chicago,2012,p50,desvio,gbm_histogramas,267.4,263.35708369723153,267.4583333333333
chicago,2013,p50,desvio,gbm_histogramas,267.43333333333334,267.46081335363084,267.45
chicago,2014,p50,desvio,gbm_histogramas,267.4166666666667,268.36227309362124,267.4583333333333
chicago,2015,p50,desvio,gbm_histogramas,270.75,272.2599354950964,267.425
chicago,2016,p50,desvio,gbm_histogramas,268.3833333333333,268.57536476039473,267.425
chicago,2017,p50,desvio,gbm_histogramas,282.71666666666664,275.5170867601526,267.425
chicago,2018,p50,desvio,gbm_histogramas,267.4833333333333,267.6164203528016,267.425
chicago,2019,p50,desvio,gbm_histogramas,262.1083333333333,264.2795226850698,267.4583333333333
chicago,2022,p50,desvio,gbm_histogramas,261.76666666666665,275.5633978896798,267.4583333333333
chicago,2023,p50,desvio,gbm_histogramas,251.6833333333333,262.9703014158053,267.4583333333333
durban,2022,p50,desvio,gbm_histogramas,237.78333333333333,250.5500186445669,249.84999999999997
durban,2024,p50,desvio,gbm_histogramas,247.49166666666667,251.12478191549823,244.9958333333333
durban,2025,p50,desvio,gbm_histogramas,252.2083333333333,243.30786769218057,242.6375
honolulu,2005,p50,desvio,gbm_histogramas,339.4833333333333,354.0576657529602,351.41666666666663
honolulu,2006,p50,desvio,gbm_histogramas,343.6166666666667,355.2180233161597,351.41666666666663
honolulu,2007,p50,desvio,gbm_histogramas,350.06666666666666,364.0743178849679,351.41666666666663
honolulu,2008,p50,desvio,gbm_histogramas,346.45,359.53620230279483,351.41666666666663
honolulu,2009,p50,desvio,gbm_histogramas,344.7333333333333,362.87176293310074,351.41666666666663
honolulu,2010,p50,desvio,gbm_histogramas,350.8666666666667,348.11949153800697,351.01666666666665
honolulu,2011,p50,desvio,gbm_histogramas,346.6,353.6671930376371,351.41666666666663
honolulu,2012,p50,desvio,gbm_histogramas,348.8,353.86471876351925,351.41666666666663
honolulu,2013,p50,desvio,gbm_histogramas,367.55,367.9029449134631,350.4666666666667
honolulu,2014,p50,desvio,gbm_histogramas,351.96666666666664,350.3621636222641,350.4666666666667
honolulu,2015,p50,desvio,gbm_histogramas,372.05,347.6733896330961,350.4666666666667
honolulu,2016,p50,desvio,gbm_histogramas,374.9583333333333,363.4326622489191,350.4666666666667
honolulu,2017,p50,desvio,gbm_histogramas,369.35833333333335,356.83447375204884,350.4666666666667
honolulu,2018,p50,desvio,gbm_histogramas,375.26666666666665,361.3964631678837,350.4666666666667
honolulu,2019,p50,desvio,gbm_histogramas,381.78333333333336,353.14183241640063,350.4666666666667
long_beach,2010,p50,desvio,gbm_histogramas,288.5083333333333,286.32852018670746,288.4
long_beach,2011,p50,desvio,gbm_histogramas,297.1,290.46872749118614,288.4
long_beach,2012,p50,desvio,gbm_histogramas,309.46666666666664,287.02234969532253,288.4
long_beach,2013,p50,desvio,gbm_histogramas,279.81666666666666,292.18702397373363,288.5083333333333
long_beach,2014,p50,desvio,gbm_histogramas,285.19166666666666,297.6911329484424,288.5083333333333
long_beach,2015,p50,desvio,gbm_histogramas,315.2583333333333,304.9691290952139,288.4
long_beach,2016,p50,desvio,gbm_histogramas,288.3833333333333,299.9288638797831,288.5083333333333
long_beach,2017,p50,desvio,gbm_histogramas,288.4,294.2237142180362,288.5083333333333
long_beach,2018,p50,desvio,gbm_histogramas,289.78333333333336,288.4389806429342,288.4
long_beach,2019,p50,desvio,gbm_histogramas,283.95,289.53606051130384,288.5083333333333
maui,2010,p50,desvio,gbm_histogramas,307.475,304.69047018793515,311.5
maui,2011,p50,desvio,gbm_histogramas,301.18333333333334,311.15114720147886,312.3625
maui,2012,p50,desvio,gbm_histogramas,305.75,308.5531363427185,312.3625
maui,2013,p50,desvio,gbm_histogramas,317.25,311.3405610242081,306.6125
maui,2014,p50,desvio,gbm_histogramas,320.56666666666666,311.3267555345866,306.6125
nyc,2005,p50,desvio,gbm_histogramas,278.55,266.7688018833587,265.7583333333333
nyc,2006,p50,desvio,gbm_histogramas,262.28333333333336,265.7656027048644,268.5333333333333
nyc,2007,p50,desvio,gbm_histogramas,263.65,266.31889934799364,268.5333333333333
nyc,2008,p50,desvio,gbm_histogramas,259.25,263.79076342193224,268.5333333333333
nyc,2009,p50,desvio,gbm_histogramas,259.05,265.8246732148489,268.5333333333333
nyc,2010,p50,desvio,gbm_histogramas,261.3333333333333,261.70423713634966,268.5333333333333
nyc,2011,p50,desvio,gbm_histogramas,262.71666666666664,265.938190326986,268.5333333333333
nyc,2013,p50,desvio,gbm_histogramas,262.3333333333333,265.2958109852585,268.5333333333333
nyc,2014,p50,desvio,gbm_histogramas,267.8666666666667,264.3345692816913,266.42499999999995
nyc,2015,p50,desvio,gbm_histogramas,273.1333333333333,266.58977852299023,265.7583333333333
nyc,2016,p50,desvio,gbm_histogramas,271.46666666666664,267.13014430554904,265.7583333333333
nyc,2017,p50,desvio,gbm_histogramas,270.45,273.41994878119726,265.7583333333333
nyc,2018,p50,desvio,gbm_histogramas,272.03333333333336,267.838658768251,265.7583333333333
nyc,2019,p50,desvio,gbm_histogramas,269.2,263.7727823168508,265.7583333333333
nyc,2022,p50,desvio,gbm_histogramas,284.75,263.5492892693242,265.7583333333333
nyc,2023,p50,desvio,gbm_histogramas,272.78333333333336,271.0431518842849,265.7583333333333
nyc,2024,p50,desvio,gbm_histogramas,263.55,263.9466956914186,268.5333333333333
rio,2023,p50,desvio,gbm_histogramas,254.5833333333333,257.0358950659709,250.91666666666663
rio,2024,p50,desvio,gbm_histogramas,251.4833333333333,256.0004658912886,252.46666666666664
rio,2025,p50,desvio,gbm_histogramas,250.35,251.29596747332957,253.0333333333333
savannah,2011,p50,desvio,gbm_histogramas,270.125,277.4582244216528,278.4083333333333
savannah,2012,p50,desvio,gbm_histogramas,277.6166666666667,278.6625563695848,276.9583333333333
savannah,2013,p50,desvio,gbm_histogramas,274.3833333333333,277.7809341269895,278.4083333333333
savannah,2014,p50,desvio,gbm_histogramas,274.71666666666664,276.7440919011242,278.4083333333333
savannah,2015,p50,desvio,gbm_histogramas,249.3083333333333,302.02952049388864,278.4083333333333
savannah,2016,p50,desvio,gbm_histogramas,286.6166666666667,276.46268180324495,276.16666666666663
savannah,2017,p50,desvio,gbm_histogramas,300.45,279.63973366619194,276.16666666666663
savannah,2018,p50,desvio,gbm_histogramas,280.96666666666664,276.09019582440106,276.16666666666663
savannah,2019,p50,desvio,gbm_histogramas,279.2,281.0746867008154,276.16666666666663
singapore,2014,p50,desvio,gbm_histogramas,358.0,356.93152553525834,354.1333333333333
singapore,2015,p50,desvio,gbm_histogramas,360.81666666666666,352.1851544631907,354.1333333333333
singapore,2016,p50,desvio,gbm_histogramas,354.1333333333333,355.8434300687747,355.3666666666667
singapore,2017,p50,desvio,gbm_histogramas,355.3666666666667,353.0686299980486,354.1333333333333
singapore,2018,p50,desvio,gbm_histogramas,353.56666666666666,355.7512258060549,355.3666666666667
singapore,2019,p50,desvio,gbm_histogramas,358.06666666666666,364.51624480753827,354.1333333333333
singapore,2022,p50,desvio,gbm_histogramas,327.65,346.33674682920054,355.3666666666667
singapore,2023,p50,desvio,gbm_histogramas,329.53333333333336,346.71723949317317,355.3666666666667
berlin,2005,p50,desvio,linear,248.08333333333331,245.3547346967922,242.30833333333334
berlin,2006,p50,desvio,linear,253.51666666666668,247.01686150239996,242.30833333333334
berlin,2007,p50,desvio,linear,242.25,246.15472146966744,243.81666666666666
berlin,2008,p50,desvio,linear,242.36666666666667,239.20837779731795,243.75833333333333
berlin,2009,p50,desvio,linear,250.11666666666667,251.41495510238627,242.30833333333334
berlin,2010,p50,desvio,linear,241.05,231.16898992148,243.81666666666666
berlin,2011,p50,desvio,linear,245.26666666666668,250.47709252830344,242.30833333333334
berlin,2012,p50,desvio,linear,241.06666666666663,244.25559511719462,243.81666666666666
berlin,2013,p50,desvio,linear,239.6833333333333,238.46795343245645,243.81666666666666
berlin,2014,p50,desvio,linear,241.9333333333333,247.9512615015619,243.81666666666666
berlin,2015,p50,desvio,linear,241.3083333333333,247.461689170809,243.81666666666666
berlin,2016,p50,desvio,linear,247.2333333333333,252.4053070538847,242.30833333333334
berlin,2017,p50,desvio,linear,247.2,251.02787461571853,242.30833333333334
berlin,2018,p50,desvio,linear,253.45,250.05025796756067,242.30833333333334
berlin,2019,p50,desvio,linear,236.75833333333333,229.9734585393715,243.81666666666666
boston,2005,p50,desvio,linear,233.05,229.65816794678554,225.89583333333331
boston,2006,p50,desvio,linear,224.78333333333333,220.4192649697379,227.14999999999998
boston,2007,p50,desvio,linear,228.66666666666663,192.93522007032914,225.89583333333331
boston,2008,p50,desvio,linear,226.21666666666667,236.8207889457812,226.82916666666665
boston,2009,p50,desvio,linear,224.08333333333331,220.28614807288034,227.14999999999998
boston,2010,p50,desvio,linear,224.28333333333333,209.251222395721,227.14999999999998
boston,2011,p50,desvio,linear,224.9833333333333,226.18096069698456,227.14999999999998
boston,2012,p50,desvio,linear,251.06666666666663,245.346175954164,225.89583333333331
boston,2013,p50,desvio,linear,220.88333333333333,234.03155524331865,227.14999999999998
boston,2014,p50,desvio,linear,232.2333333333333,229.68004022245353,225.89583333333331
boston,2015,p50,desvio,linear,219.66666666666663,217.01369012839194,227.14999999999998
boston,2016,p50,desvio,linear,228.08333333333331,255.74443504706986,225.89583333333331
boston,2017,p50,desvio,linear,231.65833333333333,262.0053059277779,225.89583333333331
boston,2018,p50,desvio,linear,228.6,220.4049282298144,225.89583333333331
boston,2019,p50,desvio,linear,225.575,222.27277426875895,227.14999999999998
chicago,2005,p50,desvio,linear,262.85,262.25330268728504,267.4583333333333
chicago,2006,p50,desvio,linear,261.05,258.2670811068267,267.4583333333333
chicago,2007,p50,desvio,linear,295.01666666666665,284.3602145590809,267.425
chicago,2008,p50,desvio,linear,283.7,283.9306193541459,267.425
chicago,2009,p50,desvio,linear,263.43333333333334,263.5076140542662,267.4583333333333
chicago,2010,p50,desvio,linear,280.64166666666665,287.54437563536555,267.425
chicago,2011,p50,desvio,linear,277.875,284.6856440460858,267.425
chicago,2012,p50,desvio,linear,267.4,268.6721965168854,267.4583333333333
chicago,2013,p50,desvio,linear,267.43333333333334,262.6353753194688,267.45
chicago,2014,p50,desvio,linear,267.4166666666667,263.9624623993115,267.4583333333333
chicago,2015,p50,desvio,linear,270.75,273.5559213882497,267.425
chicago,2016,p50,desvio,linear,268.3833333333333,268.13783066904455,267.425
chicago,2017,p50,desvio,linear,282.71666666666664,276.6985837925213,267.425
chicago,2018,p50,desvio,linear,267.4833333333333,269.26199947938215,267.425
chicago,2019,p50,desvio,linear,262.1083333333333,263.2000967154664,267.4583333333333
chicago,2022,p50,desvio,linear,261.76666666666665,270.3283442410063,267.4583333333333
chicago,2023,p50,desvio,linear,251.6833333333333,280.7766392487086,267.4583333333333
durban,2022,p50,desvio,linear,237.78333333333333,246.84005881718005,249.84999999999997
durban,2024,p50,desvio,linear,247.49166666666667,249.62772454048064,244.9958333333333
durban,2025,p50,desvio,linear,252.2083333333333,248.14887599034978,242.6375
honolulu,2005,p50,desvio,linear,339.4833333333333,361.8235642337491,351.41666666666663
honolulu,2006,p50,desvio,linear,343.6166666666667,363.2603172999168,351.41666666666663
honolulu,2007,p50,desvio,linear,350.06666666666666,358.26455618925263,351.41666666666663
honolulu,2008,p50,desvio,linear,346.45,348.0243642537182,351.41666666666663
honolulu,2009,p50,desvio,linear,344.7333333333333,358.03451090395043,351.41666666666663
honolulu,2010,p50,desvio,linear,350.8666666666667,353.5061007323438,351.01666666666665
honolulu,2011,p50,desvio,linear,346.6,350.6636637611378,351.41666666666663
honolulu,2012,p50,desvio,linear,348.8,356.35051327277586,351.41666666666663
honolulu,2013,p50,desvio,linear,367.55,363.5233994483402,350.4666666666667
honolulu,2014,p50,desvio,linear,351.96666666666664,362.7722493404556,350.4666666666667
honolulu,2015,p50,desvio,linear,372.05,359.6006127793433,350.4666666666667
honolulu,2016,p50,desvio,linear,374.9583333333333,361.21885725129886,350.4666666666667
honolulu,2017,p50,desvio,linear,369.35833333333335,359.3984473224083,350.4666666666667
honolulu,2018,p50,desvio,linear,375.26666666666665,351.70908122133835,350.4666666666667
honolulu,2019,p50,desvio,linear,381.78333333333336,358.5508096001214,350.4666666666667
long_beach,2010,p50,desvio,linear,288.5083333333333,286.55846118662504,288.4
long_beach,2011,p50,desvio,linear,297.1,290.3264499112645,288.4
long_beach,2012,p50,desvio,linear,309.46666666666664,289.1514563196999,288.4
long_beach,2013,p50,desvio,linear,279.81666666666666,283.7124066208102,288.5083333333333
long_beach,2014,p50,desvio,linear,285.19166666666666,290.6051455716091,288.5083333333333
long_beach,2015,p50,desvio,linear,315.2583333333333,302.07370327215676,288.4
long_beach,2016,p50,desvio,linear,288.3833333333333,300.13286382855216,288.5083333333333
long_beach,2017,p50,desvio,linear,288.4,287.45388394938226,288.5083333333333
long_beach,2018,p50,desvio,linear,289.78333333333336,288.38241133593124,288.4
long_beach,2019,p50,desvio,linear,283.95,285.8432308967949,288.5083333333333
maui,2010,p50,desvio,linear,307.475,309.1786036403454,311.5
maui,2011,p50,desvio,linear,301.18333333333334,319.75505946019905,312.3625
maui,2012,p50,desvio,linear,305.75,314.2191220537955,312.3625
maui,2013,p50,desvio,linear,317.25,309.44262637093266,306.6125
maui,2014,p50,desvio,linear,320.56666666666666,290.81923346496524,306.6125
nyc,2005,p50,desvio,linear,278.55,271.17889171507375,265.7583333333333
nyc,2006,p50,desvio,linear,262.28333333333336,257.84974651735683,268.5333333333333
nyc,2007,p50,desvio,linear,263.65,266.3008566931085,268.5333333333333
nyc,2008,p50,desvio,linear,259.25,257.9118367732821,268.5333333333333
nyc,2009,p50,desvio,linear,259.05,276.6700047747875,268.5333333333333
nyc,2010,p50,desvio,linear,261.3333333333333,255.6398187208552,268.5333333333333
nyc,2011,p50,desvio,linear,262.71666666666664,257.96529950211294,268.5333333333333
nyc,2013,p50,desvio,linear,262.3333333333333,270.3726488260026,268.5333333333333
nyc,2014,p50,desvio,linear,267.8666666666667,256.8169228552228,266.42499999999995
nyc,2015,p50,desvio,linear,273.1333333333333,269.0003279105912,265.7583333333333
nyc,2016,p50,desvio,linear,271.46666666666664,264.61744252283376,265.7583333333333
nyc,2017,p50,desvio,linear,270.45,270.2763888530441,265.7583333333333
nyc,2018,p50,desvio,linear,272.03333333333336,262.8872250161675,265.7583333333333
nyc,2019,p50,desvio,linear,269.2,261.9334140394102,265.7583333333333
nyc,2022,p50,desvio,linear,284.75,281.53986333481737,265.7583333333333
nyc,2023,p50,desvio,linear,272.78333333333336,271.05341827715864,265.7583333333333
nyc,2024,p50,desvio,linear,263.55,269.4039295509912,268.5333333333333
rio,2023,p50,desvio,linear,254.5833333333333,249.28098940708884,250.91666666666663
rio,2024,p50,desvio,linear,251.4833333333333,254.55543039347023,252.46666666666664
rio,2025,p50,desvio,linear,250.35,254.4858121085032,253.0333333333333
savannah,2011,p50,desvio,linear,270.125,271.9877577967945,278.4083333333333
savannah,2012,p50,desvio,linear,277.6166666666667,281.36589953310477,276.9583333333333
savannah,2013,p50,desvio,linear,274.3833333333333,283.5280842203041,278.4083333333333
savannah,2014,p50,desvio,linear,274.71666666666664,281.49104573298365,278.4083333333333
savannah,2015,p50,desvio,linear,249.3083333333333,290.8374758603422,278.4083333333333
savannah,2016,p50,desvio,linear,286.6166666666667,273.5000104468978,276.16666666666663
savannah,2017,p50,desvio,linear,300.45,281.0242506245064,276.16666666666663
savannah,2018,p50,desvio,linear,280.96666666666664,268.6590416288689,276.16666666666663
savannah,2019,p50,desvio,linear,279.2,276.4740414260217,276.16666666666663
singapore,2014,p50,desvio,linear,358.0,346.95313951012446,354.1333333333333
singapore,2015,p50,desvio,linear,360.81666666666666,349.37756618971804,354.1333333333333
singapore,2016,p50,desvio,linear,354.1333333333333,354.2816766403683,355.3666666666667
singapore,2017,p50,desvio,linear,355.3666666666667,349.9291228920596,354.1333333333333
singapore,2018,p50,desvio,linear,353.56666666666666,345.76262156555583,355.3666666666667
singapore,2019,p50,desvio,linear,358.06666666666666,475.20611677998863,354.1333333333333
singapore,2022,p50,desvio,linear,327.65,352.3393891869305,355.3666666666667
singapore,2023,p50,desvio,linear,329.53333333333336,349.4219498377993,355.3666666666667
berlin,2005,p50,desvio,floresta_aleatoria,248.08333333333331,249.02063634259258,242.30833333333334
berlin,2006,p50,desvio,floresta_aleatoria,253.51666666666668,253.87861450066137,242.30833333333334
berlin,2007,p50,desvio,floresta_aleatoria,242.25,241.73139264632934,243.81666666666666
berlin,2008,p50,desvio,floresta_aleatoria,242.36666666666667,244.00541545965606,243.75833333333333
berlin,2009,p50,desvio,floresta_aleatoria,250.11666666666667,250.81300110367064,242.30833333333334
berlin,2010,p50,desvio,floresta_aleatoria,241.05,239.87632545056215,243.81666666666666
berlin,2011,p50,desvio,floresta_aleatoria,245.26666666666668,247.8725084366733,242.30833333333334
berlin,2012,p50,desvio,floresta_aleatoria,241.06666666666663,242.00757110201718,243.81666666666666
berlin,2013,p50,desvio,floresta_aleatoria,239.6833333333333,241.2273392526455,243.81666666666666
berlin,2014,p50,desvio,floresta_aleatoria,241.9333333333333,246.68110481977513,243.81666666666666
berlin,2015,p50,desvio,floresta_aleatoria,241.3083333333333,243.84732174272486,243.81666666666666
berlin,2016,p50,desvio,floresta_aleatoria,247.2333333333333,247.69818165509258,242.30833333333334
berlin,2017,p50,desvio,floresta_aleatoria,247.2,242.3275931404822,242.30833333333334
berlin,2018,p50,desvio,floresta_aleatoria,253.45,243.93502273065477,242.30833333333334
berlin,2019,p50,desvio,floresta_aleatoria,236.75833333333333,240.34848991815474,243.81666666666666
boston,2005,p50,desvio,floresta_aleatoria,233.05,226.01523907903436,225.89583333333331
boston,2006,p50,desvio,floresta_aleatoria,224.78333333333333,223.24540272817458,227.14999999999998
boston,2007,p50,desvio,floresta_aleatoria,228.66666666666663,223.41362989004628,225.89583333333331
boston,2008,p50,desvio,floresta_aleatoria,226.21666666666667,225.66910741980817,226.82916666666665
boston,2009,p50,desvio,floresta_aleatoria,224.08333333333331,223.34972368551584,227.14999999999998
boston,2010,p50,desvio,floresta_aleatoria,224.28333333333333,223.93243268849204,227.14999999999998
boston,2011,p50,desvio,floresta_aleatoria,224.9833333333333,225.92383403829965,227.14999999999998
boston,2012,p50,desvio,floresta_aleatoria,251.06666666666663,237.99220100859787,225.89583333333331
boston,2013,p50,desvio,floresta_aleatoria,220.88333333333333,225.31337480384195,227.14999999999998
boston,2014,p50,desvio,floresta_aleatoria,232.2333333333333,227.1698203000992,225.89583333333331
boston,2015,p50,desvio,floresta_aleatoria,219.66666666666663,225.87168439980155,227.14999999999998
boston,2016,p50,desvio,floresta_aleatoria,228.08333333333331,228.92064236937827,225.89583333333331
boston,2017,p50,desvio,floresta_aleatoria,231.65833333333333,229.74760196608943,225.89583333333331
boston,2018,p50,desvio,floresta_aleatoria,228.6,222.41972657076715,225.89583333333331
boston,2019,p50,desvio,floresta_aleatoria,225.575,227.50218476355818,227.14999999999998
chicago,2005,p50,desvio,floresta_aleatoria,262.85,265.2377482432209,267.4583333333333
chicago,2006,p50,desvio,floresta_aleatoria,261.05,264.21123294327197,267.4583333333333
chicago,2007,p50,desvio,floresta_aleatoria,295.01666666666665,281.2372065021495,267.425
chicago,2008,p50,desvio,floresta_aleatoria,283.7,275.4471162119709,267.425
chicago,2009,p50,desvio,floresta_aleatoria,263.43333333333334,263.32535804811505,267.4583333333333
chicago,2010,p50,desvio,floresta_aleatoria,280.64166666666665,279.8519998222553,267.425
chicago,2011,p50,desvio,floresta_aleatoria,277.875,277.19377629381614,267.425
chicago,2012,p50,desvio,floresta_aleatoria,267.4,261.9319063492063,267.4583333333333
chicago,2013,p50,desvio,floresta_aleatoria,267.43333333333334,267.25321224296533,267.45
chicago,2014,p50,desvio,floresta_aleatoria,267.4166666666667,267.442654985119,267.4583333333333
chicago,2015,p50,desvio,floresta_aleatoria,270.75,273.4282547619048,267.425
chicago,2016,p50,desvio,floresta_aleatoria,268.3833333333333,268.1145311921296,267.425
chicago,2017,p50,desvio,floresta_aleatoria,282.71666666666664,272.4911054770172,267.425
chicago,2018,p50,desvio,floresta_aleatoria,267.4833333333333,267.7867479166667,267.425
chicago,2019,p50,desvio,floresta_aleatoria,262.1083333333333,263.98380625,267.4583333333333
chicago,2022,p50,desvio,floresta_aleatoria,261.76666666666665,270.5144347222222,267.4583333333333
chicago,2023,p50,desvio,floresta_aleatoria,251.6833333333333,264.89645047536374,267.4583333333333
durban,2022,p50,desvio,floresta_aleatoria,237.78333333333333,252.34134069940473,249.84999999999997
durban,2024,p50,desvio,floresta_aleatoria,247.49166666666667,252.73965767609124,244.9958333333333
durban,2025,p50,desvio,floresta_aleatoria,252.2083333333333,245.6196899801587,242.6375
honolulu,2005,p50,desvio,floresta_aleatoria,339.4833333333333,354.3978140873016,351.41666666666663
honolulu,2006,p50,desvio,floresta_aleatoria,343.6166666666667,354.61983825231476,351.41666666666663
honolulu,2007,p50,desvio,floresta_aleatoria,350.06666666666666,359.58335127728174,351.41666666666663
honolulu,2008,p50,desvio,floresta_aleatoria,346.45,355.72447781084657,351.41666666666663
honolulu,2009,p50,desvio,floresta_aleatoria,344.7333333333333,361.0402199156746,351.41666666666663
honolulu,2010,p50,desvio,floresta_aleatoria,350.8666666666667,350.21977057705027,351.01666666666665
honolulu,2011,p50,desvio,floresta_aleatoria,346.6,353.2423155505952,351.41666666666663
honolulu,2012,p50,desvio,floresta_aleatoria,348.8,357.1039444857804,351.41666666666663
honolulu,2013,p50,desvio,floresta_aleatoria,367.55,363.94514183464105,350.4666666666667
honolulu,2014,p50,desvio,floresta_aleatoria,351.96666666666664,353.2240303240741,350.4666666666667
honolulu,2015,p50,desvio,floresta_aleatoria,372.05,353.9128629174934,350.4666666666667
honolulu,2016,p50,desvio,floresta_aleatoria,374.9583333333333,356.9084365327381,350.4666666666667
honolulu,2017,p50,desvio,floresta_aleatoria,369.35833333333335,352.0404886904762,350.4666666666667
honolulu,2018,p50,desvio,floresta_aleatoria,375.26666666666665,356.5039957912458,350.4666666666667
honolulu,2019,p50,desvio,floresta_aleatoria,381.78333333333336,355.53863061755953,350.4666666666667
long_beach,2010,p50,desvio,floresta_aleatoria,288.5083333333333,287.1068042591089,288.4
long_beach,2011,p50,desvio,floresta_aleatoria,297.1,291.1474962233946,288.4
long_beach,2012,p50,desvio,floresta_aleatoria,309.46666666666664,289.04610066964284,288.4
long_beach,2013,p50,desvio,floresta_aleatoria,279.81666666666666,289.58807440476187,288.5083333333333
long_beach,2014,p50,desvio,floresta_aleatoria,285.19166666666666,293.63732762896825,288.5083333333333
long_beach,2015,p50,desvio,floresta_aleatoria,315.2583333333333,301.5570206597222,288.4
long_beach,2016,p50,desvio,floresta_aleatoria,288.3833333333333,298.19225203373014,288.5083333333333
long_beach,2017,p50,desvio,floresta_aleatoria,288.4,292.31964066633594,288.5083333333333
long_beach,2018,p50,desvio,floresta_aleatoria,289.78333333333336,289.85669594907404,288.4
long_beach,2019,p50,desvio,floresta_aleatoria,283.95,290.04814399801586,288.5083333333333
maui,2010,p50,desvio,floresta_aleatoria,307.475,308.68348603670637,311.5
maui,2011,p50,desvio,floresta_aleatoria,301.18333333333334,310.568289864418,312.3625
maui,2012,p50,desvio,floresta_aleatoria,305.75,312.23542109375,312.3625
maui,2013,p50,desvio,floresta_aleatoria,317.25,312.91231121144483,306.6125
maui,2014,p50,desvio,floresta_aleatoria,320.56666666666666,309.80638991514854,306.6125
nyc,2005,p50,desvio,floresta_aleatoria,278.55,266.2254521205357,265.7583333333333
nyc,2006,p50,desvio,floresta_aleatoria,262.28333333333336,264.8534694940476,268.5333333333333
nyc,2007,p50,desvio,floresta_aleatoria,263.65,265.65305397238757,268.5333333333333
nyc,2008,p50,desvio,floresta_aleatoria,259.25,264.5409063244047,268.5333333333333
nyc,2009,p50,desvio,floresta_aleatoria,259.05,266.2806912029521,268.5333333333333
nyc,2010,p50,desvio,floresta_aleatoria,261.3333333333333,263.1799627066799,268.5333333333333
nyc,2011,p50,desvio,floresta_aleatoria,262.71666666666664,265.5252756861772,268.5333333333333
nyc,2013,p50,desvio,floresta_aleatoria,262.3333333333333,264.56179676752646,268.5333333333333
nyc,2014,p50,desvio,floresta_aleatoria,267.8666666666667,263.69149165839946,266.42499999999995
nyc,2015,p50,desvio,floresta_aleatoria,273.1333333333333,266.833176099537,265.7583333333333
nyc,2016,p50,desvio,floresta_aleatoria,271.46666666666664,266.38984774305555,265.7583333333333
nyc,2017,p50,desvio,floresta_aleatoria,270.45,269.1880413874609,265.7583333333333
nyc,2018,p50,desvio,floresta_aleatoria,272.03333333333336,266.4451044684193,265.7583333333333
nyc,2019,p50,desvio,floresta_aleatoria,269.2,264.04872507027113,265.7583333333333
nyc,2022,p50,desvio,floresta_aleatoria,284.75,265.93970147982805,265.7583333333333
nyc,2023,p50,desvio,floresta_aleatoria,272.78333333333336,268.13789697833994,265.7583333333333
nyc,2024,p50,desvio,floresta_aleatoria,263.55,264.92203782655423,268.5333333333333
rio,2023,p50,desvio,floresta_aleatoria,254.5833333333333,258.2024544225739,250.91666666666663
rio,2024,p50,desvio,floresta_aleatoria,251.4833333333333,254.2166462545845,252.46666666666664
rio,2025,p50,desvio,floresta_aleatoria,250.35,256.9465745742394,253.0333333333333
savannah,2011,p50,desvio,floresta_aleatoria,270.125,276.0352611855158,278.4083333333333
savannah,2012,p50,desvio,floresta_aleatoria,277.6166666666667,280.1540853546627,276.9583333333333
savannah,2013,p50,desvio,floresta_aleatoria,274.3833333333333,278.65334688326715,278.4083333333333
savannah,2014,p50,desvio,floresta_aleatoria,274.71666666666664,279.2463841104497,278.4083333333333
savannah,2015,p50,desvio,floresta_aleatoria,249.3083333333333,295.67714144345234,278.4083333333333
savannah,2016,p50,desvio,floresta_aleatoria,286.6166666666667,277.296883912037,276.16666666666663
savannah,2017,p50,desvio,floresta_aleatoria,300.45,280.0579716021825,276.16666666666663
savannah,2018,p50,desvio,floresta_aleatoria,280.96666666666664,276.87079563492057,276.16666666666663
savannah,2019,p50,desvio,floresta_aleatoria,279.2,277.18879393601185,276.16666666666663
singapore,2014,p50,desvio,floresta_aleatoria,358.0,353.48582780257937,354.1333333333333
singapore,2015,p50,desvio,floresta_aleatoria,360.81666666666666,352.45480416666663,354.1333333333333
singapore,2016,p50,desvio,floresta_aleatoria,354.1333333333333,355.28137077546296,355.3666666666667
singapore,2017,p50,desvio,floresta_aleatoria,355.3666666666667,353.6876255042989,354.1333333333333
singapore,2018,p50,desvio,floresta_aleatoria,353.56666666666666,351.98187523974866,355.3666666666667
singapore,2019,p50,desvio,floresta_aleatoria,358.06666666666666,354.425224280754,354.1333333333333
singapore,2022,p50,desvio,floresta_aleatoria,327.65,352.2182939360119,355.3666666666667
singapore,2023,p50,desvio,floresta_aleatoria,329.53333333333336,350.8467753637566,355.3666666666667
berlin,2005,p50,desvio,perceptron_multicamadas,248.08333333333331,247.04858631590514,242.30833333333334
berlin,2006,p50,desvio,perceptron_multicamadas,253.51666666666668,254.32460344759536,242.30833333333334
berlin,2007,p50,desvio,perceptron_multicamadas,242.25,239.32387041810765,243.81666666666666
berlin,2008,p50,desvio,perceptron_multicamadas,242.36666666666667,244.7250660664969,243.75833333333333
berlin,2009,p50,desvio,perceptron_multicamadas,250.11666666666667,243.89073022603984,242.30833333333334
berlin,2010,p50,desvio,perceptron_multicamadas,241.05,241.23685862430196,243.81666666666666
berlin,2011,p50,desvio,perceptron_multicamadas,245.26666666666668,249.8113860520873,242.30833333333334
berlin,2012,p50,desvio,perceptron_multicamadas,241.06666666666663,241.48971762073174,243.81666666666666
berlin,2013,p50,desvio,perceptron_multicamadas,239.6833333333333,245.94947347745733,243.81666666666666
berlin,2014,p50,desvio,perceptron_multicamadas,241.9333333333333,244.28695082207352,243.81666666666666
berlin,2015,p50,desvio,perceptron_multicamadas,241.3083333333333,238.33761712332208,243.81666666666666
berlin,2016,p50,desvio,perceptron_multicamadas,247.2333333333333,247.5016454826459,242.30833333333334
berlin,2017,p50,desvio,perceptron_multicamadas,247.2,245.97208275981615,242.30833333333334
berlin,2018,p50,desvio,perceptron_multicamadas,253.45,239.81805316209673,242.30833333333334
berlin,2019,p50,desvio,perceptron_multicamadas,236.75833333333333,241.56627857390373,243.81666666666666
boston,2005,p50,desvio,perceptron_multicamadas,233.05,222.808173631607,225.89583333333331
boston,2006,p50,desvio,perceptron_multicamadas,224.78333333333333,225.78901902095757,227.14999999999998
boston,2007,p50,desvio,perceptron_multicamadas,228.66666666666663,212.72948547492211,225.89583333333331
boston,2008,p50,desvio,perceptron_multicamadas,226.21666666666667,229.6018501372683,226.82916666666665
boston,2009,p50,desvio,perceptron_multicamadas,224.08333333333331,224.2095884249635,227.14999999999998
boston,2010,p50,desvio,perceptron_multicamadas,224.28333333333333,212.79865851781543,227.14999999999998
boston,2011,p50,desvio,perceptron_multicamadas,224.9833333333333,227.449493798605,227.14999999999998
boston,2012,p50,desvio,perceptron_multicamadas,251.06666666666663,247.55603559161102,225.89583333333331
boston,2013,p50,desvio,perceptron_multicamadas,220.88333333333333,224.2709141876154,227.14999999999998
boston,2014,p50,desvio,perceptron_multicamadas,232.2333333333333,229.60780600732738,225.89583333333331
boston,2015,p50,desvio,perceptron_multicamadas,219.66666666666663,234.26614409371035,227.14999999999998
boston,2016,p50,desvio,perceptron_multicamadas,228.08333333333331,233.96870157122538,225.89583333333331
boston,2017,p50,desvio,perceptron_multicamadas,231.65833333333333,250.6630512391044,225.89583333333331
boston,2018,p50,desvio,perceptron_multicamadas,228.6,155.01765899599326,225.89583333333331
boston,2019,p50,desvio,perceptron_multicamadas,225.575,227.6488028480807,227.14999999999998
chicago,2005,p50,desvio,perceptron_multicamadas,262.85,257.7926072150791,267.4583333333333
chicago,2006,p50,desvio,perceptron_multicamadas,261.05,249.69584251724038,267.4583333333333
chicago,2007,p50,desvio,perceptron_multicamadas,295.01666666666665,285.0208742520557,267.425
chicago,2008,p50,desvio,perceptron_multicamadas,283.7,284.3552543861542,267.425
chicago,2009,p50,desvio,perceptron_multicamadas,263.43333333333334,261.8109512516227,267.4583333333333
chicago,2010,p50,desvio,perceptron_multicamadas,280.64166666666665,277.365959332569,267.425
chicago,2011,p50,desvio,perceptron_multicamadas,277.875,286.07865285102724,267.425
chicago,2012,p50,desvio,perceptron_multicamadas,267.4,259.3806720432397,267.4583333333333
chicago,2013,p50,desvio,perceptron_multicamadas,267.43333333333334,262.42156937703345,267.45
chicago,2014,p50,desvio,perceptron_multicamadas,267.4166666666667,260.6745967890622,267.4583333333333
chicago,2015,p50,desvio,perceptron_multicamadas,270.75,270.1344254776798,267.425
chicago,2016,p50,desvio,perceptron_multicamadas,268.3833333333333,270.35227062159737,267.425
chicago,2017,p50,desvio,perceptron_multicamadas,282.71666666666664,273.7863218927123,267.425
chicago,2018,p50,desvio,perceptron_multicamadas,267.4833333333333,262.5414265108049,267.425
chicago,2019,p50,desvio,perceptron_multicamadas,262.1083333333333,265.48080697717035,267.4583333333333
chicago,2022,p50,desvio,perceptron_multicamadas,261.76666666666665,264.73627480239327,267.4583333333333
chicago,2023,p50,desvio,perceptron_multicamadas,251.6833333333333,271.8830140504037,267.4583333333333
durban,2022,p50,desvio,perceptron_multicamadas,237.78333333333333,238.0145165516742,249.84999999999997
durban,2024,p50,desvio,perceptron_multicamadas,247.49166666666667,266.42366095755267,244.9958333333333
durban,2025,p50,desvio,perceptron_multicamadas,252.2083333333333,235.69865194654778,242.6375
honolulu,2005,p50,desvio,perceptron_multicamadas,339.4833333333333,348.23313567380563,351.41666666666663
honolulu,2006,p50,desvio,perceptron_multicamadas,343.6166666666667,342.4152810858703,351.41666666666663
honolulu,2007,p50,desvio,perceptron_multicamadas,350.06666666666666,358.4246993098292,351.41666666666663
honolulu,2008,p50,desvio,perceptron_multicamadas,346.45,334.17867130400043,351.41666666666663
honolulu,2009,p50,desvio,perceptron_multicamadas,344.7333333333333,358.06607160039124,351.41666666666663
honolulu,2010,p50,desvio,perceptron_multicamadas,350.8666666666667,354.93442338858426,351.01666666666665
honolulu,2011,p50,desvio,perceptron_multicamadas,346.6,346.6998204082641,351.41666666666663
honolulu,2012,p50,desvio,perceptron_multicamadas,348.8,353.58479026236085,351.41666666666663
honolulu,2013,p50,desvio,perceptron_multicamadas,367.55,370.0744335173982,350.4666666666667
honolulu,2014,p50,desvio,perceptron_multicamadas,351.96666666666664,361.7313623701353,350.4666666666667
honolulu,2015,p50,desvio,perceptron_multicamadas,372.05,363.77437643000155,350.4666666666667
honolulu,2016,p50,desvio,perceptron_multicamadas,374.9583333333333,378.8904725980459,350.4666666666667
honolulu,2017,p50,desvio,perceptron_multicamadas,369.35833333333335,356.950148827019,350.4666666666667
honolulu,2018,p50,desvio,perceptron_multicamadas,375.26666666666665,358.6787906181295,350.4666666666667
honolulu,2019,p50,desvio,perceptron_multicamadas,381.78333333333336,368.53654040611286,350.4666666666667
long_beach,2010,p50,desvio,perceptron_multicamadas,288.5083333333333,278.1903966268814,288.4
long_beach,2011,p50,desvio,perceptron_multicamadas,297.1,291.8168597574135,288.4
long_beach,2012,p50,desvio,perceptron_multicamadas,309.46666666666664,289.65789839028747,288.4
long_beach,2013,p50,desvio,perceptron_multicamadas,279.81666666666666,290.38093750330944,288.5083333333333
long_beach,2014,p50,desvio,perceptron_multicamadas,285.19166666666666,298.85730932094185,288.5083333333333
long_beach,2015,p50,desvio,perceptron_multicamadas,315.2583333333333,310.6640414598691,288.4
long_beach,2016,p50,desvio,perceptron_multicamadas,288.3833333333333,303.50020969130975,288.5083333333333
long_beach,2017,p50,desvio,perceptron_multicamadas,288.4,280.053991676769,288.5083333333333
long_beach,2018,p50,desvio,perceptron_multicamadas,289.78333333333336,285.12435917051465,288.4
long_beach,2019,p50,desvio,perceptron_multicamadas,283.95,288.22598257882765,288.5083333333333
maui,2010,p50,desvio,perceptron_multicamadas,307.475,299.52416353483125,311.5
maui,2011,p50,desvio,perceptron_multicamadas,301.18333333333334,320.6147667864599,312.3625
maui,2012,p50,desvio,perceptron_multicamadas,305.75,309.6932589149478,312.3625
maui,2013,p50,desvio,perceptron_multicamadas,317.25,297.88153708093745,306.6125
maui,2014,p50,desvio,perceptron_multicamadas,320.56666666666666,293.87389060709995,306.6125
nyc,2005,p50,desvio,perceptron_multicamadas,278.55,269.5387390502543,265.7583333333333
nyc,2006,p50,desvio,perceptron_multicamadas,262.28333333333336,262.6780605192669,268.5333333333333
nyc,2007,p50,desvio,perceptron_multicamadas,263.65,268.18133061897294,268.5333333333333
nyc,2008,p50,desvio,perceptron_multicamadas,259.25,257.7297812045473,268.5333333333333
nyc,2009,p50,desvio,perceptron_multicamadas,259.05,269.31196015228903,268.5333333333333
nyc,2010,p50,desvio,perceptron_multicamadas,261.3333333333333,265.3811890154192,268.5333333333333
nyc,2011,p50,desvio,perceptron_multicamadas,262.71666666666664,266.5743647040398,268.5333333333333
nyc,2013,p50,desvio,perceptron_multicamadas,262.3333333333333,261.7782410189914,268.5333333333333
nyc,2014,p50,desvio,perceptron_multicamadas,267.8666666666667,265.30564753434624,266.42499999999995
nyc,2015,p50,desvio,perceptron_multicamadas,273.1333333333333,270.28315073391775,265.7583333333333
nyc,2016,p50,desvio,perceptron_multicamadas,271.46666666666664,268.44970981143166,265.7583333333333
nyc,2017,p50,desvio,perceptron_multicamadas,270.45,279.2552628823825,265.7583333333333
nyc,2018,p50,desvio,perceptron_multicamadas,272.03333333333336,260.707336202456,265.7583333333333
nyc,2019,p50,desvio,perceptron_multicamadas,269.2,265.3762221088098,265.7583333333333
nyc,2022,p50,desvio,perceptron_multicamadas,284.75,280.51075299484285,265.7583333333333
nyc,2023,p50,desvio,perceptron_multicamadas,272.78333333333336,266.14453902136836,265.7583333333333
nyc,2024,p50,desvio,perceptron_multicamadas,263.55,267.57980675200514,268.5333333333333
rio,2023,p50,desvio,perceptron_multicamadas,254.5833333333333,248.09441522741025,250.91666666666663
rio,2024,p50,desvio,perceptron_multicamadas,251.4833333333333,254.14944817255886,252.46666666666664
rio,2025,p50,desvio,perceptron_multicamadas,250.35,262.06999239017233,253.0333333333333
savannah,2011,p50,desvio,perceptron_multicamadas,270.125,279.37066079793436,278.4083333333333
savannah,2012,p50,desvio,perceptron_multicamadas,277.6166666666667,287.06485201536816,276.9583333333333
savannah,2013,p50,desvio,perceptron_multicamadas,274.3833333333333,279.53711511333734,278.4083333333333
savannah,2014,p50,desvio,perceptron_multicamadas,274.71666666666664,276.7948477226527,278.4083333333333
savannah,2015,p50,desvio,perceptron_multicamadas,249.3083333333333,282.47750569752145,278.4083333333333
savannah,2016,p50,desvio,perceptron_multicamadas,286.6166666666667,274.3804820304262,276.16666666666663
savannah,2017,p50,desvio,perceptron_multicamadas,300.45,275.07241632264396,276.16666666666663
savannah,2018,p50,desvio,perceptron_multicamadas,280.96666666666664,277.0887572411319,276.16666666666663
savannah,2019,p50,desvio,perceptron_multicamadas,279.2,268.38897641813185,276.16666666666663
singapore,2014,p50,desvio,perceptron_multicamadas,358.0,351.36829340615276,354.1333333333333
singapore,2015,p50,desvio,perceptron_multicamadas,360.81666666666666,360.0599259216987,354.1333333333333
singapore,2016,p50,desvio,perceptron_multicamadas,354.1333333333333,360.9822341349593,355.3666666666667
singapore,2017,p50,desvio,perceptron_multicamadas,355.3666666666667,355.6775054889948,354.1333333333333
singapore,2018,p50,desvio,perceptron_multicamadas,353.56666666666666,345.13790558504786,355.3666666666667
singapore,2019,p50,desvio,perceptron_multicamadas,358.06666666666666,342.613643164135,354.1333333333333
singapore,2022,p50,desvio,perceptron_multicamadas,327.65,350.2001160918311,355.3666666666667
singapore,2023,p50,desvio,perceptron_multicamadas,329.53333333333336,348.69262649547966,355.3666666666667
berlin,2005,p75,referencia,media_global,277.7,323.0647988505748,274.93125
berlin,2006,p75,referencia,media_global,284.2791666666667,323.0080818965518,274.93125
berlin,2007,p75,referencia,media_global,271.74583333333334,323.1161278735633,275.8375
berlin,2008,p75,referencia,media_global,272.9,323.10617816091957,275.8375
berlin,2009,p75,referencia,media_global,280.30833333333334,323.04231321839086,274.93125
berlin,2010,p75,referencia,media_global,270.56666666666666,323.1262931034483,275.8375
berlin,2011,p75,referencia,media_global,276.7,323.0734195402299,274.93125
berlin,2012,p75,referencia,media_global,271.71666666666664,323.1163793103449,275.8375
berlin,2013,p75,referencia,media_global,270.76666666666665,323.12456896551726,275.8375
berlin,2014,p75,referencia,media_global,274.975,323.08829022988505,275.79375
berlin,2015,p75,referencia,media_global,274.8875,323.08904454022996,275.8375
berlin,2016,p75,referencia,media_global,281.81666666666666,323.02931034482765,274.93125
berlin,2017,p75,referencia,media_global,281.1166666666667,323.03534482758624,274.93125
berlin,2018,p75,referencia,media_global,291.4,322.94669540229893,274.93125
berlin,2019,p75,referencia,media_global,269.90416666666664,323.1320043103448,275.8375
boston,2005,p75,referencia,media_global,259.51666666666665,323.22155172413795,253.06666666666666
boston,2006,p75,referencia,media_global,249.71666666666667,323.3060344827586,255.60833333333332
boston,2007,p75,referencia,media_global,254.5,323.2647988505748,254.17499999999998
boston,2008,p75,referencia,media_global,251.63333333333333,323.2895114942529,255.60833333333332
boston,2009,p75,referencia,media_global,248.41666666666663,323.31724137931036,255.60833333333332
boston,2010,p75,referencia,media_global,248.88333333333333,323.3132183908046,255.60833333333332
boston,2011,p75,referencia,media_global,249.78333333333333,323.30545977011496,255.60833333333332
boston,2012,p75,referencia,media_global,285.31666666666666,322.99913793103457,253.06666666666666
boston,2013,p75,referencia,media_global,247.9625,323.3211566091954,255.60833333333332
boston,2014,p75,referencia,media_global,272.7,323.10790229885066,253.06666666666666
boston,2015,p75,referencia,media_global,246.41666666666663,323.3344827586207,255.60833333333332
boston,2016,p75,referencia,media_global,256.71666666666664,323.2456896551725,253.06666666666666
boston,2017,p75,referencia,media_global,261.8,323.201867816092,253.06666666666666
boston,2018,p75,referencia,media_global,262.31666666666666,323.1974137931035,253.06666666666666
boston,2019,p75,referencia,media_global,259.0,323.2260057471265,253.06666666666666
chicago,2005,p75,referencia,media_global,295.71666666666664,322.90948275862075,309.3354166666667
chicago,2006,p75,referencia,media_global,296.06666666666666,322.90646551724143,309.3354166666667
chicago,2007,p75,referencia,media_global,329.3,322.61997126436785,308.025
chicago,2008,p75,referencia,media_global,321.6,322.68635057471266,308.025
chicago,2009,p75,referencia,media_global,299.7333333333333,322.8748563218391,309.3354166666667
chicago,2010,p75,referencia,media_global,321.21666666666664,322.6896551724138,308.025
chicago,2011,p75,referencia,media_global,316.875,322.7270833333334,308.025
chicago,2012,p75,referencia,media_global,305.09583333333336,322.8286278735632,309.3354166666667
chicago,2013,p75,referencia,media_global,306.5,322.8165229885058,309.3354166666667
chicago,2014,p75,referencia,media_global,308.1,322.8027298850575,309.26041666666663
chicago,2015,p75,referencia,media_global,311.24583333333334,322.77561063218394,308.025
chicago,2016,p75,referencia,media_global,310.5708333333333,322.7814295977012,308.025
chicago,2017,p75,referencia,media_global,328.4166666666667,322.6275862068966,308.025
chicago,2018,p75,referencia,media_global,310.6666666666667,322.7806034482759,308.025
chicago,2019,p75,referencia,media_global,307.25,322.81005747126443,309.3354166666667
chicago,2022,p75,referencia,media_global,307.95,322.8040229885058,309.3354166666667
chicago,2023,p75,referencia,media_global,297.95,322.8902298850575,309.3354166666667
durban,2022,p75,referencia,media_global,275.09166666666664,323.0872844827586,284.2125
durban,2024,p75,referencia,media_global,282.71666666666664,323.0215517241379,280.4
durban,2025,p75,referencia,media_global,285.7083333333333,322.9957614942529,278.90416666666664
honolulu,2005,p75,referencia,media_global,403.1333333333333,321.98347701149436,419.97291666666666
honolulu,2006,p75,referencia,media_global,408.73333333333335,321.9352011494253,419.97291666666666
honolulu,2007,p75,referencia,media_global,417.2708333333333,321.86160201149437,418.82500000000005
honolulu,2008,p75,referencia,media_global,411.8333333333333,321.90847701149437,419.97291666666666
honolulu,2009,p75,referencia,media_global,410.03333333333336,321.9239942528736,419.97291666666666
honolulu,2010,p75,referencia,media_global,414.975,321.881393678161,419.97291666666666
honolulu,2011,p75,referencia,media_global,409.7083333333333,321.9267959770115,419.97291666666666
honolulu,2012,p75,referencia,media_global,408.28333333333336,321.93908045977014,419.97291666666666
honolulu,2013,p75,referencia,media_global,437.85,321.6841954022989,416.1229166666667
honolulu,2014,p75,referencia,media_global,422.675,321.81501436781616,416.1229166666667
honolulu,2015,p75,referencia,media_global,442.17083333333335,321.6469468390805,416.1229166666667
honolulu,2016,p75,referencia,media_global,450.45,321.57557471264374,416.1229166666667
honolulu,2017,p75,referencia,media_global,441.6125,321.6517600574713,416.1229166666667
honolulu,2018,p75,referencia,media_global,444.3083333333333,321.6285201149426,416.1229166666667
honolulu,2019,p75,referencia,media_global,456.44166666666666,321.5239224137932,416.1229166666667
long_beach,2010,p75,referencia,media_global,331.2416666666667,322.6032327586207,337.35
long_beach,2011,p75,referencia,media_global,346.05833333333334,322.4755028735633,333.7583333333333
long_beach,2012,p75,referencia,media_global,358.2958333333333,322.3700071839081,333.7583333333333
long_beach,2013,p75,referencia,media_global,318.78333333333336,322.7106321839081,337.35
long_beach,2014,p75,referencia,media_global,331.78333333333336,322.5985632183909,337.35
long_beach,2015,p75,referencia,media_global,368.5625,322.2815014367817,333.7583333333333
long_beach,2016,p75,referencia,media_global,333.7583333333333,322.5815373563219,337.35
long_beach,2017,p75,referencia,media_global,338.46666666666664,322.54094827586215,333.7583333333333
long_beach,2018,p75,referencia,media_global,337.35,322.55057471264377,333.7583333333333
long_beach,2019,p75,referencia,media_global,330.2,322.6122126436783,337.35
maui,2010,p75,referencia,media_global,355.19166666666666,322.3967672413794,359.4125
maui,2011,p75,referencia,media_global,351.5333333333333,322.42830459770124,359.76666666666665
maui,2012,p75,referencia,media_global,354.4833333333333,322.4028735632184,359.76666666666665
maui,2013,p75,referencia,media_global,364.3416666666667,322.31788793103453,354.8375
maui,2014,p75,referencia,media_global,366.2875,322.30111350574714,354.8375
nyc,2005,p75,referencia,media_global,314.1666666666667,322.7504310344828,304.92083333333335
nyc,2006,p75,referencia,media_global,294.8833333333333,322.91666666666674,307.2125
nyc,2007,p75,referencia,media_global,296.78333333333336,322.9002873563218,307.2125
nyc,2008,p75,referencia,media_global,293.43333333333334,322.92916666666673,307.2125
nyc,2009,p75,referencia,media_global,292.56666666666666,322.93663793103457,307.2125
nyc,2010,p75,referencia,media_global,296.53333333333336,322.90244252873566,307.2125
nyc,2011,p75,referencia,media_global,298.55,322.8850574712644,307.2125
nyc,2013,p75,referencia,media_global,296.9166666666667,322.8991379310345,307.2125
nyc,2014,p75,referencia,media_global,304.43333333333334,322.8343390804598,307.2125
nyc,2015,p75,referencia,media_global,310.53333333333336,322.7817528735633,304.92083333333335
nyc,2016,p75,referencia,media_global,309.01666666666665,322.794827586207,304.92083333333335
nyc,2017,p75,referencia,media_global,309.35,322.7919540229886,304.92083333333335
nyc,2018,p75,referencia,media_global,312.00416666666666,322.7690732758621,304.92083333333335
nyc,2019,p75,referencia,media_global,309.75416666666666,322.78846982758625,304.92083333333335
nyc,2022,p75,referencia,media_global,327.31666666666666,322.6370689655173,304.92083333333335
nyc,2023,p75,referencia,media_global,315.95,322.73505747126444,304.92083333333335
nyc,2024,p75,referencia,media_global,305.4083333333333,322.82593390804607,306.725
rio,2023,p75,referencia,media_global,289.15833333333336,322.9660201149426,282.6479166666667
rio,2024,p75,referencia,media_global,284.27916666666664,323.0080818965518,285.0875
rio,2025,p75,referencia,media_global,281.01666666666665,323.0362068965518,286.71875
savannah,2011,p75,referencia,media_global,305.6125,322.82417385057477,315.30833333333334
savannah,2012,p75,referencia,media_global,311.7,322.77169540229886,315.30833333333334
savannah,2013,p75,referencia,media_global,311.76666666666665,322.7711206896552,315.275
savannah,2014,p75,referencia,media_global,310.5708333333333,322.78142959770116,315.30833333333334
savannah,2015,p75,referencia,media_global,273.6875,323.0993893678162,315.30833333333334
savannah,2016,p75,referencia,media_global,332.31666666666666,322.59396551724143,311.73333333333335
savannah,2017,p75,referencia,media_global,346.31666666666666,322.47327586206904,311.73333333333335
savannah,2018,p75,referencia,media_global,318.85,322.7100574712644,311.73333333333335
savannah,2019,p75,referencia,media_global,320.5,322.6958333333334,311.73333333333335
singapore,2014,p75,referencia,media_global,404.8666666666667,321.9685344827587,405.0833333333333
singapore,2015,p75,referencia,media_global,412.1,321.9061781609196,404.8666666666667
singapore,2016,p75,referencia,media_global,406.39166666666665,321.9553879310346,404.8666666666667
singapore,2017,p75,referencia,media_global,405.14166666666665,321.96616379310353,404.8666666666667
singapore,2018,p75,referencia,media_global,395.6833333333333,322.0477011494254,405.0833333333333
singapore,2019,p75,referencia,media_global,405.0833333333333,321.96666666666675,404.8666666666667
singapore,2022,p75,referencia,media_global,380.2166666666667,322.1810344827587,405.0833333333333
singapore,2023,p75,referencia,media_global,381.3083333333333,322.17162356321853,405.0833333333333
berlin,2005,p75,referencia,referencia_historica,277.7,274.93125,274.93125
berlin,2006,p75,referencia,referencia_historica,284.2791666666667,274.93125,274.93125
berlin,2007,p75,referencia,referencia_historica,271.74583333333334,275.8375,275.8375
berlin,2008,p75,referencia,referencia_historica,272.9,275.8375,275.8375
berlin,2009,p75,referencia,referencia_historica,280.30833333333334,274.93125,274.93125
berlin,2010,p75,referencia,referencia_historica,270.56666666666666,275.8375,275.8375
berlin,2011,p75,referencia,referencia_historica,276.7,274.93125,274.93125
berlin,2012,p75,referencia,referencia_historica,271.71666666666664,275.8375,275.8375
berlin,2013,p75,referencia,referencia_historica,270.76666666666665,275.8375,275.8375
berlin,2014,p75,referencia,referencia_historica,274.975,275.79375,275.79375
berlin,2015,p75,referencia,referencia_historica,274.8875,275.8375,275.8375
berlin,2016,p75,referencia,referencia_historica,281.81666666666666,274.93125,274.93125
berlin,2017,p75,referencia,referencia_historica,281.1166666666667,274.93125,274.93125
berlin,2018,p75,referencia,referencia_historica,291.4,274.93125,274.93125
berlin,2019,p75,referencia,referencia_historica,269.90416666666664,275.8375,275.8375
boston,2005,p75,referencia,referencia_historica,259.51666666666665,253.06666666666666,253.06666666666666
boston,2006,p75,referencia,referencia_historica,249.71666666666667,255.60833333333332,255.60833333333332
boston,2007,p75,referencia,referencia_historica,254.5,254.17499999999998,254.17499999999998
boston,2008,p75,referencia,referencia_historica,251.63333333333333,255.60833333333332,255.60833333333332
boston,2009,p75,referencia,referencia_historica,248.41666666666663,255.60833333333332,255.60833333333332
boston,2010,p75,referencia,referencia_historica,248.88333333333333,255.60833333333332,255.60833333333332
boston,2011,p75,referencia,referencia_historica,249.78333333333333,255.60833333333332,255.60833333333332
boston,2012,p75,referencia,referencia_historica,285.31666666666666,253.06666666666666,253.06666666666666
boston,2013,p75,referencia,referencia_historica,247.9625,255.60833333333332,255.60833333333332
boston,2014,p75,referencia,referencia_historica,272.7,253.06666666666666,253.06666666666666
boston,2015,p75,referencia,referencia_historica,246.41666666666663,255.60833333333332,255.60833333333332
boston,2016,p75,referencia,referencia_historica,256.71666666666664,253.06666666666666,253.06666666666666
boston,2017,p75,referencia,referencia_historica,261.8,253.06666666666666,253.06666666666666
boston,2018,p75,referencia,referencia_historica,262.31666666666666,253.06666666666666,253.06666666666666
boston,2019,p75,referencia,referencia_historica,259.0,253.06666666666666,253.06666666666666
chicago,2005,p75,referencia,referencia_historica,295.71666666666664,309.3354166666667,309.3354166666667
chicago,2006,p75,referencia,referencia_historica,296.06666666666666,309.3354166666667,309.3354166666667
chicago,2007,p75,referencia,referencia_historica,329.3,308.025,308.025
chicago,2008,p75,referencia,referencia_historica,321.6,308.025,308.025
chicago,2009,p75,referencia,referencia_historica,299.7333333333333,309.3354166666667,309.3354166666667
chicago,2010,p75,referencia,referencia_historica,321.21666666666664,308.025,308.025
chicago,2011,p75,referencia,referencia_historica,316.875,308.025,308.025
chicago,2012,p75,referencia,referencia_historica,305.09583333333336,309.3354166666667,309.3354166666667
chicago,2013,p75,referencia,referencia_historica,306.5,309.3354166666667,309.3354166666667
chicago,2014,p75,referencia,referencia_historica,308.1,309.26041666666663,309.26041666666663
chicago,2015,p75,referencia,referencia_historica,311.24583333333334,308.025,308.025
chicago,2016,p75,referencia,referencia_historica,310.5708333333333,308.025,308.025
chicago,2017,p75,referencia,referencia_historica,328.4166666666667,308.025,308.025
chicago,2018,p75,referencia,referencia_historica,310.6666666666667,308.025,308.025
chicago,2019,p75,referencia,referencia_historica,307.25,309.3354166666667,309.3354166666667
chicago,2022,p75,referencia,referencia_historica,307.95,309.3354166666667,309.3354166666667
chicago,2023,p75,referencia,referencia_historica,297.95,309.3354166666667,309.3354166666667
durban,2022,p75,referencia,referencia_historica,275.09166666666664,284.2125,284.2125
durban,2024,p75,referencia,referencia_historica,282.71666666666664,280.4,280.4
durban,2025,p75,referencia,referencia_historica,285.7083333333333,278.90416666666664,278.90416666666664
honolulu,2005,p75,referencia,referencia_historica,403.1333333333333,419.97291666666666,419.97291666666666
honolulu,2006,p75,referencia,referencia_historica,408.73333333333335,419.97291666666666,419.97291666666666
honolulu,2007,p75,referencia,referencia_historica,417.2708333333333,418.82500000000005,418.82500000000005
honolulu,2008,p75,referencia,referencia_historica,411.8333333333333,419.97291666666666,419.97291666666666
honolulu,2009,p75,referencia,referencia_historica,410.03333333333336,419.97291666666666,419.97291666666666
honolulu,2010,p75,referencia,referencia_historica,414.975,419.97291666666666,419.97291666666666
honolulu,2011,p75,referencia,referencia_historica,409.7083333333333,419.97291666666666,419.97291666666666
honolulu,2012,p75,referencia,referencia_historica,408.28333333333336,419.97291666666666,419.97291666666666
honolulu,2013,p75,referencia,referencia_historica,437.85,416.1229166666667,416.1229166666667
honolulu,2014,p75,referencia,referencia_historica,422.675,416.1229166666667,416.1229166666667
honolulu,2015,p75,referencia,referencia_historica,442.17083333333335,416.1229166666667,416.1229166666667
honolulu,2016,p75,referencia,referencia_historica,450.45,416.1229166666667,416.1229166666667
honolulu,2017,p75,referencia,referencia_historica,441.6125,416.1229166666667,416.1229166666667
honolulu,2018,p75,referencia,referencia_historica,444.3083333333333,416.1229166666667,416.1229166666667
honolulu,2019,p75,referencia,referencia_historica,456.44166666666666,416.1229166666667,416.1229166666667
long_beach,2010,p75,referencia,referencia_historica,331.2416666666667,337.35,337.35
long_beach,2011,p75,referencia,referencia_historica,346.05833333333334,333.7583333333333,333.7583333333333
long_beach,2012,p75,referencia,referencia_historica,358.2958333333333,333.7583333333333,333.7583333333333
long_beach,2013,p75,referencia,referencia_historica,318.78333333333336,337.35,337.35
long_beach,2014,p75,referencia,referencia_historica,331.78333333333336,337.35,337.35
long_beach,2015,p75,referencia,referencia_historica,368.5625,333.7583333333333,333.7583333333333
long_beach,2016,p75,referencia,referencia_historica,333.7583333333333,337.35,337.35
long_beach,2017,p75,referencia,referencia_historica,338.46666666666664,333.7583333333333,333.7583333333333
long_beach,2018,p75,referencia,referencia_historica,337.35,333.7583333333333,333.7583333333333
long_beach,2019,p75,referencia,referencia_historica,330.2,337.35,337.35
maui,2010,p75,referencia,referencia_historica,355.19166666666666,359.4125,359.4125
maui,2011,p75,referencia,referencia_historica,351.5333333333333,359.76666666666665,359.76666666666665
maui,2012,p75,referencia,referencia_historica,354.4833333333333,359.76666666666665,359.76666666666665
maui,2013,p75,referencia,referencia_historica,364.3416666666667,354.8375,354.8375
maui,2014,p75,referencia,referencia_historica,366.2875,354.8375,354.8375
nyc,2005,p75,referencia,referencia_historica,314.1666666666667,304.92083333333335,304.92083333333335
nyc,2006,p75,referencia,referencia_historica,294.8833333333333,307.2125,307.2125
nyc,2007,p75,referencia,referencia_historica,296.78333333333336,307.2125,307.2125
nyc,2008,p75,referencia,referencia_historica,293.43333333333334,307.2125,307.2125
nyc,2009,p75,referencia,referencia_historica,292.56666666666666,307.2125,307.2125
nyc,2010,p75,referencia,referencia_historica,296.53333333333336,307.2125,307.2125
nyc,2011,p75,referencia,referencia_historica,298.55,307.2125,307.2125
nyc,2013,p75,referencia,referencia_historica,296.9166666666667,307.2125,307.2125
nyc,2014,p75,referencia,referencia_historica,304.43333333333334,307.2125,307.2125
nyc,2015,p75,referencia,referencia_historica,310.53333333333336,304.92083333333335,304.92083333333335
nyc,2016,p75,referencia,referencia_historica,309.01666666666665,304.92083333333335,304.92083333333335
nyc,2017,p75,referencia,referencia_historica,309.35,304.92083333333335,304.92083333333335
nyc,2018,p75,referencia,referencia_historica,312.00416666666666,304.92083333333335,304.92083333333335
nyc,2019,p75,referencia,referencia_historica,309.75416666666666,304.92083333333335,304.92083333333335
nyc,2022,p75,referencia,referencia_historica,327.31666666666666,304.92083333333335,304.92083333333335
nyc,2023,p75,referencia,referencia_historica,315.95,304.92083333333335,304.92083333333335
nyc,2024,p75,referencia,referencia_historica,305.4083333333333,306.725,306.725
rio,2023,p75,referencia,referencia_historica,289.15833333333336,282.6479166666667,282.6479166666667
rio,2024,p75,referencia,referencia_historica,284.27916666666664,285.0875,285.0875
rio,2025,p75,referencia,referencia_historica,281.01666666666665,286.71875,286.71875
savannah,2011,p75,referencia,referencia_historica,305.6125,315.30833333333334,315.30833333333334
savannah,2012,p75,referencia,referencia_historica,311.7,315.30833333333334,315.30833333333334
savannah,2013,p75,referencia,referencia_historica,311.76666666666665,315.275,315.275
savannah,2014,p75,referencia,referencia_historica,310.5708333333333,315.30833333333334,315.30833333333334
savannah,2015,p75,referencia,referencia_historica,273.6875,315.30833333333334,315.30833333333334
savannah,2016,p75,referencia,referencia_historica,332.31666666666666,311.73333333333335,311.73333333333335
savannah,2017,p75,referencia,referencia_historica,346.31666666666666,311.73333333333335,311.73333333333335
savannah,2018,p75,referencia,referencia_historica,318.85,311.73333333333335,311.73333333333335
savannah,2019,p75,referencia,referencia_historica,320.5,311.73333333333335,311.73333333333335
singapore,2014,p75,referencia,referencia_historica,404.8666666666667,405.0833333333333,405.0833333333333
singapore,2015,p75,referencia,referencia_historica,412.1,404.8666666666667,404.8666666666667
singapore,2016,p75,referencia,referencia_historica,406.39166666666665,404.8666666666667,404.8666666666667
singapore,2017,p75,referencia,referencia_historica,405.14166666666665,404.8666666666667,404.8666666666667
singapore,2018,p75,referencia,referencia_historica,395.6833333333333,405.0833333333333,405.0833333333333
singapore,2019,p75,referencia,referencia_historica,405.0833333333333,404.8666666666667,404.8666666666667
singapore,2022,p75,referencia,referencia_historica,380.2166666666667,405.0833333333333,405.0833333333333
singapore,2023,p75,referencia,referencia_historica,381.3083333333333,405.0833333333333,405.0833333333333
berlin,2005,p75,absoluto,linear,277.7,273.8618783634049,274.93125
berlin,2006,p75,absoluto,linear,284.2791666666667,280.2054517030708,274.93125
berlin,2007,p75,absoluto,linear,271.74583333333334,271.1751211549162,275.8375
berlin,2008,p75,absoluto,linear,272.9,269.3906411128315,275.8375
berlin,2009,p75,absoluto,linear,280.30833333333334,285.59812051599505,274.93125
berlin,2010,p75,absoluto,linear,270.56666666666666,261.2643310156284,275.8375
berlin,2011,p75,absoluto,linear,276.7,281.9769161292372,274.93125
berlin,2012,p75,absoluto,linear,271.71666666666664,275.41681216886724,275.8375
berlin,2013,p75,absoluto,linear,270.76666666666665,267.7594896335064,275.8375
berlin,2014,p75,absoluto,linear,274.975,278.75369471735956,275.79375
berlin,2015,p75,absoluto,linear,274.8875,280.25945743742716,275.8375
berlin,2016,p75,absoluto,linear,281.81666666666666,288.30249059207875,274.93125
berlin,2017,p75,absoluto,linear,281.1166666666667,288.0528996308763,274.93125
berlin,2018,p75,absoluto,linear,291.4,274.65719771103073,274.93125
berlin,2019,p75,absoluto,linear,269.90416666666664,261.89876610788724,275.8375
boston,2005,p75,absoluto,linear,259.51666666666665,243.99865868194857,253.06666666666666
boston,2006,p75,absoluto,linear,249.71666666666667,229.98024733937265,255.60833333333332
boston,2007,p75,absoluto,linear,254.5,223.5898858405132,254.17499999999998
boston,2008,p75,absoluto,linear,251.63333333333333,264.61085118026585,255.60833333333332
boston,2009,p75,absoluto,linear,248.41666666666663,243.6721960430947,255.60833333333332
boston,2010,p75,absoluto,linear,248.88333333333333,224.8184704549305,255.60833333333332
boston,2011,p75,absoluto,linear,249.78333333333333,266.502245566357,255.60833333333332
boston,2012,p75,absoluto,linear,285.31666666666666,279.26700284635183,253.06666666666666
boston,2013,p75,absoluto,linear,247.9625,264.73877232729467,255.60833333333332
boston,2014,p75,absoluto,linear,272.7,261.1773534781039,253.06666666666666
boston,2015,p75,absoluto,linear,246.41666666666663,249.32015073882502,255.60833333333332
boston,2016,p75,absoluto,linear,256.71666666666664,286.9409618928637,253.06666666666666
boston,2017,p75,absoluto,linear,261.8,304.70988169791633,253.06666666666666
boston,2018,p75,absoluto,linear,262.31666666666666,268.5748530469197,253.06666666666666
boston,2019,p75,absoluto,linear,259.0,243.9312706626176,253.06666666666666
chicago,2005,p75,absoluto,linear,295.71666666666664,288.26548201166395,309.3354166666667
chicago,2006,p75,absoluto,linear,296.06666666666666,288.71621421013725,309.3354166666667
chicago,2007,p75,absoluto,linear,329.3,318.0471896895995,308.025
chicago,2008,p75,absoluto,linear,321.6,317.3719322648578,308.025
chicago,2009,p75,absoluto,linear,299.7333333333333,297.6955594233282,309.3354166666667
chicago,2010,p75,absoluto,linear,321.21666666666664,332.7561317129993,308.025
chicago,2011,p75,absoluto,linear,316.875,327.0446155846131,308.025
chicago,2012,p75,absoluto,linear,305.09583333333336,307.06829249893894,309.3354166666667
chicago,2013,p75,absoluto,linear,306.5,297.08965971510736,309.3354166666667
chicago,2014,p75,absoluto,linear,308.1,306.7042179687481,309.26041666666663
chicago,2015,p75,absoluto,linear,311.24583333333334,313.0062077673738,308.025
chicago,2016,p75,absoluto,linear,310.5708333333333,300.7391420290086,308.025
chicago,2017,p75,absoluto,linear,328.4166666666667,316.24308613058685,308.025
chicago,2018,p75,absoluto,linear,310.6666666666667,306.27348449256465,308.025
chicago,2019,p75,absoluto,linear,307.25,300.4006980024729,309.3354166666667
chicago,2022,p75,absoluto,linear,307.95,320.25045398076566,309.3354166666667
chicago,2023,p75,absoluto,linear,297.95,333.2491440918178,309.3354166666667
durban,2022,p75,absoluto,linear,275.09166666666664,264.5342844277658,284.2125
durban,2024,p75,absoluto,linear,282.71666666666664,287.0642134739949,280.4
durban,2025,p75,absoluto,linear,285.7083333333333,288.34926557121327,278.90416666666664
honolulu,2005,p75,absoluto,linear,403.1333333333333,423.933593134482,419.97291666666666
honolulu,2006,p75,absoluto,linear,408.73333333333335,430.98312616842486,419.97291666666666
honolulu,2007,p75,absoluto,linear,417.2708333333333,424.4666701878082,418.82500000000005
honolulu,2008,p75,absoluto,linear,411.8333333333333,406.578715131989,419.97291666666666
honolulu,2009,p75,absoluto,linear,410.03333333333336,425.4553332997193,419.97291666666666
honolulu,2010,p75,absoluto,linear,414.975,418.0326778433574,419.97291666666666
honolulu,2011,p75,absoluto,linear,409.7083333333333,422.0483099726652,419.97291666666666
honolulu,2012,p75,absoluto,linear,408.28333333333336,421.63779267416766,419.97291666666666
honolulu,2013,p75,absoluto,linear,437.85,435.2890660621763,416.1229166666667
honolulu,2014,p75,absoluto,linear,422.675,436.0133137041634,416.1229166666667
honolulu,2015,p75,absoluto,linear,442.17083333333335,427.8645869109936,416.1229166666667
honolulu,2016,p75,absoluto,linear,450.45,431.9074492783205,416.1229166666667
honolulu,2017,p75,absoluto,linear,441.6125,431.06755409073503,416.1229166666667
honolulu,2018,p75,absoluto,linear,444.3083333333333,420.4840713827757,416.1229166666667
honolulu,2019,p75,absoluto,linear,456.44166666666666,429.28989675710886,416.1229166666667
long_beach,2010,p75,absoluto,linear,331.2416666666667,331.9908827020176,337.35
long_beach,2011,p75,absoluto,linear,346.05833333333334,339.8543622645003,333.7583333333333
long_beach,2012,p75,absoluto,linear,358.2958333333333,337.055423151947,333.7583333333333
long_beach,2013,p75,absoluto,linear,318.78333333333336,328.41088311102214,337.35
long_beach,2014,p75,absoluto,linear,331.78333333333336,337.4975685296472,337.35
long_beach,2015,p75,absoluto,linear,368.5625,347.35697260218905,333.7583333333333
long_beach,2016,p75,absoluto,linear,333.7583333333333,353.3065901407303,337.35
long_beach,2017,p75,absoluto,linear,338.46666666666664,337.8195274954198,333.7583333333333
long_beach,2018,p75,absoluto,linear,337.35,335.1947675416366,333.7583333333333
long_beach,2019,p75,absoluto,linear,330.2,339.70014946282436,337.35
maui,2010,p75,absoluto,linear,355.19166666666666,357.6610768515288,359.4125
maui,2011,p75,absoluto,linear,351.5333333333333,369.85228142657104,359.76666666666665
maui,2012,p75,absoluto,linear,354.4833333333333,366.14491791933193,359.76666666666665
maui,2013,p75,absoluto,linear,364.3416666666667,358.90748659440214,354.8375
maui,2014,p75,absoluto,linear,366.2875,289.6304823249224,354.8375
nyc,2005,p75,absoluto,linear,314.1666666666667,307.4071434565647,304.92083333333335
nyc,2006,p75,absoluto,linear,294.8833333333333,290.51528860810754,307.2125
nyc,2007,p75,absoluto,linear,296.78333333333336,299.8879661957287,307.2125
nyc,2008,p75,absoluto,linear,293.43333333333334,291.8835939980752,307.2125
nyc,2009,p75,absoluto,linear,292.56666666666666,315.78515377734465,307.2125
nyc,2010,p75,absoluto,linear,296.53333333333336,289.53319175297014,307.2125
nyc,2011,p75,absoluto,linear,298.55,297.1256381368279,307.2125
nyc,2013,p75,absoluto,linear,296.9166666666667,309.25325113602634,307.2125
nyc,2014,p75,absoluto,linear,304.43333333333334,298.8188818409831,307.2125
nyc,2015,p75,absoluto,linear,310.53333333333336,308.40826307298494,304.92083333333335
nyc,2016,p75,absoluto,linear,309.01666666666665,300.420350405524,304.92083333333335
nyc,2017,p75,absoluto,linear,309.35,309.8018208803472,304.92083333333335
nyc,2018,p75,absoluto,linear,312.00416666666666,303.2684170690119,304.92083333333335
nyc,2019,p75,absoluto,linear,309.75416666666666,303.3829342956388,304.92083333333335
nyc,2022,p75,absoluto,linear,327.31666666666666,326.96549207147956,304.92083333333335
nyc,2023,p75,absoluto,linear,315.95,318.2186129494445,304.92083333333335
nyc,2024,p75,absoluto,linear,305.4083333333333,316.97142945848265,306.725
rio,2023,p75,absoluto,linear,289.15833333333336,275.80435531881955,282.6479166666667
rio,2024,p75,absoluto,linear,284.27916666666664,294.87109659118596,285.0875
rio,2025,p75,absoluto,linear,281.01666666666665,293.63379360918856,286.71875
savannah,2011,p75,absoluto,linear,305.6125,305.77840834282586,315.30833333333334
savannah,2012,p75,absoluto,linear,311.7,321.87180111739775,315.30833333333334
savannah,2013,p75,absoluto,linear,311.76666666666665,317.43941812093766,315.275
savannah,2014,p75,absoluto,linear,310.5708333333333,316.7538310309745,315.30833333333334
savannah,2015,p75,absoluto,linear,273.6875,348.32394940137914,315.30833333333334
savannah,2016,p75,absoluto,linear,332.31666666666666,308.0936957696695,311.73333333333335
savannah,2017,p75,absoluto,linear,346.31666666666666,316.45826710873854,311.73333333333335
savannah,2018,p75,absoluto,linear,318.85,302.196530157933,311.73333333333335
savannah,2019,p75,absoluto,linear,320.5,311.914231331757,311.73333333333335
singapore,2014,p75,absoluto,linear,404.8666666666667,394.3266086417077,405.0833333333333
singapore,2015,p75,absoluto,linear,412.1,397.22796177538237,404.8666666666667
singapore,2016,p75,absoluto,linear,406.39166666666665,400.7500761024372,404.8666666666667
singapore,2017,p75,absoluto,linear,405.14166666666665,398.28512247886715,404.8666666666667
singapore,2018,p75,absoluto,linear,395.6833333333333,394.5346481085686,405.0833333333333
singapore,2019,p75,absoluto,linear,405.0833333333333,522.3800141874422,404.8666666666667
singapore,2022,p75,absoluto,linear,380.2166666666667,402.15417995133487,405.0833333333333
singapore,2023,p75,absoluto,linear,381.3083333333333,403.57887462471695,405.0833333333333
berlin,2005,p75,absoluto,ridge,277.7,274.86181515364177,274.93125
berlin,2006,p75,absoluto,ridge,284.2791666666667,282.7191782605253,274.93125
berlin,2007,p75,absoluto,ridge,271.74583333333334,269.1758456640566,275.8375
berlin,2008,p75,absoluto,ridge,272.9,271.85420330606485,275.8375
berlin,2009,p75,absoluto,ridge,280.30833333333334,279.63054212972753,274.93125
berlin,2010,p75,absoluto,ridge,270.56666666666666,264.8618096924981,275.8375
berlin,2011,p75,absoluto,ridge,276.7,281.8817669063922,274.93125
berlin,2012,p75,absoluto,ridge,271.71666666666664,277.33348816007504,275.8375
berlin,2013,p75,absoluto,ridge,270.76666666666665,271.4486472085332,275.8375
berlin,2014,p75,absoluto,ridge,274.975,279.2389841359331,275.79375
berlin,2015,p75,absoluto,ridge,274.8875,279.36165366683645,275.8375
berlin,2016,p75,absoluto,ridge,281.81666666666666,288.8732042659133,274.93125
berlin,2017,p75,absoluto,ridge,281.1166666666667,288.8355395901052,274.93125
berlin,2018,p75,absoluto,ridge,291.4,278.4736751590272,274.93125
berlin,2019,p75,absoluto,ridge,269.90416666666664,251.6508504188513,275.8375
boston,2005,p75,absoluto,ridge,259.51666666666665,252.2427562939037,253.06666666666666
boston,2006,p75,absoluto,ridge,249.71666666666667,243.2916400234539,255.60833333333332
boston,2007,p75,absoluto,ridge,254.5,223.3809882594928,254.17499999999998
boston,2008,p75,absoluto,ridge,251.63333333333333,255.0829068188123,255.60833333333332
boston,2009,p75,absoluto,ridge,248.41666666666663,245.90894170664623,255.60833333333332
boston,2010,p75,absoluto,ridge,248.88333333333333,252.87922449346482,255.60833333333332
boston,2011,p75,absoluto,ridge,249.78333333333333,260.37833906218344,255.60833333333332
boston,2012,p75,absoluto,ridge,285.31666666666666,273.3104447937116,253.06666666666666
boston,2013,p75,absoluto,ridge,247.9625,259.2036961390568,255.60833333333332
boston,2014,p75,absoluto,ridge,272.7,259.34322256175705,253.06666666666666
boston,2015,p75,absoluto,ridge,246.41666666666663,247.78529316181323,255.60833333333332
boston,2016,p75,absoluto,ridge,256.71666666666664,270.5951775465366,253.06666666666666
boston,2017,p75,absoluto,ridge,261.8,294.6133483505154,253.06666666666666
boston,2018,p75,absoluto,ridge,262.31666666666666,296.91362985906915,253.06666666666666
boston,2019,p75,absoluto,ridge,259.0,249.4768026771855,253.06666666666666
chicago,2005,p75,absoluto,ridge,295.71666666666664,293.00731926384697,309.3354166666667
chicago,2006,p75,absoluto,ridge,296.06666666666666,284.54039230161777,309.3354166666667
chicago,2007,p75,absoluto,ridge,329.3,319.7548415633965,308.025
chicago,2008,p75,absoluto,ridge,321.6,321.0173366187857,308.025
chicago,2009,p75,absoluto,ridge,299.7333333333333,290.57599627337913,309.3354166666667
chicago,2010,p75,absoluto,ridge,321.21666666666664,330.66106576793226,308.025
chicago,2011,p75,absoluto,ridge,316.875,323.10470762012085,308.025
chicago,2012,p75,absoluto,ridge,305.09583333333336,304.5282003924237,309.3354166666667
chicago,2013,p75,absoluto,ridge,306.5,306.6842671406515,309.3354166666667
chicago,2014,p75,absoluto,ridge,308.1,306.6469040169817,309.26041666666663
chicago,2015,p75,absoluto,ridge,311.24583333333334,314.8778375140329,308.025
chicago,2016,p75,absoluto,ridge,310.5708333333333,306.1548832224005,308.025
chicago,2017,p75,absoluto,ridge,328.4166666666667,319.58937561037123,308.025
chicago,2018,p75,absoluto,ridge,310.6666666666667,308.1357383750953,308.025
chicago,2019,p75,absoluto,ridge,307.25,298.8341888415091,309.3354166666667
chicago,2022,p75,absoluto,ridge,307.95,317.15325764181307,309.3354166666667
chicago,2023,p75,absoluto,ridge,297.95,329.32020076682943,309.3354166666667
durban,2022,p75,absoluto,ridge,275.09166666666664,286.4107172765147,284.2125
durban,2024,p75,absoluto,ridge,282.71666666666664,285.1105618805952,280.4
durban,2025,p75,absoluto,ridge,285.7083333333333,282.63638165460657,278.90416666666664
honolulu,2005,p75,absoluto,ridge,403.1333333333333,427.3460175932702,419.97291666666666
honolulu,2006,p75,absoluto,ridge,408.73333333333335,426.4723886435852,419.97291666666666
honolulu,2007,p75,absoluto,ridge,417.2708333333333,424.36726321696034,418.82500000000005
honolulu,2008,p75,absoluto,ridge,411.8333333333333,406.6294360878532,419.97291666666666
honolulu,2009,p75,absoluto,ridge,410.03333333333336,427.5927050886677,419.97291666666666
honolulu,2010,p75,absoluto,ridge,414.975,422.2090533125746,419.97291666666666
honolulu,2011,p75,absoluto,ridge,409.7083333333333,421.52186766619695,419.97291666666666
honolulu,2012,p75,absoluto,ridge,408.28333333333336,424.68245613924006,419.97291666666666
honolulu,2013,p75,absoluto,ridge,437.85,433.16898865650944,416.1229166666667
honolulu,2014,p75,absoluto,ridge,422.675,430.354657671645,416.1229166666667
honolulu,2015,p75,absoluto,ridge,442.17083333333335,428.66591173959,416.1229166666667
honolulu,2016,p75,absoluto,ridge,450.45,427.7489533107211,416.1229166666667
honolulu,2017,p75,absoluto,ridge,441.6125,427.15937380157357,416.1229166666667
honolulu,2018,p75,absoluto,ridge,444.3083333333333,415.48001771549724,416.1229166666667
honolulu,2019,p75,absoluto,ridge,456.44166666666666,428.0773847493038,416.1229166666667
long_beach,2010,p75,absoluto,ridge,331.2416666666667,333.26057065792213,337.35
long_beach,2011,p75,absoluto,ridge,346.05833333333334,338.53866923864064,333.7583333333333
long_beach,2012,p75,absoluto,ridge,358.2958333333333,336.05508581296846,333.7583333333333
long_beach,2013,p75,absoluto,ridge,318.78333333333336,330.91315411611936,337.35
long_beach,2014,p75,absoluto,ridge,331.78333333333336,339.91357034918184,337.35
long_beach,2015,p75,absoluto,ridge,368.5625,351.84140977172365,333.7583333333333
long_beach,2016,p75,absoluto,ridge,333.7583333333333,349.65314361000287,337.35
long_beach,2017,p75,absoluto,ridge,338.46666666666664,337.36039115342294,333.7583333333333
long_beach,2018,p75,absoluto,ridge,337.35,330.57859753178457,333.7583333333333
long_beach,2019,p75,absoluto,ridge,330.2,338.5320315589885,337.35
maui,2010,p75,absoluto,ridge,355.19166666666666,357.46264933930746,359.4125
maui,2011,p75,absoluto,ridge,351.5333333333333,364.54030813091424,359.76666666666665
maui,2012,p75,absoluto,ridge,354.4833333333333,360.09912222614804,359.76666666666665
maui,2013,p75,absoluto,ridge,364.3416666666667,359.71347943337065,354.8375
maui,2014,p75,absoluto,ridge,366.2875,314.0051953251252,354.8375
nyc,2005,p75,absoluto,ridge,314.1666666666667,307.7653115922682,304.92083333333335
nyc,2006,p75,absoluto,ridge,294.8833333333333,291.28846077215604,307.2125
nyc,2007,p75,absoluto,ridge,296.78333333333336,300.3236058224569,307.2125
nyc,2008,p75,absoluto,ridge,293.43333333333334,292.7214504121867,307.2125
nyc,2009,p75,absoluto,ridge,292.56666666666666,310.0571630992749,307.2125
nyc,2010,p75,absoluto,ridge,296.53333333333336,292.22987608961694,307.2125
nyc,2011,p75,absoluto,ridge,298.55,295.14574966653674,307.2125
nyc,2013,p75,absoluto,ridge,296.9166666666667,304.86966259042094,307.2125
nyc,2014,p75,absoluto,ridge,304.43333333333334,297.5753050729576,307.2125
nyc,2015,p75,absoluto,ridge,310.53333333333336,308.0098256357586,304.92083333333335
nyc,2016,p75,absoluto,ridge,309.01666666666665,305.1522447536885,304.92083333333335
nyc,2017,p75,absoluto,ridge,309.35,311.95014726520037,304.92083333333335
nyc,2018,p75,absoluto,ridge,312.00416666666666,304.4832287404036,304.92083333333335
nyc,2019,p75,absoluto,ridge,309.75416666666666,303.25634791084553,304.92083333333335
nyc,2022,p75,absoluto,ridge,327.31666666666666,329.3762005309502,304.92083333333335
nyc,2023,p75,absoluto,ridge,315.95,319.86887937611914,304.92083333333335
nyc,2024,p75,absoluto,ridge,305.4083333333333,316.8841190415696,306.725
rio,2023,p75,absoluto,ridge,289.15833333333336,282.763447053521,282.6479166666667
rio,2024,p75,absoluto,ridge,284.27916666666664,290.5188854890703,285.0875
rio,2025,p75,absoluto,ridge,281.01666666666665,292.02884317922644,286.71875
savannah,2011,p75,absoluto,ridge,305.6125,306.7778802025435,315.30833333333334
savannah,2012,p75,absoluto,ridge,311.7,317.39934519013786,315.30833333333334
savannah,2013,p75,absoluto,ridge,311.76666666666665,317.50365002910274,315.275
savannah,2014,p75,absoluto,ridge,310.5708333333333,316.1040526867653,315.30833333333334
savannah,2015,p75,absoluto,ridge,273.6875,351.34468465200143,315.30833333333334
savannah,2016,p75,absoluto,ridge,332.31666666666666,312.6559741941971,311.73333333333335
savannah,2017,p75,absoluto,ridge,346.31666666666666,315.41150319388737,311.73333333333335
savannah,2018,p75,absoluto,ridge,318.85,304.8158098772574,311.73333333333335
savannah,2019,p75,absoluto,ridge,320.5,309.6544156565384,311.73333333333335
singapore,2014,p75,absoluto,ridge,404.8666666666667,394.2928708173786,405.0833333333333
singapore,2015,p75,absoluto,ridge,412.1,395.08880186889536,404.8666666666667
singapore,2016,p75,absoluto,ridge,406.39166666666665,395.96558920576393,404.8666666666667
singapore,2017,p75,absoluto,ridge,405.14166666666665,395.28112460362667,404.8666666666667
singapore,2018,p75,absoluto,ridge,395.6833333333333,394.0169261910895,405.0833333333333
singapore,2019,p75,absoluto,ridge,405.0833333333333,426.59436482638034,404.8666666666667
singapore,2022,p75,absoluto,ridge,380.2166666666667,400.3020723666099,405.0833333333333
singapore,2023,p75,absoluto,ridge,381.3083333333333,406.66101515572257,405.0833333333333
berlin,2005,p75,absoluto,floresta_aleatoria,277.7,278.21920897817455,274.93125
berlin,2006,p75,absoluto,floresta_aleatoria,284.2791666666667,290.6251504836309,274.93125
berlin,2007,p75,absoluto,floresta_aleatoria,271.74583333333334,269.83232070932553,275.8375
berlin,2008,p75,absoluto,floresta_aleatoria,272.9,272.5101552455357,275.8375
berlin,2009,p75,absoluto,floresta_aleatoria,280.30833333333334,280.7996565104167,274.93125
berlin,2010,p75,absoluto,floresta_aleatoria,270.56666666666666,270.36269354745383,275.8375
berlin,2011,p75,absoluto,floresta_aleatoria,276.7,280.2012485449732,274.93125
berlin,2012,p75,absoluto,floresta_aleatoria,271.71666666666664,271.73708448660733,275.8375
berlin,2013,p75,absoluto,floresta_aleatoria,270.76666666666665,266.56574164186503,275.8375
berlin,2014,p75,absoluto,floresta_aleatoria,274.975,277.68215257936504,275.79375
berlin,2015,p75,absoluto,floresta_aleatoria,274.8875,271.23634175347223,275.8375
berlin,2016,p75,absoluto,floresta_aleatoria,281.81666666666666,279.3191996527776,274.93125
berlin,2017,p75,absoluto,floresta_aleatoria,281.1166666666667,273.834090509259,274.93125
berlin,2018,p75,absoluto,floresta_aleatoria,291.4,279.4462048735119,274.93125
berlin,2019,p75,absoluto,floresta_aleatoria,269.90416666666664,274.0448381655091,275.8375
boston,2005,p75,absoluto,floresta_aleatoria,259.51666666666665,258.3068842468584,253.06666666666666
boston,2006,p75,absoluto,floresta_aleatoria,249.71666666666667,253.00782073412702,255.60833333333332
boston,2007,p75,absoluto,floresta_aleatoria,254.5,253.8601051711314,254.17499999999998
boston,2008,p75,absoluto,floresta_aleatoria,251.63333333333333,260.9535907324738,255.60833333333332
boston,2009,p75,absoluto,floresta_aleatoria,248.41666666666663,250.5652797577712,255.60833333333332
boston,2010,p75,absoluto,floresta_aleatoria,248.88333333333333,257.02708257688477,255.60833333333332
boston,2011,p75,absoluto,floresta_aleatoria,249.78333333333333,255.1771011408732,255.60833333333332
boston,2012,p75,absoluto,floresta_aleatoria,285.31666666666666,271.9091806547615,253.06666666666666
boston,2013,p75,absoluto,floresta_aleatoria,247.9625,250.73757583498707,255.60833333333332
boston,2014,p75,absoluto,floresta_aleatoria,272.7,257.5610081845236,253.06666666666666
boston,2015,p75,absoluto,floresta_aleatoria,246.41666666666663,253.65718116732802,255.60833333333332
boston,2016,p75,absoluto,floresta_aleatoria,256.71666666666664,261.3122609337419,253.06666666666666
boston,2017,p75,absoluto,floresta_aleatoria,261.8,267.4616857142858,253.06666666666666
boston,2018,p75,absoluto,floresta_aleatoria,262.31666666666666,255.67488913690485,253.06666666666666
boston,2019,p75,absoluto,floresta_aleatoria,259.0,269.62774549851196,253.06666666666666
chicago,2005,p75,absoluto,floresta_aleatoria,295.71666666666664,306.12224533730176,309.3354166666667
chicago,2006,p75,absoluto,floresta_aleatoria,296.06666666666666,301.01610373977866,309.3354166666667
chicago,2007,p75,absoluto,floresta_aleatoria,329.3,392.72222651853326,308.025
chicago,2008,p75,absoluto,floresta_aleatoria,321.6,320.5061364831351,308.025
chicago,2009,p75,absoluto,floresta_aleatoria,299.7333333333333,301.57565613012594,309.3354166666667
chicago,2010,p75,absoluto,floresta_aleatoria,321.21666666666664,322.7736944444446,308.025
chicago,2011,p75,absoluto,floresta_aleatoria,316.875,321.98361557539704,308.025
chicago,2012,p75,absoluto,floresta_aleatoria,305.09583333333336,301.9901482142857,309.3354166666667
chicago,2013,p75,absoluto,floresta_aleatoria,306.5,311.34626728257257,309.3354166666667
chicago,2014,p75,absoluto,floresta_aleatoria,308.1,307.5165617747413,309.26041666666663
chicago,2015,p75,absoluto,floresta_aleatoria,311.24583333333334,318.70130515459664,308.025
chicago,2016,p75,absoluto,floresta_aleatoria,310.5708333333333,309.6385731729498,308.025
chicago,2017,p75,absoluto,floresta_aleatoria,328.4166666666667,315.59346018105157,308.025
chicago,2018,p75,absoluto,floresta_aleatoria,310.6666666666667,311.0683637009978,308.025
chicago,2019,p75,absoluto,floresta_aleatoria,307.25,302.1862817294971,309.3354166666667
chicago,2022,p75,absoluto,floresta_aleatoria,307.95,313.42349484126987,309.3354166666667
chicago,2023,p75,absoluto,floresta_aleatoria,297.95,307.069755534888,309.3354166666667
durban,2022,p75,absoluto,floresta_aleatoria,275.09166666666664,308.70193311838614,284.2125
durban,2024,p75,absoluto,floresta_aleatoria,282.71666666666664,312.7326025917658,280.4
durban,2025,p75,absoluto,floresta_aleatoria,285.7083333333333,303.07959710234803,278.90416666666664
honolulu,2005,p75,absoluto,floresta_aleatoria,403.1333333333333,419.24547508680536,419.97291666666666
honolulu,2006,p75,absoluto,floresta_aleatoria,408.73333333333335,377.56337988591235,419.97291666666666
honolulu,2007,p75,absoluto,floresta_aleatoria,417.2708333333333,416.0759036913026,418.82500000000005
honolulu,2008,p75,absoluto,floresta_aleatoria,411.8333333333333,425.12732105241366,419.97291666666666
honolulu,2009,p75,absoluto,floresta_aleatoria,410.03333333333336,379.6213352926586,419.97291666666666
honolulu,2010,p75,absoluto,floresta_aleatoria,414.975,396.94057786044965,419.97291666666666
honolulu,2011,p75,absoluto,floresta_aleatoria,409.7083333333333,403.0557676444504,419.97291666666666
honolulu,2012,p75,absoluto,floresta_aleatoria,408.28333333333336,423.9825763930226,419.97291666666666
honolulu,2013,p75,absoluto,floresta_aleatoria,437.85,421.9276138174901,416.1229166666667
honolulu,2014,p75,absoluto,floresta_aleatoria,422.675,424.70005778356403,416.1229166666667
honolulu,2015,p75,absoluto,floresta_aleatoria,442.17083333333335,418.8868440258235,416.1229166666667
honolulu,2016,p75,absoluto,floresta_aleatoria,450.45,418.31051171875015,416.1229166666667
honolulu,2017,p75,absoluto,floresta_aleatoria,441.6125,423.7001095140393,416.1229166666667
honolulu,2018,p75,absoluto,floresta_aleatoria,444.3083333333333,408.9066456803901,416.1229166666667
honolulu,2019,p75,absoluto,floresta_aleatoria,456.44166666666666,402.98108244385816,416.1229166666667
long_beach,2010,p75,absoluto,floresta_aleatoria,331.2416666666667,323.0198366939483,337.35
long_beach,2011,p75,absoluto,floresta_aleatoria,346.05833333333334,328.09117208581375,333.7583333333333
long_beach,2012,p75,absoluto,floresta_aleatoria,358.2958333333333,334.34114251818784,333.7583333333333
long_beach,2013,p75,absoluto,floresta_aleatoria,318.78333333333336,329.401983531746,337.35
long_beach,2014,p75,absoluto,floresta_aleatoria,331.78333333333336,339.8666552331348,337.35
long_beach,2015,p75,absoluto,floresta_aleatoria,368.5625,344.7775081582191,333.7583333333333
long_beach,2016,p75,absoluto,floresta_aleatoria,333.7583333333333,337.27473552413977,337.35
long_beach,2017,p75,absoluto,floresta_aleatoria,338.46666666666664,333.656062198247,333.7583333333333
long_beach,2018,p75,absoluto,floresta_aleatoria,337.35,324.4497655960649,333.7583333333333
long_beach,2019,p75,absoluto,floresta_aleatoria,330.2,321.0080996279764,337.35
maui,2010,p75,absoluto,floresta_aleatoria,355.19166666666666,351.6686152819113,359.4125
maui,2011,p75,absoluto,floresta_aleatoria,351.5333333333333,353.9899128968253,359.76666666666665
maui,2012,p75,absoluto,floresta_aleatoria,354.4833333333333,350.8990768105157,359.76666666666665
maui,2013,p75,absoluto,floresta_aleatoria,364.3416666666667,353.9005816344242,354.8375
maui,2014,p75,absoluto,floresta_aleatoria,366.2875,357.13036543898795,354.8375
nyc,2005,p75,absoluto,floresta_aleatoria,314.1666666666667,299.4335808407738,304.92083333333335
nyc,2006,p75,absoluto,floresta_aleatoria,294.8833333333333,298.271854257606,307.2125
nyc,2007,p75,absoluto,floresta_aleatoria,296.78333333333336,296.31642810846563,307.2125
nyc,2008,p75,absoluto,floresta_aleatoria,293.43333333333334,298.09546060681237,307.2125
nyc,2009,p75,absoluto,floresta_aleatoria,292.56666666666666,300.3606415426588,307.2125
nyc,2010,p75,absoluto,floresta_aleatoria,296.53333333333336,298.26964046378976,307.2125
nyc,2011,p75,absoluto,floresta_aleatoria,298.55,300.50521199156765,307.2125
nyc,2013,p75,absoluto,floresta_aleatoria,296.9166666666667,302.8534172536376,307.2125
nyc,2014,p75,absoluto,floresta_aleatoria,304.43333333333334,302.75116877893544,307.2125
nyc,2015,p75,absoluto,floresta_aleatoria,310.53333333333336,313.36750576223545,304.92083333333335
nyc,2016,p75,absoluto,floresta_aleatoria,309.01666666666665,305.32219606068134,304.92083333333335
nyc,2017,p75,absoluto,floresta_aleatoria,309.35,311.9447984623014,304.92083333333335
nyc,2018,p75,absoluto,floresta_aleatoria,312.00416666666666,305.6273469700728,304.92083333333335
nyc,2019,p75,absoluto,floresta_aleatoria,309.75416666666666,302.6402024884261,304.92083333333335
nyc,2022,p75,absoluto,floresta_aleatoria,327.31666666666666,336.46071241319436,304.92083333333335
nyc,2023,p75,absoluto,floresta_aleatoria,315.95,312.1565483258928,304.92083333333335
nyc,2024,p75,absoluto,floresta_aleatoria,305.4083333333333,304.3086977141204,306.725
rio,2023,p75,absoluto,floresta_aleatoria,289.15833333333336,322.5774550512564,282.6479166666667
rio,2024,p75,absoluto,floresta_aleatoria,284.27916666666664,316.93174574239436,285.0875
rio,2025,p75,absoluto,floresta_aleatoria,281.01666666666665,350.3239666377311,286.71875
savannah,2011,p75,absoluto,floresta_aleatoria,305.6125,311.2375417658731,315.30833333333334
savannah,2012,p75,absoluto,floresta_aleatoria,311.7,321.82593300264574,315.30833333333334
savannah,2013,p75,absoluto,floresta_aleatoria,311.76666666666665,312.62006055720923,315.275
savannah,2014,p75,absoluto,floresta_aleatoria,310.5708333333333,313.57065956514543,315.30833333333334
savannah,2015,p75,absoluto,floresta_aleatoria,273.6875,371.16211507523155,315.30833333333334
savannah,2016,p75,absoluto,floresta_aleatoria,332.31666666666666,314.40808555307535,311.73333333333335
savannah,2017,p75,absoluto,floresta_aleatoria,346.31666666666666,319.7167455977184,311.73333333333335
savannah,2018,p75,absoluto,floresta_aleatoria,318.85,313.8304733465608,311.73333333333335
savannah,2019,p75,absoluto,floresta_aleatoria,320.5,312.6549539062497,311.73333333333335
singapore,2014,p75,absoluto,floresta_aleatoria,404.8666666666667,404.3307215443121,405.0833333333333
singapore,2015,p75,absoluto,floresta_aleatoria,412.1,412.6186617352846,404.8666666666667
singapore,2016,p75,absoluto,floresta_aleatoria,406.39166666666665,407.99899159226203,404.8666666666667
singapore,2017,p75,absoluto,floresta_aleatoria,405.14166666666665,397.4136863095239,404.8666666666667
singapore,2018,p75,absoluto,floresta_aleatoria,395.6833333333333,414.56309637896885,405.0833333333333
singapore,2019,p75,absoluto,floresta_aleatoria,405.0833333333333,393.00743401951036,404.8666666666667
singapore,2022,p75,absoluto,floresta_aleatoria,380.2166666666667,394.3588774636243,405.0833333333333
singapore,2023,p75,absoluto,floresta_aleatoria,381.3083333333333,385.5766543361445,405.0833333333333
berlin,2005,p75,absoluto,gbm_histogramas,277.7,276.77132385143483,274.93125
berlin,2006,p75,absoluto,gbm_histogramas,284.2791666666667,283.88874210196747,274.93125
berlin,2007,p75,absoluto,gbm_histogramas,271.74583333333334,270.7948024115494,275.8375
berlin,2008,p75,absoluto,gbm_histogramas,272.9,274.14552780721937,275.8375
berlin,2009,p75,absoluto,gbm_histogramas,280.30833333333334,286.2273751722879,274.93125
berlin,2010,p75,absoluto,gbm_histogramas,270.56666666666666,265.3987199219201,275.8375
berlin,2011,p75,absoluto,gbm_histogramas,276.7,276.27301870854666,274.93125
berlin,2012,p75,absoluto,gbm_histogramas,271.71666666666664,270.79794419927674,275.8375
berlin,2013,p75,absoluto,gbm_histogramas,270.76666666666665,267.23351444471365,275.8375
berlin,2014,p75,absoluto,gbm_histogramas,274.975,277.21332972470236,275.79375
berlin,2015,p75,absoluto,gbm_histogramas,274.8875,273.51511821520575,275.8375
berlin,2016,p75,absoluto,gbm_histogramas,281.81666666666666,283.3660411544186,274.93125
berlin,2017,p75,absoluto,gbm_histogramas,281.1166666666667,270.47662853315245,274.93125
berlin,2018,p75,absoluto,gbm_histogramas,291.4,280.0531542734464,274.93125
berlin,2019,p75,absoluto,gbm_histogramas,269.90416666666664,275.3284882519,275.8375
boston,2005,p75,absoluto,gbm_histogramas,259.51666666666665,256.4306487588311,253.06666666666666
boston,2006,p75,absoluto,gbm_histogramas,249.71666666666667,248.53790500848092,255.60833333333332
boston,2007,p75,absoluto,gbm_histogramas,254.5,250.75950904159922,254.17499999999998
boston,2008,p75,absoluto,gbm_histogramas,251.63333333333333,263.1072279809452,255.60833333333332
boston,2009,p75,absoluto,gbm_histogramas,248.41666666666663,249.47033433397664,255.60833333333332
boston,2010,p75,absoluto,gbm_histogramas,248.88333333333333,256.0547110280927,255.60833333333332
boston,2011,p75,absoluto,gbm_histogramas,249.78333333333333,259.310294461805,255.60833333333332
boston,2012,p75,absoluto,gbm_histogramas,285.31666666666666,259.73202708763034,253.06666666666666
boston,2013,p75,absoluto,gbm_histogramas,247.9625,248.511382638063,255.60833333333332
boston,2014,p75,absoluto,gbm_histogramas,272.7,253.63842453357498,253.06666666666666
boston,2015,p75,absoluto,gbm_histogramas,246.41666666666663,252.46402063039224,255.60833333333332
boston,2016,p75,absoluto,gbm_histogramas,256.71666666666664,257.7547736209698,253.06666666666666
boston,2017,p75,absoluto,gbm_histogramas,261.8,259.52934484748505,253.06666666666666
boston,2018,p75,absoluto,gbm_histogramas,262.31666666666666,255.4660066696971,253.06666666666666
boston,2019,p75,absoluto,gbm_histogramas,259.0,271.256600957977,253.06666666666666
chicago,2005,p75,absoluto,gbm_histogramas,295.71666666666664,303.4107917303804,309.3354166666667
chicago,2006,p75,absoluto,gbm_histogramas,296.06666666666666,296.91476559480805,309.3354166666667
chicago,2007,p75,absoluto,gbm_histogramas,329.3,369.27867800860463,308.025
chicago,2008,p75,absoluto,gbm_histogramas,321.6,310.46754193839126,308.025
chicago,2009,p75,absoluto,gbm_histogramas,299.7333333333333,299.73148689778117,309.3354166666667
chicago,2010,p75,absoluto,gbm_histogramas,321.21666666666664,315.5802271520255,308.025
chicago,2011,p75,absoluto,gbm_histogramas,316.875,317.2312185345296,308.025
chicago,2012,p75,absoluto,gbm_histogramas,305.09583333333336,301.2111290401273,309.3354166666667
chicago,2013,p75,absoluto,gbm_histogramas,306.5,310.0689997591636,309.3354166666667
chicago,2014,p75,absoluto,gbm_histogramas,308.1,306.516665229075,309.26041666666663
chicago,2015,p75,absoluto,gbm_histogramas,311.24583333333334,316.75005403743654,308.025
chicago,2016,p75,absoluto,gbm_histogramas,310.5708333333333,306.97609107049465,308.025
chicago,2017,p75,absoluto,gbm_histogramas,328.4166666666667,326.6668226542926,308.025
chicago,2018,p75,absoluto,gbm_histogramas,310.6666666666667,306.4911919841752,308.025
chicago,2019,p75,absoluto,gbm_histogramas,307.25,302.8807446442382,309.3354166666667
chicago,2022,p75,absoluto,gbm_histogramas,307.95,310.93297563048367,309.3354166666667
chicago,2023,p75,absoluto,gbm_histogramas,297.95,307.28459949258803,309.3354166666667
durban,2022,p75,absoluto,gbm_histogramas,275.09166666666664,290.19669065735485,284.2125
durban,2024,p75,absoluto,gbm_histogramas,282.71666666666664,306.2219987855457,280.4
durban,2025,p75,absoluto,gbm_histogramas,285.7083333333333,291.6130355230982,278.90416666666664
honolulu,2005,p75,absoluto,gbm_histogramas,403.1333333333333,411.7882481553343,419.97291666666666
honolulu,2006,p75,absoluto,gbm_histogramas,408.73333333333335,352.5834388161385,419.97291666666666
honolulu,2007,p75,absoluto,gbm_histogramas,417.2708333333333,417.1055323859672,418.82500000000005
honolulu,2008,p75,absoluto,gbm_histogramas,411.8333333333333,418.55481755269705,419.97291666666666
honolulu,2009,p75,absoluto,gbm_histogramas,410.03333333333336,356.25465798715726,419.97291666666666
honolulu,2010,p75,absoluto,gbm_histogramas,414.975,405.6516320929138,419.97291666666666
honolulu,2011,p75,absoluto,gbm_histogramas,409.7083333333333,388.3799118559939,419.97291666666666
honolulu,2012,p75,absoluto,gbm_histogramas,408.28333333333336,431.393838328719,419.97291666666666
honolulu,2013,p75,absoluto,gbm_histogramas,437.85,424.1561234598856,416.1229166666667
honolulu,2014,p75,absoluto,gbm_histogramas,422.675,433.4966467647609,416.1229166666667
honolulu,2015,p75,absoluto,gbm_histogramas,442.17083333333335,422.0528317560548,416.1229166666667
honolulu,2016,p75,absoluto,gbm_histogramas,450.45,436.16029052972135,416.1229166666667
honolulu,2017,p75,absoluto,gbm_histogramas,441.6125,440.2584679145473,416.1229166666667
honolulu,2018,p75,absoluto,gbm_histogramas,444.3083333333333,416.8903167710804,416.1229166666667
honolulu,2019,p75,absoluto,gbm_histogramas,456.44166666666666,389.8646376575296,416.1229166666667
long_beach,2010,p75,absoluto,gbm_histogramas,331.2416666666667,320.518716190674,337.35
long_beach,2011,p75,absoluto,gbm_histogramas,346.05833333333334,334.4420712833779,333.7583333333333
long_beach,2012,p75,absoluto,gbm_histogramas,358.2958333333333,340.55023332342296,333.7583333333333
long_beach,2013,p75,absoluto,gbm_histogramas,318.78333333333336,327.92209904213,337.35
long_beach,2014,p75,absoluto,gbm_histogramas,331.78333333333336,339.2690070860533,337.35
long_beach,2015,p75,absoluto,gbm_histogramas,368.5625,358.40635361340713,333.7583333333333
long_beach,2016,p75,absoluto,gbm_histogramas,333.7583333333333,333.98490984402775,337.35
long_beach,2017,p75,absoluto,gbm_histogramas,338.46666666666664,331.4072272339486,333.7583333333333
long_beach,2018,p75,absoluto,gbm_histogramas,337.35,329.38150453229986,333.7583333333333
long_beach,2019,p75,absoluto,gbm_histogramas,330.2,326.6654259894326,337.35
maui,2010,p75,absoluto,gbm_histogramas,355.19166666666666,353.3813025622353,359.4125
maui,2011,p75,absoluto,gbm_histogramas,351.5333333333333,362.1483642714846,359.76666666666665
maui,2012,p75,absoluto,gbm_histogramas,354.4833333333333,355.30433543690924,359.76666666666665
maui,2013,p75,absoluto,gbm_histogramas,364.3416666666667,346.75161016239167,354.8375
maui,2014,p75,absoluto,gbm_histogramas,366.2875,351.9813926611893,354.8375
nyc,2005,p75,absoluto,gbm_histogramas,314.1666666666667,303.68449284115127,304.92083333333335
nyc,2006,p75,absoluto,gbm_histogramas,294.8833333333333,300.09124263844774,307.2125
nyc,2007,p75,absoluto,gbm_histogramas,296.78333333333336,294.00602435825203,307.2125
nyc,2008,p75,absoluto,gbm_histogramas,293.43333333333334,297.7902813824936,307.2125
nyc,2009,p75,absoluto,gbm_histogramas,292.56666666666666,298.736041322976,307.2125
nyc,2010,p75,absoluto,gbm_histogramas,296.53333333333336,293.0233808953728,307.2125
nyc,2011,p75,absoluto,gbm_histogramas,298.55,298.3580672688311,307.2125
nyc,2013,p75,absoluto,gbm_histogramas,296.9166666666667,298.83151447187873,307.2125
nyc,2014,p75,absoluto,gbm_histogramas,304.43333333333334,297.32299298513357,307.2125
nyc,2015,p75,absoluto,gbm_histogramas,310.53333333333336,311.8564792517282,304.92083333333335
nyc,2016,p75,absoluto,gbm_histogramas,309.01666666666665,301.7873097586815,304.92083333333335
nyc,2017,p75,absoluto,gbm_histogramas,309.35,310.1130837840159,304.92083333333335
nyc,2018,p75,absoluto,gbm_histogramas,312.00416666666666,307.14762053700707,304.92083333333335
nyc,2019,p75,absoluto,gbm_histogramas,309.75416666666666,305.84084332806395,304.92083333333335
nyc,2022,p75,absoluto,gbm_histogramas,327.31666666666666,334.754997735778,304.92083333333335
nyc,2023,p75,absoluto,gbm_histogramas,315.95,308.28177797493765,304.92083333333335
nyc,2024,p75,absoluto,gbm_histogramas,305.4083333333333,307.7136812618247,306.725
rio,2023,p75,absoluto,gbm_histogramas,289.15833333333336,288.7429198865093,282.6479166666667
rio,2024,p75,absoluto,gbm_histogramas,284.27916666666664,282.0341733768914,285.0875
rio,2025,p75,absoluto,gbm_histogramas,281.01666666666665,318.7236891010672,286.71875
savannah,2011,p75,absoluto,gbm_histogramas,305.6125,308.2615626247627,315.30833333333334
savannah,2012,p75,absoluto,gbm_histogramas,311.7,322.12249018071174,315.30833333333334
savannah,2013,p75,absoluto,gbm_histogramas,311.76666666666665,309.3826717607157,315.275
savannah,2014,p75,absoluto,gbm_histogramas,310.5708333333333,313.9525643584004,315.30833333333334
savannah,2015,p75,absoluto,gbm_histogramas,273.6875,391.81955841467317,315.30833333333334
savannah,2016,p75,absoluto,gbm_histogramas,332.31666666666666,317.8568321289188,311.73333333333335
savannah,2017,p75,absoluto,gbm_histogramas,346.31666666666666,316.93956458130015,311.73333333333335
savannah,2018,p75,absoluto,gbm_histogramas,318.85,306.87998392671005,311.73333333333335
savannah,2019,p75,absoluto,gbm_histogramas,320.5,310.2055336593905,311.73333333333335
singapore,2014,p75,absoluto,gbm_histogramas,404.8666666666667,409.63594197356,405.0833333333333
singapore,2015,p75,absoluto,gbm_histogramas,412.1,412.85421582265263,404.8666666666667
singapore,2016,p75,absoluto,gbm_histogramas,406.39166666666665,402.95549135894896,404.8666666666667
singapore,2017,p75,absoluto,gbm_histogramas,405.14166666666665,401.34756427395433,404.8666666666667
singapore,2018,p75,absoluto,gbm_histogramas,395.6833333333333,416.39977363881735,405.0833333333333
singapore,2019,p75,absoluto,gbm_histogramas,405.0833333333333,392.03448570901645,404.8666666666667
singapore,2022,p75,absoluto,gbm_histogramas,380.2166666666667,399.57796593865993,405.0833333333333
singapore,2023,p75,absoluto,gbm_histogramas,381.3083333333333,393.22292687922123,405.0833333333333
berlin,2005,p75,absoluto,perceptron_multicamadas,277.7,298.42138656452005,274.93125
berlin,2006,p75,absoluto,perceptron_multicamadas,284.2791666666667,281.25065034267953,274.93125
berlin,2007,p75,absoluto,perceptron_multicamadas,271.74583333333334,255.42906858718456,275.8375
berlin,2008,p75,absoluto,perceptron_multicamadas,272.9,227.09171731930712,275.8375
berlin,2009,p75,absoluto,perceptron_multicamadas,280.30833333333334,347.6118731790699,274.93125
berlin,2010,p75,absoluto,perceptron_multicamadas,270.56666666666666,246.23219271332033,275.8375
berlin,2011,p75,absoluto,perceptron_multicamadas,276.7,269.76017668324374,274.93125
berlin,2012,p75,absoluto,perceptron_multicamadas,271.71666666666664,246.46247699024838,275.8375
berlin,2013,p75,absoluto,perceptron_multicamadas,270.76666666666665,287.28736624806766,275.8375
berlin,2014,p75,absoluto,perceptron_multicamadas,274.975,266.7039554957208,275.79375
berlin,2015,p75,absoluto,perceptron_multicamadas,274.8875,268.3199595304385,275.8375
berlin,2016,p75,absoluto,perceptron_multicamadas,281.81666666666666,288.3143764979601,274.93125
berlin,2017,p75,absoluto,perceptron_multicamadas,281.1166666666667,322.6341947037846,274.93125
berlin,2018,p75,absoluto,perceptron_multicamadas,291.4,243.20297680906393,274.93125
berlin,2019,p75,absoluto,perceptron_multicamadas,269.90416666666664,260.09603136943184,275.8375
boston,2005,p75,absoluto,perceptron_multicamadas,259.51666666666665,231.9375344952542,253.06666666666666
boston,2006,p75,absoluto,perceptron_multicamadas,249.71666666666667,212.66885850450097,255.60833333333332
boston,2007,p75,absoluto,perceptron_multicamadas,254.5,295.61849689421337,254.17499999999998
boston,2008,p75,absoluto,perceptron_multicamadas,251.63333333333333,206.50265728431725,255.60833333333332
boston,2009,p75,absoluto,perceptron_multicamadas,248.41666666666663,270.1298183387715,255.60833333333332
boston,2010,p75,absoluto,perceptron_multicamadas,248.88333333333333,152.5410590838956,255.60833333333332
boston,2011,p75,absoluto,perceptron_multicamadas,249.78333333333333,291.4656308572886,255.60833333333332
boston,2012,p75,absoluto,perceptron_multicamadas,285.31666666666666,187.40726595744977,253.06666666666666
boston,2013,p75,absoluto,perceptron_multicamadas,247.9625,280.4939680423419,255.60833333333332
boston,2014,p75,absoluto,perceptron_multicamadas,272.7,306.15898436313284,253.06666666666666
boston,2015,p75,absoluto,perceptron_multicamadas,246.41666666666663,256.764549146259,255.60833333333332
boston,2016,p75,absoluto,perceptron_multicamadas,256.71666666666664,276.25738459466703,253.06666666666666
boston,2017,p75,absoluto,perceptron_multicamadas,261.8,256.0991495647718,253.06666666666666
boston,2018,p75,absoluto,perceptron_multicamadas,262.31666666666666,468.98317843104724,253.06666666666666
boston,2019,p75,absoluto,perceptron_multicamadas,259.0,95.36839970961199,253.06666666666666
chicago,2005,p75,absoluto,perceptron_multicamadas,295.71666666666664,269.5256507273016,309.3354166666667
chicago,2006,p75,absoluto,perceptron_multicamadas,296.06666666666666,321.2281569308529,309.3354166666667
chicago,2007,p75,absoluto,perceptron_multicamadas,329.3,221.92815950243272,308.025
chicago,2008,p75,absoluto,perceptron_multicamadas,321.6,299.5532054802545,308.025
chicago,2009,p75,absoluto,perceptron_multicamadas,299.7333333333333,383.763906673004,309.3354166666667
chicago,2010,p75,absoluto,perceptron_multicamadas,321.21666666666664,362.7002043007987,308.025
chicago,2011,p75,absoluto,perceptron_multicamadas,316.875,338.2225892296187,308.025
chicago,2012,p75,absoluto,perceptron_multicamadas,305.09583333333336,319.50982597570265,309.3354166666667
chicago,2013,p75,absoluto,perceptron_multicamadas,306.5,275.01050520059664,309.3354166666667
chicago,2014,p75,absoluto,perceptron_multicamadas,308.1,275.5304717730902,309.26041666666663
chicago,2015,p75,absoluto,perceptron_multicamadas,311.24583333333334,299.72483483622455,308.025
chicago,2016,p75,absoluto,perceptron_multicamadas,310.5708333333333,275.18823271773726,308.025
chicago,2017,p75,absoluto,perceptron_multicamadas,328.4166666666667,316.4310070887273,308.025
chicago,2018,p75,absoluto,perceptron_multicamadas,310.6666666666667,278.4885939631746,308.025
chicago,2019,p75,absoluto,perceptron_multicamadas,307.25,340.47954055272845,309.3354166666667
chicago,2022,p75,absoluto,perceptron_multicamadas,307.95,348.57049675198044,309.3354166666667
chicago,2023,p75,absoluto,perceptron_multicamadas,297.95,221.56279146985582,309.3354166666667
durban,2022,p75,absoluto,perceptron_multicamadas,275.09166666666664,357.4054352736628,284.2125
durban,2024,p75,absoluto,perceptron_multicamadas,282.71666666666664,189.12682575300954,280.4
durban,2025,p75,absoluto,perceptron_multicamadas,285.7083333333333,260.6286604827561,278.90416666666664
honolulu,2005,p75,absoluto,perceptron_multicamadas,403.1333333333333,418.20543207497536,419.97291666666666
honolulu,2006,p75,absoluto,perceptron_multicamadas,408.73333333333335,386.0964515378131,419.97291666666666
honolulu,2007,p75,absoluto,perceptron_multicamadas,417.2708333333333,425.2673152383938,418.82500000000005
honolulu,2008,p75,absoluto,perceptron_multicamadas,411.8333333333333,390.3041946769382,419.97291666666666
honolulu,2009,p75,absoluto,perceptron_multicamadas,410.03333333333336,388.66633526208244,419.97291666666666
honolulu,2010,p75,absoluto,perceptron_multicamadas,414.975,413.4247966747658,419.97291666666666
honolulu,2011,p75,absoluto,perceptron_multicamadas,409.7083333333333,398.0104471005598,419.97291666666666
honolulu,2012,p75,absoluto,perceptron_multicamadas,408.28333333333336,430.4322906383187,419.97291666666666
honolulu,2013,p75,absoluto,perceptron_multicamadas,437.85,448.2227670468329,416.1229166666667
honolulu,2014,p75,absoluto,perceptron_multicamadas,422.675,470.30979443085175,416.1229166666667
honolulu,2015,p75,absoluto,perceptron_multicamadas,442.17083333333335,427.1957521273539,416.1229166666667
honolulu,2016,p75,absoluto,perceptron_multicamadas,450.45,448.7839350579149,416.1229166666667
honolulu,2017,p75,absoluto,perceptron_multicamadas,441.6125,428.2769366126689,416.1229166666667
honolulu,2018,p75,absoluto,perceptron_multicamadas,444.3083333333333,392.5894854420157,416.1229166666667
honolulu,2019,p75,absoluto,perceptron_multicamadas,456.44166666666666,402.23745241696656,416.1229166666667
long_beach,2010,p75,absoluto,perceptron_multicamadas,331.2416666666667,350.0790073700283,337.35
long_beach,2011,p75,absoluto,perceptron_multicamadas,346.05833333333334,302.5179626981836,333.7583333333333
long_beach,2012,p75,absoluto,perceptron_multicamadas,358.2958333333333,352.2795828870385,333.7583333333333
long_beach,2013,p75,absoluto,perceptron_multicamadas,318.78333333333336,316.07862083497423,337.35
long_beach,2014,p75,absoluto,perceptron_multicamadas,331.78333333333336,346.31062745459303,337.35
long_beach,2015,p75,absoluto,perceptron_multicamadas,368.5625,408.9369260817768,333.7583333333333
long_beach,2016,p75,absoluto,perceptron_multicamadas,333.7583333333333,375.8868844353373,337.35
long_beach,2017,p75,absoluto,perceptron_multicamadas,338.46666666666664,334.3518818347929,333.7583333333333
long_beach,2018,p75,absoluto,perceptron_multicamadas,337.35,338.1271800262172,333.7583333333333
long_beach,2019,p75,absoluto,perceptron_multicamadas,330.2,296.08307097149833,337.35
maui,2010,p75,absoluto,perceptron_multicamadas,355.19166666666666,343.33976635726964,359.4125
maui,2011,p75,absoluto,perceptron_multicamadas,351.5333333333333,378.0458911307439,359.76666666666665
maui,2012,p75,absoluto,perceptron_multicamadas,354.4833333333333,333.25432460782713,359.76666666666665
maui,2013,p75,absoluto,perceptron_multicamadas,364.3416666666667,345.92925488052344,354.8375
maui,2014,p75,absoluto,perceptron_multicamadas,366.2875,386.1661821814174,354.8375
nyc,2005,p75,absoluto,perceptron_multicamadas,314.1666666666667,240.16428925877076,304.92083333333335
nyc,2006,p75,absoluto,perceptron_multicamadas,294.8833333333333,355.00171147234954,307.2125
nyc,2007,p75,absoluto,perceptron_multicamadas,296.78333333333336,252.39635278350792,307.2125
nyc,2008,p75,absoluto,perceptron_multicamadas,293.43333333333334,291.0364481280302,307.2125
nyc,2009,p75,absoluto,perceptron_multicamadas,292.56666666666666,304.8437471482643,307.2125
nyc,2010,p75,absoluto,perceptron_multicamadas,296.53333333333336,298.6684393224375,307.2125
nyc,2011,p75,absoluto,perceptron_multicamadas,298.55,279.3506645989059,307.2125
nyc,2013,p75,absoluto,perceptron_multicamadas,296.9166666666667,299.8248891653028,307.2125
nyc,2014,p75,absoluto,perceptron_multicamadas,304.43333333333334,351.7600571388504,307.2125
nyc,2015,p75,absoluto,perceptron_multicamadas,310.53333333333336,264.3552904471319,304.92083333333335
nyc,2016,p75,absoluto,perceptron_multicamadas,309.01666666666665,288.505637150826,304.92083333333335
nyc,2017,p75,absoluto,perceptron_multicamadas,309.35,354.5089166682273,304.92083333333335
nyc,2018,p75,absoluto,perceptron_multicamadas,312.00416666666666,290.1116135001057,304.92083333333335
nyc,2019,p75,absoluto,perceptron_multicamadas,309.75416666666666,315.6998235041959,304.92083333333335
nyc,2022,p75,absoluto,perceptron_multicamadas,327.31666666666666,304.83049905590286,304.92083333333335
nyc,2023,p75,absoluto,perceptron_multicamadas,315.95,302.2122389937194,304.92083333333335
nyc,2024,p75,absoluto,perceptron_multicamadas,305.4083333333333,325.11088988341913,306.725
rio,2023,p75,absoluto,perceptron_multicamadas,289.15833333333336,260.73459103296614,282.6479166666667
rio,2024,p75,absoluto,perceptron_multicamadas,284.27916666666664,304.31308637645236,285.0875
rio,2025,p75,absoluto,perceptron_multicamadas,281.01666666666665,323.02101613607795,286.71875
savannah,2011,p75,absoluto,perceptron_multicamadas,305.6125,334.4456876755938,315.30833333333334
savannah,2012,p75,absoluto,perceptron_multicamadas,311.7,292.40917132749456,315.30833333333334
savannah,2013,p75,absoluto,perceptron_multicamadas,311.76666666666665,313.8156603886249,315.275
savannah,2014,p75,absoluto,perceptron_multicamadas,310.5708333333333,316.82701069042423,315.30833333333334
savannah,2015,p75,absoluto,perceptron_multicamadas,273.6875,372.4479998806164,315.30833333333334
savannah,2016,p75,absoluto,perceptron_multicamadas,332.31666666666666,284.06400457660374,311.73333333333335
savannah,2017,p75,absoluto,perceptron_multicamadas,346.31666666666666,368.54934309981957,311.73333333333335
savannah,2018,p75,absoluto,perceptron_multicamadas,318.85,284.6325384612623,311.73333333333335
savannah,2019,p75,absoluto,perceptron_multicamadas,320.5,254.832570431279,311.73333333333335
singapore,2014,p75,absoluto,perceptron_multicamadas,404.8666666666667,377.3149248666997,405.0833333333333
singapore,2015,p75,absoluto,perceptron_multicamadas,412.1,400.2868212867972,404.8666666666667
singapore,2016,p75,absoluto,perceptron_multicamadas,406.39166666666665,428.78382201460926,404.8666666666667
singapore,2017,p75,absoluto,perceptron_multicamadas,405.14166666666665,405.026154116363,404.8666666666667
singapore,2018,p75,absoluto,perceptron_multicamadas,395.6833333333333,398.8835271861794,405.0833333333333
singapore,2019,p75,absoluto,perceptron_multicamadas,405.0833333333333,499.9997848622941,404.8666666666667
singapore,2022,p75,absoluto,perceptron_multicamadas,380.2166666666667,362.09404855782424,405.0833333333333
singapore,2023,p75,absoluto,perceptron_multicamadas,381.3083333333333,392.576693629882,405.0833333333333
berlin,2005,p75,desvio,ridge,277.7,278.61851841592465,274.93125
berlin,2006,p75,desvio,ridge,284.2791666666667,282.3952682178066,274.93125
berlin,2007,p75,desvio,ridge,271.74583333333334,271.55126343262407,275.8375
berlin,2008,p75,desvio,ridge,272.9,274.40104858544805,275.8375
berlin,2009,p75,desvio,ridge,280.30833333333334,281.8386740793478,274.93125
berlin,2010,p75,desvio,ridge,270.56666666666666,266.80643645867275,275.8375
berlin,2011,p75,desvio,ridge,276.7,279.61332116472215,274.93125
berlin,2012,p75,desvio,ridge,271.71666666666664,274.6061838233086,275.8375
berlin,2013,p75,desvio,ridge,270.76666666666665,274.32307847912034,275.8375
berlin,2014,p75,desvio,ridge,274.975,279.6477236159039,275.79375
berlin,2015,p75,desvio,ridge,274.8875,275.92914709992925,275.8375
berlin,2016,p75,desvio,ridge,281.81666666666666,282.32653760436904,274.93125
berlin,2017,p75,desvio,ridge,281.1166666666667,275.912453735349,274.93125
berlin,2018,p75,desvio,ridge,291.4,280.77774710715624,274.93125
berlin,2019,p75,desvio,ridge,269.90416666666664,268.8847878947726,275.8375
boston,2005,p75,desvio,ridge,259.51666666666665,255.76567403209447,253.06666666666666
boston,2006,p75,desvio,ridge,249.71666666666667,251.9166127519757,255.60833333333332
boston,2007,p75,desvio,ridge,254.5,248.3983707079954,254.17499999999998
boston,2008,p75,desvio,ridge,251.63333333333333,256.0173434479606,255.60833333333332
boston,2009,p75,desvio,ridge,248.41666666666663,251.63403162715684,255.60833333333332
boston,2010,p75,desvio,ridge,248.88333333333333,253.82906375034565,255.60833333333332
boston,2011,p75,desvio,ridge,249.78333333333333,257.51513817276805,255.60833333333332
boston,2012,p75,desvio,ridge,285.31666666666666,263.9699312852086,253.06666666666666
boston,2013,p75,desvio,ridge,247.9625,255.3777820086082,255.60833333333332
boston,2014,p75,desvio,ridge,272.7,259.7700350302521,253.06666666666666
boston,2015,p75,desvio,ridge,246.41666666666663,251.94447943207035,255.60833333333332
boston,2016,p75,desvio,ridge,256.71666666666664,258.98181924267044,253.06666666666666
boston,2017,p75,desvio,ridge,261.8,261.63296984358266,253.06666666666666
boston,2018,p75,desvio,ridge,262.31666666666666,241.17029051494467,253.06666666666666
boston,2019,p75,desvio,ridge,259.0,261.1077640967712,253.06666666666666
chicago,2005,p75,desvio,ridge,295.71666666666664,307.747672540689,309.3354166666667
chicago,2006,p75,desvio,ridge,296.06666666666666,295.09783379376046,309.3354166666667
chicago,2007,p75,desvio,ridge,329.3,316.0659150650777,308.025
chicago,2008,p75,desvio,ridge,321.6,317.9169114306546,308.025
chicago,2009,p75,desvio,ridge,299.7333333333333,301.4424268205295,309.3354166666667
chicago,2010,p75,desvio,ridge,321.21666666666664,319.5190264824323,308.025
chicago,2011,p75,desvio,ridge,316.875,317.6724118074429,308.025
chicago,2012,p75,desvio,ridge,305.09583333333336,303.921615576143,309.3354166666667
chicago,2013,p75,desvio,ridge,306.5,311.1194190380896,309.3354166666667
chicago,2014,p75,desvio,ridge,308.1,311.6166682824376,309.26041666666663
chicago,2015,p75,desvio,ridge,311.24583333333334,316.6246759588874,308.025
chicago,2016,p75,desvio,ridge,310.5708333333333,311.0045287193073,308.025
chicago,2017,p75,desvio,ridge,328.4166666666667,317.3279256678867,308.025
chicago,2018,p75,desvio,ridge,310.6666666666667,305.35297630836794,308.025
chicago,2019,p75,desvio,ridge,307.25,306.64837870485957,309.3354166666667
chicago,2022,p75,desvio,ridge,307.95,316.5925995227563,309.3354166666667
chicago,2023,p75,desvio,ridge,297.95,310.27349565548036,309.3354166666667
durban,2022,p75,desvio,ridge,275.09166666666664,286.5242488940681,284.2125
durban,2024,p75,desvio,ridge,282.71666666666664,285.65341625264153,280.4
durban,2025,p75,desvio,ridge,285.7083333333333,283.18699895448174,278.90416666666664
honolulu,2005,p75,desvio,ridge,403.1333333333333,423.96487203610315,419.97291666666666
honolulu,2006,p75,desvio,ridge,408.73333333333335,424.7889811911516,419.97291666666666
honolulu,2007,p75,desvio,ridge,417.2708333333333,422.77122513918187,418.82500000000005
honolulu,2008,p75,desvio,ridge,411.8333333333333,421.69174244528347,419.97291666666666
honolulu,2009,p75,desvio,ridge,410.03333333333336,426.4785080459158,419.97291666666666
honolulu,2010,p75,desvio,ridge,414.975,422.7914113019971,419.97291666666666
honolulu,2011,p75,desvio,ridge,409.7083333333333,422.7830339743331,419.97291666666666
honolulu,2012,p75,desvio,ridge,408.28333333333336,425.40692670827804,419.97291666666666
honolulu,2013,p75,desvio,ridge,437.85,423.32448607364523,416.1229166666667
honolulu,2014,p75,desvio,ridge,422.675,420.3617747138352,416.1229166666667
honolulu,2015,p75,desvio,ridge,442.17083333333335,422.6977160900697,416.1229166666667
honolulu,2016,p75,desvio,ridge,450.45,421.41179302234747,416.1229166666667
honolulu,2017,p75,desvio,ridge,441.6125,421.2993958328381,416.1229166666667
honolulu,2018,p75,desvio,ridge,444.3083333333333,421.1612646098841,416.1229166666667
honolulu,2019,p75,desvio,ridge,456.44166666666666,422.4362738933504,416.1229166666667
long_beach,2010,p75,desvio,ridge,331.2416666666667,336.15502680798227,337.35
long_beach,2011,p75,desvio,ridge,346.05833333333334,336.41889208604175,333.7583333333333
long_beach,2012,p75,desvio,ridge,358.2958333333333,336.85597051152143,333.7583333333333
long_beach,2013,p75,desvio,ridge,318.78333333333336,337.18339355056963,337.35
long_beach,2014,p75,desvio,ridge,331.78333333333336,340.4587328665653,337.35
long_beach,2015,p75,desvio,ridge,368.5625,342.3759970300273,333.7583333333333
long_beach,2016,p75,desvio,ridge,333.7583333333333,343.59401391494043,337.35
long_beach,2017,p75,desvio,ridge,338.46666666666664,337.5404599191299,333.7583333333333
long_beach,2018,p75,desvio,ridge,337.35,337.2157857536412,333.7583333333333
long_beach,2019,p75,desvio,ridge,330.2,338.89494510623257,337.35
maui,2010,p75,desvio,ridge,355.19166666666666,359.606228957366,359.4125
maui,2011,p75,desvio,ridge,351.5333333333333,363.7366495861134,359.76666666666665
maui,2012,p75,desvio,ridge,354.4833333333333,363.76290631158827,359.76666666666665
maui,2013,p75,desvio,ridge,364.3416666666667,358.48972094172854,354.8375
maui,2014,p75,desvio,ridge,366.2875,353.92887777517325,354.8375
nyc,2005,p75,desvio,ridge,314.1666666666667,306.0414461928802,304.92083333333335
nyc,2006,p75,desvio,ridge,294.8833333333333,301.22962380036,307.2125
nyc,2007,p75,desvio,ridge,296.78333333333336,302.8115415168853,307.2125
nyc,2008,p75,desvio,ridge,293.43333333333334,300.5729827423217,307.2125
nyc,2009,p75,desvio,ridge,292.56666666666666,303.5817777752829,307.2125
nyc,2010,p75,desvio,ridge,296.53333333333336,301.0038483356623,307.2125
nyc,2011,p75,desvio,ridge,298.55,304.74063143720144,307.2125
nyc,2013,p75,desvio,ridge,296.9166666666667,301.9410259244887,307.2125
nyc,2014,p75,desvio,ridge,304.43333333333334,299.36876798953807,307.2125
nyc,2015,p75,desvio,ridge,310.53333333333336,307.2427269341787,304.92083333333335
nyc,2016,p75,desvio,ridge,309.01666666666665,304.3048872109482,304.92083333333335
nyc,2017,p75,desvio,ridge,309.35,305.52309899093757,304.92083333333335
nyc,2018,p75,desvio,ridge,312.00416666666666,305.51928704999324,304.92083333333335
nyc,2019,p75,desvio,ridge,309.75416666666666,304.57574370922543,304.92083333333335
nyc,2022,p75,desvio,ridge,327.31666666666666,313.3525494299402,304.92083333333335
nyc,2023,p75,desvio,ridge,315.95,311.01910443017005,304.92083333333335
nyc,2024,p75,desvio,ridge,305.4083333333333,307.8864851247762,306.725
rio,2023,p75,desvio,ridge,289.15833333333336,288.8256572516986,282.6479166666667
rio,2024,p75,desvio,ridge,284.27916666666664,291.3133187982845,285.0875
rio,2025,p75,desvio,ridge,281.01666666666665,293.2104350192078,286.71875
savannah,2011,p75,desvio,ridge,305.6125,312.13937938141464,315.30833333333334
savannah,2012,p75,desvio,ridge,311.7,318.9438883212094,315.30833333333334
savannah,2013,p75,desvio,ridge,311.76666666666665,318.29647918978793,315.275
savannah,2014,p75,desvio,ridge,310.5708333333333,317.6290677835712,315.30833333333334
savannah,2015,p75,desvio,ridge,273.6875,327.0709134057579,315.30833333333334
savannah,2016,p75,desvio,ridge,332.31666666666666,313.0042930643379,311.73333333333335
savannah,2017,p75,desvio,ridge,346.31666666666666,319.3477438551418,311.73333333333335
savannah,2018,p75,desvio,ridge,318.85,313.47923216800905,311.73333333333335
savannah,2019,p75,desvio,ridge,320.5,311.4084343844461,311.73333333333335
singapore,2014,p75,desvio,ridge,404.8666666666667,401.98595426464,405.0833333333333
singapore,2015,p75,desvio,ridge,412.1,401.9355055730032,404.8666666666667
singapore,2016,p75,desvio,ridge,406.39166666666665,403.3557066544515,404.8666666666667
singapore,2017,p75,desvio,ridge,405.14166666666665,402.9933266261899,404.8666666666667
singapore,2018,p75,desvio,ridge,395.6833333333333,403.66766197727685,405.0833333333333
singapore,2019,p75,desvio,ridge,405.0833333333333,407.79376790256873,404.8666666666667
singapore,2022,p75,desvio,ridge,380.2166666666667,405.4418771597836,405.0833333333333
singapore,2023,p75,desvio,ridge,381.3083333333333,405.35861855178075,405.0833333333333
berlin,2005,p75,desvio,gbm_histogramas,277.7,279.2802053904812,274.93125
berlin,2006,p75,desvio,gbm_histogramas,284.2791666666667,288.78930982525236,274.93125
berlin,2007,p75,desvio,gbm_histogramas,271.74583333333334,271.84683338389516,275.8375
berlin,2008,p75,desvio,gbm_histogramas,272.9,277.14145448941224,275.8375
berlin,2009,p75,desvio,gbm_histogramas,280.30833333333334,280.7565413644346,274.93125
berlin,2010,p75,desvio,gbm_histogramas,270.56666666666666,270.933459771744,275.8375
berlin,2011,p75,desvio,gbm_histogramas,276.7,278.0351191625754,274.93125
berlin,2012,p75,desvio,gbm_histogramas,271.71666666666664,271.891600137801,275.8375
berlin,2013,p75,desvio,gbm_histogramas,270.76666666666665,268.59613844302595,275.8375
berlin,2014,p75,desvio,gbm_histogramas,274.975,275.8034210508267,275.79375
berlin,2015,p75,desvio,gbm_histogramas,274.8875,278.8088616621176,275.8375
berlin,2016,p75,desvio,gbm_histogramas,281.81666666666666,285.38071133500415,274.93125
berlin,2017,p75,desvio,gbm_histogramas,281.1166666666667,273.8291286734118,274.93125
berlin,2018,p75,desvio,gbm_histogramas,291.4,280.6116102090697,274.93125
berlin,2019,p75,desvio,gbm_histogramas,269.90416666666664,278.3085165397792,275.8375
boston,2005,p75,desvio,gbm_histogramas,259.51666666666665,253.7581084037454,253.06666666666666
boston,2006,p75,desvio,gbm_histogramas,249.71666666666667,249.62761978179256,255.60833333333332
boston,2007,p75,desvio,gbm_histogramas,254.5,249.6445183408232,254.17499999999998
boston,2008,p75,desvio,gbm_histogramas,251.63333333333333,250.33495148927454,255.60833333333332
boston,2009,p75,desvio,gbm_histogramas,248.41666666666663,249.3289052188427,255.60833333333332
boston,2010,p75,desvio,gbm_histogramas,248.88333333333333,249.80238900905786,255.60833333333332
boston,2011,p75,desvio,gbm_histogramas,249.78333333333333,255.0521618059107,255.60833333333332
boston,2012,p75,desvio,gbm_histogramas,285.31666666666666,268.6405607285003,253.06666666666666
boston,2013,p75,desvio,gbm_histogramas,247.9625,252.0709881013065,255.60833333333332
boston,2014,p75,desvio,gbm_histogramas,272.7,260.0750773591273,253.06666666666666
boston,2015,p75,desvio,gbm_histogramas,246.41666666666663,258.7314528035657,255.60833333333332
boston,2016,p75,desvio,gbm_histogramas,256.71666666666664,257.5214503542755,253.06666666666666
boston,2017,p75,desvio,gbm_histogramas,261.8,265.8968060395176,253.06666666666666
boston,2018,p75,desvio,gbm_histogramas,262.31666666666666,250.5035318525213,253.06666666666666
boston,2019,p75,desvio,gbm_histogramas,259.0,264.18195965866244,253.06666666666666
chicago,2005,p75,desvio,gbm_histogramas,295.71666666666664,303.5152027952484,309.3354166666667
chicago,2006,p75,desvio,gbm_histogramas,296.06666666666666,300.7708263577981,309.3354166666667
chicago,2007,p75,desvio,gbm_histogramas,329.3,335.32157684777377,308.025
chicago,2008,p75,desvio,gbm_histogramas,321.6,314.24282975891293,308.025
chicago,2009,p75,desvio,gbm_histogramas,299.7333333333333,300.83442571128376,309.3354166666667
chicago,2010,p75,desvio,gbm_histogramas,321.21666666666664,317.44957057529035,308.025
chicago,2011,p75,desvio,gbm_histogramas,316.875,310.14445760430755,308.025
chicago,2012,p75,desvio,gbm_histogramas,305.09583333333336,301.46850994263974,309.3354166666667
chicago,2013,p75,desvio,gbm_histogramas,306.5,304.54392556958237,309.3354166666667
chicago,2014,p75,desvio,gbm_histogramas,308.1,311.6120068000075,309.26041666666663
chicago,2015,p75,desvio,gbm_histogramas,311.24583333333334,315.27024428486294,308.025
chicago,2016,p75,desvio,gbm_histogramas,310.5708333333333,311.9412356791253,308.025
chicago,2017,p75,desvio,gbm_histogramas,328.4166666666667,321.2118940906623,308.025
chicago,2018,p75,desvio,gbm_histogramas,310.6666666666667,307.3285397709547,308.025
chicago,2019,p75,desvio,gbm_histogramas,307.25,304.76810762371304,309.3354166666667
chicago,2022,p75,desvio,gbm_histogramas,307.95,317.0236194032493,309.3354166666667
chicago,2023,p75,desvio,gbm_histogramas,297.95,311.1695383402122,309.3354166666667
durban,2022,p75,desvio,gbm_histogramas,275.09166666666664,282.39140426591786,284.2125
durban,2024,p75,desvio,gbm_histogramas,282.71666666666664,292.5437219917732,280.4
durban,2025,p75,desvio,gbm_histogramas,285.7083333333333,281.8438362275805,278.90416666666664
honolulu,2005,p75,desvio,gbm_histogramas,403.1333333333333,414.22716629775204,419.97291666666666
honolulu,2006,p75,desvio,gbm_histogramas,408.73333333333335,412.8604534093717,419.97291666666666
honolulu,2007,p75,desvio,gbm_histogramas,417.2708333333333,428.2428485042669,418.82500000000005
honolulu,2008,p75,desvio,gbm_histogramas,411.8333333333333,417.52336771551813,419.97291666666666
honolulu,2009,p75,desvio,gbm_histogramas,410.03333333333336,431.951892183778,419.97291666666666
honolulu,2010,p75,desvio,gbm_histogramas,414.975,410.96400575032175,419.97291666666666
honolulu,2011,p75,desvio,gbm_histogramas,409.7083333333333,414.5995526371532,419.97291666666666
honolulu,2012,p75,desvio,gbm_histogramas,408.28333333333336,420.337113388714,419.97291666666666
honolulu,2013,p75,desvio,gbm_histogramas,437.85,436.3934631869638,416.1229166666667
honolulu,2014,p75,desvio,gbm_histogramas,422.675,417.4119300038462,416.1229166666667
honolulu,2015,p75,desvio,gbm_histogramas,442.17083333333335,418.0779977441492,416.1229166666667
honolulu,2016,p75,desvio,gbm_histogramas,450.45,435.00620038044684,416.1229166666667
honolulu,2017,p75,desvio,gbm_histogramas,441.6125,430.41512710674385,416.1229166666667
honolulu,2018,p75,desvio,gbm_histogramas,444.3083333333333,430.57176998578325,416.1229166666667
honolulu,2019,p75,desvio,gbm_histogramas,456.44166666666666,422.2287541698511,416.1229166666667
long_beach,2010,p75,desvio,gbm_histogramas,331.2416666666667,326.28153194984225,337.35
long_beach,2011,p75,desvio,gbm_histogramas,346.05833333333334,340.3837078703546,333.7583333333333
long_beach,2012,p75,desvio,gbm_histogramas,358.2958333333333,330.0617957311009,333.7583333333333
long_beach,2013,p75,desvio,gbm_histogramas,318.78333333333336,337.6328239685937,337.35
long_beach,2014,p75,desvio,gbm_histogramas,331.78333333333336,341.29062466691715,337.35
long_beach,2015,p75,desvio,gbm_histogramas,368.5625,353.15327823811185,333.7583333333333
long_beach,2016,p75,desvio,gbm_histogramas,333.7583333333333,342.2059121018186,337.35
long_beach,2017,p75,desvio,gbm_histogramas,338.46666666666664,342.30955666531094,333.7583333333333
long_beach,2018,p75,desvio,gbm_histogramas,337.35,330.8857998190307,333.7583333333333
long_beach,2019,p75,desvio,gbm_histogramas,330.2,339.1050899126162,337.35
maui,2010,p75,desvio,gbm_histogramas,355.19166666666666,356.3739384095678,359.4125
maui,2011,p75,desvio,gbm_histogramas,351.5333333333333,355.02575864063414,359.76666666666665
maui,2012,p75,desvio,gbm_histogramas,354.4833333333333,356.9688128312396,359.76666666666665
maui,2013,p75,desvio,gbm_histogramas,364.3416666666667,356.49481053785024,354.8375
maui,2014,p75,desvio,gbm_histogramas,366.2875,355.4592699289348,354.8375
nyc,2005,p75,desvio,gbm_histogramas,314.1666666666667,309.01652416214966,304.92083333333335
nyc,2006,p75,desvio,gbm_histogramas,294.8833333333333,294.4687475472822,307.2125
nyc,2007,p75,desvio,gbm_histogramas,296.78333333333336,296.9686997373169,307.2125
nyc,2008,p75,desvio,gbm_histogramas,293.43333333333334,297.6800030056136,307.2125
nyc,2009,p75,desvio,gbm_histogramas,292.56666666666666,296.1551680439203,307.2125
nyc,2010,p75,desvio,gbm_histogramas,296.53333333333336,297.90516576135985,307.2125
nyc,2011,p75,desvio,gbm_histogramas,298.55,301.59994082978795,307.2125
nyc,2013,p75,desvio,gbm_histogramas,296.9166666666667,301.18020184351246,307.2125
nyc,2014,p75,desvio,gbm_histogramas,304.43333333333334,303.69328873208656,307.2125
nyc,2015,p75,desvio,gbm_histogramas,310.53333333333336,303.54990525850695,304.92083333333335
nyc,2016,p75,desvio,gbm_histogramas,309.01666666666665,305.75992892453354,304.92083333333335
nyc,2017,p75,desvio,gbm_histogramas,309.35,312.589145896552,304.92083333333335
nyc,2018,p75,desvio,gbm_histogramas,312.00416666666666,308.7738585928858,304.92083333333335
nyc,2019,p75,desvio,gbm_histogramas,309.75416666666666,304.43971137192585,304.92083333333335
nyc,2022,p75,desvio,gbm_histogramas,327.31666666666666,311.69732812914293,304.92083333333335
nyc,2023,p75,desvio,gbm_histogramas,315.95,311.01532660365814,304.92083333333335
nyc,2024,p75,desvio,gbm_histogramas,305.4083333333333,309.06247673860423,306.725
rio,2023,p75,desvio,gbm_histogramas,289.15833333333336,297.85467584690264,282.6479166666667
rio,2024,p75,desvio,gbm_histogramas,284.27916666666664,287.9843951636695,285.0875
rio,2025,p75,desvio,gbm_histogramas,281.01666666666665,297.4175222017747,286.71875
savannah,2011,p75,desvio,gbm_histogramas,305.6125,310.4615708205828,315.30833333333334
savannah,2012,p75,desvio,gbm_histogramas,311.7,317.2271425152805,315.30833333333334
savannah,2013,p75,desvio,gbm_histogramas,311.76666666666665,315.74818711126545,315.275
savannah,2014,p75,desvio,gbm_histogramas,310.5708333333333,315.16679460135964,315.30833333333334
savannah,2015,p75,desvio,gbm_histogramas,273.6875,347.99508452219425,315.30833333333334
savannah,2016,p75,desvio,gbm_histogramas,332.31666666666666,318.0846522248005,311.73333333333335
savannah,2017,p75,desvio,gbm_histogramas,346.31666666666666,319.44773931468546,311.73333333333335
savannah,2018,p75,desvio,gbm_histogramas,318.85,321.6098177895157,311.73333333333335
savannah,2019,p75,desvio,gbm_histogramas,320.5,317.1598263088108,311.73333333333335
singapore,2014,p75,desvio,gbm_histogramas,404.8666666666667,408.4824919075757,405.0833333333333
singapore,2015,p75,desvio,gbm_histogramas,412.1,397.08937424372135,404.8666666666667
singapore,2016,p75,desvio,gbm_histogramas,406.39166666666665,402.8180656865033,404.8666666666667
singapore,2017,p75,desvio,gbm_histogramas,405.14166666666665,395.5431701678366,404.8666666666667
singapore,2018,p75,desvio,gbm_histogramas,395.6833333333333,410.51264688330735,405.0833333333333
singapore,2019,p75,desvio,gbm_histogramas,405.0833333333333,419.34513690064546,404.8666666666667
singapore,2022,p75,desvio,gbm_histogramas,380.2166666666667,394.3759441123965,405.0833333333333
singapore,2023,p75,desvio,gbm_histogramas,381.3083333333333,401.9294281883416,405.0833333333333
berlin,2005,p75,desvio,linear,277.7,272.9141581661037,274.93125
berlin,2006,p75,desvio,linear,284.2791666666667,279.34896865965436,274.93125
berlin,2007,p75,desvio,linear,271.74583333333334,271.50434181321833,275.8375
berlin,2008,p75,desvio,linear,272.9,264.81737667948414,275.8375
berlin,2009,p75,desvio,linear,280.30833333333334,282.5825328094756,274.93125
berlin,2010,p75,desvio,linear,270.56666666666666,258.4227512059356,275.8375
berlin,2011,p75,desvio,linear,276.7,282.8443092409706,274.93125
berlin,2012,p75,desvio,linear,271.71666666666664,274.87033029526145,275.8375
berlin,2013,p75,desvio,linear,270.76666666666665,266.4834342857911,275.8375
berlin,2014,p75,desvio,linear,274.975,278.93593448492743,275.79375
berlin,2015,p75,desvio,linear,274.8875,281.0100372191675,275.8375
berlin,2016,p75,desvio,linear,281.81666666666666,287.6981199108761,274.93125
berlin,2017,p75,desvio,linear,281.1166666666667,287.1682883407906,274.93125
berlin,2018,p75,desvio,linear,291.4,283.57812244471376,274.93125
berlin,2019,p75,desvio,linear,269.90416666666664,258.541933216095,275.8375
boston,2005,p75,desvio,linear,259.51666666666665,254.63909275560303,253.06666666666666
boston,2006,p75,desvio,linear,249.71666666666667,238.31484421338558,255.60833333333332
boston,2007,p75,desvio,linear,254.5,218.76494163951185,254.17499999999998
boston,2008,p75,desvio,linear,251.63333333333333,264.54529343714967,255.60833333333332
boston,2009,p75,desvio,linear,248.41666666666663,245.23510000296977,255.60833333333332
boston,2010,p75,desvio,linear,248.88333333333333,234.82360171216934,255.60833333333332
boston,2011,p75,desvio,linear,249.78333333333333,258.5408580132551,255.60833333333332
boston,2012,p75,desvio,linear,285.31666666666666,278.8381029578842,253.06666666666666
boston,2013,p75,desvio,linear,247.9625,265.6128872504945,255.60833333333332
boston,2014,p75,desvio,linear,272.7,258.108771683889,253.06666666666666
boston,2015,p75,desvio,linear,246.41666666666663,246.55725063205568,255.60833333333332
boston,2016,p75,desvio,linear,256.71666666666664,289.70129921897376,253.06666666666666
boston,2017,p75,desvio,linear,261.8,297.32749580992567,253.06666666666666
boston,2018,p75,desvio,linear,262.31666666666666,264.72722882943816,253.06666666666666
boston,2019,p75,desvio,linear,259.0,246.8289445076356,253.06666666666666
chicago,2005,p75,desvio,linear,295.71666666666664,297.46683772196684,309.3354166666667
chicago,2006,p75,desvio,linear,296.06666666666666,294.45127781398037,309.3354166666667
chicago,2007,p75,desvio,linear,329.3,325.7413519060749,308.025
chicago,2008,p75,desvio,linear,321.6,323.7266505237839,308.025
chicago,2009,p75,desvio,linear,299.7333333333333,302.334132244643,309.3354166666667
chicago,2010,p75,desvio,linear,321.21666666666664,332.6228512199053,308.025
chicago,2011,p75,desvio,linear,316.875,327.22108410028255,308.025
chicago,2012,p75,desvio,linear,305.09583333333336,311.7416878235583,309.3354166666667
chicago,2013,p75,desvio,linear,306.5,304.6644935698297,309.3354166666667
chicago,2014,p75,desvio,linear,308.1,306.5104603009544,309.26041666666663
chicago,2015,p75,desvio,linear,311.24583333333334,317.7861636363984,308.025
chicago,2016,p75,desvio,linear,310.5708333333333,309.8271992707833,308.025
chicago,2017,p75,desvio,linear,328.4166666666667,321.23086462097075,308.025
chicago,2018,p75,desvio,linear,310.6666666666667,315.3834933494775,308.025
chicago,2019,p75,desvio,linear,307.25,303.8392144769091,309.3354166666667
chicago,2022,p75,desvio,linear,307.95,315.18519882091823,309.3354166666667
chicago,2023,p75,desvio,linear,297.95,328.43319039126095,309.3354166666667
durban,2022,p75,desvio,linear,275.09166666666664,285.7694817669538,284.2125
durban,2024,p75,desvio,linear,282.71666666666664,287.1151034826077,280.4
durban,2025,p75,desvio,linear,285.7083333333333,287.92161102350616,278.90416666666664
honolulu,2005,p75,desvio,linear,403.1333333333333,424.3297267243607,419.97291666666666
honolulu,2006,p75,desvio,linear,408.73333333333335,428.6825194921693,419.97291666666666
honolulu,2007,p75,desvio,linear,417.2708333333333,424.8769048736427,418.82500000000005
honolulu,2008,p75,desvio,linear,411.8333333333333,411.12970408972467,419.97291666666666
honolulu,2009,p75,desvio,linear,410.03333333333336,425.365577842898,419.97291666666666
honolulu,2010,p75,desvio,linear,414.975,419.64274526301153,419.97291666666666
honolulu,2011,p75,desvio,linear,409.7083333333333,418.13121933629117,419.97291666666666
honolulu,2012,p75,desvio,linear,408.28333333333336,421.8408590948417,419.97291666666666
honolulu,2013,p75,desvio,linear,437.85,433.49846458363015,416.1229166666667
honolulu,2014,p75,desvio,linear,422.675,430.0280763306453,416.1229166666667
honolulu,2015,p75,desvio,linear,442.17083333333335,427.22547261542917,416.1229166666667
honolulu,2016,p75,desvio,linear,450.45,432.53072692288015,416.1229166666667
honolulu,2017,p75,desvio,linear,441.6125,429.8763935067061,416.1229166666667
honolulu,2018,p75,desvio,linear,444.3083333333333,419.68181979619055,416.1229166666667
honolulu,2019,p75,desvio,linear,456.44166666666666,427.68851843100794,416.1229166666667
long_beach,2010,p75,desvio,linear,331.2416666666667,332.7660896597366,337.35
long_beach,2011,p75,desvio,linear,346.05833333333334,334.39910946698086,333.7583333333333
long_beach,2012,p75,desvio,linear,358.2958333333333,335.9973351123822,333.7583333333333
long_beach,2013,p75,desvio,linear,318.78333333333336,329.18440603059327,337.35
long_beach,2014,p75,desvio,linear,331.78333333333336,337.5060505446012,337.35
long_beach,2015,p75,desvio,linear,368.5625,348.9610704476884,333.7583333333333
long_beach,2016,p75,desvio,linear,333.7583333333333,350.10578572027475,337.35
long_beach,2017,p75,desvio,linear,338.46666666666664,335.5876502025625,333.7583333333333
long_beach,2018,p75,desvio,linear,337.35,335.1664822318738,333.7583333333333
long_beach,2019,p75,desvio,linear,330.2,334.28227745582814,337.35
maui,2010,p75,desvio,linear,355.19166666666666,355.4950302474156,359.4125
maui,2011,p75,desvio,linear,351.5333333333333,369.1694193931674,359.76666666666665
maui,2012,p75,desvio,linear,354.4833333333333,363.31266940536506,359.76666666666665
maui,2013,p75,desvio,linear,364.3416666666667,359.168310610052,354.8375
maui,2014,p75,desvio,linear,366.2875,335.12707973363973,354.8375
nyc,2005,p75,desvio,linear,314.1666666666667,305.9904791813914,304.92083333333335
nyc,2006,p75,desvio,linear,294.8833333333333,292.3243993020161,307.2125
nyc,2007,p75,desvio,linear,296.78333333333336,300.49221117571466,307.2125
nyc,2008,p75,desvio,linear,293.43333333333334,290.61291996354225,307.2125
nyc,2009,p75,desvio,linear,292.56666666666666,314.42558804682193,307.2125
nyc,2010,p75,desvio,linear,296.53333333333336,289.1761139496594,307.2125
nyc,2011,p75,desvio,linear,298.55,291.0227887241471,307.2125
nyc,2013,p75,desvio,linear,296.9166666666667,308.3593218659231,307.2125
nyc,2014,p75,desvio,linear,304.43333333333334,297.6480678845428,307.2125
nyc,2015,p75,desvio,linear,310.53333333333336,307.745371822001,304.92083333333335
nyc,2016,p75,desvio,linear,309.01666666666665,302.8560820819899,304.92083333333335
nyc,2017,p75,desvio,linear,309.35,306.5111871955201,304.92083333333335
nyc,2018,p75,desvio,linear,312.00416666666666,300.4671752449454,304.92083333333335
nyc,2019,p75,desvio,linear,309.75416666666666,300.2872917203216,304.92083333333335
nyc,2022,p75,desvio,linear,327.31666666666666,325.6820241668484,304.92083333333335
nyc,2023,p75,desvio,linear,315.95,315.0909405520328,304.92083333333335
nyc,2024,p75,desvio,linear,305.4083333333333,312.03921145750485,306.725
rio,2023,p75,desvio,linear,289.15833333333336,284.2769301125916,282.6479166666667
rio,2024,p75,desvio,linear,284.27916666666664,291.28905346689845,285.0875
rio,2025,p75,desvio,linear,281.01666666666665,293.48573838695484,286.71875
savannah,2011,p75,desvio,linear,305.6125,306.7089395375047,315.30833333333334
savannah,2012,p75,desvio,linear,311.7,318.2994482585449,315.30833333333334
savannah,2013,p75,desvio,linear,311.76666666666665,317.95421007157864,315.275
savannah,2014,p75,desvio,linear,310.5708333333333,318.924593804716,315.30833333333334
savannah,2015,p75,desvio,linear,273.6875,329.78411902497913,315.30833333333334
savannah,2016,p75,desvio,linear,332.31666666666666,310.33261679733744,311.73333333333335
savannah,2017,p75,desvio,linear,346.31666666666666,314.6684727939916,311.73333333333335
savannah,2018,p75,desvio,linear,318.85,306.12877645692936,311.73333333333335
savannah,2019,p75,desvio,linear,320.5,316.67835094647205,311.73333333333335
singapore,2014,p75,desvio,linear,404.8666666666667,394.3227214546906,405.0833333333333
singapore,2015,p75,desvio,linear,412.1,396.30275810406687,404.8666666666667
singapore,2016,p75,desvio,linear,406.39166666666665,401.6549337544223,404.8666666666667
singapore,2017,p75,desvio,linear,405.14166666666665,399.17826450248657,404.8666666666667
singapore,2018,p75,desvio,linear,395.6833333333333,395.9369913529648,405.0833333333333
singapore,2019,p75,desvio,linear,405.0833333333333,502.13791426669513,404.8666666666667
singapore,2022,p75,desvio,linear,380.2166666666667,399.70673792000184,405.0833333333333
singapore,2023,p75,desvio,linear,381.3083333333333,399.7309917125822,405.0833333333333
berlin,2005,p75,desvio,floresta_aleatoria,277.7,280.53152645709326,274.93125
berlin,2006,p75,desvio,floresta_aleatoria,284.2791666666667,285.4576200520833,274.93125
berlin,2007,p75,desvio,floresta_aleatoria,271.74583333333334,272.5593634879299,275.8375
berlin,2008,p75,desvio,floresta_aleatoria,272.9,277.6652751322751,275.8375
berlin,2009,p75,desvio,floresta_aleatoria,280.30833333333334,282.3960958953373,274.93125
berlin,2010,p75,desvio,floresta_aleatoria,270.56666666666666,270.66284134011244,275.8375
berlin,2011,p75,desvio,floresta_aleatoria,276.7,280.7171326306217,274.93125
berlin,2012,p75,desvio,floresta_aleatoria,271.71666666666664,273.9223012400793,275.8375
berlin,2013,p75,desvio,floresta_aleatoria,270.76666666666665,273.5778895213293,275.8375
berlin,2014,p75,desvio,floresta_aleatoria,274.975,278.5717735077712,275.79375
berlin,2015,p75,desvio,floresta_aleatoria,274.8875,278.43183289930556,275.8375
berlin,2016,p75,desvio,floresta_aleatoria,281.81666666666666,281.95756987290775,274.93125
berlin,2017,p75,desvio,floresta_aleatoria,281.1166666666667,274.9820120804398,274.93125
berlin,2018,p75,desvio,floresta_aleatoria,291.4,277.1400629154266,274.93125
berlin,2019,p75,desvio,floresta_aleatoria,269.90416666666664,274.45861839037696,275.8375
boston,2005,p75,desvio,floresta_aleatoria,259.51666666666665,253.14047420221561,253.06666666666666
boston,2006,p75,desvio,floresta_aleatoria,249.71666666666667,249.41428112185847,255.60833333333332
boston,2007,p75,desvio,floresta_aleatoria,254.5,248.52900570023147,254.17499999999998
boston,2008,p75,desvio,floresta_aleatoria,251.63333333333333,252.20929440724206,255.60833333333332
boston,2009,p75,desvio,floresta_aleatoria,248.41666666666663,250.19702535135582,255.60833333333332
boston,2010,p75,desvio,floresta_aleatoria,248.88333333333333,250.03412708746694,255.60833333333332
boston,2011,p75,desvio,floresta_aleatoria,249.78333333333333,255.92578116319442,255.60833333333332
boston,2012,p75,desvio,floresta_aleatoria,285.31666666666666,265.27488432239056,253.06666666666666
boston,2013,p75,desvio,floresta_aleatoria,247.9625,251.638381969246,255.60833333333332
boston,2014,p75,desvio,floresta_aleatoria,272.7,255.19318882688492,253.06666666666666
boston,2015,p75,desvio,floresta_aleatoria,246.41666666666663,257.8261774801587,255.60833333333332
boston,2016,p75,desvio,floresta_aleatoria,256.71666666666664,259.20787438409394,253.06666666666666
boston,2017,p75,desvio,floresta_aleatoria,261.8,259.9232798735119,253.06666666666666
boston,2018,p75,desvio,floresta_aleatoria,262.31666666666666,250.6139941220238,253.06666666666666
boston,2019,p75,desvio,floresta_aleatoria,259.0,256.11305433201056,253.06666666666666
chicago,2005,p75,desvio,floresta_aleatoria,295.71666666666664,305.66127442712093,309.3354166666667
chicago,2006,p75,desvio,floresta_aleatoria,296.06666666666666,302.4748372168485,309.3354166666667
chicago,2007,p75,desvio,floresta_aleatoria,329.3,324.12788266819985,308.025
chicago,2008,p75,desvio,floresta_aleatoria,321.6,314.46510126863876,308.025
chicago,2009,p75,desvio,floresta_aleatoria,299.7333333333333,301.96806857451,309.3354166666667
chicago,2010,p75,desvio,floresta_aleatoria,321.21666666666664,318.84135611359125,308.025
chicago,2011,p75,desvio,floresta_aleatoria,316.875,314.43305692791006,308.025
chicago,2012,p75,desvio,floresta_aleatoria,305.09583333333336,301.7849474454365,309.3354166666667
chicago,2013,p75,desvio,floresta_aleatoria,306.5,307.66093284970236,309.3354166666667
chicago,2014,p75,desvio,floresta_aleatoria,308.1,310.2267493592923,309.26041666666663
chicago,2015,p75,desvio,floresta_aleatoria,311.24583333333334,315.54072502405,308.025
chicago,2016,p75,desvio,floresta_aleatoria,310.5708333333333,310.2101901951058,308.025
chicago,2017,p75,desvio,floresta_aleatoria,328.4166666666667,313.97640005373677,308.025
chicago,2018,p75,desvio,floresta_aleatoria,310.6666666666667,309.0803003224206,308.025
chicago,2019,p75,desvio,floresta_aleatoria,307.25,307.8668527529762,309.3354166666667
chicago,2022,p75,desvio,floresta_aleatoria,307.95,316.5173327566964,309.3354166666667
chicago,2023,p75,desvio,floresta_aleatoria,297.95,310.66109166666666,309.3354166666667
durban,2022,p75,desvio,floresta_aleatoria,275.09166666666664,286.7877331371753,284.2125
durban,2024,p75,desvio,floresta_aleatoria,282.71666666666664,291.4125057581018,280.4
durban,2025,p75,desvio,floresta_aleatoria,285.7083333333333,282.6824136656746,278.90416666666664
honolulu,2005,p75,desvio,floresta_aleatoria,403.1333333333333,417.3249009238591,419.97291666666666
honolulu,2006,p75,desvio,floresta_aleatoria,408.73333333333335,417.8021390687004,419.97291666666666
honolulu,2007,p75,desvio,floresta_aleatoria,417.2708333333333,423.48500812251984,418.82500000000005
honolulu,2008,p75,desvio,floresta_aleatoria,411.8333333333333,418.5730333829365,419.97291666666666
honolulu,2009,p75,desvio,floresta_aleatoria,410.03333333333336,430.6021808531746,419.97291666666666
honolulu,2010,p75,desvio,floresta_aleatoria,414.975,414.74057467137897,419.97291666666666
honolulu,2011,p75,desvio,floresta_aleatoria,409.7083333333333,418.5070964595734,419.97291666666666
honolulu,2012,p75,desvio,floresta_aleatoria,408.28333333333336,422.426365666336,419.97291666666666
honolulu,2013,p75,desvio,floresta_aleatoria,437.85,427.487918087497,416.1229166666667
honolulu,2014,p75,desvio,floresta_aleatoria,422.675,421.5367735139716,416.1229166666667
honolulu,2015,p75,desvio,floresta_aleatoria,442.17083333333335,424.20929885367815,416.1229166666667
honolulu,2016,p75,desvio,floresta_aleatoria,450.45,426.89732528521824,416.1229166666667
honolulu,2017,p75,desvio,floresta_aleatoria,441.6125,424.69234409722225,416.1229166666667
honolulu,2018,p75,desvio,floresta_aleatoria,444.3083333333333,426.37668023501385,416.1229166666667
honolulu,2019,p75,desvio,floresta_aleatoria,456.44166666666666,427.47992081473217,416.1229166666667
long_beach,2010,p75,desvio,floresta_aleatoria,331.2416666666667,334.1339253885582,337.35
long_beach,2011,p75,desvio,floresta_aleatoria,346.05833333333334,338.1339298197751,333.7583333333333
long_beach,2012,p75,desvio,floresta_aleatoria,358.2958333333333,333.5297315397276,333.7583333333333
long_beach,2013,p75,desvio,floresta_aleatoria,318.78333333333336,336.85373736622176,337.35
long_beach,2014,p75,desvio,floresta_aleatoria,331.78333333333336,339.6133082217262,337.35
long_beach,2015,p75,desvio,floresta_aleatoria,368.5625,349.5302825314153,333.7583333333333
long_beach,2016,p75,desvio,floresta_aleatoria,333.7583333333333,347.07900013640875,337.35
long_beach,2017,p75,desvio,floresta_aleatoria,338.46666666666664,339.8619377190807,333.7583333333333
long_beach,2018,p75,desvio,floresta_aleatoria,337.35,335.06828302501555,333.7583333333333
long_beach,2019,p75,desvio,floresta_aleatoria,330.2,338.80836596808865,337.35
maui,2010,p75,desvio,floresta_aleatoria,355.19166666666666,357.50152956349206,359.4125
maui,2011,p75,desvio,floresta_aleatoria,351.5333333333333,357.31398406498016,359.76666666666665
maui,2012,p75,desvio,floresta_aleatoria,354.4833333333333,359.55739992972883,359.76666666666665
maui,2013,p75,desvio,floresta_aleatoria,364.3416666666667,359.4063085978836,354.8375
maui,2014,p75,desvio,floresta_aleatoria,366.2875,357.7457987599206,354.8375
nyc,2005,p75,desvio,floresta_aleatoria,314.1666666666667,304.8468776331019,304.92083333333335
nyc,2006,p75,desvio,floresta_aleatoria,294.8833333333333,299.45579007523145,307.2125
nyc,2007,p75,desvio,floresta_aleatoria,296.78333333333336,299.4681160962301,307.2125
nyc,2008,p75,desvio,floresta_aleatoria,293.43333333333334,298.7873618675595,307.2125
nyc,2009,p75,desvio,floresta_aleatoria,292.56666666666666,299.96925854940775,307.2125
nyc,2010,p75,desvio,floresta_aleatoria,296.53333333333336,299.2488288401124,307.2125
nyc,2011,p75,desvio,floresta_aleatoria,298.55,301.959031187996,307.2125
nyc,2013,p75,desvio,floresta_aleatoria,296.9166666666667,301.78481738065176,307.2125
nyc,2014,p75,desvio,floresta_aleatoria,304.43333333333334,302.71821929864115,307.2125
nyc,2015,p75,desvio,floresta_aleatoria,310.53333333333336,306.5198738050144,304.92083333333335
nyc,2016,p75,desvio,floresta_aleatoria,309.01666666666665,305.7718547412368,304.92083333333335
nyc,2017,p75,desvio,floresta_aleatoria,309.35,309.3851092137897,304.92083333333335
nyc,2018,p75,desvio,floresta_aleatoria,312.00416666666666,306.58786716344997,304.92083333333335
nyc,2019,p75,desvio,floresta_aleatoria,309.75416666666666,304.0936196304563,304.92083333333335
nyc,2022,p75,desvio,floresta_aleatoria,327.31666666666666,307.2248008060516,304.92083333333335
nyc,2023,p75,desvio,floresta_aleatoria,315.95,311.48461940724206,304.92083333333335
nyc,2024,p75,desvio,floresta_aleatoria,305.4083333333333,305.7760633101852,306.725
rio,2023,p75,desvio,floresta_aleatoria,289.15833333333336,291.6194111979167,282.6479166666667
rio,2024,p75,desvio,floresta_aleatoria,284.27916666666664,287.0844392485119,285.0875
rio,2025,p75,desvio,floresta_aleatoria,281.01666666666665,295.90229937282044,286.71875
savannah,2011,p75,desvio,floresta_aleatoria,305.6125,310.2783438856572,315.30833333333334
savannah,2012,p75,desvio,floresta_aleatoria,311.7,318.8683466435185,315.30833333333334
savannah,2013,p75,desvio,floresta_aleatoria,311.76666666666665,316.1112810433201,315.275
savannah,2014,p75,desvio,floresta_aleatoria,310.5708333333333,318.60794071593915,315.30833333333334
savannah,2015,p75,desvio,floresta_aleatoria,273.6875,335.176356131253,315.30833333333334
savannah,2016,p75,desvio,floresta_aleatoria,332.31666666666666,315.8238832878638,311.73333333333335
savannah,2017,p75,desvio,floresta_aleatoria,346.31666666666666,318.2186440352183,311.73333333333335
savannah,2018,p75,desvio,floresta_aleatoria,318.85,317.634019192295,311.73333333333335
savannah,2019,p75,desvio,floresta_aleatoria,320.5,316.1596219039352,311.73333333333335
singapore,2014,p75,desvio,floresta_aleatoria,404.8666666666667,402.2257958953373,405.0833333333333
singapore,2015,p75,desvio,floresta_aleatoria,412.1,400.4830859250992,404.8666666666667
singapore,2016,p75,desvio,floresta_aleatoria,406.39166666666665,403.75657550843255,404.8666666666667
singapore,2017,p75,desvio,floresta_aleatoria,405.14166666666665,401.76426736937833,404.8666666666667
singapore,2018,p75,desvio,floresta_aleatoria,395.6833333333333,402.1615483450577,405.0833333333333
singapore,2019,p75,desvio,floresta_aleatoria,405.0833333333333,405.4849375304383,404.8666666666667
singapore,2022,p75,desvio,floresta_aleatoria,380.2166666666667,398.34190576636905,405.0833333333333
singapore,2023,p75,desvio,floresta_aleatoria,381.3083333333333,397.5535107060185,405.0833333333333
berlin,2005,p75,desvio,perceptron_multicamadas,277.7,277.3863671547589,274.93125
berlin,2006,p75,desvio,perceptron_multicamadas,284.2791666666667,275.1082910592081,274.93125
berlin,2007,p75,desvio,perceptron_multicamadas,271.74583333333334,268.23887106507556,275.8375
berlin,2008,p75,desvio,perceptron_multicamadas,272.9,268.0065321677824,275.8375
berlin,2009,p75,desvio,perceptron_multicamadas,280.30833333333334,275.8983395974884,274.93125
berlin,2010,p75,desvio,perceptron_multicamadas,270.56666666666666,274.9199968343764,275.8375
berlin,2011,p75,desvio,perceptron_multicamadas,276.7,283.97756433306495,274.93125
berlin,2012,p75,desvio,perceptron_multicamadas,271.71666666666664,272.4544671190961,275.8375
berlin,2013,p75,desvio,perceptron_multicamadas,270.76666666666665,274.1352308727985,275.8375
berlin,2014,p75,desvio,perceptron_multicamadas,274.975,275.8033143989499,275.79375
berlin,2015,p75,desvio,perceptron_multicamadas,274.8875,275.74348499154144,275.8375
berlin,2016,p75,desvio,perceptron_multicamadas,281.81666666666666,278.69189056881584,274.93125
berlin,2017,p75,desvio,perceptron_multicamadas,281.1166666666667,281.4560688757552,274.93125
berlin,2018,p75,desvio,perceptron_multicamadas,291.4,274.1441992786858,274.93125
berlin,2019,p75,desvio,perceptron_multicamadas,269.90416666666664,270.1317678838143,275.8375
boston,2005,p75,desvio,perceptron_multicamadas,259.51666666666665,252.04696196675235,253.06666666666666
boston,2006,p75,desvio,perceptron_multicamadas,249.71666666666667,254.4410340411558,255.60833333333332
boston,2007,p75,desvio,perceptron_multicamadas,254.5,243.19811150140535,254.17499999999998
boston,2008,p75,desvio,perceptron_multicamadas,251.63333333333333,254.09387603780382,255.60833333333332
boston,2009,p75,desvio,perceptron_multicamadas,248.41666666666663,242.6223378437367,255.60833333333332
boston,2010,p75,desvio,perceptron_multicamadas,248.88333333333333,240.41218115781913,255.60833333333332
boston,2011,p75,desvio,perceptron_multicamadas,249.78333333333333,259.1110004361472,255.60833333333332
boston,2012,p75,desvio,perceptron_multicamadas,285.31666666666666,285.3412644872658,253.06666666666666
boston,2013,p75,desvio,perceptron_multicamadas,247.9625,250.24450490439514,255.60833333333332
boston,2014,p75,desvio,perceptron_multicamadas,272.7,261.37064432158377,253.06666666666666
boston,2015,p75,desvio,perceptron_multicamadas,246.41666666666663,259.90434821127576,255.60833333333332
boston,2016,p75,desvio,perceptron_multicamadas,256.71666666666664,270.25276440910756,253.06666666666666
boston,2017,p75,desvio,perceptron_multicamadas,261.8,288.6724867362096,253.06666666666666
boston,2018,p75,desvio,perceptron_multicamadas,262.31666666666666,193.3923674748131,253.06666666666666
boston,2019,p75,desvio,perceptron_multicamadas,259.0,246.97044061468426,253.06666666666666
chicago,2005,p75,desvio,perceptron_multicamadas,295.71666666666664,298.3854732067106,309.3354166666667
chicago,2006,p75,desvio,perceptron_multicamadas,296.06666666666666,288.0999554121301,309.3354166666667
chicago,2007,p75,desvio,perceptron_multicamadas,329.3,325.10528021492826,308.025
chicago,2008,p75,desvio,perceptron_multicamadas,321.6,325.02932716101236,308.025
chicago,2009,p75,desvio,perceptron_multicamadas,299.7333333333333,300.57186886618183,309.3354166666667
chicago,2010,p75,desvio,perceptron_multicamadas,321.21666666666664,315.36017682969714,308.025
chicago,2011,p75,desvio,perceptron_multicamadas,316.875,329.27153906460205,308.025
chicago,2012,p75,desvio,perceptron_multicamadas,305.09583333333336,296.0144291602222,309.3354166666667
chicago,2013,p75,desvio,perceptron_multicamadas,306.5,304.9602164533386,309.3354166666667
chicago,2014,p75,desvio,perceptron_multicamadas,308.1,305.0936453592064,309.26041666666663
chicago,2015,p75,desvio,perceptron_multicamadas,311.24583333333334,319.73542388992036,308.025
chicago,2016,p75,desvio,perceptron_multicamadas,310.5708333333333,307.21308453602967,308.025
chicago,2017,p75,desvio,perceptron_multicamadas,328.4166666666667,316.16850414775877,308.025
chicago,2018,p75,desvio,perceptron_multicamadas,310.6666666666667,309.96931370420515,308.025
chicago,2019,p75,desvio,perceptron_multicamadas,307.25,311.69658303396255,309.3354166666667
chicago,2022,p75,desvio,perceptron_multicamadas,307.95,315.35878749923756,309.3354166666667
chicago,2023,p75,desvio,perceptron_multicamadas,297.95,316.76535008072375,309.3354166666667
durban,2022,p75,desvio,perceptron_multicamadas,275.09166666666664,273.9295478987366,284.2125
durban,2024,p75,desvio,perceptron_multicamadas,282.71666666666664,313.8404677113754,280.4
durban,2025,p75,desvio,perceptron_multicamadas,285.7083333333333,265.23884478103287,278.90416666666664
honolulu,2005,p75,desvio,perceptron_multicamadas,403.1333333333333,408.01938815954884,419.97291666666666
honolulu,2006,p75,desvio,perceptron_multicamadas,408.73333333333335,404.5349305960453,419.97291666666666
honolulu,2007,p75,desvio,perceptron_multicamadas,417.2708333333333,425.5192787608743,418.82500000000005
honolulu,2008,p75,desvio,perceptron_multicamadas,411.8333333333333,396.5367703090288,419.97291666666666
honolulu,2009,p75,desvio,perceptron_multicamadas,410.03333333333336,431.091653571421,419.97291666666666
honolulu,2010,p75,desvio,perceptron_multicamadas,414.975,416.6063056503822,419.97291666666666
honolulu,2011,p75,desvio,perceptron_multicamadas,409.7083333333333,414.24097885725416,419.97291666666666
honolulu,2012,p75,desvio,perceptron_multicamadas,408.28333333333336,416.25676766554443,419.97291666666666
honolulu,2013,p75,desvio,perceptron_multicamadas,437.85,441.88922984053823,416.1229166666667
honolulu,2014,p75,desvio,perceptron_multicamadas,422.675,427.3032936791502,416.1229166666667
honolulu,2015,p75,desvio,perceptron_multicamadas,442.17083333333335,433.23823964496404,416.1229166666667
honolulu,2016,p75,desvio,perceptron_multicamadas,450.45,447.7177145979849,416.1229166666667
honolulu,2017,p75,desvio,perceptron_multicamadas,441.6125,429.55646671678096,416.1229166666667
honolulu,2018,p75,desvio,perceptron_multicamadas,444.3083333333333,429.86758030544274,416.1229166666667
honolulu,2019,p75,desvio,perceptron_multicamadas,456.44166666666666,441.4397014110224,416.1229166666667
long_beach,2010,p75,desvio,perceptron_multicamadas,331.2416666666667,320.9707363326801,337.35
long_beach,2011,p75,desvio,perceptron_multicamadas,346.05833333333334,333.8195504867677,333.7583333333333
long_beach,2012,p75,desvio,perceptron_multicamadas,358.2958333333333,334.36874068747454,333.7583333333333
long_beach,2013,p75,desvio,perceptron_multicamadas,318.78333333333336,334.63580619989693,337.35
long_beach,2014,p75,desvio,perceptron_multicamadas,331.78333333333336,349.55732087038064,337.35
long_beach,2015,p75,desvio,perceptron_multicamadas,368.5625,364.6174793905405,333.7583333333333
long_beach,2016,p75,desvio,perceptron_multicamadas,333.7583333333333,356.76663132833124,337.35
long_beach,2017,p75,desvio,perceptron_multicamadas,338.46666666666664,328.93312318227504,333.7583333333333
long_beach,2018,p75,desvio,perceptron_multicamadas,337.35,332.24551506449467,333.7583333333333
long_beach,2019,p75,desvio,perceptron_multicamadas,330.2,337.2842168259365,337.35
maui,2010,p75,desvio,perceptron_multicamadas,355.19166666666666,345.21350293171133,359.4125
maui,2011,p75,desvio,perceptron_multicamadas,351.5333333333333,366.00973864327426,359.76666666666665
maui,2012,p75,desvio,perceptron_multicamadas,354.4833333333333,358.7484444226617,359.76666666666665
maui,2013,p75,desvio,perceptron_multicamadas,364.3416666666667,353.22016693963565,354.8375
maui,2014,p75,desvio,perceptron_multicamadas,366.2875,347.0987130244795,354.8375
nyc,2005,p75,desvio,perceptron_multicamadas,314.1666666666667,300.6275361680198,304.92083333333335
nyc,2006,p75,desvio,perceptron_multicamadas,294.8833333333333,297.8167732390108,307.2125
nyc,2007,p75,desvio,perceptron_multicamadas,296.78333333333336,302.31086455157407,307.2125
nyc,2008,p75,desvio,perceptron_multicamadas,293.43333333333334,290.74364691801753,307.2125
nyc,2009,p75,desvio,perceptron_multicamadas,292.56666666666666,305.6253137457312,307.2125
nyc,2010,p75,desvio,perceptron_multicamadas,296.53333333333336,299.8471712179983,307.2125
nyc,2011,p75,desvio,perceptron_multicamadas,298.55,302.79218475612333,307.2125
nyc,2013,p75,desvio,perceptron_multicamadas,296.9166666666667,298.4931196907681,307.2125
nyc,2014,p75,desvio,perceptron_multicamadas,304.43333333333334,307.4779797118673,307.2125
nyc,2015,p75,desvio,perceptron_multicamadas,310.53333333333336,306.92206098594755,304.92083333333335
nyc,2016,p75,desvio,perceptron_multicamadas,309.01666666666665,310.4503310968217,304.92083333333335
nyc,2017,p75,desvio,perceptron_multicamadas,309.35,308.0173310845047,304.92083333333335
nyc,2018,p75,desvio,perceptron_multicamadas,312.00416666666666,301.997814228393,304.92083333333335
nyc,2019,p75,desvio,perceptron_multicamadas,309.75416666666666,301.08344924621275,304.92083333333335
nyc,2022,p75,desvio,perceptron_multicamadas,327.31666666666666,331.7218112154296,304.92083333333335
nyc,2023,p75,desvio,perceptron_multicamadas,315.95,311.0907108404764,304.92083333333335
nyc,2024,p75,desvio,perceptron_multicamadas,305.4083333333333,311.0576100455117,306.725
rio,2023,p75,desvio,perceptron_multicamadas,289.15833333333336,277.64114266886247,282.6479166666667
rio,2024,p75,desvio,perceptron_multicamadas,284.27916666666664,288.9039207810431,285.0875
rio,2025,p75,desvio,perceptron_multicamadas,281.01666666666665,295.6578499686302,286.71875
savannah,2011,p75,desvio,perceptron_multicamadas,305.6125,316.22913151373945,315.30833333333334
savannah,2012,p75,desvio,perceptron_multicamadas,311.7,324.2591586271582,315.30833333333334
savannah,2013,p75,desvio,perceptron_multicamadas,311.76666666666665,312.4026069834739,315.275
savannah,2014,p75,desvio,perceptron_multicamadas,310.5708333333333,314.8052843902691,315.30833333333334
savannah,2015,p75,desvio,perceptron_multicamadas,273.6875,323.67860657593616,315.30833333333334
savannah,2016,p75,desvio,perceptron_multicamadas,332.31666666666666,311.8893008235127,311.73333333333335
savannah,2017,p75,desvio,perceptron_multicamadas,346.31666666666666,308.98371598145843,311.73333333333335
savannah,2018,p75,desvio,perceptron_multicamadas,318.85,313.1255452114678,311.73333333333335
savannah,2019,p75,desvio,perceptron_multicamadas,320.5,311.00046875402603,311.73333333333335
singapore,2014,p75,desvio,perceptron_multicamadas,404.8666666666667,402.02526388304483,405.0833333333333
singapore,2015,p75,desvio,perceptron_multicamadas,412.1,405.7166418215408,404.8666666666667
singapore,2016,p75,desvio,perceptron_multicamadas,406.39166666666665,409.03653183851696,404.8666666666667
singapore,2017,p75,desvio,perceptron_multicamadas,405.14166666666665,401.86444567195576,404.8666666666667
singapore,2018,p75,desvio,perceptron_multicamadas,395.6833333333333,398.4886309012695,405.0833333333333
singapore,2019,p75,desvio,perceptron_multicamadas,405.0833333333333,420.3292036485259,404.8666666666667
singapore,2022,p75,desvio,perceptron_multicamadas,380.2166666666667,394.76001704145847,405.0833333333333
singapore,2023,p75,desvio,perceptron_multicamadas,381.3083333333333,393.44074805241706,405.0833333333333
berlin,2005,p90,referencia,media_global,306.3466666666667,364.6090373563218,306.90250000000003
berlin,2006,p90,referencia,media_global,312.55,364.55556034482754,306.7316666666667
berlin,2007,p90,referencia,media_global,300.4083333333333,364.6602298850574,306.90250000000003
berlin,2008,p90,referencia,media_global,301.46333333333337,364.6511350574712,306.90250000000003
berlin,2009,p90,referencia,media_global,309.1166666666667,364.585158045977,306.7316666666667
berlin,2010,p90,referencia,media_global,298.2583333333333,364.6787643678161,306.90250000000003
berlin,2011,p90,referencia,media_global,306.71666666666664,364.6058477011494,306.90250000000003
berlin,2012,p90,referencia,media_global,301.81666666666666,364.6480890804597,306.90250000000003
berlin,2013,p90,referencia,media_global,299.46666666666664,364.6683477011494,306.90250000000003
berlin,2014,p90,referencia,media_global,306.74666666666667,364.60558908045965,306.8875
berlin,2015,p90,referencia,media_global,307.0766666666668,364.6027442528735,306.7316666666667
berlin,2016,p90,referencia,media_global,316.455,364.52189655172407,306.7316666666667
berlin,2017,p90,referencia,media_global,314.93333333333334,364.535014367816,306.7316666666667
berlin,2018,p90,referencia,media_global,329.15,364.41245689655165,306.7316666666667
berlin,2019,p90,referencia,media_global,307.05833333333334,364.60290229885055,306.7316666666667
boston,2005,p90,referencia,media_global,290.3333333333333,364.7470833333333,286.31916666666666
boston,2006,p90,referencia,media_global,281.1283333333334,364.8264367816092,289.1
boston,2007,p90,referencia,media_global,287.8666666666667,364.76834770114937,287.5525
boston,2008,p90,referencia,media_global,284.54,364.7970258620689,289.1
boston,2009,p90,referencia,media_global,280.1066666666667,364.8352442528735,289.1
boston,2010,p90,referencia,media_global,280.8833333333333,364.8285488505747,289.1
boston,2011,p90,referencia,media_global,281.26166666666666,364.82528735632184,289.1
boston,2012,p90,referencia,media_global,326.36333333333334,364.4364798850574,286.31916666666666
boston,2013,p90,referencia,media_global,284.77166666666665,364.7950287356321,289.1
boston,2014,p90,referencia,media_global,317.05,364.5167672413793,286.31916666666666
boston,2015,p90,referencia,media_global,282.1,364.8180603448276,289.1
boston,2016,p90,referencia,media_global,293.1366666666667,364.72291666666666,286.31916666666666
boston,2017,p90,referencia,media_global,297.75,364.6831465517241,286.31916666666666
boston,2018,p90,referencia,media_global,307.67499999999995,364.5975862068965,286.31916666666666
boston,2019,p90,referencia,media_global,297.4166666666667,364.68602011494244,286.31916666666666
chicago,2005,p90,referencia,media_global,331.8333333333333,364.3893247126436,353.0916666666667
chicago,2006,p90,referencia,media_global,332.875,364.38034482758616,353.0916666666667
chicago,2007,p90,referencia,media_global,353.4166666666667,364.2032614942528,351.7075
chicago,2008,p90,referencia,media_global,358.21666666666664,364.16188218390795,351.7075
chicago,2009,p90,referencia,media_global,339.1666666666667,364.326106321839,353.0916666666667
chicago,2010,p90,referencia,media_global,358.8666666666667,364.1562787356321,351.7075
chicago,2011,p90,referencia,media_global,354.1,364.1973706896551,351.7075
chicago,2012,p90,referencia,media_global,346.1666666666667,364.2657614942528,353.0916666666667
chicago,2013,p90,referencia,media_global,346.09666666666675,364.2663649425287,353.0916666666667
chicago,2014,p90,referencia,media_global,350.36,364.2296120689655,353.0916666666667
chicago,2015,p90,referencia,media_global,350.6483333333333,364.2271264367816,353.0916666666667
chicago,2016,p90,referencia,media_global,352.76666666666665,364.20886494252875,352.0325
chicago,2017,p90,referencia,media_global,371.3666666666667,364.04852011494245,351.7075
chicago,2018,p90,referencia,media_global,354.53333333333336,364.1936350574712,351.7075
chicago,2019,p90,referencia,media_global,353.89166666666665,364.19916666666666,351.7075
chicago,2022,p90,referencia,media_global,355.51000000000005,364.1852155172414,351.7075
chicago,2023,p90,referencia,media_global,346.8,364.2603017241379,353.0916666666667
durban,2022,p90,referencia,media_global,299.9433333333334,364.6642385057471,309.50166666666667
durban,2024,p90,referencia,media_global,309.88666666666666,364.5785201149424,304.53000000000003
durban,2025,p90,referencia,media_global,309.1166666666667,364.585158045977,304.915
honolulu,2005,p90,referencia,media_global,468.27333333333337,363.2131178160919,489.41833333333335
honolulu,2006,p90,referencia,media_global,472.5666666666666,363.17610632183903,489.41833333333335
honolulu,2007,p90,referencia,media_global,486.6,363.05512931034474,486.72666666666663
honolulu,2008,p90,referencia,media_global,481.03,363.103146551724,489.41833333333335
honolulu,2009,p90,referencia,media_global,474.8333333333333,363.1565660919539,489.41833333333335
honolulu,2010,p90,referencia,media_global,481.2166666666666,363.1015373563217,489.41833333333335
honolulu,2011,p90,referencia,media_global,473.62000000000006,363.16702586206884,489.41833333333335
honolulu,2012,p90,referencia,media_global,457.76666666666665,363.3036925287355,489.41833333333335
honolulu,2013,p90,referencia,media_global,506.36,362.88478448275856,483.9083333333333
honolulu,2014,p90,referencia,media_global,492.2366666666667,363.00653735632176,483.9083333333333
honolulu,2015,p90,referencia,media_global,510.0,362.8534051724138,483.9083333333333
honolulu,2016,p90,referencia,media_global,525.2,362.7223706896551,483.9083333333333
honolulu,2017,p90,referencia,media_global,510.5083333333333,362.8490229885057,483.9083333333333
honolulu,2018,p90,referencia,media_global,510.98333333333335,362.8449281609195,483.9083333333333
honolulu,2019,p90,referencia,media_global,528.2499999999999,362.69607758620685,483.9083333333333
long_beach,2010,p90,referencia,media_global,371.4916666666667,364.0474425287356,381.15
long_beach,2011,p90,referencia,media_global,389.2266666666666,363.8945545977011,379.8033333333334
long_beach,2012,p90,referencia,media_global,402.7183333333333,363.7782471264367,379.8033333333334
long_beach,2013,p90,referencia,media_global,357.7216666666667,364.16614942528736,381.15
long_beach,2014,p90,referencia,media_global,376.125,364.00749999999994,381.15
long_beach,2015,p90,referencia,media_global,407.7483333333333,363.7348850574712,379.8033333333334
long_beach,2016,p90,referencia,media_global,381.15,363.96418103448264,379.8033333333334
long_beach,2017,p90,referencia,media_global,381.47333333333336,363.96139367816085,379.8033333333334
long_beach,2018,p90,referencia,media_global,378.7733333333333,363.98466954022985,381.15
long_beach,2019,p90,referencia,media_global,379.8033333333334,363.97579022988504,381.15
maui,2010,p90,referencia,media_global,397.995,363.8189655172414,402.3883333333333
maui,2011,p90,referencia,media_global,395.47,363.8407327586206,402.3883333333333
maui,2012,p90,referencia,media_global,399.0833333333333,363.80958333333325,401.84416666666664
maui,2013,p90,referencia,media_global,412.0866666666667,363.6974856321838,398.5391666666667
maui,2014,p90,referencia,media_global,405.6933333333333,363.75260057471263,398.5391666666667
nyc,2005,p90,referencia,media_global,351.06666666666666,364.2235201149425,348.45
nyc,2006,p90,referencia,media_global,332.6666666666667,364.3821408045976,350.2166666666667
nyc,2007,p90,referencia,media_global,334.6333333333333,364.3651867816091,350.2166666666667
nyc,2008,p90,referencia,media_global,333.51666666666665,364.3748132183907,350.2166666666667
nyc,2009,p90,referencia,media_global,332.14500000000004,364.3866379310344,350.2166666666667
nyc,2010,p90,referencia,media_global,337.1766666666667,364.3432614942528,350.2166666666667
nyc,2011,p90,referencia,media_global,336.5,364.34909482758616,350.2166666666667
nyc,2013,p90,referencia,media_global,337.24333333333334,364.34268678160913,350.2166666666667
nyc,2014,p90,referencia,media_global,347.4,364.2551293103448,350.2166666666667
nyc,2015,p90,referencia,media_global,350.93333333333334,364.22466954022985,348.45
nyc,2016,p90,referencia,media_global,349.5,364.23702586206895,349.16666666666663
nyc,2017,p90,referencia,media_global,352.28333333333336,364.21303160919535,348.45
nyc,2018,p90,referencia,media_global,355.5,364.1853017241379,348.45
nyc,2019,p90,referencia,media_global,354.5833333333333,364.1932040229884,348.45
nyc,2022,p90,referencia,media_global,369.965,364.0606034482758,348.45
nyc,2023,p90,referencia,media_global,361.55,364.13314655172405,348.45
nyc,2024,p90,referencia,media_global,353.02666666666664,364.20662356321833,348.45
rio,2023,p90,referencia,media_global,321.08,364.4820258620689,313.64916666666664
rio,2024,p90,referencia,media_global,316.3983333333333,364.5223850574712,315.99
rio,2025,p90,referencia,media_global,310.9,364.5697844827585,318.7391666666666
savannah,2011,p90,referencia,media_global,345.26166666666666,364.27356321839073,355.3283333333333
savannah,2012,p90,referencia,media_global,348.7,364.24392241379303,355.3283333333333
savannah,2013,p90,referencia,media_global,351.2233333333335,364.22216954022974,355.3283333333333
savannah,2014,p90,referencia,media_global,351.26666666666665,364.2217959770114,355.30666666666673
savannah,2015,p90,referencia,media_global,295.45,364.70297413793094,355.3283333333333
savannah,2016,p90,referencia,media_global,373.2,364.0327155172413,351.2450000000001
savannah,2017,p90,referencia,media_global,389.7633333333333,363.88992816091945,351.2450000000001
savannah,2018,p90,referencia,media_global,360.43,364.1428017241379,351.2450000000001
savannah,2019,p90,referencia,media_global,359.39,364.1517672413793,351.2450000000001
singapore,2014,p90,referencia,media_global,445.6666666666667,363.40800287356313,437.84
singapore,2015,p90,referencia,media_global,452.0266666666667,363.35317528735624,437.84
singapore,2016,p90,referencia,media_global,444.565,363.41749999999996,437.84
singapore,2017,p90,referencia,media_global,443.38666666666666,363.4276580459769,437.84
singapore,2018,p90,referencia,media_global,424.31666666666666,363.59205459770106,443.38666666666666
singapore,2019,p90,referencia,media_global,437.84,363.475474137931,443.38666666666666
singapore,2022,p90,referencia,media_global,420.5,363.6249568965516,443.38666666666666
singapore,2023,p90,referencia,media_global,418.4266666666666,363.64283045977004,443.38666666666666
berlin,2005,p90,referencia,referencia_historica,306.3466666666667,306.90250000000003,306.90250000000003
berlin,2006,p90,referencia,referencia_historica,312.55,306.7316666666667,306.7316666666667
berlin,2007,p90,referencia,referencia_historica,300.4083333333333,306.90250000000003,306.90250000000003
berlin,2008,p90,referencia,referencia_historica,301.46333333333337,306.90250000000003,306.90250000000003
berlin,2009,p90,referencia,referencia_historica,309.1166666666667,306.7316666666667,306.7316666666667
berlin,2010,p90,referencia,referencia_historica,298.2583333333333,306.90250000000003,306.90250000000003
berlin,2011,p90,referencia,referencia_historica,306.71666666666664,306.90250000000003,306.90250000000003
berlin,2012,p90,referencia,referencia_historica,301.81666666666666,306.90250000000003,306.90250000000003
berlin,2013,p90,referencia,referencia_historica,299.46666666666664,306.90250000000003,306.90250000000003
berlin,2014,p90,referencia,referencia_historica,306.74666666666667,306.8875,306.8875
berlin,2015,p90,referencia,referencia_historica,307.0766666666668,306.7316666666667,306.7316666666667
berlin,2016,p90,referencia,referencia_historica,316.455,306.7316666666667,306.7316666666667
berlin,2017,p90,referencia,referencia_historica,314.93333333333334,306.7316666666667,306.7316666666667
berlin,2018,p90,referencia,referencia_historica,329.15,306.7316666666667,306.7316666666667
berlin,2019,p90,referencia,referencia_historica,307.05833333333334,306.7316666666667,306.7316666666667
boston,2005,p90,referencia,referencia_historica,290.3333333333333,286.31916666666666,286.31916666666666
boston,2006,p90,referencia,referencia_historica,281.1283333333334,289.1,289.1
boston,2007,p90,referencia,referencia_historica,287.8666666666667,287.5525,287.5525
boston,2008,p90,referencia,referencia_historica,284.54,289.1,289.1
boston,2009,p90,referencia,referencia_historica,280.1066666666667,289.1,289.1
boston,2010,p90,referencia,referencia_historica,280.8833333333333,289.1,289.1
boston,2011,p90,referencia,referencia_historica,281.26166666666666,289.1,289.1
boston,2012,p90,referencia,referencia_historica,326.36333333333334,286.31916666666666,286.31916666666666
boston,2013,p90,referencia,referencia_historica,284.77166666666665,289.1,289.1
boston,2014,p90,referencia,referencia_historica,317.05,286.31916666666666,286.31916666666666
boston,2015,p90,referencia,referencia_historica,282.1,289.1,289.1
boston,2016,p90,referencia,referencia_historica,293.1366666666667,286.31916666666666,286.31916666666666
boston,2017,p90,referencia,referencia_historica,297.75,286.31916666666666,286.31916666666666
boston,2018,p90,referencia,referencia_historica,307.67499999999995,286.31916666666666,286.31916666666666
boston,2019,p90,referencia,referencia_historica,297.4166666666667,286.31916666666666,286.31916666666666
chicago,2005,p90,referencia,referencia_historica,331.8333333333333,353.0916666666667,353.0916666666667
chicago,2006,p90,referencia,referencia_historica,332.875,353.0916666666667,353.0916666666667
chicago,2007,p90,referencia,referencia_historica,353.4166666666667,351.7075,351.7075
chicago,2008,p90,referencia,referencia_historica,358.21666666666664,351.7075,351.7075
chicago,2009,p90,referencia,referencia_historica,339.1666666666667,353.0916666666667,353.0916666666667
chicago,2010,p90,referencia,referencia_historica,358.8666666666667,351.7075,351.7075
chicago,2011,p90,referencia,referencia_historica,354.1,351.7075,351.7075
chicago,2012,p90,referencia,referencia_historica,346.1666666666667,353.0916666666667,353.0916666666667
chicago,2013,p90,referencia,referencia_historica,346.09666666666675,353.0916666666667,353.0916666666667
chicago,2014,p90,referencia,referencia_historica,350.36,353.0916666666667,353.0916666666667
chicago,2015,p90,referencia,referencia_historica,350.6483333333333,353.0916666666667,353.0916666666667
chicago,2016,p90,referencia,referencia_historica,352.76666666666665,352.0325,352.0325
chicago,2017,p90,referencia,referencia_historica,371.3666666666667,351.7075,351.7075
chicago,2018,p90,referencia,referencia_historica,354.53333333333336,351.7075,351.7075
chicago,2019,p90,referencia,referencia_historica,353.89166666666665,351.7075,351.7075
chicago,2022,p90,referencia,referencia_historica,355.51000000000005,351.7075,351.7075
chicago,2023,p90,referencia,referencia_historica,346.8,353.0916666666667,353.0916666666667
durban,2022,p90,referencia,referencia_historica,299.9433333333334,309.50166666666667,309.50166666666667
durban,2024,p90,referencia,referencia_historica,309.88666666666666,304.53000000000003,304.53000000000003
durban,2025,p90,referencia,referencia_historica,309.1166666666667,304.915,304.915
honolulu,2005,p90,referencia,referencia_historica,468.27333333333337,489.41833333333335,489.41833333333335
honolulu,2006,p90,referencia,referencia_historica,472.5666666666666,489.41833333333335,489.41833333333335
honolulu,2007,p90,referencia,referencia_historica,486.6,486.72666666666663,486.72666666666663
honolulu,2008,p90,referencia,referencia_historica,481.03,489.41833333333335,489.41833333333335
honolulu,2009,p90,referencia,referencia_historica,474.8333333333333,489.41833333333335,489.41833333333335
honolulu,2010,p90,referencia,referencia_historica,481.2166666666666,489.41833333333335,489.41833333333335
honolulu,2011,p90,referencia,referencia_historica,473.62000000000006,489.41833333333335,489.41833333333335
honolulu,2012,p90,referencia,referencia_historica,457.76666666666665,489.41833333333335,489.41833333333335
honolulu,2013,p90,referencia,referencia_historica,506.36,483.9083333333333,483.9083333333333
honolulu,2014,p90,referencia,referencia_historica,492.2366666666667,483.9083333333333,483.9083333333333
honolulu,2015,p90,referencia,referencia_historica,510.0,483.9083333333333,483.9083333333333
honolulu,2016,p90,referencia,referencia_historica,525.2,483.9083333333333,483.9083333333333
honolulu,2017,p90,referencia,referencia_historica,510.5083333333333,483.9083333333333,483.9083333333333
honolulu,2018,p90,referencia,referencia_historica,510.98333333333335,483.9083333333333,483.9083333333333
honolulu,2019,p90,referencia,referencia_historica,528.2499999999999,483.9083333333333,483.9083333333333
long_beach,2010,p90,referencia,referencia_historica,371.4916666666667,381.15,381.15
long_beach,2011,p90,referencia,referencia_historica,389.2266666666666,379.8033333333334,379.8033333333334
long_beach,2012,p90,referencia,referencia_historica,402.7183333333333,379.8033333333334,379.8033333333334
long_beach,2013,p90,referencia,referencia_historica,357.7216666666667,381.15,381.15
long_beach,2014,p90,referencia,referencia_historica,376.125,381.15,381.15
long_beach,2015,p90,referencia,referencia_historica,407.7483333333333,379.8033333333334,379.8033333333334
long_beach,2016,p90,referencia,referencia_historica,381.15,379.8033333333334,379.8033333333334
long_beach,2017,p90,referencia,referencia_historica,381.47333333333336,379.8033333333334,379.8033333333334
long_beach,2018,p90,referencia,referencia_historica,378.7733333333333,381.15,381.15
long_beach,2019,p90,referencia,referencia_historica,379.8033333333334,381.15,381.15
maui,2010,p90,referencia,referencia_historica,397.995,402.3883333333333,402.3883333333333
maui,2011,p90,referencia,referencia_historica,395.47,402.3883333333333,402.3883333333333
maui,2012,p90,referencia,referencia_historica,399.0833333333333,401.84416666666664,401.84416666666664
maui,2013,p90,referencia,referencia_historica,412.0866666666667,398.5391666666667,398.5391666666667
maui,2014,p90,referencia,referencia_historica,405.6933333333333,398.5391666666667,398.5391666666667
nyc,2005,p90,referencia,referencia_historica,351.06666666666666,348.45,348.45
nyc,2006,p90,referencia,referencia_historica,332.6666666666667,350.2166666666667,350.2166666666667
nyc,2007,p90,referencia,referencia_historica,334.6333333333333,350.2166666666667,350.2166666666667
nyc,2008,p90,referencia,referencia_historica,333.51666666666665,350.2166666666667,350.2166666666667
nyc,2009,p90,referencia,referencia_historica,332.14500000000004,350.2166666666667,350.2166666666667
nyc,2010,p90,referencia,referencia_historica,337.1766666666667,350.2166666666667,350.2166666666667
nyc,2011,p90,referencia,referencia_historica,336.5,350.2166666666667,350.2166666666667
nyc,2013,p90,referencia,referencia_historica,337.24333333333334,350.2166666666667,350.2166666666667
nyc,2014,p90,referencia,referencia_historica,347.4,350.2166666666667,350.2166666666667
nyc,2015,p90,referencia,referencia_historica,350.93333333333334,348.45,348.45
nyc,2016,p90,referencia,referencia_historica,349.5,349.16666666666663,349.16666666666663
nyc,2017,p90,referencia,referencia_historica,352.28333333333336,348.45,348.45
nyc,2018,p90,referencia,referencia_historica,355.5,348.45,348.45
nyc,2019,p90,referencia,referencia_historica,354.5833333333333,348.45,348.45
nyc,2022,p90,referencia,referencia_historica,369.965,348.45,348.45
nyc,2023,p90,referencia,referencia_historica,361.55,348.45,348.45
nyc,2024,p90,referencia,referencia_historica,353.02666666666664,348.45,348.45
rio,2023,p90,referencia,referencia_historica,321.08,313.64916666666664,313.64916666666664
rio,2024,p90,referencia,referencia_historica,316.3983333333333,315.99,315.99
rio,2025,p90,referencia,referencia_historica,310.9,318.7391666666666,318.7391666666666
savannah,2011,p90,referencia,referencia_historica,345.26166666666666,355.3283333333333,355.3283333333333
savannah,2012,p90,referencia,referencia_historica,348.7,355.3283333333333,355.3283333333333
savannah,2013,p90,referencia,referencia_historica,351.2233333333335,355.3283333333333,355.3283333333333
savannah,2014,p90,referencia,referencia_historica,351.26666666666665,355.30666666666673,355.30666666666673
savannah,2015,p90,referencia,referencia_historica,295.45,355.3283333333333,355.3283333333333
savannah,2016,p90,referencia,referencia_historica,373.2,351.2450000000001,351.2450000000001
savannah,2017,p90,referencia,referencia_historica,389.7633333333333,351.2450000000001,351.2450000000001
savannah,2018,p90,referencia,referencia_historica,360.43,351.2450000000001,351.2450000000001
savannah,2019,p90,referencia,referencia_historica,359.39,351.2450000000001,351.2450000000001
singapore,2014,p90,referencia,referencia_historica,445.6666666666667,437.84,437.84
singapore,2015,p90,referencia,referencia_historica,452.0266666666667,437.84,437.84
singapore,2016,p90,referencia,referencia_historica,444.565,437.84,437.84
singapore,2017,p90,referencia,referencia_historica,443.38666666666666,437.84,437.84
singapore,2018,p90,referencia,referencia_historica,424.31666666666666,443.38666666666666,443.38666666666666
singapore,2019,p90,referencia,referencia_historica,437.84,443.38666666666666,443.38666666666666
singapore,2022,p90,referencia,referencia_historica,420.5,443.38666666666666,443.38666666666666
singapore,2023,p90,referencia,referencia_historica,418.4266666666666,443.38666666666666,443.38666666666666
berlin,2005,p90,absoluto,linear,306.3466666666667,301.32494634522027,306.90250000000003
berlin,2006,p90,absoluto,linear,312.55,307.08596826796213,306.7316666666667
berlin,2007,p90,absoluto,linear,300.4083333333333,298.0530667759486,306.90250000000003
berlin,2008,p90,absoluto,linear,301.46333333333337,298.55269200767384,306.90250000000003
berlin,2009,p90,absoluto,linear,309.1166666666667,316.52809784982634,306.7316666666667
berlin,2010,p90,absoluto,linear,298.2583333333333,295.48362880208845,306.90250000000003
berlin,2011,p90,absoluto,linear,306.71666666666664,314.34016647330446,306.90250000000003
berlin,2012,p90,absoluto,linear,301.81666666666666,307.4531739846209,306.90250000000003
berlin,2013,p90,absoluto,linear,299.46666666666664,298.14640703716816,306.90250000000003
berlin,2014,p90,absoluto,linear,306.74666666666667,309.9309371380427,306.8875
berlin,2015,p90,absoluto,linear,307.0766666666668,314.23131880303396,306.7316666666667
berlin,2016,p90,absoluto,linear,316.455,319.38896228432037,306.7316666666667
berlin,2017,p90,absoluto,linear,314.93333333333334,323.26763899154116,306.7316666666667
berlin,2018,p90,absoluto,linear,329.15,303.176522935942,306.7316666666667
berlin,2019,p90,absoluto,linear,307.05833333333334,291.18284833126665,306.7316666666667
boston,2005,p90,absoluto,linear,290.3333333333333,274.10718086191645,286.31916666666666
boston,2006,p90,absoluto,linear,281.1283333333334,254.38774517858386,289.1
boston,2007,p90,absoluto,linear,287.8666666666667,256.3176444704411,287.5525
boston,2008,p90,absoluto,linear,284.54,298.7559259350029,289.1
boston,2009,p90,absoluto,linear,280.1066666666667,276.67878930407744,289.1
boston,2010,p90,absoluto,linear,280.8833333333333,255.37252522530966,289.1
boston,2011,p90,absoluto,linear,281.26166666666666,307.90478254470935,289.1
boston,2012,p90,absoluto,linear,326.36333333333334,314.8037961385668,286.31916666666666
boston,2013,p90,absoluto,linear,284.77166666666665,303.1627036851556,289.1
boston,2014,p90,absoluto,linear,317.05,296.86115063957936,286.31916666666666
boston,2015,p90,absoluto,linear,282.1,285.8128567681412,289.1
boston,2016,p90,absoluto,linear,293.1366666666667,329.4965845135121,286.31916666666666
boston,2017,p90,absoluto,linear,297.75,347.4228099931078,286.31916666666666
boston,2018,p90,absoluto,linear,307.67499999999995,332.28668802556797,286.31916666666666
boston,2019,p90,absoluto,linear,297.4166666666667,286.7082125452271,286.31916666666666
chicago,2005,p90,absoluto,linear,331.8333333333333,318.19087634529853,353.0916666666667
chicago,2006,p90,absoluto,linear,332.875,325.56069416881684,353.0916666666667
chicago,2007,p90,absoluto,linear,353.4166666666667,347.8751967465378,351.7075
chicago,2008,p90,absoluto,linear,358.21666666666664,350.32697330967255,351.7075
chicago,2009,p90,absoluto,linear,339.1666666666667,339.9439140712407,353.0916666666667
chicago,2010,p90,absoluto,linear,358.8666666666667,374.9170568160563,351.7075
chicago,2011,p90,absoluto,linear,354.1,367.6450267838737,351.7075
chicago,2012,p90,absoluto,linear,346.1666666666667,349.9786027216566,353.0916666666667
chicago,2013,p90,absoluto,linear,346.09666666666675,336.81108224850055,353.0916666666667
chicago,2014,p90,absoluto,linear,350.36,347.3721164675195,353.0916666666667
chicago,2015,p90,absoluto,linear,350.6483333333333,355.8732437604244,353.0916666666667
chicago,2016,p90,absoluto,linear,352.76666666666665,339.7741291421602,352.0325
chicago,2017,p90,absoluto,linear,371.3666666666667,360.517471929327,351.7075
chicago,2018,p90,absoluto,linear,354.53333333333336,349.4061213561041,351.7075
chicago,2019,p90,absoluto,linear,353.89166666666665,343.2353442348871,351.7075
chicago,2022,p90,absoluto,linear,355.51000000000005,365.6798339543418,351.7075
chicago,2023,p90,absoluto,linear,346.8,380.6482892929308,353.0916666666667
durban,2022,p90,absoluto,linear,299.9433333333334,284.16929568333313,309.50166666666667
durban,2024,p90,absoluto,linear,309.88666666666666,309.0926805134285,304.53000000000003
durban,2025,p90,absoluto,linear,309.1166666666667,321.2636387052936,304.915
honolulu,2005,p90,absoluto,linear,468.27333333333337,485.0898377732882,489.41833333333335
honolulu,2006,p90,absoluto,linear,472.5666666666666,495.50130192652057,489.41833333333335
honolulu,2007,p90,absoluto,linear,486.6,490.08880377125064,486.72666666666663
honolulu,2008,p90,absoluto,linear,481.03,466.1097628964169,489.41833333333335
honolulu,2009,p90,absoluto,linear,474.8333333333333,495.0565644143231,489.41833333333335
honolulu,2010,p90,absoluto,linear,481.2166666666666,482.6630899347747,489.41833333333335
honolulu,2011,p90,absoluto,linear,473.62000000000006,489.3311334056019,489.41833333333335
honolulu,2012,p90,absoluto,linear,457.76666666666665,489.11824970762916,489.41833333333335
honolulu,2013,p90,absoluto,linear,506.36,504.34713006538743,483.9083333333333
honolulu,2014,p90,absoluto,linear,492.2366666666667,499.39239572738245,483.9083333333333
honolulu,2015,p90,absoluto,linear,510.0,496.6367343310312,483.9083333333333
honolulu,2016,p90,absoluto,linear,525.2,500.6064132085974,483.9083333333333
honolulu,2017,p90,absoluto,linear,510.5083333333333,500.8761991971885,483.9083333333333
honolulu,2018,p90,absoluto,linear,510.98333333333335,487.29385576420566,483.9083333333333
honolulu,2019,p90,absoluto,linear,528.2499999999999,500.02016776191465,483.9083333333333
long_beach,2010,p90,absoluto,linear,371.4916666666667,373.3361155900075,381.15
long_beach,2011,p90,absoluto,linear,389.2266666666666,383.97785323489427,379.8033333333334
long_beach,2012,p90,absoluto,linear,402.7183333333333,379.2938321855813,379.8033333333334
long_beach,2013,p90,absoluto,linear,357.7216666666667,369.5638631238343,381.15
long_beach,2014,p90,absoluto,linear,376.125,379.8628432548465,381.15
long_beach,2015,p90,absoluto,linear,407.7483333333333,390.3832946448218,379.8033333333334
long_beach,2016,p90,absoluto,linear,381.15,397.27613604494246,379.8033333333334
long_beach,2017,p90,absoluto,linear,381.47333333333336,382.99832046632224,379.8033333333334
long_beach,2018,p90,absoluto,linear,378.7733333333333,380.1058297607649,381.15
long_beach,2019,p90,absoluto,linear,379.8033333333334,384.6978111899744,381.15
maui,2010,p90,absoluto,linear,397.995,399.41140102308697,402.3883333333333
maui,2011,p90,absoluto,linear,395.47,416.09619628410877,402.3883333333333
maui,2012,p90,absoluto,linear,399.0833333333333,416.3765245143874,401.84416666666664
maui,2013,p90,absoluto,linear,412.0866666666667,403.4660880608887,398.5391666666667
maui,2014,p90,absoluto,linear,405.6933333333333,319.6364496356455,398.5391666666667
nyc,2005,p90,absoluto,linear,351.06666666666666,344.6703824724953,348.45
nyc,2006,p90,absoluto,linear,332.6666666666667,330.0201390396115,350.2166666666667
nyc,2007,p90,absoluto,linear,334.6333333333333,338.2016739678165,350.2166666666667
nyc,2008,p90,absoluto,linear,333.51666666666665,329.1672249147457,350.2166666666667
nyc,2009,p90,absoluto,linear,332.14500000000004,356.2518421655788,350.2166666666667
nyc,2010,p90,absoluto,linear,337.1766666666667,327.16043463153693,350.2166666666667
nyc,2011,p90,absoluto,linear,336.5,337.3920122027218,350.2166666666667
nyc,2013,p90,absoluto,linear,337.24333333333334,351.26793521015514,350.2166666666667
nyc,2014,p90,absoluto,linear,347.4,340.0616068132374,350.2166666666667
nyc,2015,p90,absoluto,linear,350.93333333333334,349.3838645308502,348.45
nyc,2016,p90,absoluto,linear,349.5,341.5076857204066,349.16666666666663
nyc,2017,p90,absoluto,linear,352.28333333333336,349.36480683056544,348.45
nyc,2018,p90,absoluto,linear,355.5,347.3004355252255,348.45
nyc,2019,p90,absoluto,linear,354.5833333333333,346.23718800467265,348.45
nyc,2022,p90,absoluto,linear,369.965,368.4286520647404,348.45
nyc,2023,p90,absoluto,linear,361.55,366.19453563764745,348.45
nyc,2024,p90,absoluto,linear,353.02666666666664,366.4397629785487,348.45
rio,2023,p90,absoluto,linear,321.08,305.235334872488,313.64916666666664
rio,2024,p90,absoluto,linear,316.3983333333333,324.61460220288285,315.99
rio,2025,p90,absoluto,linear,310.9,331.19775249874056,318.7391666666666
savannah,2011,p90,absoluto,linear,345.26166666666666,342.97325490763694,355.3283333333333
savannah,2012,p90,absoluto,linear,348.7,364.17649525831735,355.3283333333333
savannah,2013,p90,absoluto,linear,351.2233333333335,353.99116072991154,355.3283333333333
savannah,2014,p90,absoluto,linear,351.26666666666665,355.6307092396903,355.30666666666673
savannah,2015,p90,absoluto,linear,295.45,377.64860803934516,355.3283333333333
savannah,2016,p90,absoluto,linear,373.2,349.4196451183214,351.2450000000001
savannah,2017,p90,absoluto,linear,389.7633333333333,350.0603680612199,351.2450000000001
savannah,2018,p90,absoluto,linear,360.43,343.4223661128074,351.2450000000001
savannah,2019,p90,absoluto,linear,359.39,357.523070270071,351.2450000000001
singapore,2014,p90,absoluto,linear,445.6666666666667,429.92469749263967,437.84
singapore,2015,p90,absoluto,linear,452.0266666666667,433.18185455681987,437.84
singapore,2016,p90,absoluto,linear,444.565,437.021401503656,437.84
singapore,2017,p90,absoluto,linear,443.38666666666666,436.3858081936206,437.84
singapore,2018,p90,absoluto,linear,424.31666666666666,434.0349267113123,443.38666666666666
singapore,2019,p90,absoluto,linear,437.84,618.1718417878221,443.38666666666666
singapore,2022,p90,absoluto,linear,420.5,438.0475638909911,443.38666666666666
singapore,2023,p90,absoluto,linear,418.4266666666666,446.1244054701553,443.38666666666666
berlin,2005,p90,absoluto,ridge,306.3466666666667,301.7102797808707,306.90250000000003
berlin,2006,p90,absoluto,ridge,312.55,310.43752274978823,306.7316666666667
berlin,2007,p90,absoluto,ridge,300.4083333333333,296.5381779992634,306.90250000000003
berlin,2008,p90,absoluto,ridge,301.46333333333337,301.6682782897931,306.90250000000003
berlin,2009,p90,absoluto,ridge,309.1166666666667,309.5782657657135,306.7316666666667
berlin,2010,p90,absoluto,ridge,298.2583333333333,300.2568646406694,306.90250000000003
berlin,2011,p90,absoluto,ridge,306.71666666666664,313.33637157610224,306.90250000000003
berlin,2012,p90,absoluto,ridge,301.81666666666666,310.18717343342587,306.90250000000003
berlin,2013,p90,absoluto,ridge,299.46666666666664,302.529079943548,306.90250000000003
berlin,2014,p90,absoluto,ridge,306.74666666666667,310.423838852118,306.8875
berlin,2015,p90,absoluto,ridge,307.0766666666668,312.08683625969337,306.7316666666667
berlin,2016,p90,absoluto,ridge,316.455,321.60951177708966,306.7316666666667
berlin,2017,p90,absoluto,ridge,314.93333333333334,322.73784233987453,306.7316666666667
berlin,2018,p90,absoluto,ridge,329.15,311.2795363735589,306.7316666666667
berlin,2019,p90,absoluto,ridge,307.05833333333334,276.71456325860817,306.7316666666667
boston,2005,p90,absoluto,ridge,290.3333333333333,283.7228282179624,286.31916666666666
boston,2006,p90,absoluto,ridge,281.1283333333334,271.29459826961,289.1
boston,2007,p90,absoluto,ridge,287.8666666666667,252.7113324616235,287.5525
boston,2008,p90,absoluto,ridge,284.54,288.3281667506991,289.1
boston,2009,p90,absoluto,ridge,280.1066666666667,278.98490115300103,289.1
boston,2010,p90,absoluto,ridge,280.8833333333333,287.4830199364146,289.1
boston,2011,p90,absoluto,ridge,281.26166666666666,298.89911553609625,289.1
boston,2012,p90,absoluto,ridge,326.36333333333334,307.35589696012823,286.31916666666666
boston,2013,p90,absoluto,ridge,284.77166666666665,297.14497950034695,289.1
boston,2014,p90,absoluto,ridge,317.05,295.9976406650593,286.31916666666666
boston,2015,p90,absoluto,ridge,282.1,285.67983734105377,289.1
boston,2016,p90,absoluto,ridge,293.1366666666667,309.88631676431004,286.31916666666666
boston,2017,p90,absoluto,ridge,297.75,337.84092282736,286.31916666666666
boston,2018,p90,absoluto,ridge,307.67499999999995,358.42458900461503,286.31916666666666
boston,2019,p90,absoluto,ridge,297.4166666666667,286.79927821499507,286.31916666666666
chicago,2005,p90,absoluto,ridge,331.8333333333333,325.22579550394914,353.0916666666667
chicago,2006,p90,absoluto,ridge,332.875,321.71741446337467,353.0916666666667
chicago,2007,p90,absoluto,ridge,353.4166666666667,350.2071839851166,351.7075
chicago,2008,p90,absoluto,ridge,358.21666666666664,355.38473933866516,351.7075
chicago,2009,p90,absoluto,ridge,339.1666666666667,330.25924020795827,353.0916666666667
chicago,2010,p90,absoluto,ridge,358.8666666666667,372.5805890316577,351.7075
chicago,2011,p90,absoluto,ridge,354.1,362.8372175585997,351.7075
chicago,2012,p90,absoluto,ridge,346.1666666666667,346.22850504352226,353.0916666666667
chicago,2013,p90,absoluto,ridge,346.09666666666675,347.0472344543755,353.0916666666667
chicago,2014,p90,absoluto,ridge,350.36,347.83768522918353,353.0916666666667
chicago,2015,p90,absoluto,ridge,350.6483333333333,356.79152430153886,353.0916666666667
chicago,2016,p90,absoluto,ridge,352.76666666666665,346.13780766411327,352.0325
chicago,2017,p90,absoluto,ridge,371.3666666666667,363.79701672554694,351.7075
chicago,2018,p90,absoluto,ridge,354.53333333333336,352.0867928585364,351.7075
chicago,2019,p90,absoluto,ridge,353.89166666666665,341.42627936870247,351.7075
chicago,2022,p90,absoluto,ridge,355.51000000000005,361.9796903515899,351.7075
chicago,2023,p90,absoluto,ridge,346.8,376.9369313503397,353.0916666666667
durban,2022,p90,absoluto,ridge,299.9433333333334,310.394340178339,309.50166666666667
durban,2024,p90,absoluto,ridge,309.88666666666666,307.4204228019151,304.53000000000003
durban,2025,p90,absoluto,ridge,309.1166666666667,314.85812797797416,304.915
honolulu,2005,p90,absoluto,ridge,468.27333333333337,489.5818652068318,489.41833333333335
honolulu,2006,p90,absoluto,ridge,472.5666666666666,490.3478833244297,489.41833333333335
honolulu,2007,p90,absoluto,ridge,486.6,489.37016654863635,486.72666666666663
honolulu,2008,p90,absoluto,ridge,481.03,467.05683871222595,489.41833333333335
honolulu,2009,p90,absoluto,ridge,474.8333333333333,496.9714490667667,489.41833333333335
honolulu,2010,p90,absoluto,ridge,481.2166666666666,487.8590953724148,489.41833333333335
honolulu,2011,p90,absoluto,ridge,473.62000000000006,487.2831583052253,489.41833333333335
honolulu,2012,p90,absoluto,ridge,457.76666666666665,492.9706593259617,489.41833333333335
honolulu,2013,p90,absoluto,ridge,506.36,502.1952196783217,483.9083333333333
honolulu,2014,p90,absoluto,ridge,492.2366666666667,494.5420041907795,483.9083333333333
honolulu,2015,p90,absoluto,ridge,510.0,497.8675947878925,483.9083333333333
honolulu,2016,p90,absoluto,ridge,525.2,494.72048138236346,483.9083333333333
honolulu,2017,p90,absoluto,ridge,510.5083333333333,494.9468976318767,483.9083333333333
honolulu,2018,p90,absoluto,ridge,510.98333333333335,481.49239310044845,483.9083333333333
honolulu,2019,p90,absoluto,ridge,528.2499999999999,498.93522455303014,483.9083333333333
long_beach,2010,p90,absoluto,ridge,371.4916666666667,375.2364780381397,381.15
long_beach,2011,p90,absoluto,ridge,389.2266666666666,382.33088679950447,379.8033333333334
long_beach,2012,p90,absoluto,ridge,402.7183333333333,377.8165987292444,379.8033333333334
long_beach,2013,p90,absoluto,ridge,357.7216666666667,373.3944182813783,381.15
long_beach,2014,p90,absoluto,ridge,376.125,382.67716374212637,381.15
long_beach,2015,p90,absoluto,ridge,407.7483333333333,394.8684947354768,379.8033333333334
long_beach,2016,p90,absoluto,ridge,381.15,393.4185490579057,379.8033333333334
long_beach,2017,p90,absoluto,ridge,381.47333333333336,382.1463437552908,379.8033333333334
long_beach,2018,p90,absoluto,ridge,378.7733333333333,374.21923881218595,381.15
long_beach,2019,p90,absoluto,ridge,379.8033333333334,383.3769129510581,381.15
maui,2010,p90,absoluto,ridge,397.995,398.82990065397365,402.3883333333333
maui,2011,p90,absoluto,ridge,395.47,410.1628271531397,402.3883333333333
maui,2012,p90,absoluto,ridge,399.0833333333333,409.14198917061333,401.84416666666664
maui,2013,p90,absoluto,ridge,412.0866666666667,404.506826833887,398.5391666666667
maui,2014,p90,absoluto,ridge,405.6933333333333,324.3943120600097,398.5391666666667
nyc,2005,p90,absoluto,ridge,351.06666666666666,344.75863940060873,348.45
nyc,2006,p90,absoluto,ridge,332.6666666666667,330.12055212654906,350.2166666666667
nyc,2007,p90,absoluto,ridge,334.6333333333333,338.4673323110827,350.2166666666667
nyc,2008,p90,absoluto,ridge,333.51666666666665,330.84764240143414,350.2166666666667
nyc,2009,p90,absoluto,ridge,332.14500000000004,348.88218160863727,350.2166666666667
nyc,2010,p90,absoluto,ridge,337.1766666666667,330.9580357986296,350.2166666666667
nyc,2011,p90,absoluto,ridge,336.5,335.03202969639005,350.2166666666667
nyc,2013,p90,absoluto,ridge,337.24333333333334,345.65036513323065,350.2166666666667
nyc,2014,p90,absoluto,ridge,347.4,338.3568025514339,350.2166666666667
nyc,2015,p90,absoluto,ridge,350.93333333333334,349.9569733731864,348.45
nyc,2016,p90,absoluto,ridge,349.5,346.69298816679714,349.16666666666663
nyc,2017,p90,absoluto,ridge,352.28333333333336,352.46930688623166,348.45
nyc,2018,p90,absoluto,ridge,355.5,348.74340403252785,348.45
nyc,2019,p90,absoluto,ridge,354.5833333333333,347.19256445565674,348.45
nyc,2022,p90,absoluto,ridge,369.965,371.35461741965435,348.45
nyc,2023,p90,absoluto,ridge,361.55,367.5022021669666,348.45
nyc,2024,p90,absoluto,ridge,353.02666666666664,365.75589260043216,348.45
rio,2023,p90,absoluto,ridge,321.08,313.2886871159152,313.64916666666664
rio,2024,p90,absoluto,ridge,316.3983333333333,322.51533194393255,315.99
rio,2025,p90,absoluto,ridge,310.9,326.26720338589985,318.7391666666666
savannah,2011,p90,absoluto,ridge,345.26166666666666,344.1645735224545,355.3283333333333
savannah,2012,p90,absoluto,ridge,348.7,358.3535976353333,355.3283333333333
savannah,2013,p90,absoluto,ridge,351.2233333333335,355.27147148039774,355.3283333333333
savannah,2014,p90,absoluto,ridge,351.26666666666665,354.85791144233923,355.30666666666673
savannah,2015,p90,absoluto,ridge,295.45,382.3082645757369,355.3283333333333
savannah,2016,p90,absoluto,ridge,373.2,353.9106625214804,351.2450000000001
savannah,2017,p90,absoluto,ridge,389.7633333333333,350.2944766903368,351.2450000000001
savannah,2018,p90,absoluto,ridge,360.43,346.5565495496825,351.2450000000001
savannah,2019,p90,absoluto,ridge,359.39,352.34398724428115,351.2450000000001
singapore,2014,p90,absoluto,ridge,445.6666666666667,429.88782948982663,437.84
singapore,2015,p90,absoluto,ridge,452.0266666666667,430.37209962259624,437.84
singapore,2016,p90,absoluto,ridge,444.565,430.92012015895926,437.84
singapore,2017,p90,absoluto,ridge,443.38666666666666,432.15358644028026,437.84
singapore,2018,p90,absoluto,ridge,424.31666666666666,433.0441313297431,443.38666666666666
singapore,2019,p90,absoluto,ridge,437.84,484.9074355468066,443.38666666666666
singapore,2022,p90,absoluto,ridge,420.5,437.07316799460375,443.38666666666666
singapore,2023,p90,absoluto,ridge,418.4266666666666,450.04273312284414,443.38666666666666
berlin,2005,p90,absoluto,floresta_aleatoria,306.3466666666667,308.8028792857142,306.90250000000003
berlin,2006,p90,absoluto,floresta_aleatoria,312.55,319.84412670634924,306.7316666666667
berlin,2007,p90,absoluto,floresta_aleatoria,300.4083333333333,302.3423430224872,306.90250000000003
berlin,2008,p90,absoluto,floresta_aleatoria,301.46333333333337,304.3630922933205,306.90250000000003
berlin,2009,p90,absoluto,floresta_aleatoria,309.1166666666667,312.0632041785413,306.7316666666667
berlin,2010,p90,absoluto,floresta_aleatoria,298.2583333333333,301.75877421627,306.90250000000003
berlin,2011,p90,absoluto,floresta_aleatoria,306.71666666666664,310.52011195767193,306.90250000000003
berlin,2012,p90,absoluto,floresta_aleatoria,301.81666666666666,301.98516572916674,306.90250000000003
berlin,2013,p90,absoluto,floresta_aleatoria,299.46666666666664,303.8516653819448,306.90250000000003
berlin,2014,p90,absoluto,floresta_aleatoria,306.74666666666667,308.1581052430554,306.8875
berlin,2015,p90,absoluto,floresta_aleatoria,307.0766666666668,303.0621916269846,306.7316666666667
berlin,2016,p90,absoluto,floresta_aleatoria,316.455,311.2762567794014,306.7316666666667
berlin,2017,p90,absoluto,floresta_aleatoria,314.93333333333334,306.8213740153023,306.7316666666667
berlin,2018,p90,absoluto,floresta_aleatoria,329.15,315.1240922007276,306.7316666666667
berlin,2019,p90,absoluto,floresta_aleatoria,307.05833333333334,303.59387839616426,306.7316666666667
boston,2005,p90,absoluto,floresta_aleatoria,290.3333333333333,295.02933196308356,286.31916666666666
boston,2006,p90,absoluto,floresta_aleatoria,281.1283333333334,288.5813930208339,289.1
boston,2007,p90,absoluto,floresta_aleatoria,287.8666666666667,287.5844619047619,287.5525
boston,2008,p90,absoluto,floresta_aleatoria,284.54,299.3336849822632,289.1
boston,2009,p90,absoluto,floresta_aleatoria,280.1066666666667,285.133757660384,289.1
boston,2010,p90,absoluto,floresta_aleatoria,280.8833333333333,297.31303840773836,289.1
boston,2011,p90,absoluto,floresta_aleatoria,281.26166666666666,292.21475553075413,289.1
boston,2012,p90,absoluto,floresta_aleatoria,326.36333333333334,314.35860594456494,286.31916666666666
boston,2013,p90,absoluto,floresta_aleatoria,284.77166666666665,284.3736790492724,289.1
boston,2014,p90,absoluto,floresta_aleatoria,317.05,287.9859299983467,286.31916666666666
boston,2015,p90,absoluto,floresta_aleatoria,282.1,293.41358313326725,289.1
boston,2016,p90,absoluto,floresta_aleatoria,293.1366666666667,299.0921311838627,286.31916666666666
boston,2017,p90,absoluto,floresta_aleatoria,297.75,304.778192657077,286.31916666666666
boston,2018,p90,absoluto,floresta_aleatoria,307.67499999999995,289.0411856216934,286.31916666666666
boston,2019,p90,absoluto,floresta_aleatoria,297.4166666666667,306.78371893518533,286.31916666666666
chicago,2005,p90,absoluto,floresta_aleatoria,331.8333333333333,346.1359793700396,353.0916666666667
chicago,2006,p90,absoluto,floresta_aleatoria,332.875,339.98794135912715,353.0916666666667
chicago,2007,p90,absoluto,floresta_aleatoria,353.4166666666667,415.3075355009922,351.7075
chicago,2008,p90,absoluto,floresta_aleatoria,358.21666666666664,358.13841232142886,351.7075
chicago,2009,p90,absoluto,floresta_aleatoria,339.1666666666667,340.29837595238087,353.0916666666667
chicago,2010,p90,absoluto,floresta_aleatoria,358.8666666666667,363.0857704216272,351.7075
chicago,2011,p90,absoluto,floresta_aleatoria,354.1,361.0825999007937,351.7075
chicago,2012,p90,absoluto,floresta_aleatoria,346.1666666666667,343.9478350351731,353.0916666666667
chicago,2013,p90,absoluto,floresta_aleatoria,346.09666666666675,351.5732824603175,353.0916666666667
chicago,2014,p90,absoluto,floresta_aleatoria,350.36,351.33455022817446,353.0916666666667
chicago,2015,p90,absoluto,floresta_aleatoria,350.6483333333333,357.5687931200399,353.0916666666667
chicago,2016,p90,absoluto,floresta_aleatoria,352.76666666666665,352.05771491732844,352.0325
chicago,2017,p90,absoluto,floresta_aleatoria,371.3666666666667,355.0778075198413,351.7075
chicago,2018,p90,absoluto,floresta_aleatoria,354.53333333333336,352.6061023925262,351.7075
chicago,2019,p90,absoluto,floresta_aleatoria,353.89166666666665,347.917566891534,351.7075
chicago,2022,p90,absoluto,floresta_aleatoria,355.51000000000005,356.23206356646784,351.7075
chicago,2023,p90,absoluto,floresta_aleatoria,346.8,352.71295562499967,353.0916666666667
durban,2022,p90,absoluto,floresta_aleatoria,299.9433333333334,334.7362981266534,309.50166666666667
durban,2024,p90,absoluto,floresta_aleatoria,309.88666666666666,339.23989653935166,304.53000000000003
durban,2025,p90,absoluto,floresta_aleatoria,309.1166666666667,336.8802769609788,304.915
honolulu,2005,p90,absoluto,floresta_aleatoria,468.27333333333337,480.6281781216935,489.41833333333335
honolulu,2006,p90,absoluto,floresta_aleatoria,472.5666666666666,437.4488138855823,489.41833333333335
honolulu,2007,p90,absoluto,floresta_aleatoria,486.6,478.5110965443123,486.72666666666663
honolulu,2008,p90,absoluto,floresta_aleatoria,481.03,483.39847510251343,489.41833333333335
honolulu,2009,p90,absoluto,floresta_aleatoria,474.8333333333333,433.61743632936503,489.41833333333335
honolulu,2010,p90,absoluto,floresta_aleatoria,481.2166666666666,456.23102570105823,489.41833333333335
honolulu,2011,p90,absoluto,floresta_aleatoria,473.62000000000006,460.30560295138935,489.41833333333335
honolulu,2012,p90,absoluto,floresta_aleatoria,457.76666666666665,491.7657647536377,489.41833333333335
honolulu,2013,p90,absoluto,floresta_aleatoria,506.36,477.412315496032,483.9083333333333
honolulu,2014,p90,absoluto,floresta_aleatoria,492.2366666666667,497.5710184788358,483.9083333333333
honolulu,2015,p90,absoluto,floresta_aleatoria,510.0,484.458732946429,483.9083333333333
honolulu,2016,p90,absoluto,floresta_aleatoria,525.2,504.4075279031389,483.9083333333333
honolulu,2017,p90,absoluto,floresta_aleatoria,510.5083333333333,504.45971709866484,483.9083333333333
honolulu,2018,p90,absoluto,floresta_aleatoria,510.98333333333335,477.3954555907297,483.9083333333333
honolulu,2019,p90,absoluto,floresta_aleatoria,528.2499999999999,484.74523610720314,483.9083333333333
long_beach,2010,p90,absoluto,floresta_aleatoria,371.4916666666667,365.11104268849186,381.15
long_beach,2011,p90,absoluto,floresta_aleatoria,389.2266666666666,369.9628556200397,379.8033333333334
long_beach,2012,p90,absoluto,floresta_aleatoria,402.7183333333333,377.07376397486786,379.8033333333334
long_beach,2013,p90,absoluto,floresta_aleatoria,357.7216666666667,369.7918792741402,381.15
long_beach,2014,p90,absoluto,floresta_aleatoria,376.125,383.02467057539684,381.15
long_beach,2015,p90,absoluto,floresta_aleatoria,407.7483333333333,393.01434740154525,379.8033333333334
long_beach,2016,p90,absoluto,floresta_aleatoria,381.15,381.12509508928565,379.8033333333334
long_beach,2017,p90,absoluto,floresta_aleatoria,381.47333333333336,375.7015612681877,379.8033333333334
long_beach,2018,p90,absoluto,floresta_aleatoria,378.7733333333333,365.8308139269178,381.15
long_beach,2019,p90,absoluto,floresta_aleatoria,379.8033333333334,352.1950734027781,381.15
maui,2010,p90,absoluto,floresta_aleatoria,397.995,395.3258710317459,402.3883333333333
maui,2011,p90,absoluto,floresta_aleatoria,395.47,398.5083569973542,402.3883333333333
maui,2012,p90,absoluto,floresta_aleatoria,399.0833333333333,395.83844121031785,401.84416666666664
maui,2013,p90,absoluto,floresta_aleatoria,412.0866666666667,398.1282662896826,398.5391666666667
maui,2014,p90,absoluto,floresta_aleatoria,405.6933333333333,409.8231205753966,398.5391666666667
nyc,2005,p90,absoluto,floresta_aleatoria,351.06666666666666,339.33668264715607,348.45
nyc,2006,p90,absoluto,floresta_aleatoria,332.6666666666667,337.41844193121716,350.2166666666667
nyc,2007,p90,absoluto,floresta_aleatoria,334.6333333333333,333.67768055059526,350.2166666666667
nyc,2008,p90,absoluto,floresta_aleatoria,333.51666666666665,336.5573014236112,350.2166666666667
nyc,2009,p90,absoluto,floresta_aleatoria,332.14500000000004,339.5902622536377,350.2166666666667
nyc,2010,p90,absoluto,floresta_aleatoria,337.1766666666667,336.258251954365,350.2166666666667
nyc,2011,p90,absoluto,floresta_aleatoria,336.5,343.2788240195105,350.2166666666667
nyc,2013,p90,absoluto,floresta_aleatoria,337.24333333333334,346.5209611144178,350.2166666666667
nyc,2014,p90,absoluto,floresta_aleatoria,347.4,344.5341355919309,350.2166666666667
nyc,2015,p90,absoluto,floresta_aleatoria,350.93333333333334,353.03439648644166,348.45
nyc,2016,p90,absoluto,floresta_aleatoria,349.5,345.772079747024,349.16666666666663
nyc,2017,p90,absoluto,floresta_aleatoria,352.28333333333336,353.85367304563493,348.45
nyc,2018,p90,absoluto,floresta_aleatoria,355.5,351.5191701736109,348.45
nyc,2019,p90,absoluto,floresta_aleatoria,354.5833333333333,348.95601176091265,348.45
nyc,2022,p90,absoluto,floresta_aleatoria,369.965,373.53594203372995,348.45
nyc,2023,p90,absoluto,floresta_aleatoria,361.55,351.3774181332672,348.45
nyc,2024,p90,absoluto,floresta_aleatoria,353.02666666666664,348.45725807374373,348.45
rio,2023,p90,absoluto,floresta_aleatoria,321.08,374.3146706349208,313.64916666666664
rio,2024,p90,absoluto,floresta_aleatoria,316.3983333333333,364.7268135747355,315.99
rio,2025,p90,absoluto,floresta_aleatoria,310.9,396.20526374834645,318.7391666666666
savannah,2011,p90,absoluto,floresta_aleatoria,345.26166666666666,351.806335252976,355.3283333333333
savannah,2012,p90,absoluto,floresta_aleatoria,348.7,361.0718243287038,355.3283333333333
savannah,2013,p90,absoluto,floresta_aleatoria,351.2233333333335,350.5414154679235,355.3283333333333
savannah,2014,p90,absoluto,floresta_aleatoria,351.26666666666665,351.15202035383595,355.30666666666673
savannah,2015,p90,absoluto,floresta_aleatoria,295.45,415.05761245205053,355.3283333333333
savannah,2016,p90,absoluto,floresta_aleatoria,373.2,353.86641502645494,351.2450000000001
savannah,2017,p90,absoluto,floresta_aleatoria,389.7633333333333,351.9441031415346,351.2450000000001
savannah,2018,p90,absoluto,floresta_aleatoria,360.43,357.2292318617725,351.2450000000001
savannah,2019,p90,absoluto,floresta_aleatoria,359.39,355.3585509738756,351.2450000000001
singapore,2014,p90,absoluto,floresta_aleatoria,445.6666666666667,440.96473766534376,437.84
singapore,2015,p90,absoluto,floresta_aleatoria,452.0266666666667,433.9429098528441,437.84
singapore,2016,p90,absoluto,floresta_aleatoria,444.565,441.1454881613761,437.84
singapore,2017,p90,absoluto,floresta_aleatoria,443.38666666666666,432.23977051256594,437.84
singapore,2018,p90,absoluto,floresta_aleatoria,424.31666666666666,459.3787662962966,443.38666666666666
singapore,2019,p90,absoluto,floresta_aleatoria,437.84,417.7921465476188,443.38666666666666
singapore,2022,p90,absoluto,floresta_aleatoria,420.5,422.76952377645534,443.38666666666666
singapore,2023,p90,absoluto,floresta_aleatoria,418.4266666666666,417.4123286970902,443.38666666666666
berlin,2005,p90,absoluto,gbm_histogramas,306.3466666666667,308.4770606071111,306.90250000000003
berlin,2006,p90,absoluto,gbm_histogramas,312.55,316.3412056695443,306.7316666666667
berlin,2007,p90,absoluto,gbm_histogramas,300.4083333333333,298.9931204574863,306.90250000000003
berlin,2008,p90,absoluto,gbm_histogramas,301.46333333333337,307.53749868198395,306.90250000000003
berlin,2009,p90,absoluto,gbm_histogramas,309.1166666666667,311.3231603171908,306.7316666666667
berlin,2010,p90,absoluto,gbm_histogramas,298.2583333333333,297.9081492238681,306.90250000000003
berlin,2011,p90,absoluto,gbm_histogramas,306.71666666666664,306.80693263388883,306.90250000000003
berlin,2012,p90,absoluto,gbm_histogramas,301.81666666666666,301.2174741258616,306.90250000000003
berlin,2013,p90,absoluto,gbm_histogramas,299.46666666666664,304.2649758694056,306.90250000000003
berlin,2014,p90,absoluto,gbm_histogramas,306.74666666666667,307.2695340451085,306.8875
berlin,2015,p90,absoluto,gbm_histogramas,307.0766666666668,305.54478343835353,306.7316666666667
berlin,2016,p90,absoluto,gbm_histogramas,316.455,318.4589175005062,306.7316666666667
berlin,2017,p90,absoluto,gbm_histogramas,314.93333333333334,308.5084790195583,306.7316666666667
berlin,2018,p90,absoluto,gbm_histogramas,329.15,312.99771922316535,306.7316666666667
berlin,2019,p90,absoluto,gbm_histogramas,307.05833333333334,306.67414408414186,306.7316666666667
boston,2005,p90,absoluto,gbm_histogramas,290.3333333333333,302.08556589789794,286.31916666666666
boston,2006,p90,absoluto,gbm_histogramas,281.1283333333334,285.49734915736616,289.1
boston,2007,p90,absoluto,gbm_histogramas,287.8666666666667,285.01701258664025,287.5525
boston,2008,p90,absoluto,gbm_histogramas,284.54,296.47541915123065,289.1
boston,2009,p90,absoluto,gbm_histogramas,280.1066666666667,281.4338377944527,289.1
boston,2010,p90,absoluto,gbm_histogramas,280.8833333333333,297.75529538012285,289.1
boston,2011,p90,absoluto,gbm_histogramas,281.26166666666666,300.0544489812942,289.1
boston,2012,p90,absoluto,gbm_histogramas,326.36333333333334,297.89325432977506,286.31916666666666
boston,2013,p90,absoluto,gbm_histogramas,284.77166666666665,282.57831077782487,289.1
boston,2014,p90,absoluto,gbm_histogramas,317.05,295.93381104381876,286.31916666666666
boston,2015,p90,absoluto,gbm_histogramas,282.1,294.1574716657799,289.1
boston,2016,p90,absoluto,gbm_histogramas,293.1366666666667,303.74556835493877,286.31916666666666
boston,2017,p90,absoluto,gbm_histogramas,297.75,306.40218054822554,286.31916666666666
boston,2018,p90,absoluto,gbm_histogramas,307.67499999999995,286.3452845266308,286.31916666666666
boston,2019,p90,absoluto,gbm_histogramas,297.4166666666667,313.1731619217673,286.31916666666666
chicago,2005,p90,absoluto,gbm_histogramas,331.8333333333333,340.8219085959174,353.0916666666667
chicago,2006,p90,absoluto,gbm_histogramas,332.875,333.9077526267409,353.0916666666667
chicago,2007,p90,absoluto,gbm_histogramas,353.4166666666667,444.5173213339305,351.7075
chicago,2008,p90,absoluto,gbm_histogramas,358.21666666666664,356.2899605290148,351.7075
chicago,2009,p90,absoluto,gbm_histogramas,339.1666666666667,335.7980083602402,353.0916666666667
chicago,2010,p90,absoluto,gbm_histogramas,358.8666666666667,361.6920055412792,351.7075
chicago,2011,p90,absoluto,gbm_histogramas,354.1,352.0687920420968,351.7075
chicago,2012,p90,absoluto,gbm_histogramas,346.1666666666667,344.5295895746823,353.0916666666667
chicago,2013,p90,absoluto,gbm_histogramas,346.09666666666675,346.33805703598745,353.0916666666667
chicago,2014,p90,absoluto,gbm_histogramas,350.36,347.7496557983657,353.0916666666667
chicago,2015,p90,absoluto,gbm_histogramas,350.6483333333333,363.2525718083291,353.0916666666667
chicago,2016,p90,absoluto,gbm_histogramas,352.76666666666665,348.367409404117,352.0325
chicago,2017,p90,absoluto,gbm_histogramas,371.3666666666667,360.9032741196109,351.7075
chicago,2018,p90,absoluto,gbm_histogramas,354.53333333333336,353.689869996691,351.7075
chicago,2019,p90,absoluto,gbm_histogramas,353.89166666666665,350.08737269755056,351.7075
chicago,2022,p90,absoluto,gbm_histogramas,355.51000000000005,349.38786828045625,351.7075
chicago,2023,p90,absoluto,gbm_histogramas,346.8,353.78501418147715,353.0916666666667
durban,2022,p90,absoluto,gbm_histogramas,299.9433333333334,321.0388321042815,309.50166666666667
durban,2024,p90,absoluto,gbm_histogramas,309.88666666666666,332.25432821820635,304.53000000000003
durban,2025,p90,absoluto,gbm_histogramas,309.1166666666667,322.0953083448624,304.915
honolulu,2005,p90,absoluto,gbm_histogramas,468.27333333333337,477.20135854900656,489.41833333333335
honolulu,2006,p90,absoluto,gbm_histogramas,472.5666666666666,399.1222523116105,489.41833333333335
honolulu,2007,p90,absoluto,gbm_histogramas,486.6,486.8032873996164,486.72666666666663
honolulu,2008,p90,absoluto,gbm_histogramas,481.03,489.9578997464024,489.41833333333335
honolulu,2009,p90,absoluto,gbm_histogramas,474.8333333333333,408.4578807259929,489.41833333333335
honolulu,2010,p90,absoluto,gbm_histogramas,481.2166666666666,466.5592565358027,489.41833333333335
honolulu,2011,p90,absoluto,gbm_histogramas,473.62000000000006,452.7596379057434,489.41833333333335
honolulu,2012,p90,absoluto,gbm_histogramas,457.76666666666665,503.2130371125391,489.41833333333335
honolulu,2013,p90,absoluto,gbm_histogramas,506.36,495.03634454853596,483.9083333333333
honolulu,2014,p90,absoluto,gbm_histogramas,492.2366666666667,502.58048238373414,483.9083333333333
honolulu,2015,p90,absoluto,gbm_histogramas,510.0,493.37570837987266,483.9083333333333
honolulu,2016,p90,absoluto,gbm_histogramas,525.2,505.3157896140997,483.9083333333333
honolulu,2017,p90,absoluto,gbm_histogramas,510.5083333333333,512.9780438099888,483.9083333333333
honolulu,2018,p90,absoluto,gbm_histogramas,510.98333333333335,482.73532143808046,483.9083333333333
honolulu,2019,p90,absoluto,gbm_histogramas,528.2499999999999,487.72832626720646,483.9083333333333
long_beach,2010,p90,absoluto,gbm_histogramas,371.4916666666667,368.22518109265735,381.15
long_beach,2011,p90,absoluto,gbm_histogramas,389.2266666666666,372.6086020340443,379.8033333333334
long_beach,2012,p90,absoluto,gbm_histogramas,402.7183333333333,381.15146208528887,379.8033333333334
long_beach,2013,p90,absoluto,gbm_histogramas,357.7216666666667,372.2115680173276,381.15
long_beach,2014,p90,absoluto,gbm_histogramas,376.125,378.7820422541668,381.15
long_beach,2015,p90,absoluto,gbm_histogramas,407.7483333333333,402.52068470416316,379.8033333333334
long_beach,2016,p90,absoluto,gbm_histogramas,381.15,382.23877802212877,379.8033333333334
long_beach,2017,p90,absoluto,gbm_histogramas,381.47333333333336,380.93521941968925,379.8033333333334
long_beach,2018,p90,absoluto,gbm_histogramas,378.7733333333333,362.92481953566596,381.15
long_beach,2019,p90,absoluto,gbm_histogramas,379.8033333333334,365.73541627295975,381.15
maui,2010,p90,absoluto,gbm_histogramas,397.995,397.4416672368944,402.3883333333333
maui,2011,p90,absoluto,gbm_histogramas,395.47,406.4356383075928,402.3883333333333
maui,2012,p90,absoluto,gbm_histogramas,399.0833333333333,399.10414700835094,401.84416666666664
maui,2013,p90,absoluto,gbm_histogramas,412.0866666666667,400.7992771392447,398.5391666666667
maui,2014,p90,absoluto,gbm_histogramas,405.6933333333333,416.55437433139656,398.5391666666667
nyc,2005,p90,absoluto,gbm_histogramas,351.06666666666666,339.5795195203212,348.45
nyc,2006,p90,absoluto,gbm_histogramas,332.6666666666667,342.81815048350944,350.2166666666667
nyc,2007,p90,absoluto,gbm_histogramas,334.6333333333333,332.8820916493489,350.2166666666667
nyc,2008,p90,absoluto,gbm_histogramas,333.51666666666665,338.170778762419,350.2166666666667
nyc,2009,p90,absoluto,gbm_histogramas,332.14500000000004,339.6775368694617,350.2166666666667
nyc,2010,p90,absoluto,gbm_histogramas,337.1766666666667,334.5013688732407,350.2166666666667
nyc,2011,p90,absoluto,gbm_histogramas,336.5,339.8353506669021,350.2166666666667
nyc,2013,p90,absoluto,gbm_histogramas,337.24333333333334,339.8253290013656,350.2166666666667
nyc,2014,p90,absoluto,gbm_histogramas,347.4,339.18677384053143,350.2166666666667
nyc,2015,p90,absoluto,gbm_histogramas,350.93333333333334,348.6490862896156,348.45
nyc,2016,p90,absoluto,gbm_histogramas,349.5,341.6604587789851,349.16666666666663
nyc,2017,p90,absoluto,gbm_histogramas,352.28333333333336,357.20411454588304,348.45
nyc,2018,p90,absoluto,gbm_histogramas,355.5,352.2129886280025,348.45
nyc,2019,p90,absoluto,gbm_histogramas,354.5833333333333,348.5268803992284,348.45
nyc,2022,p90,absoluto,gbm_histogramas,369.965,361.8317112983977,348.45
nyc,2023,p90,absoluto,gbm_histogramas,361.55,351.9875648623052,348.45
nyc,2024,p90,absoluto,gbm_histogramas,353.02666666666664,356.21049337582224,348.45
rio,2023,p90,absoluto,gbm_histogramas,321.08,329.6114720811744,313.64916666666664
rio,2024,p90,absoluto,gbm_histogramas,316.3983333333333,321.8547844393527,315.99
rio,2025,p90,absoluto,gbm_histogramas,310.9,347.76600454465273,318.7391666666666
savannah,2011,p90,absoluto,gbm_histogramas,345.26166666666666,347.2692808540599,355.3283333333333
savannah,2012,p90,absoluto,gbm_histogramas,348.7,353.9521497550886,355.3283333333333
savannah,2013,p90,absoluto,gbm_histogramas,351.2233333333335,348.6195770722477,355.3283333333333
savannah,2014,p90,absoluto,gbm_histogramas,351.26666666666665,354.04386212187524,355.30666666666673
savannah,2015,p90,absoluto,gbm_histogramas,295.45,418.8501312008006,355.3283333333333
savannah,2016,p90,absoluto,gbm_histogramas,373.2,359.7448807736818,351.2450000000001
savannah,2017,p90,absoluto,gbm_histogramas,389.7633333333333,364.7998567409478,351.2450000000001
savannah,2018,p90,absoluto,gbm_histogramas,360.43,361.42391920984414,351.2450000000001
savannah,2019,p90,absoluto,gbm_histogramas,359.39,346.6077906950535,351.2450000000001
singapore,2014,p90,absoluto,gbm_histogramas,445.6666666666667,447.903390811264,437.84
singapore,2015,p90,absoluto,gbm_histogramas,452.0266666666667,437.3123201284809,437.84
singapore,2016,p90,absoluto,gbm_histogramas,444.565,432.44610675198777,437.84
singapore,2017,p90,absoluto,gbm_histogramas,443.38666666666666,435.7129313276865,437.84
singapore,2018,p90,absoluto,gbm_histogramas,424.31666666666666,482.30715620353186,443.38666666666666
singapore,2019,p90,absoluto,gbm_histogramas,437.84,426.5859244702073,443.38666666666666
singapore,2022,p90,absoluto,gbm_histogramas,420.5,422.58258390413323,443.38666666666666
singapore,2023,p90,absoluto,gbm_histogramas,418.4266666666666,425.76264622705946,443.38666666666666
berlin,2005,p90,absoluto,perceptron_multicamadas,306.3466666666667,327.99439881357983,306.90250000000003
berlin,2006,p90,absoluto,perceptron_multicamadas,312.55,309.9967330639459,306.7316666666667
berlin,2007,p90,absoluto,perceptron_multicamadas,300.4083333333333,263.2434956301936,306.90250000000003
berlin,2008,p90,absoluto,perceptron_multicamadas,301.46333333333337,251.42920012469577,306.90250000000003
berlin,2009,p90,absoluto,perceptron_multicamadas,309.1166666666667,388.3693174024638,306.7316666666667
berlin,2010,p90,absoluto,perceptron_multicamadas,298.2583333333333,277.45797226436946,306.90250000000003
berlin,2011,p90,absoluto,perceptron_multicamadas,306.71666666666664,299.0062005521992,306.90250000000003
berlin,2012,p90,absoluto,perceptron_multicamadas,301.81666666666666,274.74145442486935,306.90250000000003
berlin,2013,p90,absoluto,perceptron_multicamadas,299.46666666666664,313.6842709078081,306.90250000000003
berlin,2014,p90,absoluto,perceptron_multicamadas,306.74666666666667,295.88943917262185,306.8875
berlin,2015,p90,absoluto,perceptron_multicamadas,307.0766666666668,300.7639178422416,306.7316666666667
berlin,2016,p90,absoluto,perceptron_multicamadas,316.455,321.7876942315758,306.7316666666667
berlin,2017,p90,absoluto,perceptron_multicamadas,314.93333333333334,369.69566914974786,306.7316666666667
berlin,2018,p90,absoluto,perceptron_multicamadas,329.15,277.2993143472303,306.7316666666667
berlin,2019,p90,absoluto,perceptron_multicamadas,307.05833333333334,262.13996045513875,306.7316666666667
boston,2005,p90,absoluto,perceptron_multicamadas,290.3333333333333,269.46909868972153,286.31916666666666
boston,2006,p90,absoluto,perceptron_multicamadas,281.1283333333334,234.70090685321009,289.1
boston,2007,p90,absoluto,perceptron_multicamadas,287.8666666666667,335.38712602049486,287.5525
boston,2008,p90,absoluto,perceptron_multicamadas,284.54,234.77635176339516,289.1
boston,2009,p90,absoluto,perceptron_multicamadas,280.1066666666667,307.38457640327175,289.1
boston,2010,p90,absoluto,perceptron_multicamadas,280.8833333333333,176.8362736345092,289.1
boston,2011,p90,absoluto,perceptron_multicamadas,281.26166666666666,360.72487271701294,289.1
boston,2012,p90,absoluto,perceptron_multicamadas,326.36333333333334,204.97538501582358,286.31916666666666
boston,2013,p90,absoluto,perceptron_multicamadas,284.77166666666665,323.12833519577043,289.1
boston,2014,p90,absoluto,perceptron_multicamadas,317.05,352.19958158779366,286.31916666666666
boston,2015,p90,absoluto,perceptron_multicamadas,282.1,295.3551999052041,289.1
boston,2016,p90,absoluto,perceptron_multicamadas,293.1366666666667,312.97105010621567,286.31916666666666
boston,2017,p90,absoluto,perceptron_multicamadas,297.75,290.38549708667057,286.31916666666666
boston,2018,p90,absoluto,perceptron_multicamadas,307.67499999999995,526.8816715102256,286.31916666666666
boston,2019,p90,absoluto,perceptron_multicamadas,297.4166666666667,97.5642921391601,286.31916666666666
chicago,2005,p90,absoluto,perceptron_multicamadas,331.8333333333333,301.2778737715007,353.0916666666667
chicago,2006,p90,absoluto,perceptron_multicamadas,332.875,363.2242940450711,353.0916666666667
chicago,2007,p90,absoluto,perceptron_multicamadas,353.4166666666667,245.9807014424914,351.7075
chicago,2008,p90,absoluto,perceptron_multicamadas,358.21666666666664,332.3156931831301,351.7075
chicago,2009,p90,absoluto,perceptron_multicamadas,339.1666666666667,435.10114101432305,353.0916666666667
chicago,2010,p90,absoluto,perceptron_multicamadas,358.8666666666667,406.3947822939099,351.7075
chicago,2011,p90,absoluto,perceptron_multicamadas,354.1,379.6815147746406,351.7075
chicago,2012,p90,absoluto,perceptron_multicamadas,346.1666666666667,359.23766095281144,353.0916666666667
chicago,2013,p90,absoluto,perceptron_multicamadas,346.09666666666675,311.46783103714,353.0916666666667
chicago,2014,p90,absoluto,perceptron_multicamadas,350.36,313.56314258773955,353.0916666666667
chicago,2015,p90,absoluto,perceptron_multicamadas,350.6483333333333,341.8225383523013,353.0916666666667
chicago,2016,p90,absoluto,perceptron_multicamadas,352.76666666666665,308.16051639899086,352.0325
chicago,2017,p90,absoluto,perceptron_multicamadas,371.3666666666667,360.8618249096849,351.7075
chicago,2018,p90,absoluto,perceptron_multicamadas,354.53333333333336,330.1318975456145,351.7075
chicago,2019,p90,absoluto,perceptron_multicamadas,353.89166666666665,389.9851422867721,351.7075
chicago,2022,p90,absoluto,perceptron_multicamadas,355.51000000000005,403.9554254496163,351.7075
chicago,2023,p90,absoluto,perceptron_multicamadas,346.8,252.37866083848178,353.0916666666667
durban,2022,p90,absoluto,perceptron_multicamadas,299.9433333333334,397.41082907432,309.50166666666667
durban,2024,p90,absoluto,perceptron_multicamadas,309.88666666666666,197.5511868816347,304.53000000000003
durban,2025,p90,absoluto,perceptron_multicamadas,309.1166666666667,293.55672591992044,304.915
honolulu,2005,p90,absoluto,perceptron_multicamadas,468.27333333333337,479.91042791276783,489.41833333333335
honolulu,2006,p90,absoluto,perceptron_multicamadas,472.5666666666666,443.8429985241433,489.41833333333335
honolulu,2007,p90,absoluto,perceptron_multicamadas,486.6,489.22164281249263,486.72666666666663
honolulu,2008,p90,absoluto,perceptron_multicamadas,481.03,455.75103725023536,489.41833333333335
honolulu,2009,p90,absoluto,perceptron_multicamadas,474.8333333333333,444.76401378213995,489.41833333333335
honolulu,2010,p90,absoluto,perceptron_multicamadas,481.2166666666666,476.29590335071,489.41833333333335
honolulu,2011,p90,absoluto,perceptron_multicamadas,473.62000000000006,460.77233885546553,489.41833333333335
honolulu,2012,p90,absoluto,perceptron_multicamadas,457.76666666666665,499.5982821623282,489.41833333333335
honolulu,2013,p90,absoluto,perceptron_multicamadas,506.36,515.5135289407518,483.9083333333333
honolulu,2014,p90,absoluto,perceptron_multicamadas,492.2366666666667,545.1758192027061,483.9083333333333
honolulu,2015,p90,absoluto,perceptron_multicamadas,510.0,491.66120301398985,483.9083333333333
honolulu,2016,p90,absoluto,perceptron_multicamadas,525.2,515.4420536821422,483.9083333333333
honolulu,2017,p90,absoluto,perceptron_multicamadas,510.5083333333333,496.03220014783597,483.9083333333333
honolulu,2018,p90,absoluto,perceptron_multicamadas,510.98333333333335,453.14647726050714,483.9083333333333
honolulu,2019,p90,absoluto,perceptron_multicamadas,528.2499999999999,461.1510061001613,483.9083333333333
long_beach,2010,p90,absoluto,perceptron_multicamadas,371.4916666666667,398.2122226166172,381.15
long_beach,2011,p90,absoluto,perceptron_multicamadas,389.2266666666666,344.2312825739982,379.8033333333334
long_beach,2012,p90,absoluto,perceptron_multicamadas,402.7183333333333,395.8174381934569,379.8033333333334
long_beach,2013,p90,absoluto,perceptron_multicamadas,357.7216666666667,359.88956167369395,381.15
long_beach,2014,p90,absoluto,perceptron_multicamadas,376.125,390.5691072947986,381.15
long_beach,2015,p90,absoluto,perceptron_multicamadas,407.7483333333333,454.8908051324559,379.8033333333334
long_beach,2016,p90,absoluto,perceptron_multicamadas,381.15,424.8675625210939,379.8033333333334
long_beach,2017,p90,absoluto,perceptron_multicamadas,381.47333333333336,378.3271491072531,379.8033333333334
long_beach,2018,p90,absoluto,perceptron_multicamadas,378.7733333333333,378.06928700964335,381.15
long_beach,2019,p90,absoluto,perceptron_multicamadas,379.8033333333334,332.5673800141238,381.15
maui,2010,p90,absoluto,perceptron_multicamadas,397.995,385.975649968864,402.3883333333333
maui,2011,p90,absoluto,perceptron_multicamadas,395.47,427.50555424398584,402.3883333333333
maui,2012,p90,absoluto,perceptron_multicamadas,399.0833333333333,380.51886315139956,401.84416666666664
maui,2013,p90,absoluto,perceptron_multicamadas,412.0866666666667,387.91191891165136,398.5391666666667
maui,2014,p90,absoluto,perceptron_multicamadas,405.6933333333333,430.5402425959766,398.5391666666667
nyc,2005,p90,absoluto,perceptron_multicamadas,351.06666666666666,260.07494289202424,348.45
nyc,2006,p90,absoluto,perceptron_multicamadas,332.6666666666667,402.76562223703996,350.2166666666667
nyc,2007,p90,absoluto,perceptron_multicamadas,334.6333333333333,286.3346860269184,350.2166666666667
nyc,2008,p90,absoluto,perceptron_multicamadas,333.51666666666665,326.25808746239255,350.2166666666667
nyc,2009,p90,absoluto,perceptron_multicamadas,332.14500000000004,338.02972860458914,350.2166666666667
nyc,2010,p90,absoluto,perceptron_multicamadas,337.1766666666667,330.3073899550995,350.2166666666667
nyc,2011,p90,absoluto,perceptron_multicamadas,336.5,315.7359774626438,350.2166666666667
nyc,2013,p90,absoluto,perceptron_multicamadas,337.24333333333334,344.2765986096976,350.2166666666667
nyc,2014,p90,absoluto,perceptron_multicamadas,347.4,405.1853040279379,350.2166666666667
nyc,2015,p90,absoluto,perceptron_multicamadas,350.93333333333334,295.87976670382045,348.45
nyc,2016,p90,absoluto,perceptron_multicamadas,349.5,334.5610360620873,349.16666666666663
nyc,2017,p90,absoluto,perceptron_multicamadas,352.28333333333336,414.7486165193756,348.45
nyc,2018,p90,absoluto,perceptron_multicamadas,355.5,330.9502072404371,348.45
nyc,2019,p90,absoluto,perceptron_multicamadas,354.5833333333333,361.5717198038277,348.45
nyc,2022,p90,absoluto,perceptron_multicamadas,369.965,352.05996148477,348.45
nyc,2023,p90,absoluto,perceptron_multicamadas,361.55,346.10386101389827,348.45
nyc,2024,p90,absoluto,perceptron_multicamadas,353.02666666666664,373.6185294090634,348.45
rio,2023,p90,absoluto,perceptron_multicamadas,321.08,284.29286951289896,313.64916666666664
rio,2024,p90,absoluto,perceptron_multicamadas,316.3983333333333,340.7668327555434,315.99
rio,2025,p90,absoluto,perceptron_multicamadas,310.9,364.7166972911841,318.7391666666666
savannah,2011,p90,absoluto,perceptron_multicamadas,345.26166666666666,374.97614377133823,355.3283333333333
savannah,2012,p90,absoluto,perceptron_multicamadas,348.7,331.7787406544579,355.3283333333333
savannah,2013,p90,absoluto,perceptron_multicamadas,351.2233333333335,338.54610624695226,355.3283333333333
savannah,2014,p90,absoluto,perceptron_multicamadas,351.26666666666665,352.33815744049514,355.30666666666673
savannah,2015,p90,absoluto,perceptron_multicamadas,295.45,406.51116772321404,355.3283333333333
savannah,2016,p90,absoluto,perceptron_multicamadas,373.2,314.5514923997702,351.2450000000001
savannah,2017,p90,absoluto,perceptron_multicamadas,389.7633333333333,412.39093684454315,351.2450000000001
savannah,2018,p90,absoluto,perceptron_multicamadas,360.43,323.3351808210547,351.2450000000001
savannah,2019,p90,absoluto,perceptron_multicamadas,359.39,300.0422575966278,351.2450000000001
singapore,2014,p90,absoluto,perceptron_multicamadas,445.6666666666667,410.3504948249448,437.84
singapore,2015,p90,absoluto,perceptron_multicamadas,452.0266666666667,434.34882309889684,437.84
singapore,2016,p90,absoluto,perceptron_multicamadas,444.565,471.17335178126064,437.84
singapore,2017,p90,absoluto,perceptron_multicamadas,443.38666666666666,445.5110194134059,437.84
singapore,2018,p90,absoluto,perceptron_multicamadas,424.31666666666666,439.8694243078831,443.38666666666666
singapore,2019,p90,absoluto,perceptron_multicamadas,437.84,566.341542601243,443.38666666666666
singapore,2022,p90,absoluto,perceptron_multicamadas,420.5,392.330622275944,443.38666666666666
singapore,2023,p90,absoluto,perceptron_multicamadas,418.4266666666666,428.97575074103696,443.38666666666666
berlin,2005,p90,desvio,ridge,306.3466666666667,306.67499413858064,306.90250000000003
berlin,2006,p90,desvio,ridge,312.55,310.7569936427312,306.7316666666667
berlin,2007,p90,desvio,ridge,300.4083333333333,299.41742912552985,306.90250000000003
berlin,2008,p90,desvio,ridge,301.46333333333337,302.7003026185098,306.90250000000003
berlin,2009,p90,desvio,ridge,309.1166666666667,311.11249115372607,306.7316666666667
berlin,2010,p90,desvio,ridge,298.2583333333333,297.290926534059,306.90250000000003
berlin,2011,p90,desvio,ridge,306.71666666666664,309.3324379526896,306.90250000000003
berlin,2012,p90,desvio,ridge,301.81666666666666,303.8934457306214,306.90250000000003
berlin,2013,p90,desvio,ridge,299.46666666666664,303.56870838878905,306.90250000000003
berlin,2014,p90,desvio,ridge,306.74666666666667,309.3882486276072,306.8875
berlin,2015,p90,desvio,ridge,307.0766666666668,305.6038314059028,306.7316666666667
berlin,2016,p90,desvio,ridge,316.455,312.43730883790766,306.7316666666667
berlin,2017,p90,desvio,ridge,314.93333333333334,305.2322774450135,306.7316666666667
berlin,2018,p90,desvio,ridge,329.15,311.9174523151186,306.7316666666667
berlin,2019,p90,desvio,ridge,307.05833333333334,300.24766963021347,306.7316666666667
boston,2005,p90,desvio,ridge,290.3333333333333,289.21089150246866,286.31916666666666
boston,2006,p90,desvio,ridge,281.1283333333334,284.35882966970576,289.1
boston,2007,p90,desvio,ridge,287.8666666666667,279.5427328604588,287.5525
boston,2008,p90,desvio,ridge,284.54,289.34672935392024,289.1
boston,2009,p90,desvio,ridge,280.1066666666667,285.20203896997737,289.1
boston,2010,p90,desvio,ridge,280.8833333333333,288.27285396139234,289.1
boston,2011,p90,desvio,ridge,281.26166666666666,291.806189477519,289.1
boston,2012,p90,desvio,ridge,326.36333333333334,296.9338814878144,286.31916666666666
boston,2013,p90,desvio,ridge,284.77166666666665,289.29025436603314,289.1
boston,2014,p90,desvio,ridge,317.05,293.3155427254251,286.31916666666666
boston,2015,p90,desvio,ridge,282.1,288.23828160950245,289.1
boston,2016,p90,desvio,ridge,293.1366666666667,294.31534587741226,286.31916666666666
boston,2017,p90,desvio,ridge,297.75,296.89669099694055,286.31916666666666
boston,2018,p90,desvio,ridge,307.67499999999995,282.24655257429436,286.31916666666666
boston,2019,p90,desvio,ridge,297.4166666666667,298.6369104501233,286.31916666666666
chicago,2005,p90,desvio,ridge,331.8333333333333,347.7766813600222,353.0916666666667
chicago,2006,p90,desvio,ridge,332.875,335.8925804125198,353.0916666666667
chicago,2007,p90,desvio,ridge,353.4166666666667,357.1746690356023,351.7075
chicago,2008,p90,desvio,ridge,358.21666666666664,358.00749521178784,351.7075
chicago,2009,p90,desvio,ridge,339.1666666666667,343.0105859257312,353.0916666666667
chicago,2010,p90,desvio,ridge,358.8666666666667,360.92793221999426,351.7075
chicago,2011,p90,desvio,ridge,354.1,359.1802921984378,351.7075
chicago,2012,p90,desvio,ridge,346.1666666666667,346.06848771988587,353.0916666666667
chicago,2013,p90,desvio,ridge,346.09666666666675,353.407150846159,353.0916666666667
chicago,2014,p90,desvio,ridge,350.36,353.40166389785526,353.0916666666667
chicago,2015,p90,desvio,ridge,350.6483333333333,359.481499562135,353.0916666666667
chicago,2016,p90,desvio,ridge,352.76666666666665,353.3353515086184,352.0325
chicago,2017,p90,desvio,ridge,371.3666666666667,359.69737369904743,351.7075
chicago,2018,p90,desvio,ridge,354.53333333333336,349.98717946383846,351.7075
chicago,2019,p90,desvio,ridge,353.89166666666665,348.70383830970684,351.7075
chicago,2022,p90,desvio,ridge,355.51000000000005,359.31633093501085,351.7075
chicago,2023,p90,desvio,ridge,346.8,354.7116352145957,353.0916666666667
durban,2022,p90,desvio,ridge,299.9433333333334,312.15269897321645,309.50166666666667
durban,2024,p90,desvio,ridge,309.88666666666666,310.9602559946509,304.53000000000003
durban,2025,p90,desvio,ridge,309.1166666666667,310.7865226568023,304.915
honolulu,2005,p90,desvio,ridge,468.27333333333337,488.83299581835263,489.41833333333335
honolulu,2006,p90,desvio,ridge,472.5666666666666,490.1217364191582,489.41833333333335
honolulu,2007,p90,desvio,ridge,486.6,487.7107891640491,486.72666666666663
honolulu,2008,p90,desvio,ridge,481.03,488.9133419041898,489.41833333333335
honolulu,2009,p90,desvio,ridge,474.8333333333333,492.81570970325896,489.41833333333335
honolulu,2010,p90,desvio,ridge,481.2166666666666,489.16528611537836,489.41833333333335
honolulu,2011,p90,desvio,ridge,473.62000000000006,489.8169356353054,489.41833333333335
honolulu,2012,p90,desvio,ridge,457.76666666666665,493.4259400693299,489.41833333333335
honolulu,2013,p90,desvio,ridge,506.36,489.01687713586455,483.9083333333333
honolulu,2014,p90,desvio,ridge,492.2366666666667,486.54822785864184,483.9083333333333
honolulu,2015,p90,desvio,ridge,510.0,488.9460468402207,483.9083333333333
honolulu,2016,p90,desvio,ridge,525.2,487.2218435247399,483.9083333333333
honolulu,2017,p90,desvio,ridge,510.5083333333333,488.0037156907691,483.9083333333333
honolulu,2018,p90,desvio,ridge,510.98333333333335,488.77264674178826,483.9083333333333
honolulu,2019,p90,desvio,ridge,528.2499999999999,489.36876059259663,483.9083333333333
long_beach,2010,p90,desvio,ridge,371.4916666666667,377.9256039683494,381.15
long_beach,2011,p90,desvio,ridge,389.2266666666666,380.24385061168374,379.8033333333334
long_beach,2012,p90,desvio,ridge,402.7183333333333,380.6929727850963,379.8033333333334
long_beach,2013,p90,desvio,ridge,357.7216666666667,380.0122142595181,381.15
long_beach,2014,p90,desvio,ridge,376.125,383.1587264049395,381.15
long_beach,2015,p90,desvio,ridge,407.7483333333333,386.8676883621586,379.8033333333334
long_beach,2016,p90,desvio,ridge,381.15,385.9419718252132,379.8033333333334
long_beach,2017,p90,desvio,ridge,381.47333333333336,382.6536456706694,379.8033333333334
long_beach,2018,p90,desvio,ridge,378.7733333333333,383.78081916589804,381.15
long_beach,2019,p90,desvio,ridge,379.8033333333334,382.8521151260905,381.15
maui,2010,p90,desvio,ridge,397.995,400.3949920496948,402.3883333333333
maui,2011,p90,desvio,ridge,395.47,404.497805468882,402.3883333333333
maui,2012,p90,desvio,ridge,399.0833333333333,404.8307485562177,401.84416666666664
maui,2013,p90,desvio,ridge,412.0866666666667,400.20702359186515,398.5391666666667
maui,2014,p90,desvio,ridge,405.6933333333333,396.7438914464822,398.5391666666667
nyc,2005,p90,desvio,ridge,351.06666666666666,345.1858861693194,348.45
nyc,2006,p90,desvio,ridge,332.6666666666667,341.631464327537,350.2166666666667
nyc,2007,p90,desvio,ridge,334.6333333333333,343.55842442831573,350.2166666666667
nyc,2008,p90,desvio,ridge,333.51666666666665,341.2338351765314,350.2166666666667
nyc,2009,p90,desvio,ridge,332.14500000000004,343.63271756389776,350.2166666666667
nyc,2010,p90,desvio,ridge,337.1766666666667,341.97019409732394,350.2166666666667
nyc,2011,p90,desvio,ridge,336.5,345.5747398679182,350.2166666666667
nyc,2013,p90,desvio,ridge,337.24333333333334,343.18553157960446,350.2166666666667
nyc,2014,p90,desvio,ridge,347.4,340.92419884267025,350.2166666666667
nyc,2015,p90,desvio,ridge,350.93333333333334,348.7624582127931,348.45
nyc,2016,p90,desvio,ridge,349.5,347.3189945530007,349.16666666666663
nyc,2017,p90,desvio,ridge,352.28333333333336,346.8911456581661,348.45
nyc,2018,p90,desvio,ridge,355.5,348.46012173127525,348.45
nyc,2019,p90,desvio,ridge,354.5833333333333,347.559072558609,348.45
nyc,2022,p90,desvio,ridge,369.965,356.02694774785925,348.45
nyc,2023,p90,desvio,ridge,361.55,354.2831415101588,348.45
nyc,2024,p90,desvio,ridge,353.02666666666664,350.97345984789666,348.45
rio,2023,p90,desvio,ridge,321.08,320.47459185637234,313.64916666666664
rio,2024,p90,desvio,ridge,316.3983333333333,322.99365380564626,315.99
rio,2025,p90,desvio,ridge,310.9,326.18994219225726,318.7391666666666
savannah,2011,p90,desvio,ridge,345.26166666666666,349.25154367039,355.3283333333333
savannah,2012,p90,desvio,ridge,348.7,356.2271687563741,355.3283333333333
savannah,2013,p90,desvio,ridge,351.2233333333335,355.5674750840034,355.3283333333333
savannah,2014,p90,desvio,ridge,351.26666666666665,354.96473980574956,355.30666666666673
savannah,2015,p90,desvio,ridge,295.45,365.7034192430424,355.3283333333333
savannah,2016,p90,desvio,ridge,373.2,350.9380513870444,351.2450000000001
savannah,2017,p90,desvio,ridge,389.7633333333333,356.49339350216326,351.2450000000001
savannah,2018,p90,desvio,ridge,360.43,351.8423268541282,351.2450000000001
savannah,2019,p90,desvio,ridge,359.39,350.4587846907608,351.2450000000001
singapore,2014,p90,desvio,ridge,445.6666666666667,434.36457139412965,437.84
singapore,2015,p90,desvio,ridge,452.0266666666667,434.05422198081465,437.84
singapore,2016,p90,desvio,ridge,444.565,436.12562948373085,437.84
singapore,2017,p90,desvio,ridge,443.38666666666666,436.3714173823544,437.84
singapore,2018,p90,desvio,ridge,424.31666666666666,440.3483151298866,443.38666666666666
singapore,2019,p90,desvio,ridge,437.84,455.8066076259028,443.38666666666666
singapore,2022,p90,desvio,ridge,420.5,442.0480831305661,443.38666666666666
singapore,2023,p90,desvio,ridge,418.4266666666666,443.1866485775233,443.38666666666666
berlin,2005,p90,desvio,gbm_histogramas,306.3466666666667,309.34603804225037,306.90250000000003
berlin,2006,p90,desvio,gbm_histogramas,312.55,315.6356297523526,306.7316666666667
berlin,2007,p90,desvio,gbm_histogramas,300.4083333333333,298.9195769531068,306.90250000000003
berlin,2008,p90,desvio,gbm_histogramas,301.46333333333337,302.09752642550677,306.90250000000003
berlin,2009,p90,desvio,gbm_histogramas,309.1166666666667,301.59096576610557,306.7316666666667
berlin,2010,p90,desvio,gbm_histogramas,298.2583333333333,296.2397685502679,306.90250000000003
berlin,2011,p90,desvio,gbm_histogramas,306.71666666666664,308.4060039734077,306.90250000000003
berlin,2012,p90,desvio,gbm_histogramas,301.81666666666666,301.6770856142542,306.90250000000003
berlin,2013,p90,desvio,gbm_histogramas,299.46666666666664,300.12070146253075,306.90250000000003
berlin,2014,p90,desvio,gbm_histogramas,306.74666666666667,306.43081598148126,306.8875
berlin,2015,p90,desvio,gbm_histogramas,307.0766666666668,310.4713361235203,306.7316666666667
berlin,2016,p90,desvio,gbm_histogramas,316.455,318.47724346456584,306.7316666666667
berlin,2017,p90,desvio,gbm_histogramas,314.93333333333334,304.40445178498015,306.7316666666667
berlin,2018,p90,desvio,gbm_histogramas,329.15,309.7751235874247,306.7316666666667
berlin,2019,p90,desvio,gbm_histogramas,307.05833333333334,306.4189295628976,306.7316666666667
boston,2005,p90,desvio,gbm_histogramas,290.3333333333333,286.60461999490116,286.31916666666666
boston,2006,p90,desvio,gbm_histogramas,281.1283333333334,284.29147074088587,289.1
boston,2007,p90,desvio,gbm_histogramas,287.8666666666667,280.40145908929725,287.5525
boston,2008,p90,desvio,gbm_histogramas,284.54,284.06002951298217,289.1
boston,2009,p90,desvio,gbm_histogramas,280.1066666666667,279.2556054730887,289.1
boston,2010,p90,desvio,gbm_histogramas,280.8833333333333,281.2477116331879,289.1
boston,2011,p90,desvio,gbm_histogramas,281.26166666666666,297.67281933616675,289.1
boston,2012,p90,desvio,gbm_histogramas,326.36333333333334,299.6318662142518,286.31916666666666
boston,2013,p90,desvio,gbm_histogramas,284.77166666666665,283.694446775584,289.1
boston,2014,p90,desvio,gbm_histogramas,317.05,292.5828542300828,286.31916666666666
boston,2015,p90,desvio,gbm_histogramas,282.1,293.4251950891016,289.1
boston,2016,p90,desvio,gbm_histogramas,293.1366666666667,300.88201080353537,286.31916666666666
boston,2017,p90,desvio,gbm_histogramas,297.75,296.5979722433838,286.31916666666666
boston,2018,p90,desvio,gbm_histogramas,307.67499999999995,287.8232648363161,286.31916666666666
boston,2019,p90,desvio,gbm_histogramas,297.4166666666667,292.7034289390143,286.31916666666666
chicago,2005,p90,desvio,gbm_histogramas,331.8333333333333,344.04575848192894,353.0916666666667
chicago,2006,p90,desvio,gbm_histogramas,332.875,344.8817439648635,353.0916666666667
chicago,2007,p90,desvio,gbm_histogramas,353.4166666666667,369.1854628053999,351.7075
chicago,2008,p90,desvio,gbm_histogramas,358.21666666666664,347.4925664942897,351.7075
chicago,2009,p90,desvio,gbm_histogramas,339.1666666666667,340.06905229377196,353.0916666666667
chicago,2010,p90,desvio,gbm_histogramas,358.8666666666667,360.72002630163195,351.7075
chicago,2011,p90,desvio,gbm_histogramas,354.1,349.94221345850883,351.7075
chicago,2012,p90,desvio,gbm_histogramas,346.1666666666667,343.26811748462825,353.0916666666667
chicago,2013,p90,desvio,gbm_histogramas,346.09666666666675,351.0018800715471,353.0916666666667
chicago,2014,p90,desvio,gbm_histogramas,350.36,354.3774284964161,353.0916666666667
chicago,2015,p90,desvio,gbm_histogramas,350.6483333333333,358.3479865948962,353.0916666666667
chicago,2016,p90,desvio,gbm_histogramas,352.76666666666665,359.2120875893451,352.0325
chicago,2017,p90,desvio,gbm_histogramas,371.3666666666667,362.43638289494015,351.7075
chicago,2018,p90,desvio,gbm_histogramas,354.53333333333336,359.4853575907607,351.7075
chicago,2019,p90,desvio,gbm_histogramas,353.89166666666665,351.99134275378765,351.7075
chicago,2022,p90,desvio,gbm_histogramas,355.51000000000005,360.1350095211535,351.7075
chicago,2023,p90,desvio,gbm_histogramas,346.8,354.9624411889665,353.0916666666667
durban,2022,p90,desvio,gbm_histogramas,299.9433333333334,302.3252610677224,309.50166666666667
durban,2024,p90,desvio,gbm_histogramas,309.88666666666666,311.45253051881275,304.53000000000003
durban,2025,p90,desvio,gbm_histogramas,309.1166666666667,308.8120974647632,304.915
honolulu,2005,p90,desvio,gbm_histogramas,468.27333333333337,470.8675257225748,489.41833333333335
honolulu,2006,p90,desvio,gbm_histogramas,472.5666666666666,474.39066953148216,489.41833333333335
honolulu,2007,p90,desvio,gbm_histogramas,486.6,478.5419386686482,486.72666666666663
honolulu,2008,p90,desvio,gbm_histogramas,481.03,485.29708457156556,489.41833333333335
honolulu,2009,p90,desvio,gbm_histogramas,474.8333333333333,487.024020983443,489.41833333333335
honolulu,2010,p90,desvio,gbm_histogramas,481.2166666666666,478.5198601470647,489.41833333333335
honolulu,2011,p90,desvio,gbm_histogramas,473.62000000000006,479.4067007246324,489.41833333333335
honolulu,2012,p90,desvio,gbm_histogramas,457.76666666666665,493.39630330640017,489.41833333333335
honolulu,2013,p90,desvio,gbm_histogramas,506.36,490.7364048680671,483.9083333333333
honolulu,2014,p90,desvio,gbm_histogramas,492.2366666666667,483.1000326844612,483.9083333333333
honolulu,2015,p90,desvio,gbm_histogramas,510.0,488.8010646859626,483.9083333333333
honolulu,2016,p90,desvio,gbm_histogramas,525.2,505.65467849585696,483.9083333333333
honolulu,2017,p90,desvio,gbm_histogramas,510.5083333333333,501.3035726466308,483.9083333333333
honolulu,2018,p90,desvio,gbm_histogramas,510.98333333333335,494.89404016857264,483.9083333333333
honolulu,2019,p90,desvio,gbm_histogramas,528.2499999999999,490.5053228340653,483.9083333333333
long_beach,2010,p90,desvio,gbm_histogramas,371.4916666666667,368.6484419188826,381.15
long_beach,2011,p90,desvio,gbm_histogramas,389.2266666666666,386.4075188232447,379.8033333333334
long_beach,2012,p90,desvio,gbm_histogramas,402.7183333333333,368.7171351385051,379.8033333333334
long_beach,2013,p90,desvio,gbm_histogramas,357.7216666666667,380.5704472604449,381.15
long_beach,2014,p90,desvio,gbm_histogramas,376.125,392.53713308625663,381.15
long_beach,2015,p90,desvio,gbm_histogramas,407.7483333333333,386.80187643432475,379.8033333333334
long_beach,2016,p90,desvio,gbm_histogramas,381.15,384.03878978492156,379.8033333333334
long_beach,2017,p90,desvio,gbm_histogramas,381.47333333333336,386.2205507735955,379.8033333333334
long_beach,2018,p90,desvio,gbm_histogramas,378.7733333333333,376.82419630932435,381.15
long_beach,2019,p90,desvio,gbm_histogramas,379.8033333333334,383.60809432163074,381.15
maui,2010,p90,desvio,gbm_histogramas,397.995,387.3771165006093,402.3883333333333
maui,2011,p90,desvio,gbm_histogramas,395.47,387.7316076842014,402.3883333333333
maui,2012,p90,desvio,gbm_histogramas,399.0833333333333,405.6979432665572,401.84416666666664
maui,2013,p90,desvio,gbm_histogramas,412.0866666666667,406.664971417631,398.5391666666667
maui,2014,p90,desvio,gbm_histogramas,405.6933333333333,406.9181234160554,398.5391666666667
nyc,2005,p90,desvio,gbm_histogramas,351.06666666666666,340.7675711264319,348.45
nyc,2006,p90,desvio,gbm_histogramas,332.6666666666667,335.6504812999295,350.2166666666667
nyc,2007,p90,desvio,gbm_histogramas,334.6333333333333,337.3151893098032,350.2166666666667
nyc,2008,p90,desvio,gbm_histogramas,333.51666666666665,337.8331513343574,350.2166666666667
nyc,2009,p90,desvio,gbm_histogramas,332.14500000000004,336.2618829117961,350.2166666666667
nyc,2010,p90,desvio,gbm_histogramas,337.1766666666667,336.50646915431054,350.2166666666667
nyc,2011,p90,desvio,gbm_histogramas,336.5,340.9248247004839,350.2166666666667
nyc,2013,p90,desvio,gbm_histogramas,337.24333333333334,342.0338274087505,350.2166666666667
nyc,2014,p90,desvio,gbm_histogramas,347.4,346.1142660428468,350.2166666666667
nyc,2015,p90,desvio,gbm_histogramas,350.93333333333334,348.0242642867193,348.45
nyc,2016,p90,desvio,gbm_histogramas,349.5,350.78367586844996,349.16666666666663
nyc,2017,p90,desvio,gbm_histogramas,352.28333333333336,354.95207371667846,348.45
nyc,2018,p90,desvio,gbm_histogramas,355.5,353.60151277485943,348.45
nyc,2019,p90,desvio,gbm_histogramas,354.5833333333333,347.2503798589301,348.45
nyc,2022,p90,desvio,gbm_histogramas,369.965,359.88761812360815,348.45
nyc,2023,p90,desvio,gbm_histogramas,361.55,356.44747365641604,348.45
nyc,2024,p90,desvio,gbm_histogramas,353.02666666666664,358.11420918984277,348.45
rio,2023,p90,desvio,gbm_histogramas,321.08,325.21957113396576,313.64916666666664
rio,2024,p90,desvio,gbm_histogramas,316.3983333333333,312.5498394341305,315.99
rio,2025,p90,desvio,gbm_histogramas,310.9,332.6455922814558,318.7391666666666
savannah,2011,p90,desvio,gbm_histogramas,345.26166666666666,342.7606380567524,355.3283333333333
savannah,2012,p90,desvio,gbm_histogramas,348.7,351.44719344439955,355.3283333333333
savannah,2013,p90,desvio,gbm_histogramas,351.2233333333335,349.56366518069984,355.3283333333333
savannah,2014,p90,desvio,gbm_histogramas,351.26666666666665,357.21855248222187,355.30666666666673
savannah,2015,p90,desvio,gbm_histogramas,295.45,374.60493675548713,355.3283333333333
savannah,2016,p90,desvio,gbm_histogramas,373.2,360.51665328373974,351.2450000000001
savannah,2017,p90,desvio,gbm_histogramas,389.7633333333333,360.91063942713475,351.2450000000001
savannah,2018,p90,desvio,gbm_histogramas,360.43,363.5621307946909,351.2450000000001
savannah,2019,p90,desvio,gbm_histogramas,359.39,365.7247556362594,351.2450000000001
singapore,2014,p90,desvio,gbm_histogramas,445.6666666666667,448.6976636625843,437.84
singapore,2015,p90,desvio,gbm_histogramas,452.0266666666667,436.58281419602724,437.84
singapore,2016,p90,desvio,gbm_histogramas,444.565,434.221372198562,437.84
singapore,2017,p90,desvio,gbm_histogramas,443.38666666666666,433.8957985374542,437.84
singapore,2018,p90,desvio,gbm_histogramas,424.31666666666666,434.241914447816,443.38666666666666
singapore,2019,p90,desvio,gbm_histogramas,437.84,443.5399653928593,443.38666666666666
singapore,2022,p90,desvio,gbm_histogramas,420.5,427.8944353034887,443.38666666666666
singapore,2023,p90,desvio,gbm_histogramas,418.4266666666666,435.0462411530924,443.38666666666666
berlin,2005,p90,desvio,linear,306.3466666666667,298.7905633588799,306.90250000000003
berlin,2006,p90,desvio,linear,312.55,306.4490855045199,306.7316666666667
berlin,2007,p90,desvio,linear,300.4083333333333,293.7835134163827,306.90250000000003
berlin,2008,p90,desvio,linear,301.46333333333337,288.31753099821697,306.90250000000003
berlin,2009,p90,desvio,linear,309.1166666666667,313.6475366552407,306.7316666666667
berlin,2010,p90,desvio,linear,298.2583333333333,287.743390788984,306.90250000000003
berlin,2011,p90,desvio,linear,306.71666666666664,313.54919492293993,306.90250000000003
berlin,2012,p90,desvio,linear,301.81666666666666,303.38895034706746,306.90250000000003
berlin,2013,p90,desvio,linear,299.46666666666664,292.71147975840427,306.90250000000003
berlin,2014,p90,desvio,linear,306.74666666666667,307.6870614268734,306.8875
berlin,2015,p90,desvio,linear,307.0766666666668,313.92337679445023,306.7316666666667
berlin,2016,p90,desvio,linear,316.455,318.7815204535423,306.7316666666667
berlin,2017,p90,desvio,linear,314.93333333333334,321.32674263138546,306.7316666666667
berlin,2018,p90,desvio,linear,329.15,314.39524562589037,306.7316666666667
berlin,2019,p90,desvio,linear,307.05833333333334,294.7152139162027,306.7316666666667
boston,2005,p90,desvio,linear,290.3333333333333,288.59886354422764,286.31916666666666
boston,2006,p90,desvio,linear,281.1283333333334,265.45983409552946,289.1
boston,2007,p90,desvio,linear,287.8666666666667,247.76692119125676,287.5525
boston,2008,p90,desvio,linear,284.54,298.2177340197625,289.1
boston,2009,p90,desvio,linear,280.1066666666667,277.21628092294765,289.1
boston,2010,p90,desvio,linear,280.8833333333333,271.46692416330603,289.1
boston,2011,p90,desvio,linear,281.26166666666666,296.6297919700142,289.1
boston,2012,p90,desvio,linear,326.36333333333334,315.27894523409816,286.31916666666666
boston,2013,p90,desvio,linear,284.77166666666665,305.2525994122082,289.1
boston,2014,p90,desvio,linear,317.05,293.48913907538514,286.31916666666666
boston,2015,p90,desvio,linear,282.1,283.8447422754459,289.1
boston,2016,p90,desvio,linear,293.1366666666667,334.0337495278565,286.31916666666666
boston,2017,p90,desvio,linear,297.75,331.8752947440214,286.31916666666666
boston,2018,p90,desvio,linear,307.67499999999995,301.09139185074577,286.31916666666666
boston,2019,p90,desvio,linear,297.4166666666667,288.792930852411,286.31916666666666
chicago,2005,p90,desvio,linear,331.8333333333333,333.84625724747946,353.0916666666667
chicago,2006,p90,desvio,linear,332.875,335.14482033854546,353.0916666666667
chicago,2007,p90,desvio,linear,353.4166666666667,363.318427830099,351.7075
chicago,2008,p90,desvio,linear,358.21666666666664,360.1388397364335,351.7075
chicago,2009,p90,desvio,linear,339.1666666666667,344.149118710938,353.0916666666667
chicago,2010,p90,desvio,linear,358.8666666666667,377.0714446999326,351.7075
chicago,2011,p90,desvio,linear,354.1,369.91633293102666,351.7075
chicago,2012,p90,desvio,linear,346.1666666666667,356.09679646564314,353.0916666666667
chicago,2013,p90,desvio,linear,346.09666666666675,346.84368949324005,353.0916666666667
chicago,2014,p90,desvio,linear,350.36,347.8428493866001,353.0916666666667
chicago,2015,p90,desvio,linear,350.6483333333333,361.6668834776427,353.0916666666667
chicago,2016,p90,desvio,linear,352.76666666666665,352.3624784640422,352.0325
chicago,2017,p90,desvio,linear,371.3666666666667,366.25466276502726,351.7075
chicago,2018,p90,desvio,linear,354.53333333333336,364.0014647674824,351.7075
chicago,2019,p90,desvio,linear,353.89166666666665,344.69185605531504,351.7075
chicago,2022,p90,desvio,linear,355.51000000000005,359.3879637500403,351.7075
chicago,2023,p90,desvio,linear,346.8,377.3331264048261,353.0916666666667
durban,2022,p90,desvio,linear,299.9433333333334,314.44431217545736,309.50166666666667
durban,2024,p90,desvio,linear,309.88666666666666,312.6398187488538,304.53000000000003
durban,2025,p90,desvio,linear,309.1166666666667,316.8382134258836,304.915
honolulu,2005,p90,desvio,linear,468.27333333333337,485.73759876805553,489.41833333333335
honolulu,2006,p90,desvio,linear,472.5666666666666,490.2572971116988,489.41833333333335
honolulu,2007,p90,desvio,linear,486.6,489.9249855441659,486.72666666666663
honolulu,2008,p90,desvio,linear,481.03,470.87213632754094,489.41833333333335
honolulu,2009,p90,desvio,linear,474.8333333333333,492.23067558145135,489.41833333333335
honolulu,2010,p90,desvio,linear,481.2166666666666,484.86975685380287,489.41833333333335
honolulu,2011,p90,desvio,linear,473.62000000000006,484.0862890857179,489.41833333333335
honolulu,2012,p90,desvio,linear,457.76666666666665,489.3493218496249,489.41833333333335
honolulu,2013,p90,desvio,linear,506.36,502.210388379594,483.9083333333333
honolulu,2014,p90,desvio,linear,492.2366666666667,494.75462308471964,483.9083333333333
honolulu,2015,p90,desvio,linear,510.0,492.91178364064535,483.9083333333333
honolulu,2016,p90,desvio,linear,525.2,501.1793731916372,483.9083333333333
honolulu,2017,p90,desvio,linear,510.5083333333333,498.75035940867326,483.9083333333333
honolulu,2018,p90,desvio,linear,510.98333333333335,485.66261759589946,483.9083333333333
honolulu,2019,p90,desvio,linear,528.2499999999999,496.24018373767575,483.9083333333333
long_beach,2010,p90,desvio,linear,371.4916666666667,375.0246560622451,381.15
long_beach,2011,p90,desvio,linear,389.2266666666666,376.70192304450836,379.8033333333334
long_beach,2012,p90,desvio,linear,402.7183333333333,380.33321770293753,379.8033333333334
long_beach,2013,p90,desvio,linear,357.7216666666667,371.4284990551362,381.15
long_beach,2014,p90,desvio,linear,376.125,380.76512221725187,381.15
long_beach,2015,p90,desvio,linear,407.7483333333333,394.66820535086345,379.8033333333334
long_beach,2016,p90,desvio,linear,381.15,393.45088139729467,379.8033333333334
long_beach,2017,p90,desvio,linear,381.47333333333336,382.2561393990805,379.8033333333334
long_beach,2018,p90,desvio,linear,378.7733333333333,382.37479161657825,381.15
long_beach,2019,p90,desvio,linear,379.8033333333334,378.732121702309,381.15
maui,2010,p90,desvio,linear,397.995,396.3195617167123,402.3883333333333
maui,2011,p90,desvio,linear,395.47,412.8542604357614,402.3883333333333
maui,2012,p90,desvio,linear,399.0833333333333,406.01140059925586,401.84416666666664
maui,2013,p90,desvio,linear,412.0866666666667,402.48814299066555,398.5391666666667
maui,2014,p90,desvio,linear,405.6933333333333,373.369858740967,398.5391666666667
nyc,2005,p90,desvio,linear,351.06666666666666,343.749081228433,348.45
nyc,2006,p90,desvio,linear,332.6666666666667,334.6868968893433,350.2166666666667
nyc,2007,p90,desvio,linear,334.6333333333333,339.3489477500486,350.2166666666667
nyc,2008,p90,desvio,linear,333.51666666666665,328.44627685914816,350.2166666666667
nyc,2009,p90,desvio,linear,332.14500000000004,357.05044587553203,350.2166666666667
nyc,2010,p90,desvio,linear,337.1766666666667,328.639874398308,350.2166666666667
nyc,2011,p90,desvio,linear,336.5,327.68572885949595,350.2166666666667
nyc,2013,p90,desvio,linear,337.24333333333334,350.0962664126884,350.2166666666667
nyc,2014,p90,desvio,linear,347.4,341.8972821354407,350.2166666666667
nyc,2015,p90,desvio,linear,350.93333333333334,349.2583264572531,348.45
nyc,2016,p90,desvio,linear,349.5,344.88994062019265,349.16666666666663
nyc,2017,p90,desvio,linear,352.28333333333336,343.5114063631672,348.45
nyc,2018,p90,desvio,linear,355.5,341.89845189910824,348.45
nyc,2019,p90,desvio,linear,354.5833333333333,341.15519412146205,348.45
nyc,2022,p90,desvio,linear,369.965,366.63004734486714,348.45
nyc,2023,p90,desvio,linear,361.55,361.3704368981161,348.45
nyc,2024,p90,desvio,linear,353.02666666666664,355.84731645097065,348.45
rio,2023,p90,desvio,linear,321.08,320.339676877054,313.64916666666664
rio,2024,p90,desvio,linear,316.3983333333333,324.63706964125953,315.99
rio,2025,p90,desvio,linear,310.9,330.1603020621569,318.7391666666666
savannah,2011,p90,desvio,linear,345.26166666666666,343.3718762699839,355.3283333333333
savannah,2012,p90,desvio,linear,348.7,355.1287195302188,355.3283333333333
savannah,2013,p90,desvio,linear,351.2233333333335,351.2223500439815,355.3283333333333
savannah,2014,p90,desvio,linear,351.26666666666665,355.78237233000044,355.30666666666673
savannah,2015,p90,desvio,linear,295.45,366.2504992159841,355.3283333333333
savannah,2016,p90,desvio,linear,373.2,351.41899695407875,351.2450000000001
savannah,2017,p90,desvio,linear,389.7633333333333,343.9806699942804,351.2450000000001
savannah,2018,p90,desvio,linear,360.43,344.6957865340716,351.2450000000001
savannah,2019,p90,desvio,linear,359.39,363.5218584658696,351.2450000000001
singapore,2014,p90,desvio,linear,445.6666666666667,428.45191782730524,437.84
singapore,2015,p90,desvio,linear,452.0266666666667,431.0810904278851,437.84
singapore,2016,p90,desvio,linear,444.565,435.41798614821073,437.84
singapore,2017,p90,desvio,linear,443.38666666666666,435.24129398320423,437.84
singapore,2018,p90,desvio,linear,424.31666666666666,434.3287602201481,443.38666666666666
singapore,2019,p90,desvio,linear,437.84,463.0719659676005,443.38666666666666
singapore,2022,p90,desvio,linear,420.5,434.7627094872745,443.38666666666666
singapore,2023,p90,desvio,linear,418.4266666666666,441.4048624670668,443.38666666666666
berlin,2005,p90,desvio,floresta_aleatoria,306.3466666666667,308.155028994709,306.90250000000003
berlin,2006,p90,desvio,floresta_aleatoria,312.55,309.47097575697455,306.7316666666667
berlin,2007,p90,desvio,floresta_aleatoria,300.4083333333333,300.3136311755953,306.90250000000003
berlin,2008,p90,desvio,floresta_aleatoria,301.46333333333337,305.25479080853177,306.90250000000003
berlin,2009,p90,desvio,floresta_aleatoria,309.1166666666667,310.1485757175926,306.7316666666667
berlin,2010,p90,desvio,floresta_aleatoria,298.2583333333333,297.4558106960979,306.90250000000003
berlin,2011,p90,desvio,floresta_aleatoria,306.71666666666664,310.00123904596563,306.90250000000003
berlin,2012,p90,desvio,floresta_aleatoria,301.81666666666666,302.6440395973876,306.90250000000003
berlin,2013,p90,desvio,floresta_aleatoria,299.46666666666664,303.013810916832,306.90250000000003
berlin,2014,p90,desvio,floresta_aleatoria,306.74666666666667,307.7961740286045,306.8875
berlin,2015,p90,desvio,floresta_aleatoria,307.0766666666668,308.5376593105159,306.7316666666667
berlin,2016,p90,desvio,floresta_aleatoria,316.455,312.71695626322753,306.7316666666667
berlin,2017,p90,desvio,floresta_aleatoria,314.93333333333334,305.13458870370374,306.7316666666667
berlin,2018,p90,desvio,floresta_aleatoria,329.15,309.773230692791,306.7316666666667
berlin,2019,p90,desvio,floresta_aleatoria,307.05833333333334,303.6621411491402,306.7316666666667
boston,2005,p90,desvio,floresta_aleatoria,290.3333333333333,286.57490892774473,286.31916666666666
boston,2006,p90,desvio,floresta_aleatoria,281.1283333333334,281.97819939814815,289.1
boston,2007,p90,desvio,floresta_aleatoria,287.8666666666667,279.9218603685666,287.5525
boston,2008,p90,desvio,floresta_aleatoria,284.54,285.10033530092596,289.1
boston,2009,p90,desvio,floresta_aleatoria,280.1066666666667,283.6789748842593,289.1
boston,2010,p90,desvio,floresta_aleatoria,280.8833333333333,281.6741787830688,289.1
boston,2011,p90,desvio,floresta_aleatoria,281.26166666666666,291.42312040809884,289.1
boston,2012,p90,desvio,floresta_aleatoria,326.36333333333334,292.26202277364416,286.31916666666666
boston,2013,p90,desvio,floresta_aleatoria,284.77166666666665,287.6090830522487,289.1
boston,2014,p90,desvio,floresta_aleatoria,317.05,290.70191766617063,286.31916666666666
boston,2015,p90,desvio,floresta_aleatoria,282.1,298.1824608662518,289.1
boston,2016,p90,desvio,floresta_aleatoria,293.1366666666667,299.41650606068123,286.31916666666666
boston,2017,p90,desvio,floresta_aleatoria,297.75,298.45951727513227,286.31916666666666
boston,2018,p90,desvio,floresta_aleatoria,307.67499999999995,287.21503091765874,286.31916666666666
boston,2019,p90,desvio,floresta_aleatoria,297.4166666666667,295.9199973999669,286.31916666666666
chicago,2005,p90,desvio,floresta_aleatoria,331.8333333333333,346.57339731977515,353.0916666666667
chicago,2006,p90,desvio,floresta_aleatoria,332.875,340.8711753455688,353.0916666666667
chicago,2007,p90,desvio,floresta_aleatoria,353.4166666666667,361.35281726107803,351.7075
chicago,2008,p90,desvio,floresta_aleatoria,358.21666666666664,350.70009849108646,351.7075
chicago,2009,p90,desvio,floresta_aleatoria,339.1666666666667,342.5315173892196,353.0916666666667
chicago,2010,p90,desvio,floresta_aleatoria,358.8666666666667,356.1740121432329,351.7075
chicago,2011,p90,desvio,floresta_aleatoria,354.1,354.1258927766504,351.7075
chicago,2012,p90,desvio,floresta_aleatoria,346.1666666666667,344.1244568005953,353.0916666666667
chicago,2013,p90,desvio,floresta_aleatoria,346.09666666666675,349.49341839285717,353.0916666666667
chicago,2014,p90,desvio,floresta_aleatoria,350.36,354.5942693650794,353.0916666666667
chicago,2015,p90,desvio,floresta_aleatoria,350.6483333333333,359.06079119814217,353.0916666666667
chicago,2016,p90,desvio,floresta_aleatoria,352.76666666666665,357.17059421130955,352.0325
chicago,2017,p90,desvio,floresta_aleatoria,371.3666666666667,357.96402768571124,351.7075
chicago,2018,p90,desvio,floresta_aleatoria,354.53333333333336,355.1752795502645,351.7075
chicago,2019,p90,desvio,floresta_aleatoria,353.89166666666665,353.69219474454366,351.7075
chicago,2022,p90,desvio,floresta_aleatoria,355.51000000000005,358.6543703240741,351.7075
chicago,2023,p90,desvio,floresta_aleatoria,346.8,357.7448823015873,353.0916666666667
durban,2022,p90,desvio,floresta_aleatoria,299.9433333333334,311.34887094907407,309.50166666666667
durban,2024,p90,desvio,floresta_aleatoria,309.88666666666666,311.4951796825397,304.53000000000003
durban,2025,p90,desvio,floresta_aleatoria,309.1166666666667,307.31415672949737,304.915
honolulu,2005,p90,desvio,floresta_aleatoria,468.27333333333337,477.5308854100529,489.41833333333335
honolulu,2006,p90,desvio,floresta_aleatoria,472.5666666666666,477.7775412962963,489.41833333333335
honolulu,2007,p90,desvio,floresta_aleatoria,486.6,481.50912709821426,486.72666666666663
honolulu,2008,p90,desvio,floresta_aleatoria,481.03,481.09613318617727,489.41833333333335
honolulu,2009,p90,desvio,floresta_aleatoria,474.8333333333333,488.82321918154764,489.41833333333335
honolulu,2010,p90,desvio,floresta_aleatoria,481.2166666666666,477.9256990420575,489.41833333333335
honolulu,2011,p90,desvio,floresta_aleatoria,473.62000000000006,480.168186359127,489.41833333333335
honolulu,2012,p90,desvio,floresta_aleatoria,457.76666666666665,491.827402635582,489.41833333333335
honolulu,2013,p90,desvio,floresta_aleatoria,506.36,487.5731118998016,483.9083333333333
honolulu,2014,p90,desvio,floresta_aleatoria,492.2366666666667,491.3759690509259,483.9083333333333
honolulu,2015,p90,desvio,floresta_aleatoria,510.0,495.9579677071308,483.9083333333333
honolulu,2016,p90,desvio,floresta_aleatoria,525.2,502.0168868402777,483.9083333333333
honolulu,2017,p90,desvio,floresta_aleatoria,510.5083333333333,497.3098748710317,483.9083333333333
honolulu,2018,p90,desvio,floresta_aleatoria,510.98333333333335,495.4972508234127,483.9083333333333
honolulu,2019,p90,desvio,floresta_aleatoria,528.2499999999999,496.3476961838624,483.9083333333333
long_beach,2010,p90,desvio,floresta_aleatoria,371.4916666666667,373.3157660796957,381.15
long_beach,2011,p90,desvio,floresta_aleatoria,389.2266666666666,381.1899953174604,379.8033333333334
long_beach,2012,p90,desvio,floresta_aleatoria,402.7183333333333,377.5511386408731,379.8033333333334
long_beach,2013,p90,desvio,floresta_aleatoria,357.7216666666667,380.2345315806878,381.15
long_beach,2014,p90,desvio,floresta_aleatoria,376.125,383.60895938988097,381.15
long_beach,2015,p90,desvio,floresta_aleatoria,407.7483333333333,388.90889517857147,379.8033333333334
long_beach,2016,p90,desvio,floresta_aleatoria,381.15,389.135477228836,379.8033333333334
long_beach,2017,p90,desvio,floresta_aleatoria,381.47333333333336,384.5025254761905,379.8033333333334
long_beach,2018,p90,desvio,floresta_aleatoria,378.7733333333333,380.58780969080686,381.15
long_beach,2019,p90,desvio,floresta_aleatoria,379.8033333333334,382.3597838159872,381.15
maui,2010,p90,desvio,floresta_aleatoria,397.995,395.83907053571426,402.3883333333333
maui,2011,p90,desvio,floresta_aleatoria,395.47,396.64066890873016,402.3883333333333
maui,2012,p90,desvio,floresta_aleatoria,399.0833333333333,401.6918377455357,401.84416666666664
maui,2013,p90,desvio,floresta_aleatoria,412.0866666666667,399.6323672668651,398.5391666666667
maui,2014,p90,desvio,floresta_aleatoria,405.6933333333333,405.6543791121032,398.5391666666667
nyc,2005,p90,desvio,floresta_aleatoria,351.06666666666666,340.8414327744709,348.45
nyc,2006,p90,desvio,floresta_aleatoria,332.6666666666667,338.7876386871693,350.2166666666667
nyc,2007,p90,desvio,floresta_aleatoria,334.6333333333333,337.6494352149471,350.2166666666667
nyc,2008,p90,desvio,floresta_aleatoria,333.51666666666665,336.98185772156086,350.2166666666667
nyc,2009,p90,desvio,floresta_aleatoria,332.14500000000004,337.9119192410715,350.2166666666667
nyc,2010,p90,desvio,floresta_aleatoria,337.1766666666667,338.3894492013889,350.2166666666667
nyc,2011,p90,desvio,floresta_aleatoria,336.5,341.8986824834656,350.2166666666667
nyc,2013,p90,desvio,floresta_aleatoria,337.24333333333334,341.9910479464286,350.2166666666667
nyc,2014,p90,desvio,floresta_aleatoria,347.4,346.9126893886785,350.2166666666667
nyc,2015,p90,desvio,floresta_aleatoria,350.93333333333334,348.2428185300926,348.45
nyc,2016,p90,desvio,floresta_aleatoria,349.5,352.6012490200887,349.16666666666663
nyc,2017,p90,desvio,floresta_aleatoria,352.28333333333336,351.8131604083995,348.45
nyc,2018,p90,desvio,floresta_aleatoria,355.5,352.10068416170634,348.45
nyc,2019,p90,desvio,floresta_aleatoria,354.5833333333333,349.7495468799603,348.45
nyc,2022,p90,desvio,floresta_aleatoria,369.965,354.06838010416664,348.45
nyc,2023,p90,desvio,floresta_aleatoria,361.55,355.6145207705026,348.45
nyc,2024,p90,desvio,floresta_aleatoria,353.02666666666664,353.7221290873016,348.45
rio,2023,p90,desvio,floresta_aleatoria,321.08,320.7934229654431,313.64916666666664
rio,2024,p90,desvio,floresta_aleatoria,316.3983333333333,317.80653482142856,315.99
rio,2025,p90,desvio,floresta_aleatoria,310.9,333.1937879563491,318.7391666666666
savannah,2011,p90,desvio,floresta_aleatoria,345.26166666666666,344.8368897470238,355.3283333333333
savannah,2012,p90,desvio,floresta_aleatoria,348.7,355.06489848710316,355.3283333333333
savannah,2013,p90,desvio,floresta_aleatoria,351.2233333333335,352.2063503769841,355.3283333333333
savannah,2014,p90,desvio,floresta_aleatoria,351.26666666666665,359.1630581481482,355.30666666666673
savannah,2015,p90,desvio,floresta_aleatoria,295.45,374.7924428124999,355.3283333333333
savannah,2016,p90,desvio,floresta_aleatoria,373.2,356.8108502843916,351.2450000000001
savannah,2017,p90,desvio,floresta_aleatoria,389.7633333333333,359.85854957837313,351.2450000000001
savannah,2018,p90,desvio,floresta_aleatoria,360.43,358.86655460978847,351.2450000000001
savannah,2019,p90,desvio,floresta_aleatoria,359.39,358.7022006250001,351.2450000000001
singapore,2014,p90,desvio,floresta_aleatoria,445.6666666666667,440.31849067460314,437.84
singapore,2015,p90,desvio,floresta_aleatoria,452.0266666666667,437.6505246296296,437.84
singapore,2016,p90,desvio,floresta_aleatoria,444.565,437.38901344907407,437.84
singapore,2017,p90,desvio,floresta_aleatoria,443.38666666666666,438.2606105406746,437.84
singapore,2018,p90,desvio,floresta_aleatoria,424.31666666666666,444.14146618882273,443.38666666666666
singapore,2019,p90,desvio,floresta_aleatoria,437.84,439.353685734127,443.38666666666666
singapore,2022,p90,desvio,floresta_aleatoria,420.5,434.3981012037037,443.38666666666666
singapore,2023,p90,desvio,floresta_aleatoria,418.4266666666666,433.19404356977515,443.38666666666666
berlin,2005,p90,desvio,perceptron_multicamadas,306.3466666666667,302.64258008184026,306.90250000000003
berlin,2006,p90,desvio,perceptron_multicamadas,312.55,300.93964202161914,306.7316666666667
berlin,2007,p90,desvio,perceptron_multicamadas,300.4083333333333,297.2757327377203,306.90250000000003
berlin,2008,p90,desvio,perceptron_multicamadas,301.46333333333337,302.284822781036,306.90250000000003
berlin,2009,p90,desvio,perceptron_multicamadas,309.1166666666667,303.0837529187916,306.7316666666667
berlin,2010,p90,desvio,perceptron_multicamadas,298.2583333333333,302.7349949634631,306.90250000000003
berlin,2011,p90,desvio,perceptron_multicamadas,306.71666666666664,314.6656083970792,306.90250000000003
berlin,2012,p90,desvio,perceptron_multicamadas,301.81666666666666,301.5468196895677,306.90250000000003
berlin,2013,p90,desvio,perceptron_multicamadas,299.46666666666664,304.75336280233586,306.90250000000003
berlin,2014,p90,desvio,perceptron_multicamadas,306.74666666666667,303.61610540010275,306.8875
berlin,2015,p90,desvio,perceptron_multicamadas,307.0766666666668,301.91233818967135,306.7316666666667
berlin,2016,p90,desvio,perceptron_multicamadas,316.455,311.1377792055517,306.7316666666667
berlin,2017,p90,desvio,perceptron_multicamadas,314.93333333333334,312.71688720600406,306.7316666666667
berlin,2018,p90,desvio,perceptron_multicamadas,329.15,307.4353024141034,306.7316666666667
berlin,2019,p90,desvio,perceptron_multicamadas,307.05833333333334,301.8643760201066,306.7316666666667
boston,2005,p90,desvio,perceptron_multicamadas,290.3333333333333,282.784186262924,286.31916666666666
boston,2006,p90,desvio,perceptron_multicamadas,281.1283333333334,279.92146714397074,289.1
boston,2007,p90,desvio,perceptron_multicamadas,287.8666666666667,265.4377780996211,287.5525
boston,2008,p90,desvio,perceptron_multicamadas,284.54,295.6343456305959,289.1
boston,2009,p90,desvio,perceptron_multicamadas,280.1066666666667,270.83241661563994,289.1
boston,2010,p90,desvio,perceptron_multicamadas,280.8833333333333,274.70139466213453,289.1
boston,2011,p90,desvio,perceptron_multicamadas,281.26166666666666,300.84782537728177,289.1
boston,2012,p90,desvio,perceptron_multicamadas,326.36333333333334,316.683963682083,286.31916666666666
boston,2013,p90,desvio,perceptron_multicamadas,284.77166666666665,283.83343757116523,289.1
boston,2014,p90,desvio,perceptron_multicamadas,317.05,302.3770184715741,286.31916666666666
boston,2015,p90,desvio,perceptron_multicamadas,282.1,306.41846359530183,289.1
boston,2016,p90,desvio,perceptron_multicamadas,293.1366666666667,310.0241979228977,286.31916666666666
boston,2017,p90,desvio,perceptron_multicamadas,297.75,330.9861228201701,286.31916666666666
boston,2018,p90,desvio,perceptron_multicamadas,307.67499999999995,260.50767205685503,286.31916666666666
boston,2019,p90,desvio,perceptron_multicamadas,297.4166666666667,281.75853376128015,286.31916666666666
chicago,2005,p90,desvio,perceptron_multicamadas,331.8333333333333,338.46585945649235,353.0916666666667
chicago,2006,p90,desvio,perceptron_multicamadas,332.875,327.7560675154341,353.0916666666667
chicago,2007,p90,desvio,perceptron_multicamadas,353.4166666666667,360.0582532073208,351.7075
chicago,2008,p90,desvio,perceptron_multicamadas,358.21666666666664,364.1404807675321,351.7075
chicago,2009,p90,desvio,perceptron_multicamadas,339.1666666666667,337.8390064539809,353.0916666666667
chicago,2010,p90,desvio,perceptron_multicamadas,358.8666666666667,357.36104230936775,351.7075
chicago,2011,p90,desvio,perceptron_multicamadas,354.1,365.9841446199865,351.7075
chicago,2012,p90,desvio,perceptron_multicamadas,346.1666666666667,337.5194277426788,353.0916666666667
chicago,2013,p90,desvio,perceptron_multicamadas,346.09666666666675,346.1492582534212,353.0916666666667
chicago,2014,p90,desvio,perceptron_multicamadas,350.36,348.4258305549407,353.0916666666667
chicago,2015,p90,desvio,perceptron_multicamadas,350.6483333333333,360.1415842772493,353.0916666666667
chicago,2016,p90,desvio,perceptron_multicamadas,352.76666666666665,347.9753316732027,352.0325
chicago,2017,p90,desvio,perceptron_multicamadas,371.3666666666667,355.71702618441816,351.7075
chicago,2018,p90,desvio,perceptron_multicamadas,354.53333333333336,358.05294321529124,351.7075
chicago,2019,p90,desvio,perceptron_multicamadas,353.89166666666665,346.34552486167667,351.7075
chicago,2022,p90,desvio,perceptron_multicamadas,355.51000000000005,363.93034880747666,351.7075
chicago,2023,p90,desvio,perceptron_multicamadas,346.8,363.00466052471353,353.0916666666667
durban,2022,p90,desvio,perceptron_multicamadas,299.9433333333334,293.87272773202443,309.50166666666667
durban,2024,p90,desvio,perceptron_multicamadas,309.88666666666666,338.48501938734154,304.53000000000003
durban,2025,p90,desvio,perceptron_multicamadas,309.1166666666667,294.19802447990315,304.915
honolulu,2005,p90,desvio,perceptron_multicamadas,468.27333333333337,466.3525937336707,489.41833333333335
honolulu,2006,p90,desvio,perceptron_multicamadas,472.5666666666666,458.71320092709,489.41833333333335
honolulu,2007,p90,desvio,perceptron_multicamadas,486.6,495.05957857259114,486.72666666666663
honolulu,2008,p90,desvio,perceptron_multicamadas,481.03,452.3692002648663,489.41833333333335
honolulu,2009,p90,desvio,perceptron_multicamadas,474.8333333333333,513.5987350776585,489.41833333333335
honolulu,2010,p90,desvio,perceptron_multicamadas,481.2166666666666,485.1991967020495,489.41833333333335
honolulu,2011,p90,desvio,perceptron_multicamadas,473.62000000000006,472.3415363437775,489.41833333333335
honolulu,2012,p90,desvio,perceptron_multicamadas,457.76666666666665,487.55605571408097,489.41833333333335
honolulu,2013,p90,desvio,perceptron_multicamadas,506.36,512.335983629904,483.9083333333333
honolulu,2014,p90,desvio,perceptron_multicamadas,492.2366666666667,493.25172437963016,483.9083333333333
honolulu,2015,p90,desvio,perceptron_multicamadas,510.0,503.5877634366325,483.9083333333333
honolulu,2016,p90,desvio,perceptron_multicamadas,525.2,513.7565313904073,483.9083333333333
honolulu,2017,p90,desvio,perceptron_multicamadas,510.5083333333333,494.10291222580224,483.9083333333333
honolulu,2018,p90,desvio,perceptron_multicamadas,510.98333333333335,494.324792157035,483.9083333333333
honolulu,2019,p90,desvio,perceptron_multicamadas,528.2499999999999,511.8920966111367,483.9083333333333
long_beach,2010,p90,desvio,perceptron_multicamadas,371.4916666666667,357.28588251629037,381.15
long_beach,2011,p90,desvio,perceptron_multicamadas,389.2266666666666,375.5273023180254,379.8033333333334
long_beach,2012,p90,desvio,perceptron_multicamadas,402.7183333333333,378.2761763060514,379.8033333333334
long_beach,2013,p90,desvio,perceptron_multicamadas,357.7216666666667,376.4009993791347,381.15
long_beach,2014,p90,desvio,perceptron_multicamadas,376.125,391.40051605465777,381.15
long_beach,2015,p90,desvio,perceptron_multicamadas,407.7483333333333,416.08366263741374,379.8033333333334
long_beach,2016,p90,desvio,perceptron_multicamadas,381.15,400.40377415849383,379.8033333333334
long_beach,2017,p90,desvio,perceptron_multicamadas,381.47333333333336,375.69470780807194,379.8033333333334
long_beach,2018,p90,desvio,perceptron_multicamadas,378.7733333333333,381.49056300270774,381.15
long_beach,2019,p90,desvio,perceptron_multicamadas,379.8033333333334,381.0767075890363,381.15
maui,2010,p90,desvio,perceptron_multicamadas,397.995,391.8890687778242,402.3883333333333
maui,2011,p90,desvio,perceptron_multicamadas,395.47,411.4869865972754,402.3883333333333
maui,2012,p90,desvio,perceptron_multicamadas,399.0833333333333,408.95211320688185,401.84416666666664
maui,2013,p90,desvio,perceptron_multicamadas,412.0866666666667,397.716750041176,398.5391666666667
maui,2014,p90,desvio,perceptron_multicamadas,405.6933333333333,384.3811662031553,398.5391666666667
nyc,2005,p90,desvio,perceptron_multicamadas,351.06666666666666,338.48831187987116,348.45
nyc,2006,p90,desvio,perceptron_multicamadas,332.6666666666667,329.04238328556073,350.2166666666667
nyc,2007,p90,desvio,perceptron_multicamadas,334.6333333333333,341.3589726158592,350.2166666666667
nyc,2008,p90,desvio,perceptron_multicamadas,333.51666666666665,328.42422842233424,350.2166666666667
nyc,2009,p90,desvio,perceptron_multicamadas,332.14500000000004,349.0926346910435,350.2166666666667
nyc,2010,p90,desvio,perceptron_multicamadas,337.1766666666667,341.62139676394077,350.2166666666667
nyc,2011,p90,desvio,perceptron_multicamadas,336.5,347.8367002718649,350.2166666666667
nyc,2013,p90,desvio,perceptron_multicamadas,337.24333333333334,340.4569194122711,350.2166666666667
nyc,2014,p90,desvio,perceptron_multicamadas,347.4,342.37792263041274,350.2166666666667
nyc,2015,p90,desvio,perceptron_multicamadas,350.93333333333334,346.4435662358252,348.45
nyc,2016,p90,desvio,perceptron_multicamadas,349.5,346.02787336413434,349.16666666666663
nyc,2017,p90,desvio,perceptron_multicamadas,352.28333333333336,352.30437907044796,348.45
nyc,2018,p90,desvio,perceptron_multicamadas,355.5,340.27420452540343,348.45
nyc,2019,p90,desvio,perceptron_multicamadas,354.5833333333333,348.5012599860094,348.45
nyc,2022,p90,desvio,perceptron_multicamadas,369.965,375.0903397770195,348.45
nyc,2023,p90,desvio,perceptron_multicamadas,361.55,356.8558939411319,348.45
nyc,2024,p90,desvio,perceptron_multicamadas,353.02666666666664,360.33030490489864,348.45
rio,2023,p90,desvio,perceptron_multicamadas,321.08,302.67617979506497,313.64916666666664
rio,2024,p90,desvio,perceptron_multicamadas,316.3983333333333,322.58748379894723,315.99
rio,2025,p90,desvio,perceptron_multicamadas,310.9,327.196412191711,318.7391666666666
savannah,2011,p90,desvio,perceptron_multicamadas,345.26166666666666,360.51909192366566,355.3283333333333
savannah,2012,p90,desvio,perceptron_multicamadas,348.7,366.82246798127284,355.3283333333333
savannah,2013,p90,desvio,perceptron_multicamadas,351.2233333333335,351.36715934622856,355.3283333333333
savannah,2014,p90,desvio,perceptron_multicamadas,351.26666666666665,350.6329821464958,355.30666666666673
savannah,2015,p90,desvio,perceptron_multicamadas,295.45,365.55500337603326,355.3283333333333
savannah,2016,p90,desvio,perceptron_multicamadas,373.2,354.58617375755705,351.2450000000001
savannah,2017,p90,desvio,perceptron_multicamadas,389.7633333333333,335.72505128434665,351.2450000000001
savannah,2018,p90,desvio,perceptron_multicamadas,360.43,363.5792164612413,351.2450000000001
savannah,2019,p90,desvio,perceptron_multicamadas,359.39,353.02553008516185,351.2450000000001
singapore,2014,p90,desvio,perceptron_multicamadas,445.6666666666667,439.98500663821073,437.84
singapore,2015,p90,desvio,perceptron_multicamadas,452.0266666666667,445.070877189406,437.84
singapore,2016,p90,desvio,perceptron_multicamadas,444.565,442.9717500840757,437.84
singapore,2017,p90,desvio,perceptron_multicamadas,443.38666666666666,439.73289328982486,437.84
singapore,2018,p90,desvio,perceptron_multicamadas,424.31666666666666,435.8975551392332,443.38666666666666
singapore,2019,p90,desvio,perceptron_multicamadas,437.84,504.2351044783689,443.38666666666666
singapore,2022,p90,desvio,perceptron_multicamadas,420.5,432.8510572634139,443.38666666666666
singapore,2023,p90,desvio,perceptron_multicamadas,418.4266666666666,419.6189040112966,443.38666666666666
