maratona,ano,alvo,familia,celula,real_min,pred_min,ref_min
berlin,2005,p10,ridge,E,199.36666666666667,198.295836762188,196.69333333333333
berlin,2006,p10,ridge,E,203.75333333333336,198.03670855026144,196.69333333333333
berlin,2007,p10,ridge,E,197.9,198.07902517697136,196.69333333333333
berlin,2008,p10,ridge,E,196.81833333333333,198.06912796524978,196.83416666666665
berlin,2009,p10,ridge,E,200.6,197.71049545837582,196.69333333333333
berlin,2010,p10,ridge,E,197.1,197.6733864161104,196.69333333333333
berlin,2011,p10,ridge,E,198.0,197.51958768840063,196.69333333333333
berlin,2012,p10,ridge,E,196.2333333333333,197.64273078615315,196.95916666666665
berlin,2013,p10,ridge,E,195.5,197.51382118403077,196.95916666666665
berlin,2014,p10,ridge,E,195.6833333333333,197.37552686852194,196.95916666666665
berlin,2015,p10,ridge,E,193.76666666666668,197.27146919860886,196.95916666666665
berlin,2016,p10,ridge,E,196.36666666666667,197.09365470862602,196.95916666666665
berlin,2017,p10,ridge,E,196.56833333333333,196.94944991249147,196.95916666666665
berlin,2018,p10,ridge,E,198.165,196.53538516299926,196.69333333333333
berlin,2019,p10,ridge,E,186.31666666666663,196.91570105099694,196.95916666666665
boston,2005,p10,ridge,E,194.045,188.52911036657213,187.51
boston,2006,p10,ridge,E,188.60166666666663,188.69132680871883,187.51
boston,2007,p10,ridge,E,191.035,188.43287921132017,187.51
boston,2008,p10,ridge,E,188.58333333333331,188.39894746491802,187.51
boston,2009,p10,ridge,E,187.4333333333333,188.5372310413057,188.08499999999998
boston,2010,p10,ridge,E,187.58666666666667,188.36667802865526,188.00833333333333
boston,2011,p10,ridge,E,186.8,188.29772099897983,188.08499999999998
boston,2012,p10,ridge,E,203.03333333333333,187.23362101967874,187.51
boston,2013,p10,ridge,E,181.22833333333327,188.2771373224213,188.08499999999998
boston,2014,p10,ridge,E,184.78333333333333,187.9718294692815,188.08499999999998
boston,2015,p10,ridge,E,180.06166666666667,188.0562378434607,188.08499999999998
boston,2016,p10,ridge,E,188.6833333333333,187.3055077471174,187.51
boston,2017,p10,ridge,E,189.18166666666667,187.14889544364445,187.51
boston,2018,p10,ridge,E,185.35,187.42886818079788,188.08499999999998
boston,2019,p10,ridge,E,180.2333333333333,187.55962512291518,188.08499999999998
chicago,2005,p10,ridge,E,208.26666666666668,209.01653243216037,207.3
chicago,2006,p10,ridge,E,204.55,209.42656053935738,207.825
chicago,2007,p10,ridge,E,230.4833333333333,208.2655946813902,207.3
chicago,2008,p10,ridge,E,219.47333333333333,208.41389258045317,207.3
chicago,2009,p10,ridge,E,206.08,208.9296298837036,207.825
chicago,2010,p10,ridge,E,214.95,208.23665784897943,207.3
chicago,2011,p10,ridge,E,213.9833333333333,208.1202026902581,207.3
chicago,2012,p10,ridge,E,208.13333333333333,208.06330175988023,207.3
chicago,2013,p10,ridge,E,208.6,207.93984547098964,207.3
chicago,2014,p10,ridge,E,206.61666666666667,208.25514503955227,207.825
chicago,2015,p10,ridge,E,207.51666666666668,207.9333759056932,207.60833333333332
chicago,2016,p10,ridge,E,207.08333333333331,207.9804725530434,207.825
chicago,2017,p10,ridge,E,211.21666666666667,207.35485215267738,207.3
chicago,2018,p10,ridge,E,204.05,207.75493437168532,207.825
chicago,2019,p10,ridge,E,198.275,207.73848977551432,207.825
chicago,2022,p10,ridge,E,197.0233333333333,207.4270538643946,207.825
chicago,2023,p10,ridge,E,189.16666666666663,207.54638559058097,207.825
durban,2022,p10,ridge,E,172.715,183.6114590146793,184.31583333333333
durban,2024,p10,ridge,E,178.435,180.45815220388067,181.45583333333332
durban,2025,p10,ridge,E,190.19666666666663,174.38880687827668,175.575
honolulu,2005,p10,ridge,E,244.23,256.55238259806595,254.475
honolulu,2006,p10,ridge,E,248.12333333333336,256.23633164215187,254.475
honolulu,2007,p10,ridge,E,250.9,255.9892796688427,254.475
honolulu,2008,p10,ridge,E,250.04333333333332,255.86467630942784,254.475
honolulu,2009,p10,ridge,E,247.7333333333333,255.77923375114958,254.475
honolulu,2010,p10,ridge,E,252.80666666666667,255.5060439389021,254.475
honolulu,2011,p10,ridge,E,250.38666666666668,255.4250115781415,254.475
honolulu,2012,p10,ridge,E,254.75,254.51126974336574,253.50333333333333
honolulu,2013,p10,ridge,E,259.3333333333333,254.28270570607586,253.50333333333333
honolulu,2014,p10,ridge,E,254.2,254.4426757960535,253.77833333333334
honolulu,2015,p10,ridge,E,262.9,253.93039789338883,253.50333333333333
honolulu,2016,p10,ridge,E,263.925,253.7711393844067,253.50333333333333
honolulu,2017,p10,ridge,E,260.9333333333333,253.69246151437585,253.50333333333333
honolulu,2018,p10,ridge,E,265.81666666666666,253.44455834260177,253.50333333333333
honolulu,2019,p10,ridge,E,266.63666666666666,253.27256115937263,253.50333333333333
long_beach,2010,p10,ridge,E,222.5,221.80029932172278,220.70666666666668
long_beach,2011,p10,ridge,E,224.55666666666667,221.62380058620695,220.70666666666668
long_beach,2012,p10,ridge,E,228.29666666666668,221.4435901060985,220.70666666666668
long_beach,2013,p10,ridge,E,217.44166666666663,223.06787675747955,222.5
long_beach,2014,p10,ridge,E,222.60833333333332,221.26590930817824,220.70666666666668
long_beach,2015,p10,ridge,E,233.96833333333333,220.99658139507892,220.70666666666668
long_beach,2016,p10,ridge,E,216.85,222.67066531096043,222.5
long_beach,2017,p10,ridge,E,220.58333333333331,222.48365127770322,222.5
long_beach,2018,p10,ridge,E,220.70666666666668,222.34601737023223,222.5
long_beach,2019,p10,ridge,E,216.04666666666665,222.31184232760637,222.5
maui,2010,p10,ridge,E,232.64666666666668,235.42071189781277,234.515
maui,2011,p10,ridge,E,233.88,234.68754603986767,233.89833333333334
maui,2012,p10,ridge,E,227.85666666666663,235.24055385245975,234.515
maui,2013,p10,ridge,E,235.15,233.825870839958,233.26333333333332
maui,2014,p10,ridge,E,239.25666666666663,233.6129405034691,233.26333333333332
nyc,2005,p10,ridge,E,217.06166666666667,210.03827663920532,208.43666666666667
nyc,2006,p10,ridge,E,208.05,210.80619245652818,209.24416666666667
nyc,2007,p10,ridge,E,208.8,210.34340014923396,208.88083333333333
nyc,2008,p10,ridge,E,205.88333333333333,210.55581724698465,209.24416666666667
nyc,2009,p10,ridge,E,206.47166666666664,210.3991313601503,209.24416666666667
nyc,2010,p10,ridge,E,208.07333333333332,210.24650895757972,209.24416666666667
nyc,2011,p10,ridge,E,207.0283333333333,210.12309761998858,209.24416666666667
nyc,2013,p10,ridge,E,210.60666666666668,209.14102877289798,208.43666666666667
nyc,2014,p10,ridge,E,213.27166666666668,208.97946557453415,208.43666666666667
nyc,2015,p10,ridge,E,214.6,208.83114910866968,208.43666666666667
nyc,2016,p10,ridge,E,213.21666666666667,208.72051941601708,208.43666666666667
nyc,2017,p10,ridge,E,211.06666666666663,208.60734460285465,208.43666666666667
nyc,2018,p10,ridge,E,209.68833333333333,208.48746503020874,208.43666666666667
nyc,2019,p10,ridge,E,206.81666666666663,209.06997893851582,209.24416666666667
nyc,2022,p10,ridge,E,218.76666666666668,207.74008410241768,208.43666666666667
nyc,2023,p10,ridge,E,207.58333333333331,208.53112317229244,209.24416666666667
nyc,2024,p10,ridge,E,201.9,208.554330191999,209.24416666666667
rio,2023,p10,ridge,E,203.44333333333333,202.44768367875915,203.0975
rio,2024,p10,ridge,E,201.26833333333332,203.39759364421303,204.185
rio,2025,p10,ridge,E,204.92666666666668,201.38957477749278,202.35583333333332
savannah,2011,p10,ridge,E,217.8583333333333,219.97176012124962,219.05749999999998
savannah,2012,p10,ridge,E,218.7083333333333,219.78936189800078,219.01833333333332
savannah,2013,p10,ridge,E,218.63,219.7001568590996,219.05749999999998
savannah,2014,p10,ridge,E,219.40666666666667,219.20276979828398,218.66916666666663
savannah,2015,p10,ridge,E,210.08333333333331,219.52666642263415,219.05749999999998
savannah,2016,p10,ridge,E,226.24666666666667,218.8586733153263,218.66916666666663
savannah,2017,p10,ridge,E,232.57666666666668,218.6435608743999,218.66916666666663
savannah,2018,p10,ridge,E,216.58,219.0564611567027,219.05749999999998
savannah,2019,p10,ridge,E,220.29666666666665,218.51567462541178,218.66916666666663
singapore,2014,p10,ridge,E,268.43333333333334,262.7406808672523,262.2683333333333
singapore,2015,p10,ridge,E,271.78000000000003,262.55116259881135,262.2683333333333
singapore,2016,p10,ridge,E,262.2683333333333,263.0613474309536,262.8066666666667
singapore,2017,p10,ridge,E,262.8066666666667,262.4517225557695,262.2683333333333
singapore,2018,p10,ridge,E,259.71666666666664,262.8429877097769,262.8066666666667
singapore,2019,p10,ridge,E,269.0566666666666,262.06296074456935,262.2683333333333
singapore,2022,p10,ridge,E,238.2,262.90290598628917,262.8066666666667
singapore,2023,p10,ridge,E,246.69666666666663,262.5748082164334,262.8066666666667
berlin,2005,p10,ridge,E+C,199.36666666666667,200.88328357694635,196.69333333333333
berlin,2006,p10,ridge,E+C,203.75333333333336,202.20952741969748,196.69333333333333
berlin,2007,p10,ridge,E+C,197.9,196.95390311053583,196.69333333333333
berlin,2008,p10,ridge,E+C,196.81833333333333,197.82911876290913,196.83416666666665
berlin,2009,p10,ridge,E+C,200.6,201.21054552800555,196.69333333333333
berlin,2010,p10,ridge,E+C,197.1,192.45030720143677,196.69333333333333
berlin,2011,p10,ridge,E+C,198.0,199.7661180968442,196.69333333333333
berlin,2012,p10,ridge,E+C,196.2333333333333,197.06729957837538,196.95916666666665
berlin,2013,p10,ridge,E+C,195.5,197.77744966077262,196.95916666666665
berlin,2014,p10,ridge,E+C,195.6833333333333,198.965604799107,196.95916666666665
berlin,2015,p10,ridge,E+C,193.76666666666668,198.18463346454212,196.95916666666665
berlin,2016,p10,ridge,E+C,196.36666666666667,200.70145192111286,196.95916666666665
berlin,2017,p10,ridge,E+C,196.56833333333333,198.60274115451085,196.95916666666665
berlin,2018,p10,ridge,E+C,198.165,197.47314656968243,196.69333333333333
berlin,2019,p10,ridge,E+C,186.31666666666663,195.72790246303165,196.95916666666665
boston,2005,p10,ridge,E+C,194.045,189.6479422244636,187.51
boston,2006,p10,ridge,E+C,188.60166666666663,187.57407570621788,187.51
boston,2007,p10,ridge,E+C,191.035,185.31735987325675,187.51
boston,2008,p10,ridge,E+C,188.58333333333331,188.65208147548574,187.51
boston,2009,p10,ridge,E+C,187.4333333333333,186.7250356933331,188.08499999999998
boston,2010,p10,ridge,E+C,187.58666666666667,185.96037487823693,188.00833333333333
boston,2011,p10,ridge,E+C,186.8,188.02871973640114,188.08499999999998
boston,2012,p10,ridge,E+C,203.03333333333333,191.0801939004811,187.51
boston,2013,p10,ridge,E+C,181.22833333333327,188.44478596624234,188.08499999999998
boston,2014,p10,ridge,E+C,184.78333333333333,189.59001030632731,188.08499999999998
boston,2015,p10,ridge,E+C,180.06166666666667,183.16957106732707,188.08499999999998
boston,2016,p10,ridge,E+C,188.6833333333333,188.63955628235453,187.51
boston,2017,p10,ridge,E+C,189.18166666666667,189.13785472049165,187.51
boston,2018,p10,ridge,E+C,185.35,168.3074803126023,188.08499999999998
boston,2019,p10,ridge,E+C,180.2333333333333,187.0449323777978,188.08499999999998
chicago,2005,p10,ridge,E+C,208.26666666666668,208.7302313377759,207.3
chicago,2006,p10,ridge,E+C,204.55,202.71682189912707,207.825
chicago,2007,p10,ridge,E+C,230.4833333333333,210.3251040210349,207.3
chicago,2008,p10,ridge,E+C,219.47333333333333,212.16224401276182,207.3
chicago,2009,p10,ridge,E+C,206.08,204.3609181363421,207.825
chicago,2010,p10,ridge,E+C,214.95,211.70646657902748,207.3
chicago,2011,p10,ridge,E+C,213.9833333333333,210.88968678533172,207.3
chicago,2012,p10,ridge,E+C,208.13333333333333,203.770723408415,207.3
chicago,2013,p10,ridge,E+C,208.6,207.42448149954652,207.3
chicago,2014,p10,ridge,E+C,206.61666666666667,207.43859487495385,207.825
chicago,2015,p10,ridge,E+C,207.51666666666668,209.12591542160328,207.60833333333332
chicago,2016,p10,ridge,E+C,207.08333333333331,208.2305013415424,207.825
chicago,2017,p10,ridge,E+C,211.21666666666667,209.09756816105764,207.3
chicago,2018,p10,ridge,E+C,204.05,202.9612260553297,207.825
chicago,2019,p10,ridge,E+C,198.275,203.78954133553904,207.825
chicago,2022,p10,ridge,E+C,197.0233333333333,208.23459608983947,207.825
chicago,2023,p10,ridge,E+C,189.16666666666663,204.47902169455145,207.825
durban,2022,p10,ridge,E+C,172.715,184.20025130953283,184.31583333333333
durban,2024,p10,ridge,E+C,178.435,183.4587407273802,181.45583333333332
durban,2025,p10,ridge,E+C,190.19666666666663,176.07866853299493,175.575
honolulu,2005,p10,ridge,E+C,244.23,257.78588951202363,254.475
honolulu,2006,p10,ridge,E+C,248.12333333333336,257.747072783606,254.475
honolulu,2007,p10,ridge,E+C,250.9,255.73709594176174,254.475
honolulu,2008,p10,ridge,E+C,250.04333333333332,253.57770395441366,254.475
honolulu,2009,p10,ridge,E+C,247.7333333333333,257.0423616041421,254.475
honolulu,2010,p10,ridge,E+C,252.80666666666667,255.39167830859466,254.475
honolulu,2011,p10,ridge,E+C,250.38666666666668,255.36323977020984,254.475
honolulu,2012,p10,ridge,E+C,254.75,255.97618599367277,253.50333333333333
honolulu,2013,p10,ridge,E+C,259.3333333333333,255.39281713602918,253.50333333333333
honolulu,2014,p10,ridge,E+C,254.2,255.23221850071192,253.77833333333334
honolulu,2015,p10,ridge,E+C,262.9,254.48769595198837,253.50333333333333
honolulu,2016,p10,ridge,E+C,263.925,254.11245156478932,253.50333333333333
honolulu,2017,p10,ridge,E+C,260.9333333333333,254.51241687265497,253.50333333333333
honolulu,2018,p10,ridge,E+C,265.81666666666666,254.2409631063799,253.50333333333333
honolulu,2019,p10,ridge,E+C,266.63666666666666,253.7071568935166,253.50333333333333
long_beach,2010,p10,ridge,E+C,222.5,220.7355489516354,220.70666666666668
long_beach,2011,p10,ridge,E+C,224.55666666666667,221.76311090508023,220.70666666666668
long_beach,2012,p10,ridge,E+C,228.29666666666668,221.88943413784938,220.70666666666668
long_beach,2013,p10,ridge,E+C,217.44166666666663,221.70532442665808,222.5
long_beach,2014,p10,ridge,E+C,222.60833333333332,221.64786042090805,220.70666666666668
long_beach,2015,p10,ridge,E+C,233.96833333333333,223.90040156582103,220.70666666666668
long_beach,2016,p10,ridge,E+C,216.85,224.27382570616584,222.5
long_beach,2017,p10,ridge,E+C,220.58333333333331,222.46390769734347,222.5
long_beach,2018,p10,ridge,E+C,220.70666666666668,222.3397266229947,222.5
long_beach,2019,p10,ridge,E+C,216.04666666666665,221.738908187362,222.5
maui,2010,p10,ridge,E+C,232.64666666666668,235.7573293107951,234.515
maui,2011,p10,ridge,E+C,233.88,236.0196091221097,233.89833333333334
maui,2012,p10,ridge,E+C,227.85666666666663,236.27958057462678,234.515
maui,2013,p10,ridge,E+C,235.15,235.13639976252614,233.26333333333332
maui,2014,p10,ridge,E+C,239.25666666666663,232.54120487086723,233.26333333333332
nyc,2005,p10,ridge,E+C,217.06166666666667,211.54178225349023,208.43666666666667
nyc,2006,p10,ridge,E+C,208.05,209.1085443659855,209.24416666666667
nyc,2007,p10,ridge,E+C,208.8,208.89244255261724,208.88083333333333
nyc,2008,p10,ridge,E+C,205.88333333333333,208.09047600047163,209.24416666666667
nyc,2009,p10,ridge,E+C,206.47166666666664,209.78252490683005,209.24416666666667
nyc,2010,p10,ridge,E+C,208.07333333333332,207.55505068317547,209.24416666666667
nyc,2011,p10,ridge,E+C,207.0283333333333,208.32999312029696,209.24416666666667
nyc,2013,p10,ridge,E+C,210.60666666666668,207.39411575192645,208.43666666666667
nyc,2014,p10,ridge,E+C,213.27166666666668,205.7032356840533,208.43666666666667
nyc,2015,p10,ridge,E+C,214.6,207.9493722550116,208.43666666666667
nyc,2016,p10,ridge,E+C,213.21666666666667,208.34308604103674,208.43666666666667
nyc,2017,p10,ridge,E+C,211.06666666666663,207.7614647542579,208.43666666666667
nyc,2018,p10,ridge,E+C,209.68833333333333,207.3526951086491,208.43666666666667
nyc,2019,p10,ridge,E+C,206.81666666666663,206.9540742484795,209.24416666666667
nyc,2022,p10,ridge,E+C,218.76666666666668,209.08493353446687,208.43666666666667
nyc,2023,p10,ridge,E+C,207.58333333333331,209.71697146840853,209.24416666666667
nyc,2024,p10,ridge,E+C,201.9,207.21026511323635,209.24416666666667
rio,2023,p10,ridge,E+C,203.44333333333333,203.58159368280263,203.0975
rio,2024,p10,ridge,E+C,201.26833333333332,203.87830090469615,204.185
rio,2025,p10,ridge,E+C,204.92666666666668,202.12051826055855,202.35583333333332
savannah,2011,p10,ridge,E+C,217.8583333333333,219.67436441018629,219.05749999999998
savannah,2012,p10,ridge,E+C,218.7083333333333,221.58419424878167,219.01833333333332
savannah,2013,p10,ridge,E+C,218.63,220.96902162742677,219.05749999999998
savannah,2014,p10,ridge,E+C,219.40666666666667,220.00836313448946,218.66916666666663
savannah,2015,p10,ridge,E+C,210.08333333333331,221.5985758255077,219.05749999999998
savannah,2016,p10,ridge,E+C,226.24666666666667,219.97505216751668,218.66916666666663
savannah,2017,p10,ridge,E+C,232.57666666666668,221.02111756515743,218.66916666666663
savannah,2018,p10,ridge,E+C,216.58,219.4776230525099,219.05749999999998
savannah,2019,p10,ridge,E+C,220.29666666666665,216.5446243012478,218.66916666666663
singapore,2014,p10,ridge,E+C,268.43333333333334,261.8758906710379,262.2683333333333
singapore,2015,p10,ridge,E+C,271.78000000000003,262.3018790604746,262.2683333333333
singapore,2016,p10,ridge,E+C,262.2683333333333,263.0050520782567,262.8066666666667
singapore,2017,p10,ridge,E+C,262.8066666666667,261.71534538509525,262.2683333333333
singapore,2018,p10,ridge,E+C,259.71666666666664,261.951007621748,262.8066666666667
singapore,2019,p10,ridge,E+C,269.0566666666666,251.8904069432099,262.2683333333333
singapore,2022,p10,ridge,E+C,238.2,263.2473295760627,262.8066666666667
singapore,2023,p10,ridge,E+C,246.69666666666663,261.5165288501469,262.8066666666667
berlin,2005,p10,ridge,E+S,199.36666666666667,197.79295336498242,196.69333333333333
berlin,2006,p10,ridge,E+S,203.75333333333336,197.49915197934743,196.69333333333333
berlin,2007,p10,ridge,E+S,197.9,197.61778168896106,196.69333333333333
berlin,2008,p10,ridge,E+S,196.81833333333333,197.61706782896005,196.83416666666665
berlin,2009,p10,ridge,E+S,200.6,197.22047952012508,196.69333333333333
berlin,2010,p10,ridge,E+S,197.1,197.27417688063196,196.69333333333333
berlin,2011,p10,ridge,E+S,198.0,197.1301725751425,196.69333333333333
berlin,2012,p10,ridge,E+S,196.2333333333333,197.24398557893483,196.95916666666665
berlin,2013,p10,ridge,E+S,195.5,197.16124679604602,196.95916666666665
berlin,2014,p10,ridge,E+S,195.6833333333333,197.00283819170525,196.95916666666665
berlin,2015,p10,ridge,E+S,193.76666666666668,196.93349738014945,196.95916666666665
berlin,2016,p10,ridge,E+S,196.36666666666667,196.77177223670947,196.95916666666665
berlin,2017,p10,ridge,E+S,196.56833333333333,196.69468515051375,196.95916666666665
berlin,2018,p10,ridge,E+S,198.165,196.35124026396127,196.69333333333333
berlin,2019,p10,ridge,E+S,186.31666666666663,196.43511290755404,196.95916666666665
boston,2005,p10,ridge,E+S,194.045,188.44840569475366,187.51
boston,2006,p10,ridge,E+S,188.60166666666663,188.63506966392478,187.51
boston,2007,p10,ridge,E+S,191.035,188.39085138146308,187.51
boston,2008,p10,ridge,E+S,188.58333333333331,188.40059527740496,187.51
boston,2009,p10,ridge,E+S,187.4333333333333,188.53943620575564,188.08499999999998
boston,2010,p10,ridge,E+S,187.58666666666667,188.40458068217742,188.00833333333333
boston,2011,p10,ridge,E+S,186.8,188.34013632586942,188.08499999999998
boston,2012,p10,ridge,E+S,203.03333333333333,187.26724236511288,187.51
boston,2013,p10,ridge,E+S,181.22833333333327,188.34263762352796,188.08499999999998
boston,2014,p10,ridge,E+S,184.78333333333333,188.08993685873924,188.08499999999998
boston,2015,p10,ridge,E+S,180.06166666666667,188.19801701059643,188.08499999999998
boston,2016,p10,ridge,E+S,188.6833333333333,187.45299206863095,187.51
boston,2017,p10,ridge,E+S,189.18166666666667,187.2881831204569,187.51
boston,2018,p10,ridge,E+S,185.35,187.56871434122198,188.08499999999998
boston,2019,p10,ridge,E+S,180.2333333333333,187.70763217378405,188.08499999999998
chicago,2005,p10,ridge,E+S,208.26666666666668,209.13754578336471,207.3
chicago,2006,p10,ridge,E+S,204.55,209.5301136929135,207.825
chicago,2007,p10,ridge,E+S,230.4833333333333,208.28746793956682,207.3
chicago,2008,p10,ridge,E+S,219.47333333333333,208.5173696208868,207.3
chicago,2009,p10,ridge,E+S,206.08,209.03718492028332,207.825
chicago,2010,p10,ridge,E+S,214.95,208.37655292566424,207.3
chicago,2011,p10,ridge,E+S,213.9833333333333,208.23296707207498,207.3
chicago,2012,p10,ridge,E+S,208.13333333333333,208.24234257489462,207.3
chicago,2013,p10,ridge,E+S,208.6,208.11385391513645,207.3
chicago,2014,p10,ridge,E+S,206.61666666666667,208.40927194216826,207.825
chicago,2015,p10,ridge,E+S,207.51666666666668,208.12695652573737,207.60833333333332
chicago,2016,p10,ridge,E+S,207.08333333333331,208.145035817398,207.825
chicago,2017,p10,ridge,E+S,211.21666666666667,207.60805514075787,207.3
chicago,2018,p10,ridge,E+S,204.05,207.96519978416762,207.825
chicago,2019,p10,ridge,E+S,198.275,208.00789860861263,207.825
chicago,2022,p10,ridge,E+S,197.0233333333333,207.70436239777754,207.825
chicago,2023,p10,ridge,E+S,189.16666666666663,207.96491165342078,207.825
durban,2022,p10,ridge,E+S,172.715,183.13395636226,184.31583333333333
durban,2024,p10,ridge,E+S,178.435,179.85770909924852,181.45583333333332
durban,2025,p10,ridge,E+S,190.19666666666663,173.87389638330887,175.575
honolulu,2005,p10,ridge,E+S,244.23,256.7451276594591,254.475
honolulu,2006,p10,ridge,E+S,248.12333333333336,256.4291104971757,254.475
honolulu,2007,p10,ridge,E+S,250.9,256.19928325018276,254.475
honolulu,2008,p10,ridge,E+S,250.04333333333332,256.0637291520195,254.475
honolulu,2009,p10,ridge,E+S,247.7333333333333,256.02571262809965,254.475
honolulu,2010,p10,ridge,E+S,252.80666666666667,255.71901963288636,254.475
honolulu,2011,p10,ridge,E+S,250.38666666666668,255.62336302461122,254.475
honolulu,2012,p10,ridge,E+S,254.75,254.72655912250102,253.50333333333333
honolulu,2013,p10,ridge,E+S,259.3333333333333,254.48445935111937,253.50333333333333
honolulu,2014,p10,ridge,E+S,254.2,254.6646108983418,253.77833333333334
honolulu,2015,p10,ridge,E+S,262.9,254.14069378508464,253.50333333333333
honolulu,2016,p10,ridge,E+S,263.925,253.9697699333411,253.50333333333333
honolulu,2017,p10,ridge,E+S,260.9333333333333,253.90329514970267,253.50333333333333
honolulu,2018,p10,ridge,E+S,265.81666666666666,253.61437117985815,253.50333333333333
honolulu,2019,p10,ridge,E+S,266.63666666666666,253.43515969036252,253.50333333333333
long_beach,2010,p10,ridge,E+S,222.5,221.92983854962202,220.70666666666668
long_beach,2011,p10,ridge,E+S,224.55666666666667,221.72701615295713,220.70666666666668
long_beach,2012,p10,ridge,E+S,228.29666666666668,221.5194602601081,220.70666666666668
long_beach,2013,p10,ridge,E+S,217.44166666666663,223.11434356062165,222.5
long_beach,2014,p10,ridge,E+S,222.60833333333332,221.39841209124347,220.70666666666668
long_beach,2015,p10,ridge,E+S,233.96833333333333,221.0379670562948,220.70666666666668
long_beach,2016,p10,ridge,E+S,216.85,222.69470076309673,222.5
long_beach,2017,p10,ridge,E+S,220.58333333333331,222.44143810354313,222.5
long_beach,2018,p10,ridge,E+S,220.70666666666668,222.241351864672,222.5
long_beach,2019,p10,ridge,E+S,216.04666666666665,222.24480836325452,222.5
maui,2010,p10,ridge,E+S,232.64666666666668,235.74980045434,234.515
maui,2011,p10,ridge,E+S,233.88,235.05535230097115,233.89833333333334
maui,2012,p10,ridge,E+S,227.85666666666663,235.78233621666612,234.515
maui,2013,p10,ridge,E+S,235.15,234.09118308311946,233.26333333333332
maui,2014,p10,ridge,E+S,239.25666666666663,233.8992187852044,233.26333333333332
nyc,2005,p10,ridge,E+S,217.06166666666667,209.8453250988733,208.43666666666667
nyc,2006,p10,ridge,E+S,208.05,210.61095579498343,209.24416666666667
nyc,2007,p10,ridge,E+S,208.8,210.15851132986228,208.88083333333333
nyc,2008,p10,ridge,E+S,205.88333333333333,210.40215955938575,209.24416666666667
nyc,2009,p10,ridge,E+S,206.47166666666664,210.26835518230558,209.24416666666667
nyc,2010,p10,ridge,E+S,208.07333333333332,210.13009538047066,209.24416666666667
nyc,2011,p10,ridge,E+S,207.0283333333333,210.02851730766307,209.24416666666667
nyc,2013,p10,ridge,E+S,210.60666666666668,209.15490199957236,208.43666666666667
nyc,2014,p10,ridge,E+S,213.27166666666668,209.01985011501492,208.43666666666667
nyc,2015,p10,ridge,E+S,214.6,208.8984658023114,208.43666666666667
nyc,2016,p10,ridge,E+S,213.21666666666667,208.79327324882647,208.43666666666667
nyc,2017,p10,ridge,E+S,211.06666666666663,208.69212866816056,208.43666666666667
nyc,2018,p10,ridge,E+S,209.68833333333333,208.59395497691787,208.43666666666667
nyc,2019,p10,ridge,E+S,206.81666666666663,209.14057499568568,209.24416666666667
nyc,2022,p10,ridge,E+S,218.76666666666668,207.8335571400408,208.43666666666667
nyc,2023,p10,ridge,E+S,207.58333333333331,208.65552071915172,209.24416666666667
nyc,2024,p10,ridge,E+S,201.9,208.74615539387503,209.24416666666667
rio,2023,p10,ridge,E+S,203.44333333333333,202.1612689650106,203.0975
rio,2024,p10,ridge,E+S,201.26833333333332,203.24371532302672,204.185
rio,2025,p10,ridge,E+S,204.92666666666668,201.1629190945012,202.35583333333332
savannah,2011,p10,ridge,E+S,217.8583333333333,220.35349753227786,219.05749999999998
savannah,2012,p10,ridge,E+S,218.7083333333333,220.13658351511182,219.01833333333332
savannah,2013,p10,ridge,E+S,218.63,220.12105155041084,219.05749999999998
savannah,2014,p10,ridge,E+S,219.40666666666667,219.67776263477333,218.66916666666663
savannah,2015,p10,ridge,E+S,210.08333333333331,219.8913050455542,219.05749999999998
savannah,2016,p10,ridge,E+S,226.24666666666667,219.161517024402,218.66916666666663
savannah,2017,p10,ridge,E+S,232.57666666666668,218.82898691667899,218.66916666666663
savannah,2018,p10,ridge,E+S,216.58,219.50157915517443,219.05749999999998
savannah,2019,p10,ridge,E+S,220.29666666666665,218.8540909782005,218.66916666666663
singapore,2014,p10,ridge,E+S,268.43333333333334,262.08063880174353,262.2683333333333
singapore,2015,p10,ridge,E+S,271.78000000000003,261.8168599717694,262.2683333333333
singapore,2016,p10,ridge,E+S,262.2683333333333,262.5141757812569,262.8066666666667
singapore,2017,p10,ridge,E+S,262.8066666666667,261.9963420949825,262.2683333333333
singapore,2018,p10,ridge,E+S,259.71666666666664,262.37465264727473,262.8066666666667
singapore,2019,p10,ridge,E+S,269.0566666666666,261.57862426676684,262.2683333333333
singapore,2022,p10,ridge,E+S,238.2,262.82425467614104,262.8066666666667
singapore,2023,p10,ridge,E+S,246.69666666666663,262.3055589959878,262.8066666666667
berlin,2005,p10,gbm_histogramas,E,199.36666666666667,198.978111825793,196.69333333333333
berlin,2006,p10,gbm_histogramas,E,203.75333333333336,202.18105222557313,196.69333333333333
berlin,2007,p10,gbm_histogramas,E,197.9,202.4489035400154,196.69333333333333
berlin,2008,p10,gbm_histogramas,E,196.81833333333333,201.23805316556525,196.83416666666665
berlin,2009,p10,gbm_histogramas,E,200.6,194.43324359649665,196.69333333333333
berlin,2010,p10,gbm_histogramas,E,197.1,197.86068135923284,196.69333333333333
berlin,2011,p10,gbm_histogramas,E,198.0,200.32140492749056,196.69333333333333
berlin,2012,p10,gbm_histogramas,E,196.2333333333333,194.54157851734354,196.95916666666665
berlin,2013,p10,gbm_histogramas,E,195.5,193.9610812769386,196.95916666666665
berlin,2014,p10,gbm_histogramas,E,195.6833333333333,194.37618624478162,196.95916666666665
berlin,2015,p10,gbm_histogramas,E,193.76666666666668,195.41583964847112,196.95916666666665
berlin,2016,p10,gbm_histogramas,E,196.36666666666667,193.95052616776053,196.95916666666665
berlin,2017,p10,gbm_histogramas,E,196.56833333333333,201.54978972576282,196.95916666666665
berlin,2018,p10,gbm_histogramas,E,198.165,192.6681135344059,196.69333333333333
berlin,2019,p10,gbm_histogramas,E,186.31666666666663,186.14635705864387,196.95916666666665
boston,2005,p10,gbm_histogramas,E,194.045,186.7324911976231,187.51
boston,2006,p10,gbm_histogramas,E,188.60166666666663,197.09837135906713,187.51
boston,2007,p10,gbm_histogramas,E,191.035,190.4329473503147,187.51
boston,2008,p10,gbm_histogramas,E,188.58333333333331,187.99701112248513,187.51
boston,2009,p10,gbm_histogramas,E,187.4333333333333,183.0519848009106,188.08499999999998
boston,2010,p10,gbm_histogramas,E,187.58666666666667,189.75223788365918,188.00833333333333
boston,2011,p10,gbm_histogramas,E,186.8,197.37869239669962,188.08499999999998
boston,2012,p10,gbm_histogramas,E,203.03333333333333,183.8286104387226,187.51
boston,2013,p10,gbm_histogramas,E,181.22833333333327,192.86503020612878,188.08499999999998
boston,2014,p10,gbm_histogramas,E,184.78333333333333,183.2802784208541,188.08499999999998
boston,2015,p10,gbm_histogramas,E,180.06166666666667,187.34239954616768,188.08499999999998
boston,2016,p10,gbm_histogramas,E,188.6833333333333,182.92543124212082,187.51
boston,2017,p10,gbm_histogramas,E,189.18166666666667,198.40738891822411,187.51
boston,2018,p10,gbm_histogramas,E,185.35,186.4322876870918,188.08499999999998
boston,2019,p10,gbm_histogramas,E,180.2333333333333,183.5166067663943,188.08499999999998
chicago,2005,p10,gbm_histogramas,E,208.26666666666668,217.25011513444315,207.3
chicago,2006,p10,gbm_histogramas,E,204.55,206.39701326574237,207.825
chicago,2007,p10,gbm_histogramas,E,230.4833333333333,211.2616385440169,207.3
chicago,2008,p10,gbm_histogramas,E,219.47333333333333,205.68709702533934,207.3
chicago,2009,p10,gbm_histogramas,E,206.08,214.2080495326687,207.825
chicago,2010,p10,gbm_histogramas,E,214.95,209.7778513535365,207.3
chicago,2011,p10,gbm_histogramas,E,213.9833333333333,209.34927288852174,207.3
chicago,2012,p10,gbm_histogramas,E,208.13333333333333,213.6223961117222,207.3
chicago,2013,p10,gbm_histogramas,E,208.6,206.17709920962076,207.3
chicago,2014,p10,gbm_histogramas,E,206.61666666666667,210.16099559185213,207.825
chicago,2015,p10,gbm_histogramas,E,207.51666666666668,214.6502719834537,207.60833333333332
chicago,2016,p10,gbm_histogramas,E,207.08333333333331,207.09855527376033,207.825
chicago,2017,p10,gbm_histogramas,E,211.21666666666667,205.57860450365783,207.3
chicago,2018,p10,gbm_histogramas,E,204.05,207.73748618250252,207.825
chicago,2019,p10,gbm_histogramas,E,198.275,201.61193244564066,207.825
chicago,2022,p10,gbm_histogramas,E,197.0233333333333,193.76718126147026,207.825
chicago,2023,p10,gbm_histogramas,E,189.16666666666663,197.82925514572065,207.825
durban,2022,p10,gbm_histogramas,E,172.715,179.01475660961245,184.31583333333333
durban,2024,p10,gbm_histogramas,E,178.435,184.13834081285069,181.45583333333332
durban,2025,p10,gbm_histogramas,E,190.19666666666663,172.4083087314736,175.575
honolulu,2005,p10,gbm_histogramas,E,244.23,251.91337339570632,254.475
honolulu,2006,p10,gbm_histogramas,E,248.12333333333336,251.18777067926604,254.475
honolulu,2007,p10,gbm_histogramas,E,250.9,255.49756168476998,254.475
honolulu,2008,p10,gbm_histogramas,E,250.04333333333332,246.1508390052124,254.475
honolulu,2009,p10,gbm_histogramas,E,247.7333333333333,250.7152428278657,254.475
honolulu,2010,p10,gbm_histogramas,E,252.80666666666667,249.47949067086398,254.475
honolulu,2011,p10,gbm_histogramas,E,250.38666666666668,252.8131799422964,254.475
honolulu,2012,p10,gbm_histogramas,E,254.75,256.37808936488807,253.50333333333333
honolulu,2013,p10,gbm_histogramas,E,259.3333333333333,254.95990304028518,253.50333333333333
honolulu,2014,p10,gbm_histogramas,E,254.2,262.38710064274886,253.77833333333334
honolulu,2015,p10,gbm_histogramas,E,262.9,255.70215465559633,253.50333333333333
honolulu,2016,p10,gbm_histogramas,E,263.925,260.88631475545395,253.50333333333333
honolulu,2017,p10,gbm_histogramas,E,260.9333333333333,264.31995366755666,253.50333333333333
honolulu,2018,p10,gbm_histogramas,E,265.81666666666666,255.83191190704298,253.50333333333333
honolulu,2019,p10,gbm_histogramas,E,266.63666666666666,247.23788449381578,253.50333333333333
long_beach,2010,p10,gbm_histogramas,E,222.5,221.47215730493335,220.70666666666668
long_beach,2011,p10,gbm_histogramas,E,224.55666666666667,224.33040327015826,220.70666666666668
long_beach,2012,p10,gbm_histogramas,E,228.29666666666668,222.25015074439102,220.70666666666668
long_beach,2013,p10,gbm_histogramas,E,217.44166666666663,224.3064322741865,222.5
long_beach,2014,p10,gbm_histogramas,E,222.60833333333332,222.2998628203771,220.70666666666668
long_beach,2015,p10,gbm_histogramas,E,233.96833333333333,220.74770279951832,220.70666666666668
long_beach,2016,p10,gbm_histogramas,E,216.85,224.1206507547727,222.5
long_beach,2017,p10,gbm_histogramas,E,220.58333333333331,223.20038244063178,222.5
long_beach,2018,p10,gbm_histogramas,E,220.70666666666668,219.9785185546035,222.5
long_beach,2019,p10,gbm_histogramas,E,216.04666666666665,212.8245095465354,222.5
maui,2010,p10,gbm_histogramas,E,232.64666666666668,233.82552732206344,234.515
maui,2011,p10,gbm_histogramas,E,233.88,230.61879311726554,233.89833333333334
maui,2012,p10,gbm_histogramas,E,227.85666666666663,236.0810793587161,234.515
maui,2013,p10,gbm_histogramas,E,235.15,236.62723218490038,233.26333333333332
maui,2014,p10,gbm_histogramas,E,239.25666666666663,235.18095176291715,233.26333333333332
nyc,2005,p10,gbm_histogramas,E,217.06166666666667,205.88933091431588,208.43666666666667
nyc,2006,p10,gbm_histogramas,E,208.05,208.9683857669752,209.24416666666667
nyc,2007,p10,gbm_histogramas,E,208.8,212.05450146834139,208.88083333333333
nyc,2008,p10,gbm_histogramas,E,205.88333333333333,213.2596129040245,209.24416666666667
nyc,2009,p10,gbm_histogramas,E,206.47166666666664,212.30472106076414,209.24416666666667
nyc,2010,p10,gbm_histogramas,E,208.07333333333332,206.05337290787958,209.24416666666667
nyc,2011,p10,gbm_histogramas,E,207.0283333333333,214.48074569859577,209.24416666666667
nyc,2013,p10,gbm_histogramas,E,210.60666666666668,208.07669668937308,208.43666666666667
nyc,2014,p10,gbm_histogramas,E,213.27166666666668,210.1389424067,208.43666666666667
nyc,2015,p10,gbm_histogramas,E,214.6,209.80122090353055,208.43666666666667
nyc,2016,p10,gbm_histogramas,E,213.21666666666667,209.27042209346953,208.43666666666667
nyc,2017,p10,gbm_histogramas,E,211.06666666666663,215.5594829157912,208.43666666666667
nyc,2018,p10,gbm_histogramas,E,209.68833333333333,207.7064837589874,208.43666666666667
nyc,2019,p10,gbm_histogramas,E,206.81666666666663,212.1756918220857,209.24416666666667
nyc,2022,p10,gbm_histogramas,E,218.76666666666668,201.43454132013528,208.43666666666667
nyc,2023,p10,gbm_histogramas,E,207.58333333333331,207.53940193127588,209.24416666666667
nyc,2024,p10,gbm_histogramas,E,201.9,215.24499634620236,209.24416666666667
rio,2023,p10,gbm_histogramas,E,203.44333333333333,198.49217611377063,203.0975
rio,2024,p10,gbm_histogramas,E,201.26833333333332,188.96317685985525,204.185
rio,2025,p10,gbm_histogramas,E,204.92666666666668,209.62557020619175,202.35583333333332
savannah,2011,p10,gbm_histogramas,E,217.8583333333333,218.05100671565378,219.05749999999998
savannah,2012,p10,gbm_histogramas,E,218.7083333333333,221.00455101983374,219.01833333333332
savannah,2013,p10,gbm_histogramas,E,218.63,218.4814598487892,219.05749999999998
savannah,2014,p10,gbm_histogramas,E,219.40666666666667,216.65248315416542,218.66916666666663
savannah,2015,p10,gbm_histogramas,E,210.08333333333331,223.50323653126105,219.05749999999998
savannah,2016,p10,gbm_histogramas,E,226.24666666666667,225.61147059415777,218.66916666666663
savannah,2017,p10,gbm_histogramas,E,232.57666666666668,218.64588264390235,218.66916666666663
savannah,2018,p10,gbm_histogramas,E,216.58,219.00401254971544,219.05749999999998
savannah,2019,p10,gbm_histogramas,E,220.29666666666665,225.11703449711837,218.66916666666663
singapore,2014,p10,gbm_histogramas,E,268.43333333333334,266.7173362118447,262.2683333333333
singapore,2015,p10,gbm_histogramas,E,271.78000000000003,264.67968680476594,262.2683333333333
singapore,2016,p10,gbm_histogramas,E,262.2683333333333,271.4760950350662,262.8066666666667
singapore,2017,p10,gbm_histogramas,E,262.8066666666667,260.3910615719263,262.2683333333333
singapore,2018,p10,gbm_histogramas,E,259.71666666666664,273.8172251502476,262.8066666666667
singapore,2019,p10,gbm_histogramas,E,269.0566666666666,256.59507075383914,262.2683333333333
singapore,2022,p10,gbm_histogramas,E,238.2,265.88199395273404,262.8066666666667
singapore,2023,p10,gbm_histogramas,E,246.69666666666663,252.64641063563516,262.8066666666667
berlin,2005,p10,gbm_histogramas,E+C,199.36666666666667,201.00990924208693,196.69333333333333
berlin,2006,p10,gbm_histogramas,E+C,203.75333333333336,209.67737184018716,196.69333333333333
berlin,2007,p10,gbm_histogramas,E+C,197.9,198.20865648716452,196.69333333333333
berlin,2008,p10,gbm_histogramas,E+C,196.81833333333333,195.6903834189849,196.83416666666665
berlin,2009,p10,gbm_histogramas,E+C,200.6,199.6371742569928,196.69333333333333
berlin,2010,p10,gbm_histogramas,E+C,197.1,188.30921668420237,196.69333333333333
berlin,2011,p10,gbm_histogramas,E+C,198.0,200.63118352878357,196.69333333333333
berlin,2012,p10,gbm_histogramas,E+C,196.2333333333333,196.08550622728757,196.95916666666665
berlin,2013,p10,gbm_histogramas,E+C,195.5,195.6210180278999,196.95916666666665
berlin,2014,p10,gbm_histogramas,E+C,195.6833333333333,198.1789396807721,196.95916666666665
berlin,2015,p10,gbm_histogramas,E+C,193.76666666666668,196.63312059259215,196.95916666666665
berlin,2016,p10,gbm_histogramas,E+C,196.36666666666667,197.92671147867352,196.95916666666665
berlin,2017,p10,gbm_histogramas,E+C,196.56833333333333,200.38085478496586,196.95916666666665
berlin,2018,p10,gbm_histogramas,E+C,198.165,193.71882014337262,196.69333333333333
berlin,2019,p10,gbm_histogramas,E+C,186.31666666666663,195.09889167948205,196.95916666666665
boston,2005,p10,gbm_histogramas,E+C,194.045,187.3288853629989,187.51
boston,2006,p10,gbm_histogramas,E+C,188.60166666666663,186.55887654062343,187.51
boston,2007,p10,gbm_histogramas,E+C,191.035,188.15302283688976,187.51
boston,2008,p10,gbm_histogramas,E+C,188.58333333333331,186.72528023962286,187.51
boston,2009,p10,gbm_histogramas,E+C,187.4333333333333,185.64250998025392,188.08499999999998
boston,2010,p10,gbm_histogramas,E+C,187.58666666666667,185.0718046611238,188.00833333333333
boston,2011,p10,gbm_histogramas,E+C,186.8,187.70651976447866,188.08499999999998
boston,2012,p10,gbm_histogramas,E+C,203.03333333333333,196.18474421590744,187.51
boston,2013,p10,gbm_histogramas,E+C,181.22833333333327,189.5415946135738,188.08499999999998
boston,2014,p10,gbm_histogramas,E+C,184.78333333333333,188.7485049500502,188.08499999999998
boston,2015,p10,gbm_histogramas,E+C,180.06166666666667,184.88546009788286,188.08499999999998
boston,2016,p10,gbm_histogramas,E+C,188.6833333333333,189.16968084440035,187.51
boston,2017,p10,gbm_histogramas,E+C,189.18166666666667,191.1381033333214,187.51
boston,2018,p10,gbm_histogramas,E+C,185.35,176.81008568318668,188.08499999999998
boston,2019,p10,gbm_histogramas,E+C,180.2333333333333,179.1165419905479,188.08499999999998
chicago,2005,p10,gbm_histogramas,E+C,208.26666666666668,204.51838873831608,207.3
chicago,2006,p10,gbm_histogramas,E+C,204.55,207.71252366059122,207.825
chicago,2007,p10,gbm_histogramas,E+C,230.4833333333333,213.6046273550873,207.3
chicago,2008,p10,gbm_histogramas,E+C,219.47333333333333,213.17664681875718,207.3
chicago,2009,p10,gbm_histogramas,E+C,206.08,206.3187885996373,207.825
chicago,2010,p10,gbm_histogramas,E+C,214.95,215.46993005532576,207.3
chicago,2011,p10,gbm_histogramas,E+C,213.9833333333333,212.3070597261052,207.3
chicago,2012,p10,gbm_histogramas,E+C,208.13333333333333,205.91213703562522,207.3
chicago,2013,p10,gbm_histogramas,E+C,208.6,206.3308877639558,207.3
chicago,2014,p10,gbm_histogramas,E+C,206.61666666666667,206.68546928912735,207.825
chicago,2015,p10,gbm_histogramas,E+C,207.51666666666668,207.4150336964843,207.60833333333332
chicago,2016,p10,gbm_histogramas,E+C,207.08333333333331,207.40606633315207,207.825
chicago,2017,p10,gbm_histogramas,E+C,211.21666666666667,212.40452282862694,207.3
chicago,2018,p10,gbm_histogramas,E+C,204.05,207.40422043432605,207.825
chicago,2019,p10,gbm_histogramas,E+C,198.275,202.12451890751785,207.825
chicago,2022,p10,gbm_histogramas,E+C,197.0233333333333,203.1922039469656,207.825
chicago,2023,p10,gbm_histogramas,E+C,189.16666666666663,200.1967665711293,207.825
durban,2022,p10,gbm_histogramas,E+C,172.715,185.29575712437236,184.31583333333333
durban,2024,p10,gbm_histogramas,E+C,178.435,185.29530315224764,181.45583333333332
durban,2025,p10,gbm_histogramas,E+C,190.19666666666663,176.52071212821298,175.575
honolulu,2005,p10,gbm_histogramas,E+C,244.23,255.62121124994138,254.475
honolulu,2006,p10,gbm_histogramas,E+C,248.12333333333336,255.93873924404605,254.475
honolulu,2007,p10,gbm_histogramas,E+C,250.9,256.2048648685406,254.475
honolulu,2008,p10,gbm_histogramas,E+C,250.04333333333332,253.18986153666393,254.475
honolulu,2009,p10,gbm_histogramas,E+C,247.7333333333333,260.51893336483425,254.475
honolulu,2010,p10,gbm_histogramas,E+C,252.80666666666667,252.35947100242385,254.475
honolulu,2011,p10,gbm_histogramas,E+C,250.38666666666668,257.3602387982696,254.475
honolulu,2012,p10,gbm_histogramas,E+C,254.75,254.34415121875648,253.50333333333333
honolulu,2013,p10,gbm_histogramas,E+C,259.3333333333333,258.92609793727627,253.50333333333333
honolulu,2014,p10,gbm_histogramas,E+C,254.2,258.18215662157365,253.77833333333334
honolulu,2015,p10,gbm_histogramas,E+C,262.9,252.72228933044792,253.50333333333333
honolulu,2016,p10,gbm_histogramas,E+C,263.925,257.79677588232096,253.50333333333333
honolulu,2017,p10,gbm_histogramas,E+C,260.9333333333333,251.86719331719718,253.50333333333333
honolulu,2018,p10,gbm_histogramas,E+C,265.81666666666666,256.49216128301845,253.50333333333333
honolulu,2019,p10,gbm_histogramas,E+C,266.63666666666666,248.69829369155624,253.50333333333333
long_beach,2010,p10,gbm_histogramas,E+C,222.5,222.02209244925444,220.70666666666668
long_beach,2011,p10,gbm_histogramas,E+C,224.55666666666667,217.8598726222093,220.70666666666668
long_beach,2012,p10,gbm_histogramas,E+C,228.29666666666668,219.84271833214277,220.70666666666668
long_beach,2013,p10,gbm_histogramas,E+C,217.44166666666663,223.36303978785836,222.5
long_beach,2014,p10,gbm_histogramas,E+C,222.60833333333332,221.14386604253198,220.70666666666668
long_beach,2015,p10,gbm_histogramas,E+C,233.96833333333333,231.00025506440298,220.70666666666668
long_beach,2016,p10,gbm_histogramas,E+C,216.85,222.96942730507445,222.5
long_beach,2017,p10,gbm_histogramas,E+C,220.58333333333331,224.42918638060752,222.5
long_beach,2018,p10,gbm_histogramas,E+C,220.70666666666668,223.18157898166794,222.5
long_beach,2019,p10,gbm_histogramas,E+C,216.04666666666665,222.54494920825826,222.5
maui,2010,p10,gbm_histogramas,E+C,232.64666666666668,235.79455536165395,234.515
maui,2011,p10,gbm_histogramas,E+C,233.88,232.2970730164617,233.89833333333334
maui,2012,p10,gbm_histogramas,E+C,227.85666666666663,234.85910048659744,234.515
maui,2013,p10,gbm_histogramas,E+C,235.15,236.62686143310572,233.26333333333332
maui,2014,p10,gbm_histogramas,E+C,239.25666666666663,236.73618208401996,233.26333333333332
nyc,2005,p10,gbm_histogramas,E+C,217.06166666666667,210.70558149692997,208.43666666666667
nyc,2006,p10,gbm_histogramas,E+C,208.05,206.21422931300876,209.24416666666667
nyc,2007,p10,gbm_histogramas,E+C,208.8,209.00570665155075,208.88083333333333
nyc,2008,p10,gbm_histogramas,E+C,205.88333333333333,208.35486061604635,209.24416666666667
nyc,2009,p10,gbm_histogramas,E+C,206.47166666666664,209.4663572508721,209.24416666666667
nyc,2010,p10,gbm_histogramas,E+C,208.07333333333332,207.4060222676343,209.24416666666667
nyc,2011,p10,gbm_histogramas,E+C,207.0283333333333,207.56137943881674,209.24416666666667
nyc,2013,p10,gbm_histogramas,E+C,210.60666666666668,211.96009953807246,208.43666666666667
nyc,2014,p10,gbm_histogramas,E+C,213.27166666666668,208.6942622909508,208.43666666666667
nyc,2015,p10,gbm_histogramas,E+C,214.6,209.68920471816696,208.43666666666667
nyc,2016,p10,gbm_histogramas,E+C,213.21666666666667,210.2615537468458,208.43666666666667
nyc,2017,p10,gbm_histogramas,E+C,211.06666666666663,209.27000406272322,208.43666666666667
nyc,2018,p10,gbm_histogramas,E+C,209.68833333333333,208.84264084044727,208.43666666666667
nyc,2019,p10,gbm_histogramas,E+C,206.81666666666663,201.94604321105717,209.24416666666667
nyc,2022,p10,gbm_histogramas,E+C,218.76666666666668,207.1568838509668,208.43666666666667
nyc,2023,p10,gbm_histogramas,E+C,207.58333333333331,209.08290231210134,209.24416666666667
nyc,2024,p10,gbm_histogramas,E+C,201.9,202.578650958527,209.24416666666667
rio,2023,p10,gbm_histogramas,E+C,203.44333333333333,201.54941489171028,203.0975
rio,2024,p10,gbm_histogramas,E+C,201.26833333333332,207.02841740149898,204.185
rio,2025,p10,gbm_histogramas,E+C,204.92666666666668,202.02173002022138,202.35583333333332
savannah,2011,p10,gbm_histogramas,E+C,217.8583333333333,221.78673159049774,219.05749999999998
savannah,2012,p10,gbm_histogramas,E+C,218.7083333333333,222.13732134479127,219.01833333333332
savannah,2013,p10,gbm_histogramas,E+C,218.63,218.39344382907748,219.05749999999998
savannah,2014,p10,gbm_histogramas,E+C,219.40666666666667,220.10474828803683,218.66916666666663
savannah,2015,p10,gbm_histogramas,E+C,210.08333333333331,229.5609434237948,219.05749999999998
savannah,2016,p10,gbm_histogramas,E+C,226.24666666666667,219.47431835578334,218.66916666666663
savannah,2017,p10,gbm_histogramas,E+C,232.57666666666668,223.54543487351253,218.66916666666663
savannah,2018,p10,gbm_histogramas,E+C,216.58,219.24001715007552,219.05749999999998
savannah,2019,p10,gbm_histogramas,E+C,220.29666666666665,221.00552130084657,218.66916666666663
singapore,2014,p10,gbm_histogramas,E+C,268.43333333333334,267.4706329323076,262.2683333333333
singapore,2015,p10,gbm_histogramas,E+C,271.78000000000003,266.05327029936717,262.2683333333333
singapore,2016,p10,gbm_histogramas,E+C,262.2683333333333,259.1736580443452,262.8066666666667
singapore,2017,p10,gbm_histogramas,E+C,262.8066666666667,258.2806040946678,262.2683333333333
singapore,2018,p10,gbm_histogramas,E+C,259.71666666666664,258.82655653301305,262.8066666666667
singapore,2019,p10,gbm_histogramas,E+C,269.0566666666666,255.73211419824494,262.2683333333333
singapore,2022,p10,gbm_histogramas,E+C,238.2,260.7339575636773,262.8066666666667
singapore,2023,p10,gbm_histogramas,E+C,246.69666666666663,260.3961414559033,262.8066666666667
berlin,2005,p10,gbm_histogramas,E+S,199.36666666666667,204.3651708741389,196.69333333333333
berlin,2006,p10,gbm_histogramas,E+S,203.75333333333336,202.29059769630774,196.69333333333333
berlin,2007,p10,gbm_histogramas,E+S,197.9,196.6954871558189,196.69333333333333
berlin,2008,p10,gbm_histogramas,E+S,196.81833333333333,200.43829364199695,196.83416666666665
berlin,2009,p10,gbm_histogramas,E+S,200.6,197.41122050142593,196.69333333333333
berlin,2010,p10,gbm_histogramas,E+S,197.1,198.23359705077465,196.69333333333333
berlin,2011,p10,gbm_histogramas,E+S,198.0,197.2423322595376,196.69333333333333
berlin,2012,p10,gbm_histogramas,E+S,196.2333333333333,195.18844442766922,196.95916666666665
berlin,2013,p10,gbm_histogramas,E+S,195.5,194.92060028397663,196.95916666666665
berlin,2014,p10,gbm_histogramas,E+S,195.6833333333333,196.94032622073956,196.95916666666665
berlin,2015,p10,gbm_histogramas,E+S,193.76666666666668,196.09221642331588,196.95916666666665
berlin,2016,p10,gbm_histogramas,E+S,196.36666666666667,194.5904141765077,196.95916666666665
berlin,2017,p10,gbm_histogramas,E+S,196.56833333333333,199.55088344058709,196.95916666666665
berlin,2018,p10,gbm_histogramas,E+S,198.165,194.9838117179521,196.69333333333333
berlin,2019,p10,gbm_histogramas,E+S,186.31666666666663,192.33432132303975,196.95916666666665
boston,2005,p10,gbm_histogramas,E+S,194.045,188.6481139656274,187.51
boston,2006,p10,gbm_histogramas,E+S,188.60166666666663,195.22436476663958,187.51
boston,2007,p10,gbm_histogramas,E+S,191.035,193.062164727987,187.51
boston,2008,p10,gbm_histogramas,E+S,188.58333333333331,192.38648926863607,187.51
boston,2009,p10,gbm_histogramas,E+S,187.4333333333333,188.64191422800738,188.08499999999998
boston,2010,p10,gbm_histogramas,E+S,187.58666666666667,188.62931828189846,188.00833333333333
boston,2011,p10,gbm_histogramas,E+S,186.8,190.9313503119526,188.08499999999998
boston,2012,p10,gbm_histogramas,E+S,203.03333333333333,186.41443522795925,187.51
boston,2013,p10,gbm_histogramas,E+S,181.22833333333327,190.6283474650663,188.08499999999998
boston,2014,p10,gbm_histogramas,E+S,184.78333333333333,184.38822370943845,188.08499999999998
boston,2015,p10,gbm_histogramas,E+S,180.06166666666667,187.5107316788891,188.08499999999998
boston,2016,p10,gbm_histogramas,E+S,188.6833333333333,186.69685414195206,187.51
boston,2017,p10,gbm_histogramas,E+S,189.18166666666667,189.38959168536738,187.51
boston,2018,p10,gbm_histogramas,E+S,185.35,184.7649685053452,188.08499999999998
boston,2019,p10,gbm_histogramas,E+S,180.2333333333333,187.59752178757537,188.08499999999998
chicago,2005,p10,gbm_histogramas,E+S,208.26666666666668,210.9989262754122,207.3
chicago,2006,p10,gbm_histogramas,E+S,204.55,210.42728289202793,207.825
chicago,2007,p10,gbm_histogramas,E+S,230.4833333333333,210.78390965669465,207.3
chicago,2008,p10,gbm_histogramas,E+S,219.47333333333333,205.33324844530156,207.3
chicago,2009,p10,gbm_histogramas,E+S,206.08,215.31386604263182,207.825
chicago,2010,p10,gbm_histogramas,E+S,214.95,209.8471984263187,207.3
chicago,2011,p10,gbm_histogramas,E+S,213.9833333333333,209.40919540744636,207.3
chicago,2012,p10,gbm_histogramas,E+S,208.13333333333333,212.19818561268517,207.3
chicago,2013,p10,gbm_histogramas,E+S,208.6,208.82825830328213,207.3
chicago,2014,p10,gbm_histogramas,E+S,206.61666666666667,207.86737966886088,207.825
chicago,2015,p10,gbm_histogramas,E+S,207.51666666666668,206.73010274243958,207.60833333333332
chicago,2016,p10,gbm_histogramas,E+S,207.08333333333331,207.55550627532946,207.825
chicago,2017,p10,gbm_histogramas,E+S,211.21666666666667,202.55049218973613,207.3
chicago,2018,p10,gbm_histogramas,E+S,204.05,210.07144954498816,207.825
chicago,2019,p10,gbm_histogramas,E+S,198.275,202.12657541413088,207.825
chicago,2022,p10,gbm_histogramas,E+S,197.0233333333333,204.4978292699246,207.825
chicago,2023,p10,gbm_histogramas,E+S,189.16666666666663,203.03981339850458,207.825
durban,2022,p10,gbm_histogramas,E+S,172.715,173.45036020674203,184.31583333333333
durban,2024,p10,gbm_histogramas,E+S,178.435,179.82530253887836,181.45583333333332
durban,2025,p10,gbm_histogramas,E+S,190.19666666666663,170.952457644646,175.575
honolulu,2005,p10,gbm_histogramas,E+S,244.23,250.00214513077051,254.475
honolulu,2006,p10,gbm_histogramas,E+S,248.12333333333336,246.564255953621,254.475
honolulu,2007,p10,gbm_histogramas,E+S,250.9,256.238773358852,254.475
honolulu,2008,p10,gbm_histogramas,E+S,250.04333333333332,251.91285007043354,254.475
honolulu,2009,p10,gbm_histogramas,E+S,247.7333333333333,252.15128631471742,254.475
honolulu,2010,p10,gbm_histogramas,E+S,252.80666666666667,251.2016697841475,254.475
honolulu,2011,p10,gbm_histogramas,E+S,250.38666666666668,255.38644992648102,254.475
honolulu,2012,p10,gbm_histogramas,E+S,254.75,257.6873373350997,253.50333333333333
honolulu,2013,p10,gbm_histogramas,E+S,259.3333333333333,256.7934398189583,253.50333333333333
honolulu,2014,p10,gbm_histogramas,E+S,254.2,258.59330578073593,253.77833333333334
honolulu,2015,p10,gbm_histogramas,E+S,262.9,256.89696480182295,253.50333333333333
honolulu,2016,p10,gbm_histogramas,E+S,263.925,258.39955916963635,253.50333333333333
honolulu,2017,p10,gbm_histogramas,E+S,260.9333333333333,263.93363930717607,253.50333333333333
honolulu,2018,p10,gbm_histogramas,E+S,265.81666666666666,259.040257667847,253.50333333333333
honolulu,2019,p10,gbm_histogramas,E+S,266.63666666666666,259.91499436630613,253.50333333333333
long_beach,2010,p10,gbm_histogramas,E+S,222.5,219.79006801078805,220.70666666666668
long_beach,2011,p10,gbm_histogramas,E+S,224.55666666666667,226.74219484308395,220.70666666666668
long_beach,2012,p10,gbm_histogramas,E+S,228.29666666666668,226.91487637012318,220.70666666666668
long_beach,2013,p10,gbm_histogramas,E+S,217.44166666666663,224.8723253668289,222.5
long_beach,2014,p10,gbm_histogramas,E+S,222.60833333333332,225.17613390096554,220.70666666666668
long_beach,2015,p10,gbm_histogramas,E+S,233.96833333333333,222.8669995805319,220.70666666666668
long_beach,2016,p10,gbm_histogramas,E+S,216.85,231.2948921213645,222.5
long_beach,2017,p10,gbm_histogramas,E+S,220.58333333333331,217.74511609650972,222.5
long_beach,2018,p10,gbm_histogramas,E+S,220.70666666666668,222.75621303014103,222.5
long_beach,2019,p10,gbm_histogramas,E+S,216.04666666666665,224.64700711304815,222.5
maui,2010,p10,gbm_histogramas,E+S,232.64666666666668,233.40935452635642,234.515
maui,2011,p10,gbm_histogramas,E+S,233.88,229.59161604463273,233.89833333333334
maui,2012,p10,gbm_histogramas,E+S,227.85666666666663,232.38973825679437,234.515
maui,2013,p10,gbm_histogramas,E+S,235.15,243.39001507420946,233.26333333333332
maui,2014,p10,gbm_histogramas,E+S,239.25666666666663,230.84872653463327,233.26333333333332
nyc,2005,p10,gbm_histogramas,E+S,217.06166666666667,208.67907521458605,208.43666666666667
nyc,2006,p10,gbm_histogramas,E+S,208.05,210.4394007654307,209.24416666666667
nyc,2007,p10,gbm_histogramas,E+S,208.8,209.6408706805961,208.88083333333333
nyc,2008,p10,gbm_histogramas,E+S,205.88333333333333,209.32285786690386,209.24416666666667
nyc,2009,p10,gbm_histogramas,E+S,206.47166666666664,206.05325358785467,209.24416666666667
nyc,2010,p10,gbm_histogramas,E+S,208.07333333333332,208.1540656291208,209.24416666666667
nyc,2011,p10,gbm_histogramas,E+S,207.0283333333333,210.92289082194333,209.24416666666667
nyc,2013,p10,gbm_histogramas,E+S,210.60666666666668,210.8935430188773,208.43666666666667
nyc,2014,p10,gbm_histogramas,E+S,213.27166666666668,211.68640433260785,208.43666666666667
nyc,2015,p10,gbm_histogramas,E+S,214.6,211.0207491121419,208.43666666666667
nyc,2016,p10,gbm_histogramas,E+S,213.21666666666667,214.45827716818806,208.43666666666667
nyc,2017,p10,gbm_histogramas,E+S,211.06666666666663,214.84314565305743,208.43666666666667
nyc,2018,p10,gbm_histogramas,E+S,209.68833333333333,208.40248569685744,208.43666666666667
nyc,2019,p10,gbm_histogramas,E+S,206.81666666666663,209.9319288659639,209.24416666666667
nyc,2022,p10,gbm_histogramas,E+S,218.76666666666668,202.89204106568712,208.43666666666667
nyc,2023,p10,gbm_histogramas,E+S,207.58333333333331,200.42433133232308,209.24416666666667
nyc,2024,p10,gbm_histogramas,E+S,201.9,210.8514036260283,209.24416666666667
rio,2023,p10,gbm_histogramas,E+S,203.44333333333333,194.0211384356425,203.0975
rio,2024,p10,gbm_histogramas,E+S,201.26833333333332,206.583143974126,204.185
rio,2025,p10,gbm_histogramas,E+S,204.92666666666668,206.97330177262438,202.35583333333332
savannah,2011,p10,gbm_histogramas,E+S,217.8583333333333,219.4855611804783,219.05749999999998
savannah,2012,p10,gbm_histogramas,E+S,218.7083333333333,217.4069117791656,219.01833333333332
savannah,2013,p10,gbm_histogramas,E+S,218.63,217.02458205332033,219.05749999999998
savannah,2014,p10,gbm_histogramas,E+S,219.40666666666667,218.25953389091876,218.66916666666663
savannah,2015,p10,gbm_histogramas,E+S,210.08333333333331,221.45685620251982,219.05749999999998
savannah,2016,p10,gbm_histogramas,E+S,226.24666666666667,228.9007876527919,218.66916666666663
savannah,2017,p10,gbm_histogramas,E+S,232.57666666666668,220.28717685146987,218.66916666666663
savannah,2018,p10,gbm_histogramas,E+S,216.58,221.80740141696563,219.05749999999998
savannah,2019,p10,gbm_histogramas,E+S,220.29666666666665,218.41277495465675,218.66916666666663
singapore,2014,p10,gbm_histogramas,E+S,268.43333333333334,264.820087514373,262.2683333333333
singapore,2015,p10,gbm_histogramas,E+S,271.78000000000003,254.12918825730753,262.2683333333333
singapore,2016,p10,gbm_histogramas,E+S,262.2683333333333,268.26339799343896,262.8066666666667
singapore,2017,p10,gbm_histogramas,E+S,262.8066666666667,262.67998775582987,262.2683333333333
singapore,2018,p10,gbm_histogramas,E+S,259.71666666666664,273.4159463892606,262.8066666666667
singapore,2019,p10,gbm_histogramas,E+S,269.0566666666666,259.46528455309993,262.2683333333333
singapore,2022,p10,gbm_histogramas,E+S,238.2,255.59351700489114,262.8066666666667
singapore,2023,p10,gbm_histogramas,E+S,246.69666666666663,252.972833379811,262.8066666666667
berlin,2005,p25,ridge,E,221.7,220.68382120578093,218.71666666666664
berlin,2006,p25,ridge,E,226.03333333333333,220.4604870461074,218.71666666666664
berlin,2007,p25,ridge,E,218.9333333333333,220.88663419549533,219.16666666666666
berlin,2008,p25,ridge,E,218.5,220.95224779781407,219.38333333333333
berlin,2009,p25,ridge,E,223.4,220.22689355080047,218.71666666666664
berlin,2010,p25,ridge,E,217.6833333333333,220.7511412182378,219.38333333333333
berlin,2011,p25,ridge,E,219.83333333333331,220.09900789268727,218.71666666666664
berlin,2012,p25,ridge,E,216.91666666666663,220.56161730182677,219.38333333333333
berlin,2013,p25,ridge,E,216.56666666666663,220.46307636914068,219.38333333333333
berlin,2014,p25,ridge,E,217.16666666666663,220.35256287745102,219.38333333333333
berlin,2015,p25,ridge,E,215.96666666666667,220.2716042697979,219.38333333333333
berlin,2016,p25,ridge,E,220.01666666666668,219.57979490025372,218.71666666666664
berlin,2017,p25,ridge,E,219.85,219.4773760164035,218.71666666666664
berlin,2018,p25,ridge,E,223.28333333333333,219.27883105983324,218.71666666666664
berlin,2019,p25,ridge,E,209.13333333333333,220.0300273415772,219.38333333333333
boston,2005,p25,ridge,E,211.6833333333333,206.78170379966286,205.15625
boston,2006,p25,ridge,E,205.53333333333333,207.01382346236048,205.17291666666665
boston,2007,p25,ridge,E,208.35,206.754559190877,205.15625
boston,2008,p25,ridge,E,205.58333333333331,206.78704602534472,205.15625
boston,2009,p25,ridge,E,204.58333333333331,206.87162637315214,205.54999999999998
boston,2010,p25,ridge,E,204.74166666666667,206.75532976137075,205.54999999999998
boston,2011,p25,ridge,E,204.1125,206.67575311344396,205.54999999999998
boston,2012,p25,ridge,E,224.7,205.51759507166895,205.15625
boston,2013,p25,ridge,E,199.58333333333331,206.65820255079603,205.54999999999998
boston,2014,p25,ridge,E,205.56666666666663,206.14519221628058,205.15625
boston,2015,p25,ridge,E,198.63333333333333,206.50722059135,205.54999999999998
boston,2016,p25,ridge,E,206.4333333333333,205.89223600317874,205.15625
boston,2017,p25,ridge,E,208.31666666666663,205.69488736238623,205.15625
boston,2018,p25,ridge,E,204.77916666666667,205.914360704329,205.54999999999998
boston,2019,p25,ridge,E,200.4333333333333,206.03106730140567,205.54999999999998
chicago,2005,p25,ridge,E,231.3625,234.851435681991,232.825
chicago,2006,p25,ridge,E,229.29583333333332,234.78155435905086,232.825
chicago,2007,p25,ridge,E,260.05,233.95177094586708,232.74166666666667
chicago,2008,p25,ridge,E,248.3,234.14206041368496,232.74166666666667
chicago,2009,p25,ridge,E,230.58333333333331,234.4111854627567,232.825
chicago,2010,p25,ridge,E,243.81666666666663,234.04312295026503,232.74166666666667
chicago,2011,p25,ridge,E,240.81666666666663,233.99043660773333,232.74166666666667
chicago,2012,p25,ridge,E,232.88333333333333,233.99413501109723,232.74166666666667
chicago,2013,p25,ridge,E,233.81666666666663,233.88184311927003,232.74166666666667
chicago,2014,p25,ridge,E,232.71666666666667,233.86027330465348,232.825
chicago,2015,p25,ridge,E,234.21666666666667,233.6727829045071,232.74166666666667
chicago,2016,p25,ridge,E,232.76666666666668,233.63601470584916,232.8
chicago,2017,p25,ridge,E,240.35,233.37794280767486,232.74166666666667
chicago,2018,p25,ridge,E,230.61666666666667,233.48656431648544,232.825
chicago,2019,p25,ridge,E,225.61666666666667,233.46818396897157,232.825
chicago,2022,p25,ridge,E,223.9,233.2600478390521,232.825
chicago,2023,p25,ridge,E,215.2,233.43431418614844,232.825
durban,2022,p25,ridge,E,200.7625,215.7133275937161,215.49999999999997
durban,2024,p25,ridge,E,210.94166666666663,210.4509323140089,210.41041666666666
durban,2025,p25,ridge,E,220.0583333333333,205.74511411770203,205.85208333333333
honolulu,2005,p25,ridge,E,284.68333333333334,296.79552270062055,294.5020833333333
honolulu,2006,p25,ridge,E,287.4166666666667,296.5512419703045,294.5020833333333
honolulu,2007,p25,ridge,E,292.3833333333333,296.2648612101917,294.5020833333333
honolulu,2008,p25,ridge,E,289.68333333333334,296.2233448589309,294.5020833333333
honolulu,2009,p25,ridge,E,288.65,296.13243075875664,294.5020833333333
honolulu,2010,p25,ridge,E,294.3416666666667,295.8756963653225,294.5020833333333
honolulu,2011,p25,ridge,E,290.3416666666667,295.86250260373475,294.5020833333333
honolulu,2012,p25,ridge,E,294.62916666666666,295.56340677632977,294.35833333333335
honolulu,2013,p25,ridge,E,306.51666666666665,295.23271625675966,294.35833333333335
honolulu,2014,p25,ridge,E,294.375,295.4449008470784,294.48541666666665
honolulu,2015,p25,ridge,E,309.4166666666667,294.94547858328536,294.35833333333335
honolulu,2016,p25,ridge,E,310.7625,294.81814469154756,294.35833333333335
honolulu,2017,p25,ridge,E,306.2333333333333,294.81184097674856,294.35833333333335
honolulu,2018,p25,ridge,E,309.4583333333333,294.6346560506643,294.35833333333335
honolulu,2019,p25,ridge,E,316.0,294.3720294380545,294.35833333333335
long_beach,2010,p25,ridge,E,250.075,251.21028739039036,249.75
long_beach,2011,p25,ridge,E,253.59166666666667,251.05843889945174,249.75
long_beach,2012,p25,ridge,E,262.8125,250.8386125892621,249.75
long_beach,2013,p25,ridge,E,242.2458333333333,251.11063429308015,249.88333333333333
long_beach,2014,p25,ridge,E,248.625,250.93556904058366,249.88333333333333
long_beach,2015,p25,ridge,E,270.8958333333333,250.4492809285035,249.75
long_beach,2016,p25,ridge,E,245.71666666666667,250.7707065492134,249.88333333333333
long_beach,2017,p25,ridge,E,249.88333333333333,250.4964610362937,249.75
long_beach,2018,p25,ridge,E,249.75,250.51491543916296,249.88333333333333
long_beach,2019,p25,ridge,E,245.15833333333333,250.4891336789695,249.88333333333333
maui,2010,p25,ridge,E,266.32916666666665,269.2054182385413,267.87916666666666
maui,2011,p25,ridge,E,262.93333333333334,270.73364838157477,269.57708333333335
maui,2012,p25,ridge,E,262.2333333333333,270.64248672367887,269.57708333333335
maui,2013,p25,ridge,E,272.825,265.7800789172821,264.63125
maui,2014,p25,ridge,E,275.31666666666666,265.62716485573543,264.63125
nyc,2005,p25,ridge,E,243.9375,236.01373342434394,234.1833333333333
nyc,2006,p25,ridge,E,232.53333333333333,237.1318206795785,235.29999999999995
nyc,2007,p25,ridge,E,233.6833333333333,236.99064321979972,235.29999999999995
nyc,2008,p25,ridge,E,229.53333333333333,236.95343286424054,235.29999999999995
nyc,2009,p25,ridge,E,229.88333333333333,236.83002431003442,235.29999999999995
nyc,2010,p25,ridge,E,231.7083333333333,236.6871514868328,235.29999999999995
nyc,2011,p25,ridge,E,231.85,236.57711503622886,235.29999999999995
nyc,2013,p25,ridge,E,233.6,236.3499646677443,235.29999999999995
nyc,2014,p25,ridge,E,236.75,235.28750579905739,234.1833333333333
nyc,2015,p25,ridge,E,239.81666666666663,235.153354491388,234.1833333333333
nyc,2016,p25,ridge,E,238.89166666666665,235.05546850942835,234.1833333333333
nyc,2017,p25,ridge,E,237.1833333333333,234.97180972910425,234.1833333333333
nyc,2018,p25,ridge,E,237.16666666666663,234.86685799057565,234.1833333333333
nyc,2019,p25,ridge,E,234.6833333333333,235.31439109438583,234.79999999999995
nyc,2022,p25,ridge,E,247.9958333333333,234.19124385569103,234.1833333333333
nyc,2023,p25,ridge,E,235.91666666666663,234.34188209547253,234.1833333333333
nyc,2024,p25,ridge,E,228.86666666666667,235.3843452768256,235.29999999999995
rio,2023,p25,ridge,E,226.96666666666667,225.54003904953618,225.45208333333332
rio,2024,p25,ridge,E,224.7375,226.5581043166238,226.56666666666666
rio,2025,p25,ridge,E,226.16666666666663,225.69588756746802,225.85208333333333
savannah,2011,p25,ridge,E,239.45,243.31896245847278,241.96249999999998
savannah,2012,p25,ridge,E,242.21666666666667,242.86728450153538,241.6208333333333
savannah,2013,p25,ridge,E,241.7083333333333,243.00009244280366,241.875
savannah,2014,p25,ridge,E,240.8958333333333,242.98748924160864,241.96249999999998
savannah,2015,p25,ridge,E,229.2125,243.014837244787,241.96249999999998
savannah,2016,p25,ridge,E,251.58333333333331,242.3531035403782,241.6208333333333
savannah,2017,p25,ridge,E,259.45,242.1535256021652,241.6208333333333
savannah,2018,p25,ridge,E,241.53333333333333,242.57786691888282,241.96249999999998
savannah,2019,p25,ridge,E,243.03333333333333,242.14274387748796,241.6208333333333
singapore,2014,p25,ridge,E,310.0833333333333,305.4196369058429,304.30833333333334
singapore,2015,p25,ridge,E,311.26666666666665,305.3050601797008,304.30833333333334
singapore,2016,p25,ridge,E,304.30833333333334,307.99843960417564,307.3666666666667
singapore,2017,p25,ridge,E,307.3666666666667,305.1853876185784,304.30833333333334
singapore,2018,p25,ridge,E,302.93333333333334,307.80454262078274,307.3666666666667
singapore,2019,p25,ridge,E,310.01666666666665,304.93731657060033,304.30833333333334
singapore,2022,p25,ridge,E,278.3666666666667,308.0719464880699,307.3666666666667
singapore,2023,p25,ridge,E,283.325,307.8912883225692,307.3666666666667
berlin,2005,p25,ridge,E+C,221.7,224.1429985112327,218.71666666666664
berlin,2006,p25,ridge,E+C,226.03333333333333,226.10126856568007,218.71666666666664
berlin,2007,p25,ridge,E+C,218.9333333333333,219.25896609257833,219.16666666666666
berlin,2008,p25,ridge,E+C,218.5,220.65590114301372,219.38333333333333
berlin,2009,p25,ridge,E+C,223.4,224.87109282076398,218.71666666666664
berlin,2010,p25,ridge,E+C,217.6833333333333,214.142745421916,219.38333333333333
berlin,2011,p25,ridge,E+C,219.83333333333331,223.04206865269214,218.71666666666664
berlin,2012,p25,ridge,E+C,216.91666666666663,219.7557196451284,219.38333333333333
berlin,2013,p25,ridge,E+C,216.56666666666663,220.28252482484314,219.38333333333333
berlin,2014,p25,ridge,E+C,217.16666666666663,222.42748107597052,219.38333333333333
berlin,2015,p25,ridge,E+C,215.96666666666667,220.67047205730293,219.38333333333333
berlin,2016,p25,ridge,E+C,220.01666666666668,223.86406879997807,218.71666666666664
berlin,2017,p25,ridge,E+C,219.85,220.27885814376864,218.71666666666664
berlin,2018,p25,ridge,E+C,223.28333333333333,220.81137963014078,218.71666666666664
berlin,2019,p25,ridge,E+C,209.13333333333333,217.6040090017001,219.38333333333333
boston,2005,p25,ridge,E+C,211.6833333333333,208.2790211489092,205.15625
boston,2006,p25,ridge,E+C,205.53333333333333,205.087165561953,205.17291666666665
boston,2007,p25,ridge,E+C,208.35,202.5364708828658,205.15625
boston,2008,p25,ridge,E+C,205.58333333333331,207.0036902666958,205.15625
boston,2009,p25,ridge,E+C,204.58333333333331,204.4393277282947,205.54999999999998
boston,2010,p25,ridge,E+C,204.74166666666667,203.803348073325,205.54999999999998
boston,2011,p25,ridge,E+C,204.1125,206.49506182295417,205.54999999999998
boston,2012,p25,ridge,E+C,224.7,210.4696828064463,205.15625
boston,2013,p25,ridge,E+C,199.58333333333331,206.31043932425615,205.54999999999998
boston,2014,p25,ridge,E+C,205.56666666666663,208.40723735682892,205.15625
boston,2015,p25,ridge,E+C,198.63333333333333,200.4658296072971,205.54999999999998
boston,2016,p25,ridge,E+C,206.4333333333333,207.09615407839155,205.15625
boston,2017,p25,ridge,E+C,208.31666666666663,207.69874735888294,205.15625
boston,2018,p25,ridge,E+C,204.77916666666667,186.6802447420631,205.54999999999998
boston,2019,p25,ridge,E+C,200.4333333333333,205.8745613694205,205.54999999999998
chicago,2005,p25,ridge,E+C,231.3625,233.832953534659,232.825
chicago,2006,p25,ridge,E+C,229.29583333333332,224.97961451155732,232.825
chicago,2007,p25,ridge,E+C,260.05,237.31681009008093,232.74166666666667
chicago,2008,p25,ridge,E+C,248.3,238.84638526439247,232.74166666666667
chicago,2009,p25,ridge,E+C,230.58333333333331,228.64311551393445,232.825
chicago,2010,p25,ridge,E+C,243.81666666666663,238.59815222238691,232.74166666666667
chicago,2011,p25,ridge,E+C,240.81666666666663,237.69726973991874,232.74166666666667
chicago,2012,p25,ridge,E+C,232.88333333333333,228.61787970001797,232.74166666666667
chicago,2013,p25,ridge,E+C,233.81666666666663,233.04102045166206,232.74166666666667
chicago,2014,p25,ridge,E+C,232.71666666666667,233.14110656834742,232.825
chicago,2015,p25,ridge,E+C,234.21666666666667,235.49285867681408,232.74166666666667
chicago,2016,p25,ridge,E+C,232.76666666666668,233.50748290372917,232.8
chicago,2017,p25,ridge,E+C,240.35,235.76087606273225,232.74166666666667
chicago,2018,p25,ridge,E+C,230.61666666666667,227.1480691093594,232.825
chicago,2019,p25,ridge,E+C,225.61666666666667,228.55603823984734,232.825
chicago,2022,p25,ridge,E+C,223.9,234.52437984630288,232.825
chicago,2023,p25,ridge,E+C,215.2,229.72409614046643,232.825
durban,2022,p25,ridge,E+C,200.7625,217.2993081419753,215.49999999999997
durban,2024,p25,ridge,E+C,210.94166666666663,214.0101516566259,210.41041666666666
durban,2025,p25,ridge,E+C,220.0583333333333,207.9189619774246,205.85208333333333
honolulu,2005,p25,ridge,E+C,284.68333333333334,299.1790023244244,294.5020833333333
honolulu,2006,p25,ridge,E+C,287.4166666666667,298.97718560767544,294.5020833333333
honolulu,2007,p25,ridge,E+C,292.3833333333333,297.1518926169073,294.5020833333333
honolulu,2008,p25,ridge,E+C,289.68333333333334,295.0230942135401,294.5020833333333
honolulu,2009,p25,ridge,E+C,288.65,298.4713340183879,294.5020833333333
honolulu,2010,p25,ridge,E+C,294.3416666666667,296.67943205281597,294.5020833333333
honolulu,2011,p25,ridge,E+C,290.3416666666667,296.1459367874054,294.5020833333333
honolulu,2012,p25,ridge,E+C,294.62916666666666,297.8726750046554,294.35833333333335
honolulu,2013,p25,ridge,E+C,306.51666666666665,297.40658327649777,294.35833333333335
honolulu,2014,p25,ridge,E+C,294.375,296.22542069673403,294.48541666666665
honolulu,2015,p25,ridge,E+C,309.4166666666667,296.50778528231666,294.35833333333335
honolulu,2016,p25,ridge,E+C,310.7625,295.79856620844185,294.35833333333335
honolulu,2017,p25,ridge,E+C,306.2333333333333,295.8636414288332,294.35833333333335
honolulu,2018,p25,ridge,E+C,309.4583333333333,295.3270208215733,294.35833333333335
honolulu,2019,p25,ridge,E+C,316.0,295.74868927131837,294.35833333333335
long_beach,2010,p25,ridge,E+C,250.075,249.92730819412267,249.75
long_beach,2011,p25,ridge,E+C,253.59166666666667,251.58219308084608,249.75
long_beach,2012,p25,ridge,E+C,262.8125,251.52569825277132,249.75
long_beach,2013,p25,ridge,E+C,242.2458333333333,250.00083134366002,249.88333333333333
long_beach,2014,p25,ridge,E+C,248.625,251.71775801419946,249.88333333333333
long_beach,2015,p25,ridge,E+C,270.8958333333333,254.72933805640858,249.75
long_beach,2016,p25,ridge,E+C,245.71666666666667,253.4534557792768,249.88333333333333
long_beach,2017,p25,ridge,E+C,249.88333333333333,251.08459288652287,249.75
long_beach,2018,p25,ridge,E+C,249.75,251.02606031551775,249.88333333333333
long_beach,2019,p25,ridge,E+C,245.15833333333333,250.36324338308128,249.88333333333333
maui,2010,p25,ridge,E+C,266.32916666666665,269.4800313348439,267.87916666666666
maui,2011,p25,ridge,E+C,262.93333333333334,272.8343404967569,269.57708333333335
maui,2012,p25,ridge,E+C,262.2333333333333,271.96492674883814,269.57708333333335
maui,2013,p25,ridge,E+C,272.825,268.17448153063,264.63125
maui,2014,p25,ridge,E+C,275.31666666666666,263.8444978935002,264.63125
nyc,2005,p25,ridge,E+C,243.9375,237.49327001294736,234.1833333333333
nyc,2006,p25,ridge,E+C,232.53333333333333,234.71418898320064,235.29999999999995
nyc,2007,p25,ridge,E+C,233.6833333333333,234.75338368843683,235.29999999999995
nyc,2008,p25,ridge,E+C,229.53333333333333,233.56695911037536,235.29999999999995
nyc,2009,p25,ridge,E+C,229.88333333333333,235.1676906656714,235.29999999999995
nyc,2010,p25,ridge,E+C,231.7083333333333,232.86224776625673,235.29999999999995
nyc,2011,p25,ridge,E+C,231.85,234.36084233200881,235.29999999999995
nyc,2013,p25,ridge,E+C,233.6,232.9017885418788,235.29999999999995
nyc,2014,p25,ridge,E+C,236.75,230.09941347603868,234.1833333333333
nyc,2015,p25,ridge,E+C,239.81666666666663,234.02211828609438,234.1833333333333
nyc,2016,p25,ridge,E+C,238.89166666666665,233.51897039935326,234.1833333333333
nyc,2017,p25,ridge,E+C,237.1833333333333,233.37749687273512,234.1833333333333
nyc,2018,p25,ridge,E+C,237.16666666666663,233.27610020513617,234.1833333333333
nyc,2019,p25,ridge,E+C,234.6833333333333,232.5046476742639,234.79999999999995
nyc,2022,p25,ridge,E+C,247.9958333333333,236.0508243837937,234.1833333333333
nyc,2023,p25,ridge,E+C,235.91666666666663,235.51599830594847,234.1833333333333
nyc,2024,p25,ridge,E+C,228.86666666666667,233.33120275775778,235.29999999999995
rio,2023,p25,ridge,E+C,226.96666666666667,227.7558650112359,225.45208333333332
rio,2024,p25,ridge,E+C,224.7375,227.8844586195187,226.56666666666666
rio,2025,p25,ridge,E+C,226.16666666666663,227.38615056253732,225.85208333333333
savannah,2011,p25,ridge,E+C,239.45,241.7241253850747,241.96249999999998
savannah,2012,p25,ridge,E+C,242.21666666666667,244.79699947187777,241.6208333333333
savannah,2013,p25,ridge,E+C,241.7083333333333,244.19329843008836,241.875
savannah,2014,p25,ridge,E+C,240.8958333333333,243.55127461751192,241.96249999999998
savannah,2015,p25,ridge,E+C,229.2125,245.3495811988648,241.96249999999998
savannah,2016,p25,ridge,E+C,251.58333333333331,242.71492833444012,241.6208333333333
savannah,2017,p25,ridge,E+C,259.45,245.34079950078734,241.6208333333333
savannah,2018,p25,ridge,E+C,241.53333333333333,242.43940108638685,241.96249999999998
savannah,2019,p25,ridge,E+C,243.03333333333333,239.75761658366673,241.6208333333333
singapore,2014,p25,ridge,E+C,310.0833333333333,304.4831546348064,304.30833333333334
singapore,2015,p25,ridge,E+C,311.26666666666665,305.09816514566523,304.30833333333334
singapore,2016,p25,ridge,E+C,304.30833333333334,307.1070720552919,307.3666666666667
singapore,2017,p25,ridge,E+C,307.3666666666667,304.25315216430863,304.30833333333334
singapore,2018,p25,ridge,E+C,302.93333333333334,305.7244748216528,307.3666666666667
singapore,2019,p25,ridge,E+C,310.01666666666665,297.27403828451963,304.30833333333334
singapore,2022,p25,ridge,E+C,278.3666666666667,307.49170279304525,307.3666666666667
singapore,2023,p25,ridge,E+C,283.325,306.1655265217678,307.3666666666667
berlin,2005,p25,ridge,E+S,221.7,219.2850394438584,218.71666666666664
berlin,2006,p25,ridge,E+S,226.03333333333333,219.08402250385777,218.71666666666664
berlin,2007,p25,ridge,E+S,218.9333333333333,219.5268300018809,219.16666666666666
berlin,2008,p25,ridge,E+S,218.5,219.63629113214753,219.38333333333333
berlin,2009,p25,ridge,E+S,223.4,218.9359102713573,218.71666666666664
berlin,2010,p25,ridge,E+S,217.6833333333333,219.55582518743577,219.38333333333333
berlin,2011,p25,ridge,E+S,219.83333333333331,219.04907712071676,218.71666666666664
berlin,2012,p25,ridge,E+S,216.91666666666663,219.4879023369404,219.38333333333333
berlin,2013,p25,ridge,E+S,216.56666666666663,219.52209783688176,219.38333333333333
berlin,2014,p25,ridge,E+S,217.16666666666663,219.3311495142759,219.38333333333333
berlin,2015,p25,ridge,E+S,215.96666666666667,219.34420947540735,219.38333333333333
berlin,2016,p25,ridge,E+S,220.01666666666668,218.82467840140848,218.71666666666664
berlin,2017,p25,ridge,E+S,219.85,218.9283299940093,218.71666666666664
berlin,2018,p25,ridge,E+S,223.28333333333333,218.8702189422742,218.71666666666664
berlin,2019,p25,ridge,E+S,209.13333333333333,217.55914800856064,219.38333333333333
boston,2005,p25,ridge,E+S,211.6833333333333,206.51988783732784,205.15625
boston,2006,p25,ridge,E+S,205.53333333333333,206.83386553924393,205.17291666666665
boston,2007,p25,ridge,E+S,208.35,206.62372527445157,205.15625
boston,2008,p25,ridge,E+S,205.58333333333331,206.7964870740501,205.15625
boston,2009,p25,ridge,E+S,204.58333333333331,206.89184187227625,205.54999999999998
boston,2010,p25,ridge,E+S,204.74166666666667,206.8834639482036,205.54999999999998
boston,2011,p25,ridge,E+S,204.1125,206.82874432480392,205.54999999999998
boston,2012,p25,ridge,E+S,224.7,205.63342508652383,205.15625
boston,2013,p25,ridge,E+S,199.58333333333331,206.8769916150869,205.54999999999998
boston,2014,p25,ridge,E+S,205.56666666666663,206.56150381776703,205.15625
boston,2015,p25,ridge,E+S,198.63333333333333,206.95827970078807,205.54999999999998
boston,2016,p25,ridge,E+S,206.4333333333333,206.38304598507767,205.15625
boston,2017,p25,ridge,E+S,208.31666666666663,206.1629724463479,205.15625
boston,2018,p25,ridge,E+S,204.77916666666667,206.38494748251196,205.54999999999998
boston,2019,p25,ridge,E+S,200.4333333333333,206.50725947371478,205.54999999999998
chicago,2005,p25,ridge,E+S,231.3625,235.2443323701849,232.825
chicago,2006,p25,ridge,E+S,229.29583333333332,235.19860264781292,232.825
chicago,2007,p25,ridge,E+S,260.05,234.08013927575797,232.74166666666667
chicago,2008,p25,ridge,E+S,248.3,234.53456188707403,232.74166666666667
chicago,2009,p25,ridge,E+S,230.58333333333331,234.86226084835525,232.825
chicago,2010,p25,ridge,E+S,243.81666666666663,234.54676575503512,232.74166666666667
chicago,2011,p25,ridge,E+S,240.81666666666663,234.41599253300055,232.74166666666667
chicago,2012,p25,ridge,E+S,232.88333333333333,234.5809393533983,232.74166666666667
chicago,2013,p25,ridge,E+S,233.81666666666663,234.46300318730914,232.74166666666667
chicago,2014,p25,ridge,E+S,232.71666666666667,234.49886254455745,232.825
chicago,2015,p25,ridge,E+S,234.21666666666667,234.37697245251766,232.74166666666667
chicago,2016,p25,ridge,E+S,232.76666666666668,234.33014706978236,232.8
chicago,2017,p25,ridge,E+S,240.35,234.2318684204411,232.74166666666667
chicago,2018,p25,ridge,E+S,230.61666666666667,234.28034951667524,232.825
chicago,2019,p25,ridge,E+S,225.61666666666667,234.32409699568942,232.825
chicago,2022,p25,ridge,E+S,223.9,234.12842147467362,232.825
chicago,2023,p25,ridge,E+S,215.2,234.52414376106367,232.825
durban,2022,p25,ridge,E+S,200.7625,214.5172796672755,215.49999999999997
durban,2024,p25,ridge,E+S,210.94166666666663,209.01295716976804,210.41041666666666
durban,2025,p25,ridge,E+S,220.0583333333333,204.46314616352217,205.85208333333333
honolulu,2005,p25,ridge,E+S,284.68333333333334,297.3621986391995,294.5020833333333
honolulu,2006,p25,ridge,E+S,287.4166666666667,297.1412805871013,294.5020833333333
honolulu,2007,p25,ridge,E+S,292.3833333333333,296.89495688006224,294.5020833333333
honolulu,2008,p25,ridge,E+S,289.68333333333334,296.82203847508265,294.5020833333333
honolulu,2009,p25,ridge,E+S,288.65,296.8497606856713,294.5020833333333
honolulu,2010,p25,ridge,E+S,294.3416666666667,296.5318378975405,294.5020833333333
honolulu,2011,p25,ridge,E+S,290.3416666666667,296.4658273362211,294.5020833333333
honolulu,2012,p25,ridge,E+S,294.62916666666666,296.1524692380611,294.35833333333335
honolulu,2013,p25,ridge,E+S,306.51666666666665,295.78963308793647,294.35833333333335
honolulu,2014,p25,ridge,E+S,294.375,296.07688683277513,294.48541666666665
honolulu,2015,p25,ridge,E+S,309.4166666666667,295.55072085043236,294.35833333333335
honolulu,2016,p25,ridge,E+S,310.7625,295.3923697198661,294.35833333333335
honolulu,2017,p25,ridge,E+S,306.2333333333333,295.4127777421136,294.35833333333335
honolulu,2018,p25,ridge,E+S,309.4583333333333,295.14876299784805,294.35833333333335
honolulu,2019,p25,ridge,E+S,316.0,294.8531427958567,294.35833333333335
long_beach,2010,p25,ridge,E+S,250.075,251.24248697892602,249.75
long_beach,2011,p25,ridge,E+S,253.59166666666667,251.02734391681716,249.75
long_beach,2012,p25,ridge,E+S,262.8125,250.72361614747257,249.75
long_beach,2013,p25,ridge,E+S,242.2458333333333,251.21629667216735,249.88333333333333
long_beach,2014,p25,ridge,E+S,248.625,250.96843109407743,249.88333333333333
long_beach,2015,p25,ridge,E+S,270.8958333333333,250.29931926163,249.75
long_beach,2016,p25,ridge,E+S,245.71666666666667,250.74536321855683,249.88333333333333
long_beach,2017,p25,ridge,E+S,249.88333333333333,250.36242945821886,249.75
long_beach,2018,p25,ridge,E+S,249.75,250.19455928471842,249.88333333333333
long_beach,2019,p25,ridge,E+S,245.15833333333333,250.17324188711973,249.88333333333333
maui,2010,p25,ridge,E+S,266.32916666666665,269.70145056348997,267.87916666666666
maui,2011,p25,ridge,E+S,262.93333333333334,271.1307056532451,269.57708333333335
maui,2012,p25,ridge,E+S,262.2333333333333,271.2476090887636,269.57708333333335
maui,2013,p25,ridge,E+S,272.825,266.0982362493095,264.63125
maui,2014,p25,ridge,E+S,275.31666666666666,266.30281794837344,264.63125
nyc,2005,p25,ridge,E+S,243.9375,235.55526573314182,234.1833333333333
nyc,2006,p25,ridge,E+S,232.53333333333333,236.67340577709265,235.29999999999995
nyc,2007,p25,ridge,E+S,233.6833333333333,236.52724197361758,235.29999999999995
nyc,2008,p25,ridge,E+S,229.53333333333333,236.61910538880196,235.29999999999995
nyc,2009,p25,ridge,E+S,229.88333333333333,236.5915828528426,235.29999999999995
nyc,2010,p25,ridge,E+S,231.7083333333333,236.50982381341734,235.29999999999995
nyc,2011,p25,ridge,E+S,231.85,236.4634326028109,235.29999999999995
nyc,2013,p25,ridge,E+S,233.6,236.43624354724253,235.29999999999995
nyc,2014,p25,ridge,E+S,236.75,235.5677913976511,234.1833333333333
nyc,2015,p25,ridge,E+S,239.81666666666663,235.52457678539457,234.1833333333333
nyc,2016,p25,ridge,E+S,238.89166666666665,235.43376154887278,234.1833333333333
nyc,2017,p25,ridge,E+S,237.1833333333333,235.3597047330931,234.1833333333333
nyc,2018,p25,ridge,E+S,237.16666666666663,235.30008610170245,234.1833333333333
nyc,2019,p25,ridge,E+S,234.6833333333333,235.76127307435036,234.79999999999995
nyc,2022,p25,ridge,E+S,247.9958333333333,234.74400432066903,234.1833333333333
nyc,2023,p25,ridge,E+S,235.91666666666663,235.0345329299225,234.1833333333333
nyc,2024,p25,ridge,E+S,228.86666666666667,236.07182371901712,235.29999999999995
rio,2023,p25,ridge,E+S,226.96666666666667,224.6418330789364,225.45208333333332
rio,2024,p25,ridge,E+S,224.7375,226.06928096784154,226.56666666666666
rio,2025,p25,ridge,E+S,226.16666666666663,225.05074292478724,225.85208333333333
savannah,2011,p25,ridge,E+S,239.45,244.36799683424138,241.96249999999998
savannah,2012,p25,ridge,E+S,242.21666666666667,243.7929200168487,241.6208333333333
savannah,2013,p25,ridge,E+S,241.7083333333333,244.14724989225425,241.875
savannah,2014,p25,ridge,E+S,240.8958333333333,244.18035858253802,241.96249999999998
savannah,2015,p25,ridge,E+S,229.2125,243.65550292035164,241.96249999999998
savannah,2016,p25,ridge,E+S,251.58333333333331,243.23879785157237,241.6208333333333
savannah,2017,p25,ridge,E+S,259.45,242.96503459984544,241.6208333333333
savannah,2018,p25,ridge,E+S,241.53333333333333,243.6123265728562,241.96249999999998
savannah,2019,p25,ridge,E+S,243.03333333333333,242.95792815732617,241.6208333333333
singapore,2014,p25,ridge,E+S,310.0833333333333,303.8162519016414,304.30833333333334
singapore,2015,p25,ridge,E+S,311.26666666666665,303.6723606956682,304.30833333333334
singapore,2016,p25,ridge,E+S,304.30833333333334,306.2618639170428,307.3666666666667
singapore,2017,p25,ridge,E+S,307.3666666666667,303.89542869047176,304.30833333333334
singapore,2018,p25,ridge,E+S,302.93333333333334,306.2367970275139,307.3666666666667
singapore,2019,p25,ridge,E+S,310.01666666666665,303.76025633335007,304.30833333333334
singapore,2022,p25,ridge,E+S,278.3666666666667,306.78771628393883,307.3666666666667
singapore,2023,p25,ridge,E+S,283.325,306.5657494650593,307.3666666666667
berlin,2005,p25,gbm_histogramas,E,221.7,218.29015134563716,218.71666666666664
berlin,2006,p25,gbm_histogramas,E,226.03333333333333,224.24237249924036,218.71666666666664
berlin,2007,p25,gbm_histogramas,E,218.9333333333333,225.46098974607972,219.16666666666666
berlin,2008,p25,gbm_histogramas,E,218.5,222.4168779767921,219.38333333333333
berlin,2009,p25,gbm_histogramas,E,223.4,215.73312706763562,218.71666666666664
berlin,2010,p25,gbm_histogramas,E,217.6833333333333,221.8803690391308,219.38333333333333
berlin,2011,p25,gbm_histogramas,E,219.83333333333331,223.54921569296732,218.71666666666664
berlin,2012,p25,gbm_histogramas,E,216.91666666666663,214.75605309750796,219.38333333333333
berlin,2013,p25,gbm_histogramas,E,216.56666666666663,214.79046657454242,219.38333333333333
berlin,2014,p25,gbm_histogramas,E,217.16666666666663,215.58392855735065,219.38333333333333
berlin,2015,p25,gbm_histogramas,E,215.96666666666667,217.7350247871958,219.38333333333333
berlin,2016,p25,gbm_histogramas,E,220.01666666666668,216.62458507515726,218.71666666666664
berlin,2017,p25,gbm_histogramas,E,219.85,225.50911138275936,218.71666666666664
berlin,2018,p25,gbm_histogramas,E,223.28333333333333,217.49607329853657,218.71666666666664
berlin,2019,p25,gbm_histogramas,E,209.13333333333333,208.9552057641925,219.38333333333333
boston,2005,p25,gbm_histogramas,E,211.6833333333333,203.62229334227834,205.15625
boston,2006,p25,gbm_histogramas,E,205.53333333333333,213.65127985207093,205.17291666666665
boston,2007,p25,gbm_histogramas,E,208.35,209.2018243799896,205.15625
boston,2008,p25,gbm_histogramas,E,205.58333333333331,208.0819981518517,205.15625
boston,2009,p25,gbm_histogramas,E,204.58333333333331,201.08809296857964,205.54999999999998
boston,2010,p25,gbm_histogramas,E,204.74166666666667,206.65943492356232,205.54999999999998
boston,2011,p25,gbm_histogramas,E,204.1125,215.91176448198942,205.54999999999998
boston,2012,p25,gbm_histogramas,E,224.7,202.63065603404274,205.15625
boston,2013,p25,gbm_histogramas,E,199.58333333333331,211.04082279525431,205.54999999999998
boston,2014,p25,gbm_histogramas,E,205.56666666666663,202.0167229644743,205.15625
boston,2015,p25,gbm_histogramas,E,198.63333333333333,206.6520881028741,205.54999999999998
boston,2016,p25,gbm_histogramas,E,206.4333333333333,201.2632881520492,205.15625
boston,2017,p25,gbm_histogramas,E,208.31666666666663,218.230367258221,205.15625
boston,2018,p25,gbm_histogramas,E,204.77916666666667,204.88591664281662,205.54999999999998
boston,2019,p25,gbm_histogramas,E,200.4333333333333,199.5353834222079,205.54999999999998
chicago,2005,p25,gbm_histogramas,E,231.3625,246.8873087526652,232.825
chicago,2006,p25,gbm_histogramas,E,229.29583333333332,229.79236721488047,232.825
chicago,2007,p25,gbm_histogramas,E,260.05,237.15098861850046,232.74166666666667
chicago,2008,p25,gbm_histogramas,E,248.3,227.05142030521955,232.74166666666667
chicago,2009,p25,gbm_histogramas,E,230.58333333333331,242.6030073650358,232.825
chicago,2010,p25,gbm_histogramas,E,243.81666666666663,235.46874901042975,232.74166666666667
chicago,2011,p25,gbm_histogramas,E,240.81666666666663,235.85438770894436,232.74166666666667
chicago,2012,p25,gbm_histogramas,E,232.88333333333333,243.95198050891304,232.74166666666667
chicago,2013,p25,gbm_histogramas,E,233.81666666666663,231.79616997247643,232.74166666666667
chicago,2014,p25,gbm_histogramas,E,232.71666666666667,233.11205258246216,232.825
chicago,2015,p25,gbm_histogramas,E,234.21666666666667,245.11702949570773,232.74166666666667
chicago,2016,p25,gbm_histogramas,E,232.76666666666668,234.04716856426973,232.8
chicago,2017,p25,gbm_histogramas,E,240.35,231.22208772732554,232.74166666666667
chicago,2018,p25,gbm_histogramas,E,230.61666666666667,233.4907154576386,232.825
chicago,2019,p25,gbm_histogramas,E,225.61666666666667,229.03051921549547,232.825
chicago,2022,p25,gbm_histogramas,E,223.9,219.3299633906899,232.825
chicago,2023,p25,gbm_histogramas,E,215.2,224.65623768691694,232.825
durban,2022,p25,gbm_histogramas,E,200.7625,208.04450592075074,215.49999999999997
durban,2024,p25,gbm_histogramas,E,210.94166666666663,213.29857934269504,210.41041666666666
durban,2025,p25,gbm_histogramas,E,220.0583333333333,204.69250488404927,205.85208333333333
honolulu,2005,p25,gbm_histogramas,E,284.68333333333334,293.23093497401317,294.5020833333333
honolulu,2006,p25,gbm_histogramas,E,287.4166666666667,290.66792960383447,294.5020833333333
honolulu,2007,p25,gbm_histogramas,E,292.3833333333333,291.3281107500634,294.5020833333333
honolulu,2008,p25,gbm_histogramas,E,289.68333333333334,284.6364514067469,294.5020833333333
honolulu,2009,p25,gbm_histogramas,E,288.65,290.17883164876196,294.5020833333333
honolulu,2010,p25,gbm_histogramas,E,294.3416666666667,290.95333629824984,294.5020833333333
honolulu,2011,p25,gbm_histogramas,E,290.3416666666667,291.0856726947183,294.5020833333333
honolulu,2012,p25,gbm_histogramas,E,294.62916666666666,305.11321408066397,294.35833333333335
honolulu,2013,p25,gbm_histogramas,E,306.51666666666665,297.06982927689876,294.35833333333335
honolulu,2014,p25,gbm_histogramas,E,294.375,308.11122099910403,294.48541666666665
honolulu,2015,p25,gbm_histogramas,E,309.4166666666667,298.2811562181239,294.35833333333335
honolulu,2016,p25,gbm_histogramas,E,310.7625,307.70682688139016,294.35833333333335
honolulu,2017,p25,gbm_histogramas,E,306.2333333333333,311.64837902921494,294.35833333333335
honolulu,2018,p25,gbm_histogramas,E,309.4583333333333,299.4221542859627,294.35833333333335
honolulu,2019,p25,gbm_histogramas,E,316.0,289.448976954831,294.35833333333335
long_beach,2010,p25,gbm_histogramas,E,250.075,248.20381209905727,249.75
long_beach,2011,p25,gbm_histogramas,E,253.59166666666667,255.33180110488732,249.75
long_beach,2012,p25,gbm_histogramas,E,262.8125,251.21228327596805,249.75
long_beach,2013,p25,gbm_histogramas,E,242.2458333333333,252.039155316057,249.88333333333333
long_beach,2014,p25,gbm_histogramas,E,248.625,250.9818313779627,249.88333333333333
long_beach,2015,p25,gbm_histogramas,E,270.8958333333333,249.76749446461776,249.75
long_beach,2016,p25,gbm_histogramas,E,245.71666666666667,253.6477242822989,249.88333333333333
long_beach,2017,p25,gbm_histogramas,E,249.88333333333333,252.01072295900647,249.75
long_beach,2018,p25,gbm_histogramas,E,249.75,248.72741727883965,249.88333333333333
long_beach,2019,p25,gbm_histogramas,E,245.15833333333333,243.91516649424244,249.88333333333333
maui,2010,p25,gbm_histogramas,E,266.32916666666665,265.9905240226371,267.87916666666666
maui,2011,p25,gbm_histogramas,E,262.93333333333334,265.5927435189052,269.57708333333335
maui,2012,p25,gbm_histogramas,E,262.2333333333333,267.735765152942,269.57708333333335
maui,2013,p25,gbm_histogramas,E,272.825,269.6052089544123,264.63125
maui,2014,p25,gbm_histogramas,E,275.31666666666666,270.6664784751769,264.63125
nyc,2005,p25,gbm_histogramas,E,243.9375,229.82390390668655,234.1833333333333
nyc,2006,p25,gbm_histogramas,E,232.53333333333333,234.2949785258919,235.29999999999995
nyc,2007,p25,gbm_histogramas,E,233.6833333333333,239.51816958601032,235.29999999999995
nyc,2008,p25,gbm_histogramas,E,229.53333333333333,238.82956353079524,235.29999999999995
nyc,2009,p25,gbm_histogramas,E,229.88333333333333,233.19485265832753,235.29999999999995
nyc,2010,p25,gbm_histogramas,E,231.7083333333333,229.56607644371186,235.29999999999995
nyc,2011,p25,gbm_histogramas,E,231.85,241.691738274595,235.29999999999995
nyc,2013,p25,gbm_histogramas,E,233.6,234.7668487854437,235.29999999999995
nyc,2014,p25,gbm_histogramas,E,236.75,235.4885872650985,234.1833333333333
nyc,2015,p25,gbm_histogramas,E,239.81666666666663,235.64659126238337,234.1833333333333
nyc,2016,p25,gbm_histogramas,E,238.89166666666665,232.14650321532022,234.1833333333333
nyc,2017,p25,gbm_histogramas,E,237.1833333333333,243.94839940573985,234.1833333333333
nyc,2018,p25,gbm_histogramas,E,237.16666666666663,234.63791152893984,234.1833333333333
nyc,2019,p25,gbm_histogramas,E,234.6833333333333,238.14328027053133,234.79999999999995
nyc,2022,p25,gbm_histogramas,E,247.9958333333333,228.9454484218255,234.1833333333333
nyc,2023,p25,gbm_histogramas,E,235.91666666666663,231.53721578131305,234.1833333333333
nyc,2024,p25,gbm_histogramas,E,228.86666666666667,242.3172672382779,235.29999999999995
rio,2023,p25,gbm_histogramas,E,226.96666666666667,220.5501919437417,225.45208333333332
rio,2024,p25,gbm_histogramas,E,224.7375,209.6540028249417,226.56666666666666
rio,2025,p25,gbm_histogramas,E,226.16666666666663,233.5753571753045,225.85208333333333
savannah,2011,p25,gbm_histogramas,E,239.45,240.06609900364083,241.96249999999998
savannah,2012,p25,gbm_histogramas,E,242.21666666666667,243.99177825302164,241.6208333333333
savannah,2013,p25,gbm_histogramas,E,241.7083333333333,239.5298793420414,241.875
savannah,2014,p25,gbm_histogramas,E,240.8958333333333,239.09460537592628,241.96249999999998
savannah,2015,p25,gbm_histogramas,E,229.2125,245.75426691836037,241.96249999999998
savannah,2016,p25,gbm_histogramas,E,251.58333333333331,250.00387185933744,241.6208333333333
savannah,2017,p25,gbm_histogramas,E,259.45,243.01982526648916,241.6208333333333
savannah,2018,p25,gbm_histogramas,E,241.53333333333333,241.98738166682685,241.96249999999998
savannah,2019,p25,gbm_histogramas,E,243.03333333333333,245.5965787708907,241.6208333333333
singapore,2014,p25,gbm_histogramas,E,310.0833333333333,311.4232337870393,304.30833333333334
singapore,2015,p25,gbm_histogramas,E,311.26666666666665,309.6027931546296,304.30833333333334
singapore,2016,p25,gbm_histogramas,E,304.30833333333334,314.98110068658485,307.3666666666667
singapore,2017,p25,gbm_histogramas,E,307.3666666666667,301.72576221943893,304.30833333333334
singapore,2018,p25,gbm_histogramas,E,302.93333333333334,326.5424720730994,307.3666666666667
singapore,2019,p25,gbm_histogramas,E,310.01666666666665,298.7127187882189,304.30833333333334
singapore,2022,p25,gbm_histogramas,E,278.3666666666667,307.8218747003663,307.3666666666667
singapore,2023,p25,gbm_histogramas,E,283.325,297.2642771908986,307.3666666666667
berlin,2005,p25,gbm_histogramas,E+C,221.7,222.21023468017188,218.71666666666664
berlin,2006,p25,gbm_histogramas,E+C,226.03333333333333,231.30603892551076,218.71666666666664
berlin,2007,p25,gbm_histogramas,E+C,218.9333333333333,222.04295410371424,219.16666666666666
berlin,2008,p25,gbm_histogramas,E+C,218.5,217.9765784380418,219.38333333333333
berlin,2009,p25,gbm_histogramas,E+C,223.4,221.76547647596522,218.71666666666664
berlin,2010,p25,gbm_histogramas,E+C,217.6833333333333,208.76381143090975,219.38333333333333
berlin,2011,p25,gbm_histogramas,E+C,219.83333333333331,221.8107902387632,218.71666666666664
berlin,2012,p25,gbm_histogramas,E+C,216.91666666666663,217.64641512791806,219.38333333333333
berlin,2013,p25,gbm_histogramas,E+C,216.56666666666663,216.5264189201794,219.38333333333333
berlin,2014,p25,gbm_histogramas,E+C,217.16666666666663,219.4940122995407,219.38333333333333
berlin,2015,p25,gbm_histogramas,E+C,215.96666666666667,220.14570989765997,219.38333333333333
berlin,2016,p25,gbm_histogramas,E+C,220.01666666666668,220.93590829274876,218.71666666666664
berlin,2017,p25,gbm_histogramas,E+C,219.85,221.2420093099438,218.71666666666664
berlin,2018,p25,gbm_histogramas,E+C,223.28333333333333,218.37928848919103,218.71666666666664
berlin,2019,p25,gbm_histogramas,E+C,209.13333333333333,216.49300176124422,219.38333333333333
boston,2005,p25,gbm_histogramas,E+C,211.6833333333333,205.2802825858994,205.15625
boston,2006,p25,gbm_histogramas,E+C,205.53333333333333,202.68092915666918,205.17291666666665
boston,2007,p25,gbm_histogramas,E+C,208.35,201.93549336989096,205.15625
boston,2008,p25,gbm_histogramas,E+C,205.58333333333331,203.2577720920937,205.15625
boston,2009,p25,gbm_histogramas,E+C,204.58333333333331,203.3874956883758,205.54999999999998
boston,2010,p25,gbm_histogramas,E+C,204.74166666666667,204.78465092723928,205.54999999999998
boston,2011,p25,gbm_histogramas,E+C,204.1125,206.0099726715357,205.54999999999998
boston,2012,p25,gbm_histogramas,E+C,224.7,215.87561567870935,205.15625
boston,2013,p25,gbm_histogramas,E+C,199.58333333333331,206.02029337054245,205.54999999999998
boston,2014,p25,gbm_histogramas,E+C,205.56666666666663,206.21728976494728,205.15625
boston,2015,p25,gbm_histogramas,E+C,198.63333333333333,202.260105911351,205.54999999999998
boston,2016,p25,gbm_histogramas,E+C,206.4333333333333,208.99695372849254,205.15625
boston,2017,p25,gbm_histogramas,E+C,208.31666666666663,208.7686028526463,205.15625
boston,2018,p25,gbm_histogramas,E+C,204.77916666666667,191.36108612510802,205.54999999999998
boston,2019,p25,gbm_histogramas,E+C,200.4333333333333,195.81443608210515,205.54999999999998
chicago,2005,p25,gbm_histogramas,E+C,231.3625,230.27344736167777,232.825
chicago,2006,p25,gbm_histogramas,E+C,229.29583333333332,231.2944750944111,232.825
chicago,2007,p25,gbm_histogramas,E+C,260.05,246.80276359532533,232.74166666666667
chicago,2008,p25,gbm_histogramas,E+C,248.3,241.80885937275434,232.74166666666667
chicago,2009,p25,gbm_histogramas,E+C,230.58333333333331,229.97777386172746,232.825
chicago,2010,p25,gbm_histogramas,E+C,243.81666666666663,241.08246432054327,232.74166666666667
chicago,2011,p25,gbm_histogramas,E+C,240.81666666666663,235.93987402107715,232.74166666666667
chicago,2012,p25,gbm_histogramas,E+C,232.88333333333333,230.58341007208446,232.74166666666667
chicago,2013,p25,gbm_histogramas,E+C,233.81666666666663,231.62485944533051,232.74166666666667
chicago,2014,p25,gbm_histogramas,E+C,232.71666666666667,233.09203163741915,232.825
chicago,2015,p25,gbm_histogramas,E+C,234.21666666666667,232.89578360033167,232.74166666666667
chicago,2016,p25,gbm_histogramas,E+C,232.76666666666668,232.940138936766,232.8
chicago,2017,p25,gbm_histogramas,E+C,240.35,237.5047331252521,232.74166666666667
chicago,2018,p25,gbm_histogramas,E+C,230.61666666666667,231.30169670179703,232.825
chicago,2019,p25,gbm_histogramas,E+C,225.61666666666667,229.88758591001738,232.825
chicago,2022,p25,gbm_histogramas,E+C,223.9,233.3879610807742,232.825
chicago,2023,p25,gbm_histogramas,E+C,215.2,227.51587951548373,232.825
durban,2022,p25,gbm_histogramas,E+C,200.7625,219.9640256795791,215.49999999999997
durban,2024,p25,gbm_histogramas,E+C,210.94166666666663,217.88572009970113,210.41041666666666
durban,2025,p25,gbm_histogramas,E+C,220.0583333333333,208.17935437295552,205.85208333333333
honolulu,2005,p25,gbm_histogramas,E+C,284.68333333333334,293.65518366832396,294.5020833333333
honolulu,2006,p25,gbm_histogramas,E+C,287.4166666666667,294.95384790458763,294.5020833333333
honolulu,2007,p25,gbm_histogramas,E+C,292.3833333333333,303.981211838109,294.5020833333333
honolulu,2008,p25,gbm_histogramas,E+C,289.68333333333334,292.36687969573904,294.5020833333333
honolulu,2009,p25,gbm_histogramas,E+C,288.65,300.44961546412407,294.5020833333333
honolulu,2010,p25,gbm_histogramas,E+C,294.3416666666667,292.69220276842583,294.5020833333333
honolulu,2011,p25,gbm_histogramas,E+C,290.3416666666667,297.21917427475387,294.5020833333333
honolulu,2012,p25,gbm_histogramas,E+C,294.62916666666666,296.93227702896866,294.35833333333335
honolulu,2013,p25,gbm_histogramas,E+C,306.51666666666665,304.9874549933355,294.35833333333335
honolulu,2014,p25,gbm_histogramas,E+C,294.375,297.65234802938414,294.48541666666665
honolulu,2015,p25,gbm_histogramas,E+C,309.4166666666667,294.15951721746103,294.35833333333335
honolulu,2016,p25,gbm_histogramas,E+C,310.7625,299.46208059471286,294.35833333333335
honolulu,2017,p25,gbm_histogramas,E+C,306.2333333333333,294.6181245870118,294.35833333333335
honolulu,2018,p25,gbm_histogramas,E+C,309.4583333333333,299.0104898189681,294.35833333333335
honolulu,2019,p25,gbm_histogramas,E+C,316.0,287.89927811942664,294.35833333333335
long_beach,2010,p25,gbm_histogramas,E+C,250.075,247.97441825764162,249.75
long_beach,2011,p25,gbm_histogramas,E+C,253.59166666666667,246.38243568255265,249.75
long_beach,2012,p25,gbm_histogramas,E+C,262.8125,247.09613299932116,249.75
long_beach,2013,p25,gbm_histogramas,E+C,242.2458333333333,251.28367894230976,249.88333333333333
long_beach,2014,p25,gbm_histogramas,E+C,248.625,251.44256574428078,249.88333333333333
long_beach,2015,p25,gbm_histogramas,E+C,270.8958333333333,265.42646150627246,249.75
long_beach,2016,p25,gbm_histogramas,E+C,245.71666666666667,258.7780034580247,249.88333333333333
long_beach,2017,p25,gbm_histogramas,E+C,249.88333333333333,252.5335239881317,249.75
long_beach,2018,p25,gbm_histogramas,E+C,249.75,249.79383242597487,249.88333333333333
long_beach,2019,p25,gbm_histogramas,E+C,245.15833333333333,250.57985026215204,249.88333333333333
maui,2010,p25,gbm_histogramas,E+C,266.32916666666665,268.41622495482426,267.87916666666666
maui,2011,p25,gbm_histogramas,E+C,262.93333333333334,267.95272550279464,269.57708333333335
maui,2012,p25,gbm_histogramas,E+C,262.2333333333333,265.97916884295694,269.57708333333335
maui,2013,p25,gbm_histogramas,E+C,272.825,268.73257637599465,264.63125
maui,2014,p25,gbm_histogramas,E+C,275.31666666666666,267.95258818421576,264.63125
nyc,2005,p25,gbm_histogramas,E+C,243.9375,235.9640230499387,234.1833333333333
nyc,2006,p25,gbm_histogramas,E+C,232.53333333333333,232.5769131074602,235.29999999999995
nyc,2007,p25,gbm_histogramas,E+C,233.6833333333333,236.37904891615543,235.29999999999995
nyc,2008,p25,gbm_histogramas,E+C,229.53333333333333,233.1740694198503,235.29999999999995
nyc,2009,p25,gbm_histogramas,E+C,229.88333333333333,234.3118746114085,235.29999999999995
nyc,2010,p25,gbm_histogramas,E+C,231.7083333333333,231.54085307935807,235.29999999999995
nyc,2011,p25,gbm_histogramas,E+C,231.85,232.54437960932805,235.29999999999995
nyc,2013,p25,gbm_histogramas,E+C,233.6,234.4658023839975,235.29999999999995
nyc,2014,p25,gbm_histogramas,E+C,236.75,234.6856948932062,234.1833333333333
nyc,2015,p25,gbm_histogramas,E+C,239.81666666666663,234.5221929006016,234.1833333333333
nyc,2016,p25,gbm_histogramas,E+C,238.89166666666665,233.9622216022455,234.1833333333333
nyc,2017,p25,gbm_histogramas,E+C,237.1833333333333,236.469899317126,234.1833333333333
nyc,2018,p25,gbm_histogramas,E+C,237.16666666666663,234.5143434539967,234.1833333333333
nyc,2019,p25,gbm_histogramas,E+C,234.6833333333333,228.84530021073613,234.79999999999995
nyc,2022,p25,gbm_histogramas,E+C,247.9958333333333,224.59754672170826,234.1833333333333
nyc,2023,p25,gbm_histogramas,E+C,235.91666666666663,236.32436668476512,234.1833333333333
nyc,2024,p25,gbm_histogramas,E+C,228.86666666666667,229.91247558101603,235.29999999999995
rio,2023,p25,gbm_histogramas,E+C,226.96666666666667,229.17408231601738,225.45208333333332
rio,2024,p25,gbm_histogramas,E+C,224.7375,228.52809460298712,226.56666666666666
rio,2025,p25,gbm_histogramas,E+C,226.16666666666663,229.88617031800754,225.85208333333333
savannah,2011,p25,gbm_histogramas,E+C,239.45,244.01011222898518,241.96249999999998
savannah,2012,p25,gbm_histogramas,E+C,242.21666666666667,244.14376748381608,241.6208333333333
savannah,2013,p25,gbm_histogramas,E+C,241.7083333333333,241.28580611710078,241.875
savannah,2014,p25,gbm_histogramas,E+C,240.8958333333333,243.10775073249653,241.96249999999998
savannah,2015,p25,gbm_histogramas,E+C,229.2125,256.58892028375266,241.96249999999998
savannah,2016,p25,gbm_histogramas,E+C,251.58333333333331,242.19018982328726,241.6208333333333
savannah,2017,p25,gbm_histogramas,E+C,259.45,249.23414865280247,241.6208333333333
savannah,2018,p25,gbm_histogramas,E+C,241.53333333333333,242.33377110149698,241.96249999999998
savannah,2019,p25,gbm_histogramas,E+C,243.03333333333333,242.56808761217133,241.6208333333333
singapore,2014,p25,gbm_histogramas,E+C,310.0833333333333,309.22597701930357,304.30833333333334
singapore,2015,p25,gbm_histogramas,E+C,311.26666666666665,308.8989697834475,304.30833333333334
singapore,2016,p25,gbm_histogramas,E+C,304.30833333333334,307.51731722002546,307.3666666666667
singapore,2017,p25,gbm_histogramas,E+C,307.3666666666667,302.14178173997794,304.30833333333334
singapore,2018,p25,gbm_histogramas,E+C,302.93333333333334,301.74034421078204,307.3666666666667
singapore,2019,p25,gbm_histogramas,E+C,310.01666666666665,300.80860704677036,304.30833333333334
singapore,2022,p25,gbm_histogramas,E+C,278.3666666666667,300.8215825509167,307.3666666666667
singapore,2023,p25,gbm_histogramas,E+C,283.325,295.62023466999096,307.3666666666667
berlin,2005,p25,gbm_histogramas,E+S,221.7,226.66740168758213,218.71666666666664
berlin,2006,p25,gbm_histogramas,E+S,226.03333333333333,225.31820152490175,218.71666666666664
berlin,2007,p25,gbm_histogramas,E+S,218.9333333333333,217.3539845282559,219.16666666666666
berlin,2008,p25,gbm_histogramas,E+S,218.5,221.50794938125622,219.38333333333333
berlin,2009,p25,gbm_histogramas,E+S,223.4,217.1391587059006,218.71666666666664
berlin,2010,p25,gbm_histogramas,E+S,217.6833333333333,220.09714933625028,219.38333333333333
berlin,2011,p25,gbm_histogramas,E+S,219.83333333333331,218.11950770223785,218.71666666666664
berlin,2012,p25,gbm_histogramas,E+S,216.91666666666663,215.8372244159978,219.38333333333333
berlin,2013,p25,gbm_histogramas,E+S,216.56666666666663,217.34688588754054,219.38333333333333
berlin,2014,p25,gbm_histogramas,E+S,217.16666666666663,220.15296535407282,219.38333333333333
berlin,2015,p25,gbm_histogramas,E+S,215.96666666666667,217.26403391969737,219.38333333333333
berlin,2016,p25,gbm_histogramas,E+S,220.01666666666668,217.43540526346064,218.71666666666664
berlin,2017,p25,gbm_histogramas,E+S,219.85,221.06858169099593,218.71666666666664
berlin,2018,p25,gbm_histogramas,E+S,223.28333333333333,218.13411845546204,218.71666666666664
berlin,2019,p25,gbm_histogramas,E+S,209.13333333333333,214.3098081401099,219.38333333333333
boston,2005,p25,gbm_histogramas,E+S,211.6833333333333,202.97171334090226,205.15625
boston,2006,p25,gbm_histogramas,E+S,205.53333333333333,212.8124908796942,205.17291666666665
boston,2007,p25,gbm_histogramas,E+S,208.35,207.73022357520256,205.15625
boston,2008,p25,gbm_histogramas,E+S,205.58333333333331,212.12108338700088,205.15625
boston,2009,p25,gbm_histogramas,E+S,204.58333333333331,205.46117526594583,205.54999999999998
boston,2010,p25,gbm_histogramas,E+S,204.74166666666667,205.8769385302175,205.54999999999998
boston,2011,p25,gbm_histogramas,E+S,204.1125,206.44675479933068,205.54999999999998
boston,2012,p25,gbm_histogramas,E+S,224.7,205.0664261274091,205.15625
boston,2013,p25,gbm_histogramas,E+S,199.58333333333331,205.33222546172797,205.54999999999998
boston,2014,p25,gbm_histogramas,E+S,205.56666666666663,202.28108135952812,205.15625
boston,2015,p25,gbm_histogramas,E+S,198.63333333333333,205.5953830174226,205.54999999999998
boston,2016,p25,gbm_histogramas,E+S,206.4333333333333,206.12573002368782,205.15625
boston,2017,p25,gbm_histogramas,E+S,208.31666666666663,208.65744363239918,205.15625
boston,2018,p25,gbm_histogramas,E+S,204.77916666666667,201.57001762460325,205.54999999999998
boston,2019,p25,gbm_histogramas,E+S,200.4333333333333,206.0222740149529,205.54999999999998
chicago,2005,p25,gbm_histogramas,E+S,231.3625,238.57281376211895,232.825
chicago,2006,p25,gbm_histogramas,E+S,229.29583333333332,234.9802602615523,232.825
chicago,2007,p25,gbm_histogramas,E+S,260.05,236.17061055165965,232.74166666666667
chicago,2008,p25,gbm_histogramas,E+S,248.3,229.30197726111652,232.74166666666667
chicago,2009,p25,gbm_histogramas,E+S,230.58333333333331,241.02307276004285,232.825
chicago,2010,p25,gbm_histogramas,E+S,243.81666666666663,236.08613786161823,232.74166666666667
chicago,2011,p25,gbm_histogramas,E+S,240.81666666666663,233.79503502838503,232.74166666666667
chicago,2012,p25,gbm_histogramas,E+S,232.88333333333333,243.27311757054994,232.74166666666667
chicago,2013,p25,gbm_histogramas,E+S,233.81666666666663,235.43382083008729,232.74166666666667
chicago,2014,p25,gbm_histogramas,E+S,232.71666666666667,231.413770973027,232.825
chicago,2015,p25,gbm_histogramas,E+S,234.21666666666667,231.28543770781047,232.74166666666667
chicago,2016,p25,gbm_histogramas,E+S,232.76666666666668,235.3515751162388,232.8
chicago,2017,p25,gbm_histogramas,E+S,240.35,226.69935578111478,232.74166666666667
chicago,2018,p25,gbm_histogramas,E+S,230.61666666666667,237.53722894199345,232.825
chicago,2019,p25,gbm_histogramas,E+S,225.61666666666667,230.1664297822124,232.825
chicago,2022,p25,gbm_histogramas,E+S,223.9,234.24266003593547,232.825
chicago,2023,p25,gbm_histogramas,E+S,215.2,232.8435205432838,232.825
durban,2022,p25,gbm_histogramas,E+S,200.7625,195.5597052801599,215.49999999999997
durban,2024,p25,gbm_histogramas,E+S,210.94166666666663,207.71290638043408,210.41041666666666
durban,2025,p25,gbm_histogramas,E+S,220.0583333333333,203.3217366782615,205.85208333333333
honolulu,2005,p25,gbm_histogramas,E+S,284.68333333333334,288.479913096549,294.5020833333333
honolulu,2006,p25,gbm_histogramas,E+S,287.4166666666667,289.877304220985,294.5020833333333
honolulu,2007,p25,gbm_histogramas,E+S,292.3833333333333,295.264364600157,294.5020833333333
honolulu,2008,p25,gbm_histogramas,E+S,289.68333333333334,290.6237134288154,294.5020833333333
honolulu,2009,p25,gbm_histogramas,E+S,288.65,293.8916125285142,294.5020833333333
honolulu,2010,p25,gbm_histogramas,E+S,294.3416666666667,293.1840293352317,294.5020833333333
honolulu,2011,p25,gbm_histogramas,E+S,290.3416666666667,302.2592788299851,294.5020833333333
honolulu,2012,p25,gbm_histogramas,E+S,294.62916666666666,303.56649793160096,294.35833333333335
honolulu,2013,p25,gbm_histogramas,E+S,306.51666666666665,293.21914829366096,294.35833333333335
honolulu,2014,p25,gbm_histogramas,E+S,294.375,307.1623381090556,294.48541666666665
honolulu,2015,p25,gbm_histogramas,E+S,309.4166666666667,298.48146259329746,294.35833333333335
honolulu,2016,p25,gbm_histogramas,E+S,310.7625,302.69208094386806,294.35833333333335
honolulu,2017,p25,gbm_histogramas,E+S,306.2333333333333,310.4168235853323,294.35833333333335
honolulu,2018,p25,gbm_histogramas,E+S,309.4583333333333,307.5117828269958,294.35833333333335
honolulu,2019,p25,gbm_histogramas,E+S,316.0,299.96642746884737,294.35833333333335
long_beach,2010,p25,gbm_histogramas,E+S,250.075,244.0431914938729,249.75
long_beach,2011,p25,gbm_histogramas,E+S,253.59166666666667,258.15195769709254,249.75
long_beach,2012,p25,gbm_histogramas,E+S,262.8125,253.8178985248578,249.75
long_beach,2013,p25,gbm_histogramas,E+S,242.2458333333333,252.51218275604708,249.88333333333333
long_beach,2014,p25,gbm_histogramas,E+S,248.625,253.55231992128793,249.88333333333333
long_beach,2015,p25,gbm_histogramas,E+S,270.8958333333333,250.86552461423463,249.75
long_beach,2016,p25,gbm_histogramas,E+S,245.71666666666667,260.5880309875995,249.88333333333333
long_beach,2017,p25,gbm_histogramas,E+S,249.88333333333333,246.2459571884505,249.75
long_beach,2018,p25,gbm_histogramas,E+S,249.75,251.1517662762531,249.88333333333333
long_beach,2019,p25,gbm_histogramas,E+S,245.15833333333333,255.38258050721186,249.88333333333333
maui,2010,p25,gbm_histogramas,E+S,266.32916666666665,264.05362383919197,267.87916666666666
maui,2011,p25,gbm_histogramas,E+S,262.93333333333334,265.0690299240157,269.57708333333335
maui,2012,p25,gbm_histogramas,E+S,262.2333333333333,265.4519909912473,269.57708333333335
maui,2013,p25,gbm_histogramas,E+S,272.825,277.01711277362995,264.63125
maui,2014,p25,gbm_histogramas,E+S,275.31666666666666,265.1801475850632,264.63125
nyc,2005,p25,gbm_histogramas,E+S,243.9375,233.90459763942684,234.1833333333333
nyc,2006,p25,gbm_histogramas,E+S,232.53333333333333,235.94677611907784,235.29999999999995
nyc,2007,p25,gbm_histogramas,E+S,233.6833333333333,233.4442835558335,235.29999999999995
nyc,2008,p25,gbm_histogramas,E+S,229.53333333333333,234.6153076996889,235.29999999999995
nyc,2009,p25,gbm_histogramas,E+S,229.88333333333333,231.53516325189142,235.29999999999995
nyc,2010,p25,gbm_histogramas,E+S,231.7083333333333,233.12113226759035,235.29999999999995
nyc,2011,p25,gbm_histogramas,E+S,231.85,234.44690984020338,235.29999999999995
nyc,2013,p25,gbm_histogramas,E+S,233.6,235.9269836926746,235.29999999999995
nyc,2014,p25,gbm_histogramas,E+S,236.75,235.69158778686563,234.1833333333333
nyc,2015,p25,gbm_histogramas,E+S,239.81666666666663,234.57730621685704,234.1833333333333
nyc,2016,p25,gbm_histogramas,E+S,238.89166666666665,240.00153089107837,234.1833333333333
nyc,2017,p25,gbm_histogramas,E+S,237.1833333333333,241.0838638310992,234.1833333333333
nyc,2018,p25,gbm_histogramas,E+S,237.16666666666663,236.83978135856188,234.1833333333333
nyc,2019,p25,gbm_histogramas,E+S,234.6833333333333,236.96962299319154,234.79999999999995
nyc,2022,p25,gbm_histogramas,E+S,247.9958333333333,230.15516715627297,234.1833333333333
nyc,2023,p25,gbm_histogramas,E+S,235.91666666666663,229.11639822925855,234.1833333333333
nyc,2024,p25,gbm_histogramas,E+S,228.86666666666667,237.9544599528593,235.29999999999995
rio,2023,p25,gbm_histogramas,E+S,226.96666666666667,211.62921507713693,225.45208333333332
rio,2024,p25,gbm_histogramas,E+S,224.7375,223.00309137303452,226.56666666666666
rio,2025,p25,gbm_histogramas,E+S,226.16666666666663,228.22159099763695,225.85208333333333
savannah,2011,p25,gbm_histogramas,E+S,239.45,244.4612258189252,241.96249999999998
savannah,2012,p25,gbm_histogramas,E+S,242.21666666666667,241.7214897403693,241.6208333333333
savannah,2013,p25,gbm_histogramas,E+S,241.7083333333333,237.93645827116296,241.875
savannah,2014,p25,gbm_histogramas,E+S,240.8958333333333,243.19783640566976,241.96249999999998
savannah,2015,p25,gbm_histogramas,E+S,229.2125,251.08826048497377,241.96249999999998
savannah,2016,p25,gbm_histogramas,E+S,251.58333333333331,254.08885158641868,241.6208333333333
savannah,2017,p25,gbm_histogramas,E+S,259.45,244.98412960814653,241.6208333333333
savannah,2018,p25,gbm_histogramas,E+S,241.53333333333333,243.7505035929954,241.96249999999998
savannah,2019,p25,gbm_histogramas,E+S,243.03333333333333,245.78396371177232,241.6208333333333
singapore,2014,p25,gbm_histogramas,E+S,310.0833333333333,304.0254224186393,304.30833333333334
singapore,2015,p25,gbm_histogramas,E+S,311.26666666666665,295.1020721728292,304.30833333333334
singapore,2016,p25,gbm_histogramas,E+S,304.30833333333334,314.04214698375125,307.3666666666667
singapore,2017,p25,gbm_histogramas,E+S,307.3666666666667,308.25774102414664,304.30833333333334
singapore,2018,p25,gbm_histogramas,E+S,302.93333333333334,319.11935086380237,307.3666666666667
singapore,2019,p25,gbm_histogramas,E+S,310.01666666666665,308.96976466221196,304.30833333333334
singapore,2022,p25,gbm_histogramas,E+S,278.3666666666667,289.87436262755637,307.3666666666667
singapore,2023,p25,gbm_histogramas,E+S,283.325,298.83534118296444,307.3666666666667
berlin,2005,p50,ridge,E,248.08333333333331,244.43582241519525,242.30833333333334
berlin,2006,p50,ridge,E,253.51666666666668,244.3009555221292,242.30833333333334
berlin,2007,p50,ridge,E,242.25,245.6740280670006,243.81666666666666
berlin,2008,p50,ridge,E,242.36666666666667,245.62543168696854,243.75833333333333
berlin,2009,p50,ridge,E,250.11666666666667,244.443640370871,242.30833333333334
berlin,2010,p50,ridge,E,241.05,245.7040548899002,243.81666666666666
berlin,2011,p50,ridge,E,245.26666666666668,244.48094084738068,242.30833333333334
berlin,2012,p50,ridge,E,241.06666666666663,245.6480602478054,243.81666666666666
berlin,2013,p50,ridge,E,239.6833333333333,245.68228076354518,243.81666666666666
berlin,2014,p50,ridge,E,241.9333333333333,245.65483829232065,243.81666666666666
berlin,2015,p50,ridge,E,241.3083333333333,245.67292702574366,243.81666666666666
berlin,2016,p50,ridge,E,247.2333333333333,244.3961056413063,242.30833333333334
berlin,2017,p50,ridge,E,247.2,244.4061987501958,242.30833333333334
berlin,2018,p50,ridge,E,253.45,244.31868553191438,242.30833333333334
berlin,2019,p50,ridge,E,236.75833333333333,245.76336866132613,243.81666666666666
boston,2005,p50,ridge,E,233.05,228.21097047195693,225.89583333333331
boston,2006,p50,ridge,E,224.78333333333333,229.11335660998014,227.14999999999998
boston,2007,p50,ridge,E,228.66666666666663,228.41397746251567,225.89583333333331
boston,2008,p50,ridge,E,226.21666666666667,228.94447152817818,226.82916666666665
boston,2009,p50,ridge,E,224.08333333333331,229.13323184864893,227.14999999999998
boston,2010,p50,ridge,E,224.28333333333333,229.10135840706724,227.14999999999998
boston,2011,p50,ridge,E,224.9833333333333,229.04966866246357,227.14999999999998
boston,2012,p50,ridge,E,251.06666666666663,227.4069281438303,225.89583333333331
boston,2013,p50,ridge,E,220.88333333333333,229.18087001897464,227.14999999999998
boston,2014,p50,ridge,E,232.2333333333333,228.25398133325805,225.89583333333331
boston,2015,p50,ridge,E,219.66666666666663,229.2905448501277,227.14999999999998
boston,2016,p50,ridge,E,228.08333333333331,228.40142768639092,225.89583333333331
boston,2017,p50,ridge,E,231.65833333333333,228.2004895876162,225.89583333333331
boston,2018,p50,ridge,E,228.6,228.32434331892,225.89583333333331
boston,2019,p50,ridge,E,225.575,228.96653410949435,227.14999999999998
chicago,2005,p50,ridge,E,262.85,269.69281514326536,267.4583333333333
chicago,2006,p50,ridge,E,261.05,269.55756367351273,267.4583333333333
chicago,2007,p50,ridge,E,295.01666666666665,268.9611098989824,267.425
chicago,2008,p50,ridge,E,283.7,269.171395909739,267.425
chicago,2009,p50,ridge,E,263.43333333333334,269.5597962802368,267.4583333333333
chicago,2010,p50,ridge,E,280.64166666666665,269.27781321551026,267.425
chicago,2011,p50,ridge,E,277.875,269.32986723188003,267.425
chicago,2012,p50,ridge,E,267.4,269.50027172615273,267.4583333333333
chicago,2013,p50,ridge,E,267.43333333333334,269.42793830394004,267.45
chicago,2014,p50,ridge,E,267.4166666666667,269.4382631714041,267.4583333333333
chicago,2015,p50,ridge,E,270.75,269.37549865634395,267.425
chicago,2016,p50,ridge,E,268.3833333333333,269.40793069759485,267.425
chicago,2017,p50,ridge,E,282.71666666666664,269.218969875497,267.425
chicago,2018,p50,ridge,E,267.4833333333333,269.4434147871734,267.425
chicago,2019,p50,ridge,E,262.1083333333333,269.4844129166222,267.4583333333333
chicago,2022,p50,ridge,E,261.76666666666665,269.57625253998214,267.4583333333333
chicago,2023,p50,ridge,E,251.6833333333333,269.89525492241796,267.4583333333333
durban,2022,p50,ridge,E,237.78333333333333,251.62585583103808,249.84999999999997
durban,2024,p50,ridge,E,247.49166666666667,246.89427443600857,244.9958333333333
durban,2025,p50,ridge,E,252.2083333333333,244.4717305499268,242.6375
honolulu,2005,p50,ridge,E,339.4833333333333,353.2782317041941,351.41666666666663
honolulu,2006,p50,ridge,E,343.6166666666667,353.0856736458038,351.41666666666663
honolulu,2007,p50,ridge,E,350.06666666666666,352.85788506648225,351.41666666666663
honolulu,2008,p50,ridge,E,346.45,352.9309795105788,351.41666666666663
honolulu,2009,p50,ridge,E,344.7333333333333,352.96277725767885,351.41666666666663
honolulu,2010,p50,ridge,E,350.8666666666667,352.5206176310272,351.01666666666665
honolulu,2011,p50,ridge,E,346.6,352.88915250668845,351.41666666666663
honolulu,2012,p50,ridge,E,348.8,352.8352651329101,351.41666666666663
honolulu,2013,p50,ridge,E,367.55,351.7922796556586,350.4666666666667
honolulu,2014,p50,ridge,E,351.96666666666664,352.06766228764457,350.4666666666667
honolulu,2015,p50,ridge,E,372.05,351.6479747691958,350.4666666666667
honolulu,2016,p50,ridge,E,374.9583333333333,351.58165960323214,350.4666666666667
honolulu,2017,p50,ridge,E,369.35833333333335,351.6909448183811,350.4666666666667
honolulu,2018,p50,ridge,E,375.26666666666665,351.5464642039321,350.4666666666667
honolulu,2019,p50,ridge,E,381.78333333333336,351.36916018827617,350.4666666666667
long_beach,2010,p50,ridge,E,288.5083333333333,290.3694101474903,288.4
long_beach,2011,p50,ridge,E,297.1,290.33302526260604,288.4
long_beach,2012,p50,ridge,E,309.46666666666664,290.18124488611846,288.4
long_beach,2013,p50,ridge,E,279.81666666666666,290.58259612183497,288.5083333333333
long_beach,2014,p50,ridge,E,285.19166666666666,290.52452196247197,288.5083333333333
long_beach,2015,p50,ridge,E,315.2583333333333,290.0743614345833,288.4
long_beach,2016,p50,ridge,E,288.3833333333333,290.4969250480494,288.5083333333333
long_beach,2017,p50,ridge,E,288.4,290.5140907123268,288.5083333333333
long_beach,2018,p50,ridge,E,289.78333333333336,290.40245254454624,288.4
long_beach,2019,p50,ridge,E,283.95,290.5196825600774,288.5083333333333
maui,2010,p50,ridge,E,307.475,313.4788111257729,311.5
maui,2011,p50,ridge,E,301.18333333333334,314.40316746071244,312.3625
maui,2012,p50,ridge,E,305.75,314.311759389301,312.3625
maui,2013,p50,ridge,E,317.25,308.73128119835474,306.6125
maui,2014,p50,ridge,E,320.56666666666666,308.66985242221347,306.6125
nyc,2005,p50,ridge,E,278.55,267.6537094445358,265.7583333333333
nyc,2006,p50,ridge,E,262.28333333333336,270.3776930742781,268.5333333333333
nyc,2007,p50,ridge,E,263.65,270.3274750396329,268.5333333333333
nyc,2008,p50,ridge,E,259.25,270.39113922459427,268.5333333333333
nyc,2009,p50,ridge,E,259.05,270.38109153275735,268.5333333333333
nyc,2010,p50,ridge,E,261.3333333333333,270.27145475411777,268.5333333333333
nyc,2011,p50,ridge,E,262.71666666666664,270.24228636349886,268.5333333333333
nyc,2013,p50,ridge,E,262.3333333333333,270.2463930713717,268.5333333333333
nyc,2014,p50,ridge,E,267.8666666666667,268.43508547964916,266.42499999999995
nyc,2015,p50,ridge,E,273.1333333333333,267.8228422402864,265.7583333333333
nyc,2016,p50,ridge,E,271.46666666666664,267.78295188090317,265.7583333333333
nyc,2017,p50,ridge,E,270.45,267.7972154282857,265.7583333333333
nyc,2018,p50,ridge,E,272.03333333333336,267.77074033681475,265.7583333333333
nyc,2019,p50,ridge,E,269.2,267.8027423561217,265.7583333333333
nyc,2022,p50,ridge,E,284.75,267.4024553607147,265.7583333333333
nyc,2023,p50,ridge,E,272.78333333333336,267.6432539588211,265.7583333333333
nyc,2024,p50,ridge,E,263.55,270.261181406089,268.5333333333333
rio,2023,p50,ridge,E,254.5833333333333,252.32214828863795,250.91666666666663
rio,2024,p50,ridge,E,251.4833333333333,253.894067984742,252.46666666666664
rio,2025,p50,ridge,E,250.35,254.40117593553842,253.0333333333333
savannah,2011,p50,ridge,E,270.125,280.20720564207056,278.4083333333333
savannah,2012,p50,ridge,E,277.6166666666667,278.77861280807514,276.9583333333333
savannah,2013,p50,ridge,E,274.3833333333333,280.09259817739314,278.4083333333333
savannah,2014,p50,ridge,E,274.71666666666664,280.0867153289937,278.4083333333333
savannah,2015,p50,ridge,E,249.3083333333333,280.3664965419037,278.4083333333333
savannah,2016,p50,ridge,E,286.6166666666667,277.90892968837136,276.16666666666663
savannah,2017,p50,ridge,E,300.45,277.7498661074934,276.16666666666663
savannah,2018,p50,ridge,E,280.96666666666664,277.98064874043195,276.16666666666663
savannah,2019,p50,ridge,E,279.2,278.00422394369895,276.16666666666663
singapore,2014,p50,ridge,E,358.0,355.67945482234376,354.1333333333333
singapore,2015,p50,ridge,E,360.81666666666666,355.6283220385249,354.1333333333333
singapore,2016,p50,ridge,E,354.1333333333333,356.8225016349021,355.3666666666667
singapore,2017,p50,ridge,E,355.3666666666667,355.73026293341184,354.1333333333333
singapore,2018,p50,ridge,E,353.56666666666666,356.8042583754937,355.3666666666667
singapore,2019,p50,ridge,E,358.06666666666666,355.68186873721385,354.1333333333333
singapore,2022,p50,ridge,E,327.65,357.5132162108667,355.3666666666667
singapore,2023,p50,ridge,E,329.53333333333336,357.53073770731413,355.3666666666667
berlin,2005,p50,ridge,E+C,248.08333333333331,249.1831199411672,242.30833333333334
berlin,2006,p50,ridge,E+C,253.51666666666668,252.1269958625857,242.30833333333334
berlin,2007,p50,ridge,E+C,242.25,243.7596117355892,243.81666666666666
berlin,2008,p50,ridge,E+C,242.36666666666667,245.32312463916477,243.75833333333333
berlin,2009,p50,ridge,E+C,250.11666666666667,250.64034105768488,242.30833333333334
berlin,2010,p50,ridge,E+C,241.05,238.06767951975164,243.81666666666666
berlin,2011,p50,ridge,E+C,245.26666666666668,248.4461166031424,242.30833333333334
berlin,2012,p50,ridge,E+C,241.06666666666663,244.65495748225018,243.81666666666666
berlin,2013,p50,ridge,E+C,239.6833333333333,244.6087267773284,243.81666666666666
berlin,2014,p50,ridge,E+C,241.9333333333333,248.45370101740534,243.81666666666666
berlin,2015,p50,ridge,E+C,241.3083333333333,245.1730660645746,243.81666666666666
berlin,2016,p50,ridge,E+C,247.2333333333333,249.60327778052627,242.30833333333334
berlin,2017,p50,ridge,E+C,247.2,243.9664617940793,242.30833333333334
berlin,2018,p50,ridge,E+C,253.45,246.9950259950717,242.30833333333334
berlin,2019,p50,ridge,E+C,236.75833333333333,242.50387330352507,243.81666666666666
boston,2005,p50,ridge,E+C,233.05,229.80360226364945,225.89583333333331
boston,2006,p50,ridge,E+C,224.78333333333333,226.17451015337065,227.14999999999998
boston,2007,p50,ridge,E+C,228.66666666666663,223.30367994801324,225.89583333333331
boston,2008,p50,ridge,E+C,226.21666666666667,228.45612571308735,226.82916666666665
boston,2009,p50,ridge,E+C,224.08333333333331,225.14455242656328,227.14999999999998
boston,2010,p50,ridge,E+C,224.28333333333333,225.69665875451267,227.14999999999998
boston,2011,p50,ridge,E+C,224.9833333333333,228.5842249194361,227.14999999999998
boston,2012,p50,ridge,E+C,251.06666666666663,234.11516043234997,225.89583333333331
boston,2013,p50,ridge,E+C,220.88333333333333,227.2453064740192,227.14999999999998
boston,2014,p50,ridge,E+C,232.2333333333333,230.8345996590228,225.89583333333331
boston,2015,p50,ridge,E+C,219.66666666666663,222.60256851980733,227.14999999999998
boston,2016,p50,ridge,E+C,228.08333333333331,228.8799217673575,225.89583333333331
boston,2017,p50,ridge,E+C,231.65833333333333,230.2921730640367,225.89583333333331
boston,2018,p50,ridge,E+C,228.6,210.40884554223217,225.89583333333331
boston,2019,p50,ridge,E+C,225.575,229.50032209487716,227.14999999999998
chicago,2005,p50,ridge,E+C,262.85,267.3727836124624,267.4583333333333
chicago,2006,p50,ridge,E+C,261.05,255.9895230936347,267.4583333333333
chicago,2007,p50,ridge,E+C,295.01666666666665,274.14518944686046,267.425
chicago,2008,p50,ridge,E+C,283.7,275.44386839585974,267.425
chicago,2009,p50,ridge,E+C,263.43333333333334,261.58017078593986,267.4583333333333
chicago,2010,p50,ridge,E+C,280.64166666666665,275.7504948765077,267.425
chicago,2011,p50,ridge,E+C,277.875,274.3953432239651,267.425
chicago,2012,p50,ridge,E+C,267.4,262.52952883960074,267.4583333333333
chicago,2013,p50,ridge,E+C,267.43333333333334,267.98059050859337,267.45
chicago,2014,p50,ridge,E+C,267.4166666666667,268.7011967010515,267.4583333333333
chicago,2015,p50,ridge,E+C,270.75,272.42932791479535,267.425
chicago,2016,p50,ridge,E+C,268.3833333333333,268.46032780264653,267.425
chicago,2017,p50,ridge,E+C,282.71666666666664,272.5002005926782,267.425
chicago,2018,p50,ridge,E+C,267.4833333333333,262.181484090395,267.425
chicago,2019,p50,ridge,E+C,262.1083333333333,263.59527021921633,267.4583333333333
chicago,2022,p50,ridge,E+C,261.76666666666665,271.277726241548,267.4583333333333
chicago,2023,p50,ridge,E+C,251.6833333333333,265.37124192678885,267.4583333333333
durban,2022,p50,ridge,E+C,237.78333333333333,254.29425409386045,249.84999999999997
durban,2024,p50,ridge,E+C,247.49166666666667,250.85940610566334,244.9958333333333
durban,2025,p50,ridge,E+C,252.2083333333333,247.22114897951627,242.6375
honolulu,2005,p50,ridge,E+C,339.4833333333333,356.5586354867545,351.41666666666663
honolulu,2006,p50,ridge,E+C,343.6166666666667,356.9254304068876,351.41666666666663
honolulu,2007,p50,ridge,E+C,350.06666666666666,354.97583324683245,351.41666666666663
honolulu,2008,p50,ridge,E+C,346.45,353.28794198775427,351.41666666666663
honolulu,2009,p50,ridge,E+C,344.7333333333333,356.9176421111115,351.41666666666663
honolulu,2010,p50,ridge,E+C,350.8666666666667,354.03630936272157,351.01666666666665
honolulu,2011,p50,ridge,E+C,346.6,353.8132613353595,351.41666666666663
honolulu,2012,p50,ridge,E+C,348.8,356.08602678230227,351.41666666666663
honolulu,2013,p50,ridge,E+C,367.55,355.27485549766476,350.4666666666667
honolulu,2014,p50,ridge,E+C,351.96666666666664,352.9196694402282,350.4666666666667
honolulu,2015,p50,ridge,E+C,372.05,354.3037500768943,350.4666666666667
honolulu,2016,p50,ridge,E+C,374.9583333333333,353.344405338389,350.4666666666667
honolulu,2017,p50,ridge,E+C,369.35833333333335,353.01258019387154,350.4666666666667
honolulu,2018,p50,ridge,E+C,375.26666666666665,352.22399065122477,350.4666666666667
honolulu,2019,p50,ridge,E+C,381.78333333333336,353.61270184836843,350.4666666666667
long_beach,2010,p50,ridge,E+C,288.5083333333333,289.33891172626466,288.4
long_beach,2011,p50,ridge,E+C,297.1,291.44813520044477,288.4
long_beach,2012,p50,ridge,E+C,309.46666666666664,291.53226056522794,288.4
long_beach,2013,p50,ridge,E+C,279.81666666666666,289.6756525630869,288.5083333333333
long_beach,2014,p50,ridge,E+C,285.19166666666666,292.2423205634386,288.5083333333333
long_beach,2015,p50,ridge,E+C,315.2583333333333,296.0611111547679,288.4
long_beach,2016,p50,ridge,E+C,288.3833333333333,294.5507578501719,288.5083333333333
long_beach,2017,p50,ridge,E+C,288.4,291.96356561060855,288.5083333333333
long_beach,2018,p50,ridge,E+C,289.78333333333336,291.6021178650561,288.4
long_beach,2019,p50,ridge,E+C,283.95,290.9119196300315,288.5083333333333
maui,2010,p50,ridge,E+C,307.475,312.8629941706974,311.5
maui,2011,p50,ridge,E+C,301.18333333333334,317.119776541563,312.3625
maui,2012,p50,ridge,E+C,305.75,316.02417755116596,312.3625
maui,2013,p50,ridge,E+C,317.25,311.3057373510572,306.6125
maui,2014,p50,ridge,E+C,320.56666666666666,305.62760526744705,306.6125
nyc,2005,p50,ridge,E+C,278.55,269.3565985182783,265.7583333333333
nyc,2006,p50,ridge,E+C,262.28333333333336,266.7955747920993,268.5333333333333
nyc,2007,p50,ridge,E+C,263.65,267.3005729562058,268.5333333333333
nyc,2008,p50,ridge,E+C,259.25,265.39587447317274,268.5333333333333
nyc,2009,p50,ridge,E+C,259.05,267.40164146794996,268.5333333333333
nyc,2010,p50,ridge,E+C,261.3333333333333,264.6391368297897,268.5333333333333
nyc,2011,p50,ridge,E+C,262.71666666666664,267.4421981529137,268.5333333333333
nyc,2013,p50,ridge,E+C,262.3333333333333,264.6295793572112,268.5333333333333
nyc,2014,p50,ridge,E+C,267.8666666666667,260.32322257887563,266.42499999999995
nyc,2015,p50,ridge,E+C,273.1333333333333,266.9584325189006,265.7583333333333
nyc,2016,p50,ridge,E+C,271.46666666666664,265.020976996353,265.7583333333333
nyc,2017,p50,ridge,E+C,270.45,265.66451583195663,265.7583333333333
nyc,2018,p50,ridge,E+C,272.03333333333336,265.65569337259467,265.7583333333333
nyc,2019,p50,ridge,E+C,269.2,264.3654687157008,265.7583333333333
nyc,2022,p50,ridge,E+C,284.75,270.2257144039744,265.7583333333333
nyc,2023,p50,ridge,E+C,272.78333333333336,268.58126985169247,265.7583333333333
nyc,2024,p50,ridge,E+C,263.55,266.84799704846057,268.5333333333333
rio,2023,p50,ridge,E+C,254.5833333333333,255.82976613047128,250.91666666666663
rio,2024,p50,ridge,E+C,251.4833333333333,256.4045700249907,252.46666666666664
rio,2025,p50,ridge,E+C,250.35,257.1691211030204,253.0333333333333
savannah,2011,p50,ridge,E+C,270.125,276.52545579243196,278.4083333333333
savannah,2012,p50,ridge,E+C,277.6166666666667,280.68860935591994,276.9583333333333
savannah,2013,p50,ridge,E+C,274.3833333333333,281.07729216799896,278.4083333333333
savannah,2014,p50,ridge,E+C,274.71666666666664,280.2310393660859,278.4083333333333
savannah,2015,p50,ridge,E+C,249.3083333333333,283.3007151613153,278.4083333333333
savannah,2016,p50,ridge,E+C,286.6166666666667,277.3216546441312,276.16666666666663
savannah,2017,p50,ridge,E+C,300.45,281.7852068136344,276.16666666666663
savannah,2018,p50,ridge,E+C,280.96666666666664,276.9196484336591,276.16666666666663
savannah,2019,p50,ridge,E+C,279.2,275.4923848962557,276.16666666666663
singapore,2014,p50,ridge,E+C,358.0,354.06321480689337,354.1333333333333
singapore,2015,p50,ridge,E+C,360.81666666666666,354.5418866104101,354.1333333333333
singapore,2016,p50,ridge,E+C,354.1333333333333,356.0176392520206,355.3666666666667
singapore,2017,p50,ridge,E+C,355.3666666666667,354.22454451374136,354.1333333333333
singapore,2018,p50,ridge,E+C,353.56666666666666,354.59093761037633,355.3666666666667
singapore,2019,p50,ridge,E+C,358.06666666666666,352.5935308736703,354.1333333333333
singapore,2022,p50,ridge,E+C,327.65,356.8381944491309,355.3666666666667
singapore,2023,p50,ridge,E+C,329.53333333333336,356.0432239514062,355.3666666666667
berlin,2005,p50,ridge,E+S,248.08333333333331,242.87538636820304,242.30833333333334
berlin,2006,p50,ridge,E+S,253.51666666666668,242.76890610475164,242.30833333333334
berlin,2007,p50,ridge,E+S,242.25,244.0429352381512,243.81666666666666
berlin,2008,p50,ridge,E+S,242.36666666666667,244.1157433249548,243.75833333333333
berlin,2009,p50,ridge,E+S,250.11666666666667,243.05677974478093,242.30833333333334
berlin,2010,p50,ridge,E+S,241.05,244.3396500585087,243.81666666666666
berlin,2011,p50,ridge,E+S,245.26666666666668,243.38655874608762,242.30833333333334
berlin,2012,p50,ridge,E+S,241.06666666666663,244.43281927549612,243.81666666666666
berlin,2013,p50,ridge,E+S,239.6833333333333,244.65286363925009,243.81666666666666
berlin,2014,p50,ridge,E+S,241.9333333333333,244.48605306347648,243.81666666666666
berlin,2015,p50,ridge,E+S,241.3083333333333,244.64919159863288,243.81666666666666
berlin,2016,p50,ridge,E+S,247.2333333333333,243.6705990735853,242.30833333333334
berlin,2017,p50,ridge,E+S,247.2,243.93993221634364,242.30833333333334
berlin,2018,p50,ridge,E+S,253.45,244.01488408614802,242.30833333333334
berlin,2019,p50,ridge,E+S,236.75833333333333,242.56511613460913,243.81666666666666
boston,2005,p50,ridge,E+S,233.05,227.86893199366358,225.89583333333331
boston,2006,p50,ridge,E+S,224.78333333333333,228.89429051661733,227.14999999999998
boston,2007,p50,ridge,E+S,228.66666666666663,228.25413588807075,225.89583333333331
boston,2008,p50,ridge,E+S,226.21666666666667,228.9612123462993,226.82916666666665
boston,2009,p50,ridge,E+S,224.08333333333331,229.17230821830233,227.14999999999998
boston,2010,p50,ridge,E+S,224.28333333333333,229.2629740529092,227.14999999999998
boston,2011,p50,ridge,E+S,224.9833333333333,229.25224927617302,227.14999999999998
boston,2012,p50,ridge,E+S,251.06666666666663,227.55731205865445,225.89583333333331
boston,2013,p50,ridge,E+S,220.88333333333333,229.4596537176203,227.14999999999998
boston,2014,p50,ridge,E+S,232.2333333333333,228.81054997971535,225.89583333333331
boston,2015,p50,ridge,E+S,219.66666666666663,229.86107450784579,227.14999999999998
boston,2016,p50,ridge,E+S,228.08333333333331,229.03200756197305,225.89583333333331
boston,2017,p50,ridge,E+S,231.65833333333333,228.804924620534,225.89583333333331
boston,2018,p50,ridge,E+S,228.6,228.93687066289422,225.89583333333331
boston,2019,p50,ridge,E+S,225.575,229.57374957158677,227.14999999999998
chicago,2005,p50,ridge,E+S,262.85,270.2611254190861,267.4583333333333
chicago,2006,p50,ridge,E+S,261.05,270.1587716275934,267.4583333333333
chicago,2007,p50,ridge,E+S,295.01666666666665,269.1871362813188,267.425
chicago,2008,p50,ridge,E+S,283.7,269.73590425368957,267.425
chicago,2009,p50,ridge,E+S,263.43333333333334,270.21224850024765,267.4583333333333
chicago,2010,p50,ridge,E+S,280.64166666666665,269.9945556855026,267.425
chicago,2011,p50,ridge,E+S,277.875,269.9586850588578,267.425
chicago,2012,p50,ridge,E+S,267.4,270.3282910902361,267.4583333333333
chicago,2013,p50,ridge,E+S,267.43333333333334,270.2661887367953,267.45
chicago,2014,p50,ridge,E+S,267.4166666666667,270.3558015090808,267.4583333333333
chicago,2015,p50,ridge,E+S,270.75,270.3421189743201,267.425
chicago,2016,p50,ridge,E+S,268.3833333333333,270.39357596754326,267.425
chicago,2017,p50,ridge,E+S,282.71666666666664,270.33801913535905,267.425
chicago,2018,p50,ridge,E+S,267.4833333333333,270.5595871674901,267.425
chicago,2019,p50,ridge,E+S,262.1083333333333,270.67321257289245,267.4583333333333
chicago,2022,p50,ridge,E+S,261.76666666666665,270.7448449707278,267.4583333333333
chicago,2023,p50,ridge,E+S,251.6833333333333,271.3654934816262,267.4583333333333
durban,2022,p50,ridge,E+S,237.78333333333333,249.93952103854627,249.84999999999997
durban,2024,p50,ridge,E+S,247.49166666666667,245.0892865569568,244.9958333333333
durban,2025,p50,ridge,E+S,252.2083333333333,242.84430196143418,242.6375
honolulu,2005,p50,ridge,E+S,339.4833333333333,353.9503104719517,351.41666666666663
honolulu,2006,p50,ridge,E+S,343.6166666666667,353.7882076394844,351.41666666666663
honolulu,2007,p50,ridge,E+S,350.06666666666666,353.57758609664376,351.41666666666663
honolulu,2008,p50,ridge,E+S,346.45,353.6149245867728,351.41666666666663
honolulu,2009,p50,ridge,E+S,344.7333333333333,353.78734907456834,351.41666666666663
honolulu,2010,p50,ridge,E+S,350.8666666666667,353.298429772865,351.01666666666665
honolulu,2011,p50,ridge,E+S,346.6,353.5864659007232,351.41666666666663
honolulu,2012,p50,ridge,E+S,348.8,353.54633126530433,351.41666666666663
honolulu,2013,p50,ridge,E+S,367.55,352.4947263720906,350.4666666666667
honolulu,2014,p50,ridge,E+S,351.96666666666664,352.86774220606486,350.4666666666667
honolulu,2015,p50,ridge,E+S,372.05,352.4036300765233,350.4666666666667
honolulu,2016,p50,ridge,E+S,374.9583333333333,352.29281331216754,350.4666666666667
honolulu,2017,p50,ridge,E+S,369.35833333333335,352.43988073968166,350.4666666666667
honolulu,2018,p50,ridge,E+S,375.26666666666665,352.1909976088477,350.4666666666667
honolulu,2019,p50,ridge,E+S,381.78333333333336,351.9770211119462,350.4666666666667
long_beach,2010,p50,ridge,E+S,288.5083333333333,290.15834876057426,288.4
long_beach,2011,p50,ridge,E+S,297.1,290.0155630315722,288.4
long_beach,2012,p50,ridge,E+S,309.46666666666664,289.7334220176516,288.4
long_beach,2013,p50,ridge,E+S,279.81666666666666,290.44718847534045,288.5083333333333
long_beach,2014,p50,ridge,E+S,285.19166666666666,290.3185303259466,288.5083333333333
long_beach,2015,p50,ridge,E+S,315.2583333333333,289.59480541499704,288.4
long_beach,2016,p50,ridge,E+S,288.3833333333333,290.1130213731879,288.5083333333333
long_beach,2017,p50,ridge,E+S,288.4,290.02754331331,288.5083333333333
long_beach,2018,p50,ridge,E+S,289.78333333333336,289.7066541243261,288.4
long_beach,2019,p50,ridge,E+S,283.95,289.8436656753868,288.5083333333333
maui,2010,p50,ridge,E+S,307.475,313.2690458532811,311.5
maui,2011,p50,ridge,E+S,301.18333333333334,314.28045114193895,312.3625
maui,2012,p50,ridge,E+S,305.75,314.2721806959382,312.3625
maui,2013,p50,ridge,E+S,317.25,308.4108002779158,306.6125
maui,2014,p50,ridge,E+S,320.56666666666666,308.74404005867626,306.6125
nyc,2005,p50,ridge,E+S,278.55,267.31792094292643,265.7583333333333
nyc,2006,p50,ridge,E+S,262.28333333333336,270.0055787035318,268.5333333333333
nyc,2007,p50,ridge,E+S,263.65,269.95796472254,268.5333333333333
nyc,2008,p50,ridge,E+S,259.25,270.167536237671,268.5333333333333
nyc,2009,p50,ridge,E+S,259.05,270.2974542261555,268.5333333333333
nyc,2010,p50,ridge,E+S,261.3333333333333,270.2650074309135,268.5333333333333
nyc,2011,p50,ridge,E+S,262.71666666666664,270.31734553366675,268.5333333333333
nyc,2013,p50,ridge,E+S,262.3333333333333,270.58200167269763,268.5333333333333
nyc,2014,p50,ridge,E+S,267.8666666666667,269.05513102192333,266.42499999999995
nyc,2015,p50,ridge,E+S,273.1333333333333,268.59398013240104,265.7583333333333
nyc,2016,p50,ridge,E+S,271.46666666666664,268.5807873154459,265.7583333333333
nyc,2017,p50,ridge,E+S,270.45,268.60509503322254,265.7583333333333
nyc,2018,p50,ridge,E+S,272.03333333333336,268.63819440288853,265.7583333333333
nyc,2019,p50,ridge,E+S,269.2,268.7628483945684,265.7583333333333
nyc,2022,p50,ridge,E+S,284.75,268.4112513953578,265.7583333333333
nyc,2023,p50,ridge,E+S,272.78333333333336,268.8207807634623,265.7583333333333
nyc,2024,p50,ridge,E+S,263.55,271.319708352862,268.5333333333333
rio,2023,p50,ridge,E+S,254.5833333333333,251.20107058966096,250.91666666666663
rio,2024,p50,ridge,E+S,251.4833333333333,253.27427449166402,252.46666666666664
rio,2025,p50,ridge,E+S,250.35,253.68713571053996,253.0333333333333
savannah,2011,p50,ridge,E+S,270.125,281.2089006853423,278.4083333333333
savannah,2012,p50,ridge,E+S,277.6166666666667,279.63345429085336,276.9583333333333
savannah,2013,p50,ridge,E+S,274.3833333333333,281.1141100497351,278.4083333333333
savannah,2014,p50,ridge,E+S,274.71666666666664,281.1440679254929,278.4083333333333
savannah,2015,p50,ridge,E+S,249.3083333333333,280.8988700011323,278.4083333333333
savannah,2016,p50,ridge,E+S,286.6166666666667,278.848161924449,276.16666666666663
savannah,2017,p50,ridge,E+S,300.45,278.4981560539058,276.16666666666663
savannah,2018,p50,ridge,E+S,280.96666666666664,278.9871755602249,276.16666666666663
savannah,2019,p50,ridge,E+S,279.2,278.77541957713015,276.16666666666663
singapore,2014,p50,ridge,E+S,358.0,353.6924638926993,354.1333333333333
singapore,2015,p50,ridge,E+S,360.81666666666666,353.5652798493071,354.1333333333333
singapore,2016,p50,ridge,E+S,354.1333333333333,354.89978489839615,355.3666666666667
singapore,2017,p50,ridge,E+S,355.3666666666667,354.11299977100066,354.1333333333333
singapore,2018,p50,ridge,E+S,353.56666666666666,355.0754617333699,355.3666666666667
singapore,2019,p50,ridge,E+S,358.06666666666666,354.2228328289906,354.1333333333333
singapore,2022,p50,ridge,E+S,327.65,356.0247939096984,355.3666666666667
singapore,2023,p50,ridge,E+S,329.53333333333336,356.0891453366247,355.3666666666667
berlin,2005,p50,gbm_histogramas,E,248.08333333333331,242.19127381156247,242.30833333333334
berlin,2006,p50,gbm_histogramas,E,253.51666666666668,243.67777969172636,242.30833333333334
berlin,2007,p50,gbm_histogramas,E,242.25,248.74526733243363,243.81666666666666
berlin,2008,p50,gbm_histogramas,E,242.36666666666667,245.71872886144806,243.75833333333333
berlin,2009,p50,gbm_histogramas,E,250.11666666666667,237.63179300190424,242.30833333333334
berlin,2010,p50,gbm_histogramas,E,241.05,249.0491855680102,243.81666666666666
berlin,2011,p50,gbm_histogramas,E,245.26666666666668,249.4570520178044,242.30833333333334
berlin,2012,p50,gbm_histogramas,E,241.06666666666663,240.6764277430888,243.81666666666666
berlin,2013,p50,gbm_histogramas,E,239.6833333333333,239.92924752601394,243.81666666666666
berlin,2014,p50,gbm_histogramas,E,241.9333333333333,241.19206324224362,243.81666666666666
berlin,2015,p50,gbm_histogramas,E,241.3083333333333,243.90405392716926,243.81666666666666
berlin,2016,p50,gbm_histogramas,E,247.2333333333333,242.4239180268417,242.30833333333334
berlin,2017,p50,gbm_histogramas,E,247.2,252.3128155323695,242.30833333333334
berlin,2018,p50,gbm_histogramas,E,253.45,241.4917605734477,242.30833333333334
berlin,2019,p50,gbm_histogramas,E,236.75833333333333,235.39840865518843,243.81666666666666
boston,2005,p50,gbm_histogramas,E,233.05,218.78127868984032,225.89583333333331
boston,2006,p50,gbm_histogramas,E,224.78333333333333,235.86157448904092,227.14999999999998
boston,2007,p50,gbm_histogramas,E,228.66666666666663,227.85168004372804,225.89583333333331
boston,2008,p50,gbm_histogramas,E,226.21666666666667,226.9515459011466,226.82916666666665
boston,2009,p50,gbm_histogramas,E,224.08333333333331,221.51882583275525,227.14999999999998
boston,2010,p50,gbm_histogramas,E,224.28333333333333,227.19698459312534,227.14999999999998
boston,2011,p50,gbm_histogramas,E,224.9833333333333,237.8430681176317,227.14999999999998
boston,2012,p50,gbm_histogramas,E,251.06666666666663,224.96609360574794,225.89583333333331
boston,2013,p50,gbm_histogramas,E,220.88333333333333,234.0676874053835,227.14999999999998
boston,2014,p50,gbm_histogramas,E,232.2333333333333,223.13772819598466,225.89583333333331
boston,2015,p50,gbm_histogramas,E,219.66666666666663,229.5698942166773,227.14999999999998
boston,2016,p50,gbm_histogramas,E,228.08333333333331,224.09492854195406,225.89583333333331
boston,2017,p50,gbm_histogramas,E,231.65833333333333,245.62337219723494,225.89583333333331
boston,2018,p50,gbm_histogramas,E,228.6,226.90080742402984,225.89583333333331
boston,2019,p50,gbm_histogramas,E,225.575,224.35426505725806,227.14999999999998
chicago,2005,p50,gbm_histogramas,E,262.85,286.5571826186185,267.4583333333333
chicago,2006,p50,gbm_histogramas,E,261.05,263.6509235889131,267.4583333333333
chicago,2007,p50,gbm_histogramas,E,295.01666666666665,276.494012891424,267.425
chicago,2008,p50,gbm_histogramas,E,283.7,258.6359737699191,267.425
chicago,2009,p50,gbm_histogramas,E,263.43333333333334,282.15852518785107,267.4583333333333
chicago,2010,p50,gbm_histogramas,E,280.64166666666665,271.73755988511124,267.425
chicago,2011,p50,gbm_histogramas,E,277.875,273.8974404958668,267.425
chicago,2012,p50,gbm_histogramas,E,267.4,283.9191403107041,267.4583333333333
chicago,2013,p50,gbm_histogramas,E,267.43333333333334,265.4120813678044,267.45
chicago,2014,p50,gbm_histogramas,E,267.4166666666667,266.79906984720395,267.4583333333333
chicago,2015,p50,gbm_histogramas,E,270.75,280.96289631806667,267.425
chicago,2016,p50,gbm_histogramas,E,268.3833333333333,273.55104229303913,267.425
chicago,2017,p50,gbm_histogramas,E,282.71666666666664,267.6913778960794,267.425
chicago,2018,p50,gbm_histogramas,E,267.4833333333333,268.46666873040954,267.425
chicago,2019,p50,gbm_histogramas,E,262.1083333333333,265.44216903795336,267.4583333333333
chicago,2022,p50,gbm_histogramas,E,261.76666666666665,258.4302235218786,267.4583333333333
chicago,2023,p50,gbm_histogramas,E,251.6833333333333,263.06925233898346,267.4583333333333
durban,2022,p50,gbm_histogramas,E,237.78333333333333,236.39132487653143,249.84999999999997
durban,2024,p50,gbm_histogramas,E,247.49166666666667,247.92470353176967,244.9958333333333
durban,2025,p50,gbm_histogramas,E,252.2083333333333,241.6739952105214,242.6375
honolulu,2005,p50,gbm_histogramas,E,339.4833333333333,349.14639632191904,351.41666666666663
honolulu,2006,p50,gbm_histogramas,E,343.6166666666667,346.02979845135684,351.41666666666663
honolulu,2007,p50,gbm_histogramas,E,350.06666666666666,348.1085634836523,351.41666666666663
honolulu,2008,p50,gbm_histogramas,E,346.45,340.5420932934925,351.41666666666663
honolulu,2009,p50,gbm_histogramas,E,344.7333333333333,345.9292832092741,351.41666666666663
honolulu,2010,p50,gbm_histogramas,E,350.8666666666667,348.3621564915586,351.01666666666665
honolulu,2011,p50,gbm_histogramas,E,346.6,344.62143851322287,351.41666666666663
honolulu,2012,p50,gbm_histogramas,E,348.8,362.7923617181814,351.41666666666663
honolulu,2013,p50,gbm_histogramas,E,367.55,351.5967164101112,350.4666666666667
honolulu,2014,p50,gbm_histogramas,E,351.96666666666664,369.335389932911,350.4666666666667
honolulu,2015,p50,gbm_histogramas,E,372.05,354.47827313528893,350.4666666666667
honolulu,2016,p50,gbm_histogramas,E,374.9583333333333,374.1113233002982,350.4666666666667
honolulu,2017,p50,gbm_histogramas,E,369.35833333333335,374.121361543385,350.4666666666667
honolulu,2018,p50,gbm_histogramas,E,375.26666666666665,361.94480106915665,350.4666666666667
honolulu,2019,p50,gbm_histogramas,E,381.78333333333336,345.0901102550785,350.4666666666667
long_beach,2010,p50,gbm_histogramas,E,288.5083333333333,283.96201948272017,288.4
long_beach,2011,p50,gbm_histogramas,E,297.1,295.78775416568834,288.4
long_beach,2012,p50,gbm_histogramas,E,309.46666666666664,291.4425010895284,288.4
long_beach,2013,p50,gbm_histogramas,E,279.81666666666666,288.6153600828189,288.5083333333333
long_beach,2014,p50,gbm_histogramas,E,285.19166666666666,288.855571379938,288.5083333333333
long_beach,2015,p50,gbm_histogramas,E,315.2583333333333,288.78302446919497,288.4
long_beach,2016,p50,gbm_histogramas,E,288.3833333333333,294.7641809370238,288.5083333333333
long_beach,2017,p50,gbm_histogramas,E,288.4,298.00207054882424,288.5083333333333
long_beach,2018,p50,gbm_histogramas,E,289.78333333333336,288.757751105513,288.4
long_beach,2019,p50,gbm_histogramas,E,283.95,286.2817313264441,288.5083333333333
maui,2010,p50,gbm_histogramas,E,307.475,311.2285478123864,311.5
maui,2011,p50,gbm_histogramas,E,301.18333333333334,306.3370671594353,312.3625
maui,2012,p50,gbm_histogramas,E,305.75,309.3677912857187,312.3625
maui,2013,p50,gbm_histogramas,E,317.25,314.0519664597534,306.6125
maui,2014,p50,gbm_histogramas,E,320.56666666666666,315.6898526524679,306.6125
nyc,2005,p50,gbm_histogramas,E,278.55,258.2456443267307,265.7583333333333
nyc,2006,p50,gbm_histogramas,E,262.28333333333336,263.7994256228864,268.5333333333333
nyc,2007,p50,gbm_histogramas,E,263.65,268.5502016308037,268.5333333333333
nyc,2008,p50,gbm_histogramas,E,259.25,268.2530895576917,268.5333333333333
nyc,2009,p50,gbm_histogramas,E,259.05,263.1266048530037,268.5333333333333
nyc,2010,p50,gbm_histogramas,E,261.3333333333333,255.86518550445066,268.5333333333333
nyc,2011,p50,gbm_histogramas,E,262.71666666666664,273.5475846439399,268.5333333333333
nyc,2013,p50,gbm_histogramas,E,262.3333333333333,267.5867866929482,268.5333333333333
nyc,2014,p50,gbm_histogramas,E,267.8666666666667,267.40675968617336,266.42499999999995
nyc,2015,p50,gbm_histogramas,E,273.1333333333333,265.92506562454327,265.7583333333333
nyc,2016,p50,gbm_histogramas,E,271.46666666666664,254.34706118730895,265.7583333333333
nyc,2017,p50,gbm_histogramas,E,270.45,277.70857341534827,265.7583333333333
nyc,2018,p50,gbm_histogramas,E,272.03333333333336,273.11935735640077,265.7583333333333
nyc,2019,p50,gbm_histogramas,E,269.2,269.79306283556997,265.7583333333333
nyc,2022,p50,gbm_histogramas,E,284.75,262.98428601380994,265.7583333333333
nyc,2023,p50,gbm_histogramas,E,272.78333333333336,263.66502039798115,265.7583333333333
nyc,2024,p50,gbm_histogramas,E,263.55,275.87683177785,268.5333333333333
rio,2023,p50,gbm_histogramas,E,254.5833333333333,244.43077607769217,250.91666666666663
rio,2024,p50,gbm_histogramas,E,251.4833333333333,229.52168984002773,252.46666666666664
rio,2025,p50,gbm_histogramas,E,250.35,259.77111121256223,253.0333333333333
savannah,2011,p50,gbm_histogramas,E,270.125,273.72996485267834,278.4083333333333
savannah,2012,p50,gbm_histogramas,E,277.6166666666667,277.47789445132,276.9583333333333
savannah,2013,p50,gbm_histogramas,E,274.3833333333333,270.99594603793975,278.4083333333333
savannah,2014,p50,gbm_histogramas,E,274.71666666666664,266.5718098765257,278.4083333333333
savannah,2015,p50,gbm_histogramas,E,249.3083333333333,280.66847126486715,278.4083333333333
savannah,2016,p50,gbm_histogramas,E,286.6166666666667,288.37890583328783,276.16666666666663
savannah,2017,p50,gbm_histogramas,E,300.45,278.0526668613708,276.16666666666663
savannah,2018,p50,gbm_histogramas,E,280.96666666666664,278.63171535508405,276.16666666666663
savannah,2019,p50,gbm_histogramas,E,279.2,278.6736097229807,276.16666666666663
singapore,2014,p50,gbm_histogramas,E,358.0,366.0371364438465,354.1333333333333
singapore,2015,p50,gbm_histogramas,E,360.81666666666666,355.482286062481,354.1333333333333
singapore,2016,p50,gbm_histogramas,E,354.1333333333333,364.2352945341292,355.3666666666667
singapore,2017,p50,gbm_histogramas,E,355.3666666666667,350.21827356820273,354.1333333333333
singapore,2018,p50,gbm_histogramas,E,353.56666666666666,384.19158487241987,355.3666666666667
singapore,2019,p50,gbm_histogramas,E,358.06666666666666,350.69542172310383,354.1333333333333
singapore,2022,p50,gbm_histogramas,E,327.65,360.57538823609417,355.3666666666667
singapore,2023,p50,gbm_histogramas,E,329.53333333333336,349.05031509688575,355.3666666666667
berlin,2005,p50,gbm_histogramas,E+C,248.08333333333331,249.9177027686048,242.30833333333334
berlin,2006,p50,gbm_histogramas,E+C,253.51666666666668,259.86816589528746,242.30833333333334
berlin,2007,p50,gbm_histogramas,E+C,242.25,243.86568584814964,243.81666666666666
berlin,2008,p50,gbm_histogramas,E+C,242.36666666666667,243.80039951312278,243.75833333333333
berlin,2009,p50,gbm_histogramas,E+C,250.11666666666667,247.4576055373038,242.30833333333334
berlin,2010,p50,gbm_histogramas,E+C,241.05,237.79675644423085,243.81666666666666
berlin,2011,p50,gbm_histogramas,E+C,245.26666666666668,246.5437724742855,242.30833333333334
berlin,2012,p50,gbm_histogramas,E+C,241.06666666666663,240.79284574059048,243.81666666666666
berlin,2013,p50,gbm_histogramas,E+C,239.6833333333333,241.79570179772807,243.81666666666666
berlin,2014,p50,gbm_histogramas,E+C,241.9333333333333,244.13419919455902,243.81666666666666
berlin,2015,p50,gbm_histogramas,E+C,241.3083333333333,245.34490102339828,243.81666666666666
berlin,2016,p50,gbm_histogramas,E+C,247.2333333333333,249.45617311971557,242.30833333333334
berlin,2017,p50,gbm_histogramas,E+C,247.2,239.92122660762163,242.30833333333334
berlin,2018,p50,gbm_histogramas,E+C,253.45,241.1100278987905,242.30833333333334
berlin,2019,p50,gbm_histogramas,E+C,236.75833333333333,241.62020735482193,243.81666666666666
boston,2005,p50,gbm_histogramas,E+C,233.05,226.53825980099788,225.89583333333331
boston,2006,p50,gbm_histogramas,E+C,224.78333333333333,221.56722019068658,227.14999999999998
boston,2007,p50,gbm_histogramas,E+C,228.66666666666663,223.37596766334514,225.89583333333331
boston,2008,p50,gbm_histogramas,E+C,226.21666666666667,224.6013815321701,226.82916666666665
boston,2009,p50,gbm_histogramas,E+C,224.08333333333331,223.03405576024483,227.14999999999998
boston,2010,p50,gbm_histogramas,E+C,224.28333333333333,223.0023369947434,227.14999999999998
boston,2011,p50,gbm_histogramas,E+C,224.9833333333333,224.7258215210001,227.14999999999998
boston,2012,p50,gbm_histogramas,E+C,251.06666666666663,242.17823780942317,225.89583333333331
boston,2013,p50,gbm_histogramas,E+C,220.88333333333333,225.9090403091582,227.14999999999998
boston,2014,p50,gbm_histogramas,E+C,232.2333333333333,226.76172641555863,225.89583333333331
boston,2015,p50,gbm_histogramas,E+C,219.66666666666663,226.8644005475468,227.14999999999998
boston,2016,p50,gbm_histogramas,E+C,228.08333333333331,230.93043764292446,225.89583333333331
boston,2017,p50,gbm_histogramas,E+C,231.65833333333333,228.91961631506922,225.89583333333331
boston,2018,p50,gbm_histogramas,E+C,228.6,219.36739770129145,225.89583333333331
boston,2019,p50,gbm_histogramas,E+C,225.575,222.7776693119567,227.14999999999998
chicago,2005,p50,gbm_histogramas,E+C,262.85,261.70401621448775,267.4583333333333
chicago,2006,p50,gbm_histogramas,E+C,261.05,260.6996488560952,267.4583333333333
chicago,2007,p50,gbm_histogramas,E+C,295.01666666666665,284.7644212926049,267.425
chicago,2008,p50,gbm_histogramas,E+C,283.7,277.7222067144731,267.425
chicago,2009,p50,gbm_histogramas,E+C,263.43333333333334,262.92281660234374,267.4583333333333
chicago,2010,p50,gbm_histogramas,E+C,280.64166666666665,275.9649701833075,267.425
chicago,2011,p50,gbm_histogramas,E+C,277.875,273.0224769580806,267.425
chicago,2012,p50,gbm_histogramas,E+C,267.4,261.9766847132933,267.4583333333333
chicago,2013,p50,gbm_histogramas,E+C,267.43333333333334,267.15111063999734,267.45
chicago,2014,p50,gbm_histogramas,E+C,267.4166666666667,267.8610594716845,267.4583333333333
chicago,2015,p50,gbm_histogramas,E+C,270.75,272.9547593985755,267.425
chicago,2016,p50,gbm_histogramas,E+C,268.3833333333333,268.9096259144799,267.425
chicago,2017,p50,gbm_histogramas,E+C,282.71666666666664,272.47629856610524,267.425
chicago,2018,p50,gbm_histogramas,E+C,267.4833333333333,267.0650179921191,267.425
chicago,2019,p50,gbm_histogramas,E+C,262.1083333333333,266.59047257091095,267.4583333333333
chicago,2022,p50,gbm_histogramas,E+C,261.76666666666665,274.54599203694164,267.4583333333333
chicago,2023,p50,gbm_histogramas,E+C,251.6833333333333,261.11724920031895,267.4583333333333
durban,2022,p50,gbm_histogramas,E+C,237.78333333333333,252.67839311566777,249.84999999999997
durban,2024,p50,gbm_histogramas,E+C,247.49166666666667,253.5120256581133,244.9958333333333
durban,2025,p50,gbm_histogramas,E+C,252.2083333333333,246.3276945567313,242.6375
honolulu,2005,p50,gbm_histogramas,E+C,339.4833333333333,349.9815571839194,351.41666666666663
honolulu,2006,p50,gbm_histogramas,E+C,343.6166666666667,356.1532899390171,351.41666666666663
honolulu,2007,p50,gbm_histogramas,E+C,350.06666666666666,365.2610366637353,351.41666666666663
honolulu,2008,p50,gbm_histogramas,E+C,346.45,357.8267362552636,351.41666666666663
honolulu,2009,p50,gbm_histogramas,E+C,344.7333333333333,361.69686707777583,351.41666666666663
honolulu,2010,p50,gbm_histogramas,E+C,350.8666666666667,349.14798170243915,351.01666666666665
honolulu,2011,p50,gbm_histogramas,E+C,346.6,352.85962032561935,351.41666666666663
honolulu,2012,p50,gbm_histogramas,E+C,348.8,352.31506013643906,351.41666666666663
honolulu,2013,p50,gbm_histogramas,E+C,367.55,370.0514956090149,350.4666666666667
honolulu,2014,p50,gbm_histogramas,E+C,351.96666666666664,352.84634058512495,350.4666666666667
honolulu,2015,p50,gbm_histogramas,E+C,372.05,347.0367232569989,350.4666666666667
honolulu,2016,p50,gbm_histogramas,E+C,374.9583333333333,356.15163455342923,350.4666666666667
honolulu,2017,p50,gbm_histogramas,E+C,369.35833333333335,356.9838916625062,350.4666666666667
honolulu,2018,p50,gbm_histogramas,E+C,375.26666666666665,361.2656948580192,350.4666666666667
honolulu,2019,p50,gbm_histogramas,E+C,381.78333333333336,349.08642272799034,350.4666666666667
long_beach,2010,p50,gbm_histogramas,E+C,288.5083333333333,286.28487179695725,288.4
long_beach,2011,p50,gbm_histogramas,E+C,297.1,287.4071733804641,288.4
long_beach,2012,p50,gbm_histogramas,E+C,309.46666666666664,287.5578043444867,288.4
long_beach,2013,p50,gbm_histogramas,E+C,279.81666666666666,292.20465297990336,288.5083333333333
long_beach,2014,p50,gbm_histogramas,E+C,285.19166666666666,291.86476394794823,288.5083333333333
long_beach,2015,p50,gbm_histogramas,E+C,315.2583333333333,308.20540006178203,288.4
long_beach,2016,p50,gbm_histogramas,E+C,288.3833333333333,301.09375240060695,288.5083333333333
long_beach,2017,p50,gbm_histogramas,E+C,288.4,299.51513266761697,288.5083333333333
long_beach,2018,p50,gbm_histogramas,E+C,289.78333333333336,292.5488279486771,288.4
long_beach,2019,p50,gbm_histogramas,E+C,283.95,290.4509715735839,288.5083333333333
maui,2010,p50,gbm_histogramas,E+C,307.475,305.96124794629725,311.5
maui,2011,p50,gbm_histogramas,E+C,301.18333333333334,308.78943769948523,312.3625
maui,2012,p50,gbm_histogramas,E+C,305.75,310.53514236017145,312.3625
maui,2013,p50,gbm_histogramas,E+C,317.25,312.89330604367433,306.6125
maui,2014,p50,gbm_histogramas,E+C,320.56666666666666,312.964495512112,306.6125
nyc,2005,p50,gbm_histogramas,E+C,278.55,268.6063317238176,265.7583333333333
nyc,2006,p50,gbm_histogramas,E+C,262.28333333333336,265.19806524826305,268.5333333333333
nyc,2007,p50,gbm_histogramas,E+C,263.65,266.92225220713567,268.5333333333333
nyc,2008,p50,gbm_histogramas,E+C,259.25,262.3171030745764,268.5333333333333
nyc,2009,p50,gbm_histogramas,E+C,259.05,265.11421379141694,268.5333333333333
nyc,2010,p50,gbm_histogramas,E+C,261.3333333333333,261.84215031189717,268.5333333333333
nyc,2011,p50,gbm_histogramas,E+C,262.71666666666664,265.5958678771712,268.5333333333333
nyc,2013,p50,gbm_histogramas,E+C,262.3333333333333,265.372421155281,268.5333333333333
nyc,2014,p50,gbm_histogramas,E+C,267.8666666666667,264.72008009074386,266.42499999999995
nyc,2015,p50,gbm_histogramas,E+C,273.1333333333333,265.5227182485129,265.7583333333333
nyc,2016,p50,gbm_histogramas,E+C,271.46666666666664,266.1031303184381,265.7583333333333
nyc,2017,p50,gbm_histogramas,E+C,270.45,271.08955812684314,265.7583333333333
nyc,2018,p50,gbm_histogramas,E+C,272.03333333333336,266.11939416918045,265.7583333333333
nyc,2019,p50,gbm_histogramas,E+C,269.2,264.8681274945663,265.7583333333333
nyc,2022,p50,gbm_histogramas,E+C,284.75,259.0441583026102,265.7583333333333
nyc,2023,p50,gbm_histogramas,E+C,272.78333333333336,269.32476045178237,265.7583333333333
nyc,2024,p50,gbm_histogramas,E+C,263.55,261.6283082941644,268.5333333333333
rio,2023,p50,gbm_histogramas,E+C,254.5833333333333,263.31615206016477,250.91666666666663
rio,2024,p50,gbm_histogramas,E+C,251.4833333333333,255.55871738382737,252.46666666666664
rio,2025,p50,gbm_histogramas,E+C,250.35,249.86707712325313,253.0333333333333
savannah,2011,p50,gbm_histogramas,E+C,270.125,277.27280435129603,278.4083333333333
savannah,2012,p50,gbm_histogramas,E+C,277.6166666666667,278.2056447013662,276.9583333333333
savannah,2013,p50,gbm_histogramas,E+C,274.3833333333333,277.81721193792004,278.4083333333333
savannah,2014,p50,gbm_histogramas,E+C,274.71666666666664,279.5941729764812,278.4083333333333
savannah,2015,p50,gbm_histogramas,E+C,249.3083333333333,298.7577922701676,278.4083333333333
savannah,2016,p50,gbm_histogramas,E+C,286.6166666666667,276.29197138989144,276.16666666666663
savannah,2017,p50,gbm_histogramas,E+C,300.45,280.7494970167852,276.16666666666663
savannah,2018,p50,gbm_histogramas,E+C,280.96666666666664,277.57045154202694,276.16666666666663
savannah,2019,p50,gbm_histogramas,E+C,279.2,278.1595915242814,276.16666666666663
singapore,2014,p50,gbm_histogramas,E+C,358.0,356.70329286208585,354.1333333333333
singapore,2015,p50,gbm_histogramas,E+C,360.81666666666666,349.0664177547468,354.1333333333333
singapore,2016,p50,gbm_histogramas,E+C,354.1333333333333,356.56964942006454,355.3666666666667
singapore,2017,p50,gbm_histogramas,E+C,355.3666666666667,347.6181996617313,354.1333333333333
singapore,2018,p50,gbm_histogramas,E+C,353.56666666666666,348.6300461384501,355.3666666666667
singapore,2019,p50,gbm_histogramas,E+C,358.06666666666666,365.1955493469071,354.1333333333333
singapore,2022,p50,gbm_histogramas,E+C,327.65,347.2358812999208,355.3666666666667
singapore,2023,p50,gbm_histogramas,E+C,329.53333333333336,348.5848337520348,355.3666666666667
berlin,2005,p50,gbm_histogramas,E+S,248.08333333333331,252.9812548721075,242.30833333333334
berlin,2006,p50,gbm_histogramas,E+S,253.51666666666668,252.53194950502507,242.30833333333334
berlin,2007,p50,gbm_histogramas,E+S,242.25,241.4773832049667,243.81666666666666
berlin,2008,p50,gbm_histogramas,E+S,242.36666666666667,246.53991369494798,243.75833333333333
berlin,2009,p50,gbm_histogramas,E+S,250.11666666666667,245.66377398109518,242.30833333333334
berlin,2010,p50,gbm_histogramas,E+S,241.05,247.63783825279694,243.81666666666666
berlin,2011,p50,gbm_histogramas,E+S,245.26666666666668,242.6152653253032,242.30833333333334
berlin,2012,p50,gbm_histogramas,E+S,241.06666666666663,238.67717012767014,243.81666666666666
berlin,2013,p50,gbm_histogramas,E+S,239.6833333333333,242.74347454339565,243.81666666666666
berlin,2014,p50,gbm_histogramas,E+S,241.9333333333333,244.44680943419166,243.81666666666666
berlin,2015,p50,gbm_histogramas,E+S,241.3083333333333,242.41311292839254,243.81666666666666
berlin,2016,p50,gbm_histogramas,E+S,247.2333333333333,241.06084589113192,242.30833333333334
berlin,2017,p50,gbm_histogramas,E+S,247.2,250.07612436499218,242.30833333333334
berlin,2018,p50,gbm_histogramas,E+S,253.45,245.55312386685048,242.30833333333334
berlin,2019,p50,gbm_histogramas,E+S,236.75833333333333,238.8708404987441,243.81666666666666
boston,2005,p50,gbm_histogramas,E+S,233.05,222.78174349212972,225.89583333333331
boston,2006,p50,gbm_histogramas,E+S,224.78333333333333,235.1628233939053,227.14999999999998
boston,2007,p50,gbm_histogramas,E+S,228.66666666666663,229.14514586564255,225.89583333333331
boston,2008,p50,gbm_histogramas,E+S,226.21666666666667,235.97226752008476,226.82916666666665
boston,2009,p50,gbm_histogramas,E+S,224.08333333333331,224.84231174852616,227.14999999999998
boston,2010,p50,gbm_histogramas,E+S,224.28333333333333,227.2631943022718,227.14999999999998
boston,2011,p50,gbm_histogramas,E+S,224.9833333333333,230.3201749314755,227.14999999999998
boston,2012,p50,gbm_histogramas,E+S,251.06666666666663,226.241022841267,225.89583333333331
boston,2013,p50,gbm_histogramas,E+S,220.88333333333333,229.14838266618835,227.14999999999998
boston,2014,p50,gbm_histogramas,E+S,232.2333333333333,223.78777457846348,225.89583333333331
boston,2015,p50,gbm_histogramas,E+S,219.66666666666663,229.89289173936888,227.14999999999998
boston,2016,p50,gbm_histogramas,E+S,228.08333333333331,226.4761452308904,225.89583333333331
boston,2017,p50,gbm_histogramas,E+S,231.65833333333333,231.05626678031203,225.89583333333331
boston,2018,p50,gbm_histogramas,E+S,228.6,225.7249366108586,225.89583333333331
boston,2019,p50,gbm_histogramas,E+S,225.575,230.0649450714499,227.14999999999998
chicago,2005,p50,gbm_histogramas,E+S,262.85,275.82954567131304,267.4583333333333
chicago,2006,p50,gbm_histogramas,E+S,261.05,264.6979677154769,267.4583333333333
chicago,2007,p50,gbm_histogramas,E+S,295.01666666666665,272.838285526504,267.425
chicago,2008,p50,gbm_histogramas,E+S,283.7,262.1136716086056,267.425
chicago,2009,p50,gbm_histogramas,E+S,263.43333333333334,277.5612533918117,267.4583333333333
chicago,2010,p50,gbm_histogramas,E+S,280.64166666666665,270.71049841464236,267.425
chicago,2011,p50,gbm_histogramas,E+S,277.875,270.73274618433476,267.425
chicago,2012,p50,gbm_histogramas,E+S,267.4,283.08259115318157,267.4583333333333
chicago,2013,p50,gbm_histogramas,E+S,267.43333333333334,267.8869269127346,267.45
chicago,2014,p50,gbm_histogramas,E+S,267.4166666666667,266.51214749843837,267.4583333333333
chicago,2015,p50,gbm_histogramas,E+S,270.75,266.98986918012565,267.425
chicago,2016,p50,gbm_histogramas,E+S,268.3833333333333,269.7388432297119,267.425
chicago,2017,p50,gbm_histogramas,E+S,282.71666666666664,259.43446799054715,267.425
chicago,2018,p50,gbm_histogramas,E+S,267.4833333333333,272.00401557416444,267.425
chicago,2019,p50,gbm_histogramas,E+S,262.1083333333333,267.97356646649087,267.4583333333333
chicago,2022,p50,gbm_histogramas,E+S,261.76666666666665,273.1897320517251,267.4583333333333
chicago,2023,p50,gbm_histogramas,E+S,251.6833333333333,268.58879059482734,267.4583333333333
durban,2022,p50,gbm_histogramas,E+S,237.78333333333333,227.80617090378058,249.84999999999997
durban,2024,p50,gbm_histogramas,E+S,247.49166666666667,246.25081400131114,244.9958333333333
durban,2025,p50,gbm_histogramas,E+S,252.2083333333333,242.0274612622624,242.6375
honolulu,2005,p50,gbm_histogramas,E+S,339.4833333333333,344.00926665455705,351.41666666666663
honolulu,2006,p50,gbm_histogramas,E+S,343.6166666666667,343.0883378098874,351.41666666666663
honolulu,2007,p50,gbm_histogramas,E+S,350.06666666666666,352.8457962536163,351.41666666666663
honolulu,2008,p50,gbm_histogramas,E+S,346.45,347.509077897395,351.41666666666663
honolulu,2009,p50,gbm_histogramas,E+S,344.7333333333333,349.97993408136904,351.41666666666663
honolulu,2010,p50,gbm_histogramas,E+S,350.8666666666667,349.9958155756299,351.01666666666665
honolulu,2011,p50,gbm_histogramas,E+S,346.6,355.98154225022967,351.41666666666663
honolulu,2012,p50,gbm_histogramas,E+S,348.8,359.26754850142953,351.41666666666663
honolulu,2013,p50,gbm_histogramas,E+S,367.55,350.88604529101036,350.4666666666667
honolulu,2014,p50,gbm_histogramas,E+S,351.96666666666664,366.4967891048137,350.4666666666667
honolulu,2015,p50,gbm_histogramas,E+S,372.05,353.7168367654616,350.4666666666667
honolulu,2016,p50,gbm_histogramas,E+S,374.9583333333333,361.16609287133014,350.4666666666667
honolulu,2017,p50,gbm_histogramas,E+S,369.35833333333335,374.85573733453066,350.4666666666667
honolulu,2018,p50,gbm_histogramas,E+S,375.26666666666665,370.077843141744,350.4666666666667
honolulu,2019,p50,gbm_histogramas,E+S,381.78333333333336,363.54191074894527,350.4666666666667
long_beach,2010,p50,gbm_histogramas,E+S,288.5083333333333,279.84868408579,288.4
long_beach,2011,p50,gbm_histogramas,E+S,297.1,306.81759258652323,288.4
long_beach,2012,p50,gbm_histogramas,E+S,309.46666666666664,299.3228605329264,288.4
long_beach,2013,p50,gbm_histogramas,E+S,279.81666666666666,292.0154991576288,288.5083333333333
long_beach,2014,p50,gbm_histogramas,E+S,285.19166666666666,298.3460622353041,288.5083333333333
long_beach,2015,p50,gbm_histogramas,E+S,315.2583333333333,289.034500662634,288.4
long_beach,2016,p50,gbm_histogramas,E+S,288.3833333333333,302.27185485547375,288.5083333333333
long_beach,2017,p50,gbm_histogramas,E+S,288.4,287.9629978926019,288.5083333333333
long_beach,2018,p50,gbm_histogramas,E+S,289.78333333333336,289.68920272458746,288.4
long_beach,2019,p50,gbm_histogramas,E+S,283.95,292.21431918417545,288.5083333333333
maui,2010,p50,gbm_histogramas,E+S,307.475,302.4726875045151,311.5
maui,2011,p50,gbm_histogramas,E+S,301.18333333333334,307.2990055664778,312.3625
maui,2012,p50,gbm_histogramas,E+S,305.75,304.49605826904116,312.3625
maui,2013,p50,gbm_histogramas,E+S,317.25,314.20169567484413,306.6125
maui,2014,p50,gbm_histogramas,E+S,320.56666666666666,309.81732912486973,306.6125
nyc,2005,p50,gbm_histogramas,E+S,278.55,261.18016022196275,265.7583333333333
nyc,2006,p50,gbm_histogramas,E+S,262.28333333333336,264.990673687511,268.5333333333333
nyc,2007,p50,gbm_histogramas,E+S,263.65,263.7409916173436,268.5333333333333
nyc,2008,p50,gbm_histogramas,E+S,259.25,262.7993120970605,268.5333333333333
nyc,2009,p50,gbm_histogramas,E+S,259.05,260.5876454072767,268.5333333333333
nyc,2010,p50,gbm_histogramas,E+S,261.3333333333333,261.4305312582012,268.5333333333333
nyc,2011,p50,gbm_histogramas,E+S,262.71666666666664,264.8236821588981,268.5333333333333
nyc,2013,p50,gbm_histogramas,E+S,262.3333333333333,264.8060675523013,268.5333333333333
nyc,2014,p50,gbm_histogramas,E+S,267.8666666666667,267.160081740299,266.42499999999995
nyc,2015,p50,gbm_histogramas,E+S,273.1333333333333,267.85460301278897,265.7583333333333
nyc,2016,p50,gbm_histogramas,E+S,271.46666666666664,272.7079084433395,265.7583333333333
nyc,2017,p50,gbm_histogramas,E+S,270.45,273.818157071707,265.7583333333333
nyc,2018,p50,gbm_histogramas,E+S,272.03333333333336,272.7491635891318,265.7583333333333
nyc,2019,p50,gbm_histogramas,E+S,269.2,268.498674126688,265.7583333333333
nyc,2022,p50,gbm_histogramas,E+S,284.75,265.3933698290855,265.7583333333333
nyc,2023,p50,gbm_histogramas,E+S,272.78333333333336,265.61342020567844,265.7583333333333
nyc,2024,p50,gbm_histogramas,E+S,263.55,273.8520101959352,268.5333333333333
rio,2023,p50,gbm_histogramas,E+S,254.5833333333333,240.24155025746668,250.91666666666663
rio,2024,p50,gbm_histogramas,E+S,251.4833333333333,247.70082763058312,252.46666666666664
rio,2025,p50,gbm_histogramas,E+S,250.35,254.24125099481358,253.0333333333333
savannah,2011,p50,gbm_histogramas,E+S,270.125,279.67076184898303,278.4083333333333
savannah,2012,p50,gbm_histogramas,E+S,277.6166666666667,278.44758392609305,276.9583333333333
savannah,2013,p50,gbm_histogramas,E+S,274.3833333333333,271.00914308886945,278.4083333333333
savannah,2014,p50,gbm_histogramas,E+S,274.71666666666664,271.6981367998139,278.4083333333333
savannah,2015,p50,gbm_histogramas,E+S,249.3083333333333,287.3721469282828,278.4083333333333
savannah,2016,p50,gbm_histogramas,E+S,286.6166666666667,299.5959806121659,276.16666666666663
savannah,2017,p50,gbm_histogramas,E+S,300.45,281.728795375752,276.16666666666663
savannah,2018,p50,gbm_histogramas,E+S,280.96666666666664,278.6744043000277,276.16666666666663
savannah,2019,p50,gbm_histogramas,E+S,279.2,282.3627331791435,276.16666666666663
singapore,2014,p50,gbm_histogramas,E+S,358.0,348.8787686881242,354.1333333333333
singapore,2015,p50,gbm_histogramas,E+S,360.81666666666666,343.86565609813516,354.1333333333333
singapore,2016,p50,gbm_histogramas,E+S,354.1333333333333,364.687258563943,355.3666666666667
singapore,2017,p50,gbm_histogramas,E+S,355.3666666666667,353.9751359340632,354.1333333333333
singapore,2018,p50,gbm_histogramas,E+S,353.56666666666666,377.50262342752256,355.3666666666667
singapore,2019,p50,gbm_histogramas,E+S,358.06666666666666,359.4608083881328,354.1333333333333
singapore,2022,p50,gbm_histogramas,E+S,327.65,337.38456296917946,355.3666666666667
singapore,2023,p50,gbm_histogramas,E+S,329.53333333333336,347.6044291614513,355.3666666666667
berlin,2005,p75,ridge,E,277.7,275.2441425369176,274.93125
berlin,2006,p75,ridge,E,284.2791666666667,275.30459814208626,274.93125
berlin,2007,p75,ridge,E,271.74583333333334,276.4686984075051,275.8375
berlin,2008,p75,ridge,E,272.9,276.6648798147447,275.8375
berlin,2009,p75,ridge,E,280.30833333333334,276.1362877010044,274.93125
berlin,2010,p75,ridge,E,270.56666666666666,277.16246528876246,275.8375
berlin,2011,p75,ridge,E,276.7,276.58432027544933,274.93125
berlin,2012,p75,ridge,E,271.71666666666664,277.5085721749215,275.8375
berlin,2013,p75,ridge,E,270.76666666666665,277.75741434986276,275.8375
berlin,2014,p75,ridge,E,274.975,277.8848784015206,275.79375
berlin,2015,p75,ridge,E,274.8875,278.14709160059203,275.8375
berlin,2016,p75,ridge,E,281.81666666666666,277.5440642418385,274.93125
berlin,2017,p75,ridge,E,281.1166666666667,277.7861588055535,274.93125
berlin,2018,p75,ridge,E,291.4,277.82467497811353,274.93125
berlin,2019,p75,ridge,E,269.90416666666664,279.1148597710357,275.8375
boston,2005,p75,ridge,E,259.51666666666665,254.73488272194365,253.06666666666666
boston,2006,p75,ridge,E,249.71666666666667,256.437380839884,255.60833333333332
boston,2007,p75,ridge,E,254.5,255.85238530764116,254.17499999999998
boston,2008,p75,ridge,E,251.63333333333333,256.8116240586805,255.60833333333332
boston,2009,p75,ridge,E,248.41666666666663,257.1592074868245,255.60833333333332
boston,2010,p75,ridge,E,248.88333333333333,257.339461857428,255.60833333333332
boston,2011,p75,ridge,E,249.78333333333333,257.5035295445676,255.60833333333332
boston,2012,p75,ridge,E,285.31666666666666,255.1750188443248,253.06666666666666
boston,2013,p75,ridge,E,247.9625,257.9881498723164,255.60833333333332
boston,2014,p75,ridge,E,272.7,256.1833102326277,253.06666666666666
boston,2015,p75,ridge,E,246.41666666666663,258.56149997866373,255.60833333333332
boston,2016,p75,ridge,E,256.71666666666664,257.31169792668743,253.06666666666666
boston,2017,p75,ridge,E,261.8,257.2631487344447,253.06666666666666
boston,2018,p75,ridge,E,262.31666666666666,257.4356340956848,253.06666666666666
boston,2019,p75,ridge,E,259.0,257.8009485772525,253.06666666666666
chicago,2005,p75,ridge,E,295.71666666666664,309.64622239305265,309.3354166666667
chicago,2006,p75,ridge,E,296.06666666666666,309.70495705159476,309.3354166666667
chicago,2007,p75,ridge,E,329.3,308.2763920915065,308.025
chicago,2008,p75,ridge,E,321.6,308.63292851193654,308.025
chicago,2009,p75,ridge,E,299.7333333333333,310.2968164163267,309.3354166666667
chicago,2010,p75,ridge,E,321.21666666666664,309.1369959446749,308.025
chicago,2011,p75,ridge,E,316.875,309.4305339762021,308.025
chicago,2012,p75,ridge,E,305.09583333333336,310.8645778611348,309.3354166666667
chicago,2013,p75,ridge,E,306.5,311.0120363994405,309.3354166666667
chicago,2014,p75,ridge,E,308.1,311.15373959872136,309.26041666666663
chicago,2015,p75,ridge,E,311.24583333333334,310.3320235749005,308.025
chicago,2016,p75,ridge,E,310.5708333333333,310.56159123054096,308.025
chicago,2017,p75,ridge,E,328.4166666666667,310.53973339651606,308.025
chicago,2018,p75,ridge,E,310.6666666666667,311.01751424632323,308.025
chicago,2019,p75,ridge,E,307.25,312.30904092842496,309.3354166666667
chicago,2022,p75,ridge,E,307.95,313.02888762772693,309.3354166666667
chicago,2023,p75,ridge,E,297.95,313.56541660718784,309.3354166666667
durban,2022,p75,ridge,E,275.09166666666664,287.934967799436,284.2125
durban,2024,p75,ridge,E,282.71666666666664,284.6922025864386,280.4
durban,2025,p75,ridge,E,285.7083333333333,283.3924277506094,278.90416666666664
honolulu,2005,p75,ridge,E,403.1333333333333,419.44508545423867,419.97291666666666
honolulu,2006,p75,ridge,E,408.73333333333335,419.44284940266573,419.97291666666666
honolulu,2007,p75,ridge,E,417.2708333333333,418.6189188079117,418.82500000000005
honolulu,2008,p75,ridge,E,411.8333333333333,419.75867633313374,419.97291666666666
honolulu,2009,p75,ridge,E,410.03333333333336,420.0320223326694,419.97291666666666
honolulu,2010,p75,ridge,E,414.975,420.1310664626355,419.97291666666666
honolulu,2011,p75,ridge,E,409.7083333333333,420.4810711840512,419.97291666666666
honolulu,2012,p75,ridge,E,408.28333333333336,420.73521857039316,419.97291666666666
honolulu,2013,p75,ridge,E,437.85,417.63136125946113,416.1229166666667
honolulu,2014,p75,ridge,E,422.675,418.14115794167094,416.1229166666667
honolulu,2015,p75,ridge,E,442.17083333333335,417.94445660709476,416.1229166666667
honolulu,2016,p75,ridge,E,450.45,417.97781927289924,416.1229166666667
honolulu,2017,p75,ridge,E,441.6125,418.35688519506004,416.1229166666667
honolulu,2018,p75,ridge,E,444.3083333333333,418.4864415767194,416.1229166666667
honolulu,2019,p75,ridge,E,456.44166666666666,418.39341580170884,416.1229166666667
long_beach,2010,p75,ridge,E,331.2416666666667,338.45931126957504,337.35
long_beach,2011,p75,ridge,E,346.05833333333334,335.3093403638858,333.7583333333333
long_beach,2012,p75,ridge,E,358.2958333333333,335.3844423493373,333.7583333333333
long_beach,2013,p75,ridge,E,318.78333333333336,339.2455543978967,337.35
long_beach,2014,p75,ridge,E,331.78333333333336,339.3140517215847,337.35
long_beach,2015,p75,ridge,E,368.5625,335.88628075837096,333.7583333333333
long_beach,2016,p75,ridge,E,333.7583333333333,339.73325722242856,337.35
long_beach,2017,p75,ridge,E,338.46666666666664,336.7056276136858,333.7583333333333
long_beach,2018,p75,ridge,E,337.35,336.9484336944094,333.7583333333333
long_beach,2019,p75,ridge,E,330.2,340.4182115708519,337.35
maui,2010,p75,ridge,E,355.19166666666666,360.6202805897336,359.4125
maui,2011,p75,ridge,E,351.5333333333333,361.24489994692186,359.76666666666665
maui,2012,p75,ridge,E,354.4833333333333,361.4088907828746,359.76666666666665
maui,2013,p75,ridge,E,364.3416666666667,356.83495978800715,354.8375
maui,2014,p75,ridge,E,366.2875,357.0198406320458,354.8375
nyc,2005,p75,ridge,E,314.1666666666667,304.73805972786516,304.92083333333335
nyc,2006,p75,ridge,E,294.8833333333333,307.3570517936509,307.2125
nyc,2007,p75,ridge,E,296.78333333333336,307.50894963325544,307.2125
nyc,2008,p75,ridge,E,293.43333333333334,307.7676257840458,307.2125
nyc,2009,p75,ridge,E,292.56666666666666,307.9821364408579,307.2125
nyc,2010,p75,ridge,E,296.53333333333336,308.07407225145874,307.2125
nyc,2011,p75,ridge,E,298.55,308.2526601585996,307.2125
nyc,2013,p75,ridge,E,296.9166666666667,308.7022255883455,307.2125
nyc,2014,p75,ridge,E,304.43333333333334,308.8410851198398,307.2125
nyc,2015,p75,ridge,E,310.53333333333336,307.088082168891,304.92083333333335
nyc,2016,p75,ridge,E,309.01666666666665,307.273587554721,304.92083333333335
nyc,2017,p75,ridge,E,309.35,307.4918774502646,304.92083333333335
nyc,2018,p75,ridge,E,312.00416666666666,307.67337283647186,304.92083333333335
nyc,2019,p75,ridge,E,309.75416666666666,307.9191575530973,304.92083333333335
nyc,2022,p75,ridge,E,327.31666666666666,308.15568140725605,304.92083333333335
nyc,2023,p75,ridge,E,315.95,308.60611824974126,304.92083333333335
nyc,2024,p75,ridge,E,305.4083333333333,310.6542249910244,306.725
rio,2023,p75,ridge,E,289.15833333333336,286.3810947186534,282.6479166666667
rio,2024,p75,ridge,E,284.27916666666664,289.0422434701705,285.0875
rio,2025,p75,ridge,E,281.01666666666665,290.9650282499815,286.71875
savannah,2011,p75,ridge,E,305.6125,316.37360035356653,315.30833333333334
savannah,2012,p75,ridge,E,311.7,316.5071057128303,315.30833333333334
savannah,2013,p75,ridge,E,311.76666666666665,316.64226808269746,315.275
savannah,2014,p75,ridge,E,310.5708333333333,316.89845094497684,315.30833333333334
savannah,2015,p75,ridge,E,273.6875,317.5186900535524,315.30833333333334
savannah,2016,p75,ridge,E,332.31666666666666,313.82169625272303,311.73333333333335
savannah,2017,p75,ridge,E,346.31666666666666,313.869331818377,311.73333333333335
savannah,2018,p75,ridge,E,318.85,314.41023141780073,311.73333333333335
savannah,2019,p75,ridge,E,320.5,314.60037380477064,311.73333333333335
singapore,2014,p75,ridge,E,404.8666666666667,406.8662001593998,405.0833333333333
singapore,2015,p75,ridge,E,412.1,406.75713892684684,404.8666666666667
singapore,2016,p75,ridge,E,406.39166666666665,407.07455600674274,404.8666666666667
singapore,2017,p75,ridge,E,405.14166666666665,407.3127571878095,404.8666666666667
singapore,2018,p75,ridge,E,395.6833333333333,407.91145261899936,405.0833333333333
singapore,2019,p75,ridge,E,405.0833333333333,407.7511627163122,404.8666666666667
singapore,2022,p75,ridge,E,380.2166666666667,409.2826311411567,405.0833333333333
singapore,2023,p75,ridge,E,381.3083333333333,409.54961562118797,405.0833333333333
berlin,2005,p75,ridge,E+C,277.7,280.7992809358872,274.93125
berlin,2006,p75,ridge,E+C,284.2791666666667,285.16176706263695,274.93125
berlin,2007,p75,ridge,E+C,271.74583333333334,273.94315591788944,275.8375
berlin,2008,p75,ridge,E+C,272.9,276.4854082566305,275.8375
berlin,2009,p75,ridge,E+C,280.30833333333334,283.46579462867845,274.93125
berlin,2010,p75,ridge,E+C,270.56666666666666,268.1031192068256,275.8375
berlin,2011,p75,ridge,E+C,276.7,281.07328116353136,274.93125
berlin,2012,p75,ridge,E+C,271.71666666666664,276.49132392168997,275.8375
berlin,2013,p75,ridge,E+C,270.76666666666665,276.3345804262968,275.8375
berlin,2014,p75,ridge,E+C,274.975,281.0517388603887,275.79375
berlin,2015,p75,ridge,E+C,274.8875,277.24973370893804,275.8375
berlin,2016,p75,ridge,E+C,281.81666666666666,283.3577762808558,274.93125
berlin,2017,p75,ridge,E+C,281.1166666666667,275.7221103453198,274.93125
berlin,2018,p75,ridge,E+C,291.4,280.9564157328553,274.93125
berlin,2019,p75,ridge,E+C,269.90416666666664,274.6904492988093,275.8375
boston,2005,p75,ridge,E+C,259.51666666666665,256.78602966958334,253.06666666666666
boston,2006,p75,ridge,E+C,249.71666666666667,252.48438347761322,255.60833333333332
boston,2007,p75,ridge,E+C,254.5,249.39617526923055,254.17499999999998
boston,2008,p75,ridge,E+C,251.63333333333333,256.02525719442684,255.60833333333332
boston,2009,p75,ridge,E+C,248.41666666666663,252.58349272802653,255.60833333333332
boston,2010,p75,ridge,E+C,248.88333333333333,254.25795738521612,255.60833333333332
boston,2011,p75,ridge,E+C,249.78333333333333,257.8604222729498,255.60833333333332
boston,2012,p75,ridge,E+C,285.31666666666666,263.00110768946905,253.06666666666666
boston,2013,p75,ridge,E+C,247.9625,255.12896189349271,255.60833333333332
boston,2014,p75,ridge,E+C,272.7,259.04820161728986,253.06666666666666
boston,2015,p75,ridge,E+C,246.41666666666663,251.5763796540832,255.60833333333332
boston,2016,p75,ridge,E+C,256.71666666666664,258.1670321342399,253.06666666666666
boston,2017,p75,ridge,E+C,261.8,260.1831867128581,253.06666666666666
boston,2018,p75,ridge,E+C,262.31666666666666,241.0657358307723,253.06666666666666
boston,2019,p75,ridge,E+C,259.0,259.2834015985802,253.06666666666666
chicago,2005,p75,ridge,E+C,295.71666666666664,306.9249082606741,309.3354166666667
chicago,2006,p75,ridge,E+C,296.06666666666666,294.55888380082064,309.3354166666667
chicago,2007,p75,ridge,E+C,329.3,314.62665447041877,308.025
chicago,2008,p75,ridge,E+C,321.6,315.98137390233734,308.025
chicago,2009,p75,ridge,E+C,299.7333333333333,301.3325171302814,309.3354166666667
chicago,2010,p75,ridge,E+C,321.21666666666664,317.2538342958714,308.025
chicago,2011,p75,ridge,E+C,316.875,315.5331409030085,308.025
chicago,2012,p75,ridge,E+C,305.09583333333336,303.3165651417389,309.3354166666667
chicago,2013,p75,ridge,E+C,306.5,309.8516684545617,309.3354166666667
chicago,2014,p75,ridge,E+C,308.1,310.25845699069964,309.26041666666663
chicago,2015,p75,ridge,E+C,311.24583333333334,314.5661712181474,308.025
chicago,2016,p75,ridge,E+C,310.5708333333333,309.1656443842411,308.025
chicago,2017,p75,ridge,E+C,328.4166666666667,314.47290985906,308.025
chicago,2018,p75,ridge,E+C,310.6666666666667,302.6461744229685,308.025
chicago,2019,p75,ridge,E+C,307.25,305.494501558601,309.3354166666667
chicago,2022,p75,ridge,E+C,307.95,315.0227720468791,309.3354166666667
chicago,2023,p75,ridge,E+C,297.95,308.4975047148784,309.3354166666667
durban,2022,p75,ridge,E+C,275.09166666666664,290.98282531770946,284.2125
durban,2024,p75,ridge,E+C,282.71666666666664,289.90500095872784,280.4
durban,2025,p75,ridge,E+C,285.7083333333333,286.78295258880854,278.90416666666664
honolulu,2005,p75,ridge,E+C,403.1333333333333,422.794454271738,419.97291666666666
honolulu,2006,p75,ridge,E+C,408.73333333333335,423.75586056646375,419.97291666666666
honolulu,2007,p75,ridge,E+C,417.2708333333333,420.7119907122727,418.82500000000005
honolulu,2008,p75,ridge,E+C,411.8333333333333,419.89774492091715,419.97291666666666
honolulu,2009,p75,ridge,E+C,410.03333333333336,424.41847345244105,419.97291666666666
honolulu,2010,p75,ridge,E+C,414.975,421.27426337479153,419.97291666666666
honolulu,2011,p75,ridge,E+C,409.7083333333333,421.8529279689881,419.97291666666666
honolulu,2012,p75,ridge,E+C,408.28333333333336,424.6745028368429,419.97291666666666
honolulu,2013,p75,ridge,E+C,437.85,421.6087839612039,416.1229166666667
honolulu,2014,p75,ridge,E+C,422.675,419.59100705506864,416.1229166666667
honolulu,2015,p75,ridge,E+C,442.17083333333335,420.92380283655973,416.1229166666667
honolulu,2016,p75,ridge,E+C,450.45,419.32859391567916,416.1229166666667
honolulu,2017,p75,ridge,E+C,441.6125,420.0817173679532,416.1229166666667
honolulu,2018,p75,ridge,E+C,444.3083333333333,420.70490125598695,416.1229166666667
honolulu,2019,p75,ridge,E+C,456.44166666666666,420.81850036023263,416.1229166666667
long_beach,2010,p75,ridge,E+C,331.2416666666667,336.6275600343093,337.35
long_beach,2011,p75,ridge,E+C,346.05833333333334,336.88839601126574,333.7583333333333
long_beach,2012,p75,ridge,E+C,358.2958333333333,337.1622844084106,333.7583333333333
long_beach,2013,p75,ridge,E+C,318.78333333333336,337.81854016173725,337.35
long_beach,2014,p75,ridge,E+C,331.78333333333336,340.8059439492297,337.35
long_beach,2015,p75,ridge,E+C,368.5625,342.94798725991046,333.7583333333333
long_beach,2016,p75,ridge,E+C,333.7583333333333,344.5834647014699,337.35
long_beach,2017,p75,ridge,E+C,338.46666666666664,338.59090562423194,333.7583333333333
long_beach,2018,p75,ridge,E+C,337.35,338.4588508045245,333.7583333333333
long_beach,2019,p75,ridge,E+C,330.2,340.5549805292066,337.35
maui,2010,p75,ridge,E+C,355.19166666666666,359.796009662872,359.4125
maui,2011,p75,ridge,E+C,351.5333333333333,364.4177189072258,359.76666666666665
maui,2012,p75,ridge,E+C,354.4833333333333,363.7628017502639,359.76666666666665
maui,2013,p75,ridge,E+C,364.3416666666667,360.11894295351107,354.8375
maui,2014,p75,ridge,E+C,366.2875,352.4969116435118,354.8375
nyc,2005,p75,ridge,E+C,314.1666666666667,306.16673606396733,304.92083333333335
nyc,2006,p75,ridge,E+C,294.8833333333333,302.5907839222843,307.2125
nyc,2007,p75,ridge,E+C,296.78333333333336,303.87449686903796,307.2125
nyc,2008,p75,ridge,E+C,293.43333333333334,302.0701512658208,307.2125
nyc,2009,p75,ridge,E+C,292.56666666666666,303.71192162720087,307.2125
nyc,2010,p75,ridge,E+C,296.53333333333336,301.9258870506005,307.2125
nyc,2011,p75,ridge,E+C,298.55,304.91133485310326,307.2125
nyc,2013,p75,ridge,E+C,296.9166666666667,301.87530985989673,307.2125
nyc,2014,p75,ridge,E+C,304.43333333333334,299.7644451932073,307.2125
nyc,2015,p75,ridge,E+C,310.53333333333336,305.7796847156139,304.92083333333335
nyc,2016,p75,ridge,E+C,309.01666666666665,303.6844335301166,304.92083333333335
nyc,2017,p75,ridge,E+C,309.35,303.7545947898886,304.92083333333335
nyc,2018,p75,ridge,E+C,312.00416666666666,304.5482200199066,304.92083333333335
nyc,2019,p75,ridge,E+C,309.75416666666666,303.6806254082862,304.92083333333335
nyc,2022,p75,ridge,E+C,327.31666666666666,311.0224764533595,304.92083333333335
nyc,2023,p75,ridge,E+C,315.95,308.8007815168048,304.92083333333335
nyc,2024,p75,ridge,E+C,305.4083333333333,306.68171416446575,306.725
rio,2023,p75,ridge,E+C,289.15833333333336,291.06506852397604,282.6479166666667
rio,2024,p75,ridge,E+C,284.27916666666664,292.3678658941091,285.0875
rio,2025,p75,ridge,E+C,281.01666666666665,294.2373960460009,286.71875
savannah,2011,p75,ridge,E+C,305.6125,312.2370807457385,315.30833333333334
savannah,2012,p75,ridge,E+C,311.7,318.297133845593,315.30833333333334
savannah,2013,p75,ridge,E+C,311.76666666666665,317.7242754926857,315.275
savannah,2014,p75,ridge,E+C,310.5708333333333,316.95351920271736,315.30833333333334
savannah,2015,p75,ridge,E+C,273.6875,323.18426736834994,315.30833333333334
savannah,2016,p75,ridge,E+C,332.31666666666666,312.9169556811417,311.73333333333335
savannah,2017,p75,ridge,E+C,346.31666666666666,318.23711740391724,311.73333333333335
savannah,2018,p75,ridge,E+C,318.85,313.36529388806366,311.73333333333335
savannah,2019,p75,ridge,E+C,320.5,311.8285601550173,311.73333333333335
singapore,2014,p75,ridge,E+C,404.8666666666667,404.0049395420108,405.0833333333333
singapore,2015,p75,ridge,E+C,412.1,404.17702542306694,404.8666666666667
singapore,2016,p75,ridge,E+C,406.39166666666665,405.01078959539734,404.8666666666667
singapore,2017,p75,ridge,E+C,405.14166666666665,404.2996981658561,404.8666666666667
singapore,2018,p75,ridge,E+C,395.6833333333333,404.99509148183256,405.0833333333333
singapore,2019,p75,ridge,E+C,405.0833333333333,407.3525089330942,404.8666666666667
singapore,2022,p75,ridge,E+C,380.2166666666667,407.5039360801885,405.0833333333333
singapore,2023,p75,ridge,E+C,381.3083333333333,406.9724897029007,405.0833333333333
berlin,2005,p75,ridge,E+S,277.7,272.4812089114646,274.93125
berlin,2006,p75,ridge,E+S,284.2791666666667,272.624352651585,274.93125
berlin,2007,p75,ridge,E+S,271.74583333333334,273.8104594557857,275.8375
berlin,2008,p75,ridge,E+S,272.9,274.1579745442999,275.8375
berlin,2009,p75,ridge,E+S,280.30833333333334,273.64512996223755,274.93125
berlin,2010,p75,ridge,E+S,270.56666666666666,274.9116113703252,275.8375
berlin,2011,p75,ridge,E+S,276.7,274.53806824251717,274.93125
berlin,2012,p75,ridge,E+S,271.71666666666664,275.48010621581824,275.8375
berlin,2013,p75,ridge,E+S,270.76666666666665,276.003904200726,275.8375
berlin,2014,p75,ridge,E+S,274.975,275.9388077464817,275.79375
berlin,2015,p75,ridge,E+S,274.8875,276.3847638158548,275.8375
berlin,2016,p75,ridge,E+S,281.81666666666666,276.0848238313495,274.93125
berlin,2017,p75,ridge,E+S,281.1166666666667,276.7573272395055,274.93125
berlin,2018,p75,ridge,E+S,291.4,277.06713076870705,274.93125
berlin,2019,p75,ridge,E+S,269.90416666666664,273.68015631581596,275.8375
boston,2005,p75,ridge,E+S,259.51666666666665,254.19540070022063,253.06666666666666
boston,2006,p75,ridge,E+S,249.71666666666667,256.08301294489496,255.60833333333332
boston,2007,p75,ridge,E+S,254.5,255.59198026957256,254.17499999999998
boston,2008,p75,ridge,E+S,251.63333333333333,256.832670468477,255.60833333333332
boston,2009,p75,ridge,E+S,248.41666666666663,257.206774085914,255.60833333333332
boston,2010,p75,ridge,E+S,248.88333333333333,257.5970597187269,255.60833333333332
boston,2011,p75,ridge,E+S,249.78333333333333,257.8159097885846,255.60833333333332
boston,2012,p75,ridge,E+S,285.31666666666666,255.4152078430852,253.06666666666666
boston,2013,p75,ridge,E+S,247.9625,258.4266649508431,255.60833333333332
boston,2014,p75,ridge,E+S,272.7,257.02014160100794,253.06666666666666
boston,2015,p75,ridge,E+S,246.41666666666663,259.4607642792953,255.60833333333332
boston,2016,p75,ridge,E+S,256.71666666666664,258.3230967691626,253.06666666666666
boston,2017,p75,ridge,E+S,261.8,258.229154141767,253.06666666666666
boston,2018,p75,ridge,E+S,262.31666666666666,258.40153453113817,253.06666666666666
boston,2019,p75,ridge,E+S,259.0,258.77119293897505,253.06666666666666
chicago,2005,p75,ridge,E+S,295.71666666666664,310.42495053960863,309.3354166666667
chicago,2006,p75,ridge,E+S,296.06666666666666,310.52106027942085,309.3354166666667
chicago,2007,p75,ridge,E+S,329.3,308.5951498554528,308.025
chicago,2008,p75,ridge,E+S,321.6,309.50578265164876,308.025
chicago,2009,p75,ridge,E+S,299.7333333333333,311.1802070428407,309.3354166666667
chicago,2010,p75,ridge,E+S,321.21666666666664,310.23526088316993,308.025
chicago,2011,p75,ridge,E+S,316.875,310.36863073737305,308.025
chicago,2012,p75,ridge,E+S,305.09583333333336,312.0018592099359,309.3354166666667
chicago,2013,p75,ridge,E+S,306.5,312.1453064090549,309.3354166666667
chicago,2014,p75,ridge,E+S,308.1,312.40071352351407,309.26041666666663
chicago,2015,p75,ridge,E+S,311.24583333333334,311.80658045735356,308.025
chicago,2016,p75,ridge,E+S,310.5708333333333,312.02522466969793,308.025
chicago,2017,p75,ridge,E+S,328.4166666666667,312.28187726388387,308.025
chicago,2018,p75,ridge,E+S,310.6666666666667,312.66216249477935,308.025
chicago,2019,p75,ridge,E+S,307.25,313.8654243177972,309.3354166666667
chicago,2022,p75,ridge,E+S,307.95,314.5919645570469,309.3354166666667
chicago,2023,p75,ridge,E+S,297.95,320.06770937436073,309.3354166666667
durban,2022,p75,ridge,E+S,275.09166666666664,285.4311276305488,284.2125
durban,2024,p75,ridge,E+S,282.71666666666664,281.87069155243256,280.4
durban,2025,p75,ridge,E+S,285.7083333333333,280.8298854405691,278.90416666666664
honolulu,2005,p75,ridge,E+S,403.1333333333333,420.4678697962145,419.97291666666666
honolulu,2006,p75,ridge,E+S,408.73333333333335,420.5076425214702,419.97291666666666
honolulu,2007,p75,ridge,E+S,417.2708333333333,419.79333240964786,418.82500000000005
honolulu,2008,p75,ridge,E+S,411.8333333333333,420.83324340450974,419.97291666666666
honolulu,2009,p75,ridge,E+S,410.03333333333336,421.3196396828649,419.97291666666666
honolulu,2010,p75,ridge,E+S,414.975,421.3293664437375,419.97291666666666
honolulu,2011,p75,ridge,E+S,409.7083333333333,421.57726662756556,419.97291666666666
honolulu,2012,p75,ridge,E+S,408.28333333333336,421.8329086047462,419.97291666666666
honolulu,2013,p75,ridge,E+S,437.85,418.80663919726055,416.1229166666667
honolulu,2014,p75,ridge,E+S,422.675,419.4507920049255,416.1229166666667
honolulu,2015,p75,ridge,E+S,442.17083333333335,419.2290352722199,416.1229166666667
honolulu,2016,p75,ridge,E+S,450.45,419.1778298870397,416.1229166666667
honolulu,2017,p75,ridge,E+S,441.6125,419.61512854951405,416.1229166666667
honolulu,2018,p75,ridge,E+S,444.3083333333333,419.579152431342,416.1229166666667
honolulu,2019,p75,ridge,E+S,456.44166666666666,419.4209274537695,416.1229166666667
long_beach,2010,p75,ridge,E+S,331.2416666666667,338.27232863838094,337.35
long_beach,2011,p75,ridge,E+S,346.05833333333334,335.2017166173031,333.7583333333333
long_beach,2012,p75,ridge,E+S,358.2958333333333,335.1560707130731,333.7583333333333
long_beach,2013,p75,ridge,E+S,318.78333333333336,339.1995458337675,337.35
long_beach,2014,p75,ridge,E+S,331.78333333333336,339.12187528262155,337.35
long_beach,2015,p75,ridge,E+S,368.5625,335.6496236529982,333.7583333333333
long_beach,2016,p75,ridge,E+S,333.7583333333333,339.3059792941546,337.35
long_beach,2017,p75,ridge,E+S,338.46666666666664,336.3992563992831,333.7583333333333
long_beach,2018,p75,ridge,E+S,337.35,336.3180158895988,333.7583333333333
long_beach,2019,p75,ridge,E+S,330.2,339.45063985360406,337.35
maui,2010,p75,ridge,E+S,355.19166666666666,361.1266219266513,359.4125
maui,2011,p75,ridge,E+S,351.5333333333333,361.8344715416467,359.76666666666665
maui,2012,p75,ridge,E+S,354.4833333333333,362.28584296590327,359.76666666666665
maui,2013,p75,ridge,E+S,364.3416666666667,356.9325582153287,354.8375
maui,2014,p75,ridge,E+S,366.2875,357.9141407360229,354.8375
nyc,2005,p75,ridge,E+S,314.1666666666667,303.91094680708676,304.92083333333335
nyc,2006,p75,ridge,E+S,294.8833333333333,306.5209028122388,307.2125
nyc,2007,p75,ridge,E+S,296.78333333333336,306.6689525776349,307.2125
nyc,2008,p75,ridge,E+S,293.43333333333334,307.16345765729943,307.2125
nyc,2009,p75,ridge,E+S,292.56666666666666,307.58014340993924,307.2125
nyc,2010,p75,ridge,E+S,296.53333333333336,307.7934422398399,307.2125
nyc,2011,p75,ridge,E+S,298.55,308.0949618509375,307.2125
nyc,2013,p75,ridge,E+S,296.9166666666667,308.9687432815175,307.2125
nyc,2014,p75,ridge,E+S,304.43333333333334,309.3133316284817,307.2125
nyc,2015,p75,ridge,E+S,310.53333333333336,307.9234624359445,304.92083333333335
nyc,2016,p75,ridge,E+S,309.01666666666665,308.1291752539456,304.92083333333335
nyc,2017,p75,ridge,E+S,309.35,308.34673583035726,304.92083333333335
nyc,2018,p75,ridge,E+S,312.00416666666666,308.6062158637957,304.92083333333335
nyc,2019,p75,ridge,E+S,309.75416666666666,308.9743888590573,304.92083333333335
nyc,2022,p75,ridge,E+S,327.31666666666666,309.39314855857106,304.92083333333335
nyc,2023,p75,ridge,E+S,315.95,310.01110371111554,304.92083333333335
nyc,2024,p75,ridge,E+S,305.4083333333333,312.0579691682383,306.725
rio,2023,p75,ridge,E+S,289.15833333333336,284.57483534702527,282.6479166666667
rio,2024,p75,ridge,E+S,284.27916666666664,288.05353438128765,285.0875
rio,2025,p75,ridge,E+S,281.01666666666665,289.7188289777134,286.71875
savannah,2011,p75,ridge,E+S,305.6125,317.98776426793677,315.30833333333334
savannah,2012,p75,ridge,E+S,311.7,317.70331407885277,315.30833333333334
savannah,2013,p75,ridge,E+S,311.76666666666665,318.31099175232765,315.275
savannah,2014,p75,ridge,E+S,310.5708333333333,318.6538433027937,315.30833333333334
savannah,2015,p75,ridge,E+S,273.6875,318.42014538866624,315.30833333333334
savannah,2016,p75,ridge,E+S,332.31666666666666,315.3606625673599,311.73333333333335
savannah,2017,p75,ridge,E+S,346.31666666666666,315.2783386632818,311.73333333333335
savannah,2018,p75,ridge,E+S,318.85,316.17258299640366,311.73333333333335
savannah,2019,p75,ridge,E+S,320.5,315.89874953915364,311.73333333333335
singapore,2014,p75,ridge,E+S,404.8666666666667,403.46169966201757,405.0833333333333
singapore,2015,p75,ridge,E+S,412.1,403.21863476514045,404.8666666666667
singapore,2016,p75,ridge,E+S,406.39166666666665,403.95394346958966,404.8666666666667
singapore,2017,p75,ridge,E+S,405.14166666666665,404.49004949936466,404.8666666666667
singapore,2018,p75,ridge,E+S,395.6833333333333,405.22222397254774,405.0833333333333
singapore,2019,p75,ridge,E+S,405.0833333333333,405.2521692699372,404.8666666666667
singapore,2022,p75,ridge,E+S,380.2166666666667,406.54769988727054,405.0833333333333
singapore,2023,p75,ridge,E+S,381.3083333333333,406.9635833204323,405.0833333333333
berlin,2005,p75,gbm_histogramas,E,277.7,275.2746818233758,274.93125
berlin,2006,p75,gbm_histogramas,E,284.2791666666667,270.80712664403063,274.93125
berlin,2007,p75,gbm_histogramas,E,271.74583333333334,274.7357942831345,275.8375
berlin,2008,p75,gbm_histogramas,E,272.9,273.9154941743274,275.8375
berlin,2009,p75,gbm_histogramas,E,280.30833333333334,270.43718244594976,274.93125
berlin,2010,p75,gbm_histogramas,E,270.56666666666666,278.6240636937959,275.8375
berlin,2011,p75,gbm_histogramas,E,276.7,283.1904699594177,274.93125
berlin,2012,p75,gbm_histogramas,E,271.71666666666664,271.813120552745,275.8375
berlin,2013,p75,gbm_histogramas,E,270.76666666666665,271.2127313738761,275.8375
berlin,2014,p75,gbm_histogramas,E,274.975,275.0498905605493,275.79375
berlin,2015,p75,gbm_histogramas,E,274.8875,278.45124746204425,275.8375
berlin,2016,p75,gbm_histogramas,E,281.81666666666666,278.0111621612317,274.93125
berlin,2017,p75,gbm_histogramas,E,281.1166666666667,286.25990094936986,274.93125
berlin,2018,p75,gbm_histogramas,E,291.4,277.2789128434877,274.93125
berlin,2019,p75,gbm_histogramas,E,269.90416666666664,274.85260783515787,275.8375
boston,2005,p75,gbm_histogramas,E,259.51666666666665,241.88030946669798,253.06666666666666
boston,2006,p75,gbm_histogramas,E,249.71666666666667,263.1124870824424,255.60833333333332
boston,2007,p75,gbm_histogramas,E,254.5,252.2846507881975,254.17499999999998
boston,2008,p75,gbm_histogramas,E,251.63333333333333,253.99564319611682,255.60833333333332
boston,2009,p75,gbm_histogramas,E,248.41666666666663,250.46197012462454,255.60833333333332
boston,2010,p75,gbm_histogramas,E,248.88333333333333,252.6945582409308,255.60833333333332
boston,2011,p75,gbm_histogramas,E,249.78333333333333,270.9801902000128,255.60833333333332
boston,2012,p75,gbm_histogramas,E,285.31666666666666,250.45247931123436,253.06666666666666
boston,2013,p75,gbm_histogramas,E,247.9625,265.1387483659529,255.60833333333332
boston,2014,p75,gbm_histogramas,E,272.7,251.27853965045432,253.06666666666666
boston,2015,p75,gbm_histogramas,E,246.41666666666663,259.96861613646445,255.60833333333332
boston,2016,p75,gbm_histogramas,E,256.71666666666664,255.40095540393833,253.06666666666666
boston,2017,p75,gbm_histogramas,E,261.8,273.0597418299319,253.06666666666666
boston,2018,p75,gbm_histogramas,E,262.31666666666666,257.1632821875687,253.06666666666666
boston,2019,p75,gbm_histogramas,E,259.0,254.11336712232094,253.06666666666666
chicago,2005,p75,gbm_histogramas,E,295.71666666666664,325.1910211692107,309.3354166666667
chicago,2006,p75,gbm_histogramas,E,296.06666666666666,300.9519650064012,309.3354166666667
chicago,2007,p75,gbm_histogramas,E,329.3,309.4082822688274,308.025
chicago,2008,p75,gbm_histogramas,E,321.6,294.204845510575,308.025
chicago,2009,p75,gbm_histogramas,E,299.7333333333333,317.6930190612914,309.3354166666667
chicago,2010,p75,gbm_histogramas,E,321.21666666666664,308.73847971864564,308.025
chicago,2011,p75,gbm_histogramas,E,316.875,316.05630743958244,308.025
chicago,2012,p75,gbm_histogramas,E,305.09583333333336,328.87675513113925,309.3354166666667
chicago,2013,p75,gbm_histogramas,E,306.5,302.2355642029216,309.3354166666667
chicago,2014,p75,gbm_histogramas,E,308.1,308.301782901682,309.26041666666663
chicago,2015,p75,gbm_histogramas,E,311.24583333333334,327.32861129619766,308.025
chicago,2016,p75,gbm_histogramas,E,310.5708333333333,314.1734460176591,308.025
chicago,2017,p75,gbm_histogramas,E,328.4166666666667,310.9770364246958,308.025
chicago,2018,p75,gbm_histogramas,E,310.6666666666667,309.19959789920216,308.025
chicago,2019,p75,gbm_histogramas,E,307.25,307.81435882890435,309.3354166666667
chicago,2022,p75,gbm_histogramas,E,307.95,303.43073411936587,309.3354166666667
chicago,2023,p75,gbm_histogramas,E,297.95,310.17731833869175,309.3354166666667
durban,2022,p75,gbm_histogramas,E,275.09166666666664,269.20255039581855,284.2125
durban,2024,p75,gbm_histogramas,E,282.71666666666664,282.24833361220936,280.4
durban,2025,p75,gbm_histogramas,E,285.7083333333333,279.64157177888694,278.90416666666664
honolulu,2005,p75,gbm_histogramas,E,403.1333333333333,412.324153857898,419.97291666666666
honolulu,2006,p75,gbm_histogramas,E,408.73333333333335,407.9782628836542,419.97291666666666
honolulu,2007,p75,gbm_histogramas,E,417.2708333333333,415.5309665827645,418.82500000000005
honolulu,2008,p75,gbm_histogramas,E,411.8333333333333,406.641230378999,419.97291666666666
honolulu,2009,p75,gbm_histogramas,E,410.03333333333336,411.2808726054671,419.97291666666666
honolulu,2010,p75,gbm_histogramas,E,414.975,411.45553745999314,419.97291666666666
honolulu,2011,p75,gbm_histogramas,E,409.7083333333333,404.4850357980084,419.97291666666666
honolulu,2012,p75,gbm_histogramas,E,408.28333333333336,431.33620686082446,419.97291666666666
honolulu,2013,p75,gbm_histogramas,E,437.85,416.44116205981595,416.1229166666667
honolulu,2014,p75,gbm_histogramas,E,422.675,441.58043473746227,416.1229166666667
honolulu,2015,p75,gbm_histogramas,E,442.17083333333335,426.26530998655653,416.1229166666667
honolulu,2016,p75,gbm_histogramas,E,450.45,444.154024732088,416.1229166666667
honolulu,2017,p75,gbm_histogramas,E,441.6125,438.77892215691975,416.1229166666667
honolulu,2018,p75,gbm_histogramas,E,444.3083333333333,420.6569865687195,416.1229166666667
honolulu,2019,p75,gbm_histogramas,E,456.44166666666666,409.37232912550087,416.1229166666667
long_beach,2010,p75,gbm_histogramas,E,331.2416666666667,329.7304556599738,337.35
long_beach,2011,p75,gbm_histogramas,E,346.05833333333334,339.67837261082076,333.7583333333333
long_beach,2012,p75,gbm_histogramas,E,358.2958333333333,335.80400618345595,333.7583333333333
long_beach,2013,p75,gbm_histogramas,E,318.78333333333336,336.9960208651755,337.35
long_beach,2014,p75,gbm_histogramas,E,331.78333333333336,338.6940136913399,337.35
long_beach,2015,p75,gbm_histogramas,E,368.5625,332.5119726547925,333.7583333333333
long_beach,2016,p75,gbm_histogramas,E,333.7583333333333,345.39325765108117,337.35
long_beach,2017,p75,gbm_histogramas,E,338.46666666666664,347.0706676685016,333.7583333333333
long_beach,2018,p75,gbm_histogramas,E,337.35,335.48772153080296,333.7583333333333
long_beach,2019,p75,gbm_histogramas,E,330.2,338.9927616656503,337.35
maui,2010,p75,gbm_histogramas,E,355.19166666666666,357.5330921834065,359.4125
maui,2011,p75,gbm_histogramas,E,351.5333333333333,355.8293348808213,359.76666666666665
maui,2012,p75,gbm_histogramas,E,354.4833333333333,357.00549740602287,359.76666666666665
maui,2013,p75,gbm_histogramas,E,364.3416666666667,359.47201832542964,354.8375
maui,2014,p75,gbm_histogramas,E,366.2875,367.50824616612533,354.8375
nyc,2005,p75,gbm_histogramas,E,314.1666666666667,293.2930178509364,304.92083333333335
nyc,2006,p75,gbm_histogramas,E,294.8833333333333,301.225423407647,307.2125
nyc,2007,p75,gbm_histogramas,E,296.78333333333336,303.6787909044391,307.2125
nyc,2008,p75,gbm_histogramas,E,293.43333333333334,303.8350588271464,307.2125
nyc,2009,p75,gbm_histogramas,E,292.56666666666666,300.71366705433377,307.2125
nyc,2010,p75,gbm_histogramas,E,296.53333333333336,292.9001725939747,307.2125
nyc,2011,p75,gbm_histogramas,E,298.55,315.1697312954306,307.2125
nyc,2013,p75,gbm_histogramas,E,296.9166666666667,301.7709623366252,307.2125
nyc,2014,p75,gbm_histogramas,E,304.43333333333334,305.3742651740371,307.2125
nyc,2015,p75,gbm_histogramas,E,310.53333333333336,300.80720329243485,304.92083333333335
nyc,2016,p75,gbm_histogramas,E,309.01666666666665,291.83310138734544,304.92083333333335
nyc,2017,p75,gbm_histogramas,E,309.35,327.2233841097498,304.92083333333335
nyc,2018,p75,gbm_histogramas,E,312.00416666666666,319.0390436734243,304.92083333333335
nyc,2019,p75,gbm_histogramas,E,309.75416666666666,315.4420327779271,304.92083333333335
nyc,2022,p75,gbm_histogramas,E,327.31666666666666,308.5415782563903,304.92083333333335
nyc,2023,p75,gbm_histogramas,E,315.95,305.61816922378466,304.92083333333335
nyc,2024,p75,gbm_histogramas,E,305.4083333333333,318.07945338492874,306.725
rio,2023,p75,gbm_histogramas,E,289.15833333333336,287.156085462922,282.6479166666667
rio,2024,p75,gbm_histogramas,E,284.27916666666664,262.0421849661833,285.0875
rio,2025,p75,gbm_histogramas,E,281.01666666666665,299.4161064416117,286.71875
savannah,2011,p75,gbm_histogramas,E,305.6125,305.00842904181116,315.30833333333334
savannah,2012,p75,gbm_histogramas,E,311.7,314.13625573072636,315.30833333333334
savannah,2013,p75,gbm_histogramas,E,311.76666666666665,309.4851324299651,315.275
savannah,2014,p75,gbm_histogramas,E,310.5708333333333,298.5565587952278,315.30833333333334
savannah,2015,p75,gbm_histogramas,E,273.6875,318.22090232387774,315.30833333333334
savannah,2016,p75,gbm_histogramas,E,332.31666666666666,327.11515951837896,311.73333333333335
savannah,2017,p75,gbm_histogramas,E,346.31666666666666,316.3612039521061,311.73333333333335
savannah,2018,p75,gbm_histogramas,E,318.85,313.1301543619348,311.73333333333335
savannah,2019,p75,gbm_histogramas,E,320.5,319.17804980167904,311.73333333333335
singapore,2014,p75,gbm_histogramas,E,404.8666666666667,422.50405376594716,405.0833333333333
singapore,2015,p75,gbm_histogramas,E,412.1,401.7673157925963,404.8666666666667
singapore,2016,p75,gbm_histogramas,E,406.39166666666665,416.8272207393139,404.8666666666667
singapore,2017,p75,gbm_histogramas,E,405.14166666666665,401.2594389569492,404.8666666666667
singapore,2018,p75,gbm_histogramas,E,395.6833333333333,440.3783677617527,405.0833333333333
singapore,2019,p75,gbm_histogramas,E,405.0833333333333,407.70187545959465,404.8666666666667
singapore,2022,p75,gbm_histogramas,E,380.2166666666667,415.63993727934144,405.0833333333333
singapore,2023,p75,gbm_histogramas,E,381.3083333333333,398.10077692411625,405.0833333333333
berlin,2005,p75,gbm_histogramas,E+C,277.7,279.71266054973466,274.93125
berlin,2006,p75,gbm_histogramas,E+C,284.2791666666667,289.31648610798874,274.93125
berlin,2007,p75,gbm_histogramas,E+C,271.74583333333334,269.4082669496429,275.8375
berlin,2008,p75,gbm_histogramas,E+C,272.9,277.45861878736866,275.8375
berlin,2009,p75,gbm_histogramas,E+C,280.30833333333334,282.78236861446027,274.93125
berlin,2010,p75,gbm_histogramas,E+C,270.56666666666666,269.9597163056471,275.8375
berlin,2011,p75,gbm_histogramas,E+C,276.7,277.44107724623996,274.93125
berlin,2012,p75,gbm_histogramas,E+C,271.71666666666664,271.6912100643163,275.8375
berlin,2013,p75,gbm_histogramas,E+C,270.76666666666665,270.40851906421346,275.8375
berlin,2014,p75,gbm_histogramas,E+C,274.975,277.1249136872587,275.79375
berlin,2015,p75,gbm_histogramas,E+C,274.8875,280.4782340764392,275.8375
berlin,2016,p75,gbm_histogramas,E+C,281.81666666666666,287.1132004910772,274.93125
berlin,2017,p75,gbm_histogramas,E+C,281.1166666666667,275.5781073173479,274.93125
berlin,2018,p75,gbm_histogramas,E+C,291.4,282.8951558573337,274.93125
berlin,2019,p75,gbm_histogramas,E+C,269.90416666666664,278.32824509691875,275.8375
boston,2005,p75,gbm_histogramas,E+C,259.51666666666665,254.6227938749824,253.06666666666666
boston,2006,p75,gbm_histogramas,E+C,249.71666666666667,248.63308643184712,255.60833333333332
boston,2007,p75,gbm_histogramas,E+C,254.5,248.0067991884902,254.17499999999998
boston,2008,p75,gbm_histogramas,E+C,251.63333333333333,250.54856462087818,255.60833333333332
boston,2009,p75,gbm_histogramas,E+C,248.41666666666663,248.6433861394091,255.60833333333332
boston,2010,p75,gbm_histogramas,E+C,248.88333333333333,250.54283460354299,255.60833333333332
boston,2011,p75,gbm_histogramas,E+C,249.78333333333333,256.99824012810046,255.60833333333332
boston,2012,p75,gbm_histogramas,E+C,285.31666666666666,267.8057987421653,253.06666666666666
boston,2013,p75,gbm_histogramas,E+C,247.9625,251.82094459103564,255.60833333333332
boston,2014,p75,gbm_histogramas,E+C,272.7,260.7599089033973,253.06666666666666
boston,2015,p75,gbm_histogramas,E+C,246.41666666666663,256.6955871631747,255.60833333333332
boston,2016,p75,gbm_histogramas,E+C,256.71666666666664,261.1181242679099,253.06666666666666
boston,2017,p75,gbm_histogramas,E+C,261.8,255.50057478117031,253.06666666666666
boston,2018,p75,gbm_histogramas,E+C,262.31666666666666,254.17219874121295,253.06666666666666
boston,2019,p75,gbm_histogramas,E+C,259.0,258.9271368328108,253.06666666666666
chicago,2005,p75,gbm_histogramas,E+C,295.71666666666664,302.51405633844166,309.3354166666667
chicago,2006,p75,gbm_histogramas,E+C,296.06666666666666,302.73517522135796,309.3354166666667
chicago,2007,p75,gbm_histogramas,E+C,329.3,338.15615709479084,308.025
chicago,2008,p75,gbm_histogramas,E+C,321.6,312.80189255082104,308.025
chicago,2009,p75,gbm_histogramas,E+C,299.7333333333333,300.04783032309444,309.3354166666667
chicago,2010,p75,gbm_histogramas,E+C,321.21666666666664,315.082919356648,308.025
chicago,2011,p75,gbm_histogramas,E+C,316.875,308.45161272855796,308.025
chicago,2012,p75,gbm_histogramas,E+C,305.09583333333336,300.8262594127368,309.3354166666667
chicago,2013,p75,gbm_histogramas,E+C,306.5,303.9106904999744,309.3354166666667
chicago,2014,p75,gbm_histogramas,E+C,308.1,313.6060703051944,309.26041666666663
chicago,2015,p75,gbm_histogramas,E+C,311.24583333333334,313.8595594097185,308.025
chicago,2016,p75,gbm_histogramas,E+C,310.5708333333333,314.1863404517776,308.025
chicago,2017,p75,gbm_histogramas,E+C,328.4166666666667,317.568651130375,308.025
chicago,2018,p75,gbm_histogramas,E+C,310.6666666666667,306.2069929366241,308.025
chicago,2019,p75,gbm_histogramas,E+C,307.25,309.3418984125447,309.3354166666667
chicago,2022,p75,gbm_histogramas,E+C,307.95,320.2106356391158,309.3354166666667
chicago,2023,p75,gbm_histogramas,E+C,297.95,308.3285425244605,309.3354166666667
durban,2022,p75,gbm_histogramas,E+C,275.09166666666664,291.71885509186166,284.2125
durban,2024,p75,gbm_histogramas,E+C,282.71666666666664,294.8436255034764,280.4
durban,2025,p75,gbm_histogramas,E+C,285.7083333333333,281.715586966507,278.90416666666664
honolulu,2005,p75,gbm_histogramas,E+C,403.1333333333333,412.8133952756759,419.97291666666666
honolulu,2006,p75,gbm_histogramas,E+C,408.73333333333335,415.5731154741719,419.97291666666666
honolulu,2007,p75,gbm_histogramas,E+C,417.2708333333333,427.4970860709185,418.82500000000005
honolulu,2008,p75,gbm_histogramas,E+C,411.8333333333333,415.81630676483735,419.97291666666666
honolulu,2009,p75,gbm_histogramas,E+C,410.03333333333336,431.0775098485835,419.97291666666666
honolulu,2010,p75,gbm_histogramas,E+C,414.975,412.2224780678739,419.97291666666666
honolulu,2011,p75,gbm_histogramas,E+C,409.7083333333333,417.3843913486784,419.97291666666666
honolulu,2012,p75,gbm_histogramas,E+C,408.28333333333336,420.0144887372065,419.97291666666666
honolulu,2013,p75,gbm_histogramas,E+C,437.85,434.012627067984,416.1229166666667
honolulu,2014,p75,gbm_histogramas,E+C,422.675,422.14843728321875,416.1229166666667
honolulu,2015,p75,gbm_histogramas,E+C,442.17083333333335,415.32127785715113,416.1229166666667
honolulu,2016,p75,gbm_histogramas,E+C,450.45,428.7731502600364,416.1229166666667
honolulu,2017,p75,gbm_histogramas,E+C,441.6125,429.23658215469766,416.1229166666667
honolulu,2018,p75,gbm_histogramas,E+C,444.3083333333333,433.29794027704276,416.1229166666667
honolulu,2019,p75,gbm_histogramas,E+C,456.44166666666666,422.0550490407242,416.1229166666667
long_beach,2010,p75,gbm_histogramas,E+C,331.2416666666667,328.0873860809833,337.35
long_beach,2011,p75,gbm_histogramas,E+C,346.05833333333334,336.6805916824282,333.7583333333333
long_beach,2012,p75,gbm_histogramas,E+C,358.2958333333333,330.25963961722243,333.7583333333333
long_beach,2013,p75,gbm_histogramas,E+C,318.78333333333336,338.4714978037357,337.35
long_beach,2014,p75,gbm_histogramas,E+C,331.78333333333336,340.4972106643837,337.35
long_beach,2015,p75,gbm_histogramas,E+C,368.5625,361.1183940221053,333.7583333333333
long_beach,2016,p75,gbm_histogramas,E+C,333.7583333333333,344.8716357864027,337.35
long_beach,2017,p75,gbm_histogramas,E+C,338.46666666666664,349.2563052383686,333.7583333333333
long_beach,2018,p75,gbm_histogramas,E+C,337.35,334.42909040662784,333.7583333333333
long_beach,2019,p75,gbm_histogramas,E+C,330.2,343.6484017962121,337.35
maui,2010,p75,gbm_histogramas,E+C,355.19166666666666,353.41254648006253,359.4125
maui,2011,p75,gbm_histogramas,E+C,351.5333333333333,355.45555108672164,359.76666666666665
maui,2012,p75,gbm_histogramas,E+C,354.4833333333333,357.21959141314125,359.76666666666665
maui,2013,p75,gbm_histogramas,E+C,364.3416666666667,360.56879735519675,354.8375
maui,2014,p75,gbm_histogramas,E+C,366.2875,352.45167711068666,354.8375
nyc,2005,p75,gbm_histogramas,E+C,314.1666666666667,307.31568588933555,304.92083333333335
nyc,2006,p75,gbm_histogramas,E+C,294.8833333333333,292.690298741346,307.2125
nyc,2007,p75,gbm_histogramas,E+C,296.78333333333336,298.14952405984354,307.2125
nyc,2008,p75,gbm_histogramas,E+C,293.43333333333334,297.8045841808365,307.2125
nyc,2009,p75,gbm_histogramas,E+C,292.56666666666666,297.3614465921076,307.2125
nyc,2010,p75,gbm_histogramas,E+C,296.53333333333336,300.0376191333904,307.2125
nyc,2011,p75,gbm_histogramas,E+C,298.55,300.13163673641697,307.2125
nyc,2013,p75,gbm_histogramas,E+C,296.9166666666667,303.44489562922223,307.2125
nyc,2014,p75,gbm_histogramas,E+C,304.43333333333334,301.64359331081334,307.2125
nyc,2015,p75,gbm_histogramas,E+C,310.53333333333336,304.5369784393117,304.92083333333335
nyc,2016,p75,gbm_histogramas,E+C,309.01666666666665,304.1766827642844,304.92083333333335
nyc,2017,p75,gbm_histogramas,E+C,309.35,313.3164213703847,304.92083333333335
nyc,2018,p75,gbm_histogramas,E+C,312.00416666666666,308.50608025090423,304.92083333333335
nyc,2019,p75,gbm_histogramas,E+C,309.75416666666666,306.7414420583814,304.92083333333335
nyc,2022,p75,gbm_histogramas,E+C,327.31666666666666,305.1729155397024,304.92083333333335
nyc,2023,p75,gbm_histogramas,E+C,315.95,310.46591606742203,304.92083333333335
nyc,2024,p75,gbm_histogramas,E+C,305.4083333333333,306.68654107555676,306.725
rio,2023,p75,gbm_histogramas,E+C,289.15833333333336,304.0117865205124,282.6479166666667
rio,2024,p75,gbm_histogramas,E+C,284.27916666666664,284.6400714496624,285.0875
rio,2025,p75,gbm_histogramas,E+C,281.01666666666665,298.84758280823024,286.71875
savannah,2011,p75,gbm_histogramas,E+C,305.6125,309.6203643418116,315.30833333333334
savannah,2012,p75,gbm_histogramas,E+C,311.7,317.1333321758545,315.30833333333334
savannah,2013,p75,gbm_histogramas,E+C,311.76666666666665,311.642601086413,315.275
savannah,2014,p75,gbm_histogramas,E+C,310.5708333333333,317.57216405437805,315.30833333333334
savannah,2015,p75,gbm_histogramas,E+C,273.6875,341.4805898897118,315.30833333333334
savannah,2016,p75,gbm_histogramas,E+C,332.31666666666666,317.17311514090727,311.73333333333335
savannah,2017,p75,gbm_histogramas,E+C,346.31666666666666,315.47036138365746,311.73333333333335
savannah,2018,p75,gbm_histogramas,E+C,318.85,319.2295549460682,311.73333333333335
savannah,2019,p75,gbm_histogramas,E+C,320.5,316.3813164122184,311.73333333333335
singapore,2014,p75,gbm_histogramas,E+C,404.8666666666667,403.90562921043295,405.0833333333333
singapore,2015,p75,gbm_histogramas,E+C,412.1,395.8434371356131,404.8666666666667
singapore,2016,p75,gbm_histogramas,E+C,406.39166666666665,407.2634613018906,404.8666666666667
singapore,2017,p75,gbm_histogramas,E+C,405.14166666666665,397.4321598468829,404.8666666666667
singapore,2018,p75,gbm_histogramas,E+C,395.6833333333333,410.41543811275415,405.0833333333333
singapore,2019,p75,gbm_histogramas,E+C,405.0833333333333,422.288257512215,404.8666666666667
singapore,2022,p75,gbm_histogramas,E+C,380.2166666666667,397.4550595810367,405.0833333333333
singapore,2023,p75,gbm_histogramas,E+C,381.3083333333333,405.46831189895374,405.0833333333333
berlin,2005,p75,gbm_histogramas,E+S,277.7,283.6208101729388,274.93125
berlin,2006,p75,gbm_histogramas,E+S,284.2791666666667,281.34050381570836,274.93125
berlin,2007,p75,gbm_histogramas,E+S,271.74583333333334,271.6613334224022,275.8375
berlin,2008,p75,gbm_histogramas,E+S,272.9,277.24508072747545,275.8375
berlin,2009,p75,gbm_histogramas,E+S,280.30833333333334,274.8583457648754,274.93125
berlin,2010,p75,gbm_histogramas,E+S,270.56666666666666,278.18209043953004,275.8375
berlin,2011,p75,gbm_histogramas,E+S,276.7,272.9564293737131,274.93125
berlin,2012,p75,gbm_histogramas,E+S,271.71666666666664,269.12661220184305,275.8375
berlin,2013,p75,gbm_histogramas,E+S,270.76666666666665,277.2051681538561,275.8375
berlin,2014,p75,gbm_histogramas,E+S,274.975,272.6737321995773,275.79375
berlin,2015,p75,gbm_histogramas,E+S,274.8875,277.4619314147994,275.8375
berlin,2016,p75,gbm_histogramas,E+S,281.81666666666666,275.7083346060566,274.93125
berlin,2017,p75,gbm_histogramas,E+S,281.1166666666667,282.0185409637752,274.93125
berlin,2018,p75,gbm_histogramas,E+S,291.4,277.98651446339125,274.93125
berlin,2019,p75,gbm_histogramas,E+S,269.90416666666664,276.4852424468012,275.8375
boston,2005,p75,gbm_histogramas,E+S,259.51666666666665,254.02936759790168,253.06666666666666
boston,2006,p75,gbm_histogramas,E+S,249.71666666666667,266.5663293323932,255.60833333333332
boston,2007,p75,gbm_histogramas,E+S,254.5,259.6561891944889,254.17499999999998
boston,2008,p75,gbm_histogramas,E+S,251.63333333333333,258.33536177896065,255.60833333333332
boston,2009,p75,gbm_histogramas,E+S,248.41666666666663,250.1832914047254,255.60833333333332
boston,2010,p75,gbm_histogramas,E+S,248.88333333333333,250.39774787867287,255.60833333333332
boston,2011,p75,gbm_histogramas,E+S,249.78333333333333,256.56311578909464,255.60833333333332
boston,2012,p75,gbm_histogramas,E+S,285.31666666666666,251.175076364208,253.06666666666666
boston,2013,p75,gbm_histogramas,E+S,247.9625,263.9952050410845,255.60833333333332
boston,2014,p75,gbm_histogramas,E+S,272.7,249.56018480340018,253.06666666666666
boston,2015,p75,gbm_histogramas,E+S,246.41666666666663,266.7637861505473,255.60833333333332
boston,2016,p75,gbm_histogramas,E+S,256.71666666666664,253.33323191581474,253.06666666666666
boston,2017,p75,gbm_histogramas,E+S,261.8,265.86813533679805,253.06666666666666
boston,2018,p75,gbm_histogramas,E+S,262.31666666666666,252.40938033070273,253.06666666666666
boston,2019,p75,gbm_histogramas,E+S,259.0,259.6001215567407,253.06666666666666
chicago,2005,p75,gbm_histogramas,E+S,295.71666666666664,311.83383240334655,309.3354166666667
chicago,2006,p75,gbm_histogramas,E+S,296.06666666666666,305.8895644467968,309.3354166666667
chicago,2007,p75,gbm_histogramas,E+S,329.3,311.4801276057749,308.025
chicago,2008,p75,gbm_histogramas,E+S,321.6,294.05251218653166,308.025
chicago,2009,p75,gbm_histogramas,E+S,299.7333333333333,309.4683518632244,309.3354166666667
chicago,2010,p75,gbm_histogramas,E+S,321.21666666666664,309.3989292151719,308.025
chicago,2011,p75,gbm_histogramas,E+S,316.875,306.16689439709995,308.025
chicago,2012,p75,gbm_histogramas,E+S,305.09583333333336,319.6386175510532,309.3354166666667
chicago,2013,p75,gbm_histogramas,E+S,306.5,311.9324827421639,309.3354166666667
chicago,2014,p75,gbm_histogramas,E+S,308.1,308.50499336745133,309.26041666666663
chicago,2015,p75,gbm_histogramas,E+S,311.24583333333334,307.6951217861554,308.025
chicago,2016,p75,gbm_histogramas,E+S,310.5708333333333,312.0387216834661,308.025
chicago,2017,p75,gbm_histogramas,E+S,328.4166666666667,304.6504141725376,308.025
chicago,2018,p75,gbm_histogramas,E+S,310.6666666666667,314.6378736647993,308.025
chicago,2019,p75,gbm_histogramas,E+S,307.25,311.8370314080725,309.3354166666667
chicago,2022,p75,gbm_histogramas,E+S,307.95,312.7708300135429,309.3354166666667
chicago,2023,p75,gbm_histogramas,E+S,297.95,313.364932175679,309.3354166666667
durban,2022,p75,gbm_histogramas,E+S,275.09166666666664,255.58516088188622,284.2125
durban,2024,p75,gbm_histogramas,E+S,282.71666666666664,275.9107215768795,280.4
durban,2025,p75,gbm_histogramas,E+S,285.7083333333333,271.92224883217057,278.90416666666664
honolulu,2005,p75,gbm_histogramas,E+S,403.1333333333333,407.8444486814547,419.97291666666666
honolulu,2006,p75,gbm_histogramas,E+S,408.73333333333335,402.3828776850321,419.97291666666666
honolulu,2007,p75,gbm_histogramas,E+S,417.2708333333333,415.44737788057876,418.82500000000005
honolulu,2008,p75,gbm_histogramas,E+S,411.8333333333333,408.51795877936075,419.97291666666666
honolulu,2009,p75,gbm_histogramas,E+S,410.03333333333336,414.91808119326026,419.97291666666666
honolulu,2010,p75,gbm_histogramas,E+S,414.975,412.66375562986724,419.97291666666666
honolulu,2011,p75,gbm_histogramas,E+S,409.7083333333333,421.33850228760724,419.97291666666666
honolulu,2012,p75,gbm_histogramas,E+S,408.28333333333336,427.431642317039,419.97291666666666
honolulu,2013,p75,gbm_histogramas,E+S,437.85,412.9224314800077,416.1229166666667
honolulu,2014,p75,gbm_histogramas,E+S,422.675,440.18579205373146,416.1229166666667
honolulu,2015,p75,gbm_histogramas,E+S,442.17083333333335,422.547076050511,416.1229166666667
honolulu,2016,p75,gbm_histogramas,E+S,450.45,434.8289033981436,416.1229166666667
honolulu,2017,p75,gbm_histogramas,E+S,441.6125,445.2884394390927,416.1229166666667
honolulu,2018,p75,gbm_histogramas,E+S,444.3083333333333,445.6492646949249,416.1229166666667
honolulu,2019,p75,gbm_histogramas,E+S,456.44166666666666,440.8041808156105,416.1229166666667
long_beach,2010,p75,gbm_histogramas,E+S,331.2416666666667,325.7649342494552,337.35
long_beach,2011,p75,gbm_histogramas,E+S,346.05833333333334,350.63412020606916,333.7583333333333
long_beach,2012,p75,gbm_histogramas,E+S,358.2958333333333,347.5965478126705,333.7583333333333
long_beach,2013,p75,gbm_histogramas,E+S,318.78333333333336,341.66821645441956,337.35
long_beach,2014,p75,gbm_histogramas,E+S,331.78333333333336,341.97467563835363,337.35
long_beach,2015,p75,gbm_histogramas,E+S,368.5625,331.14918198094836,333.7583333333333
long_beach,2016,p75,gbm_histogramas,E+S,333.7583333333333,358.3558160850822,337.35
long_beach,2017,p75,gbm_histogramas,E+S,338.46666666666664,340.619648092848,333.7583333333333
long_beach,2018,p75,gbm_histogramas,E+S,337.35,339.57355843310825,333.7583333333333
long_beach,2019,p75,gbm_histogramas,E+S,330.2,340.2279842358371,337.35
maui,2010,p75,gbm_histogramas,E+S,355.19166666666666,354.8553367806644,359.4125
maui,2011,p75,gbm_histogramas,E+S,351.5333333333333,353.29202583937973,359.76666666666665
maui,2012,p75,gbm_histogramas,E+S,354.4833333333333,356.54578850278835,359.76666666666665
maui,2013,p75,gbm_histogramas,E+S,364.3416666666667,368.6623593287575,354.8375
maui,2014,p75,gbm_histogramas,E+S,366.2875,359.6040611801866,354.8375
nyc,2005,p75,gbm_histogramas,E+S,314.1666666666667,296.14079858647665,304.92083333333335
nyc,2006,p75,gbm_histogramas,E+S,294.8833333333333,302.11706802497423,307.2125
nyc,2007,p75,gbm_histogramas,E+S,296.78333333333336,293.6342523485677,307.2125
nyc,2008,p75,gbm_histogramas,E+S,293.43333333333334,295.3238881220963,307.2125
nyc,2009,p75,gbm_histogramas,E+S,292.56666666666666,294.82187521187353,307.2125
nyc,2010,p75,gbm_histogramas,E+S,296.53333333333336,296.3680786715384,307.2125
nyc,2011,p75,gbm_histogramas,E+S,298.55,300.6403035248265,307.2125
nyc,2013,p75,gbm_histogramas,E+S,296.9166666666667,302.58942129508563,307.2125
nyc,2014,p75,gbm_histogramas,E+S,304.43333333333334,307.7283611247075,307.2125
nyc,2015,p75,gbm_histogramas,E+S,310.53333333333336,306.1978060830862,304.92083333333335
nyc,2016,p75,gbm_histogramas,E+S,309.01666666666665,311.21426596517387,304.92083333333335
nyc,2017,p75,gbm_histogramas,E+S,309.35,310.6197226360719,304.92083333333335
nyc,2018,p75,gbm_histogramas,E+S,312.00416666666666,311.69043932564847,304.92083333333335
nyc,2019,p75,gbm_histogramas,E+S,309.75416666666666,308.8331670169888,304.92083333333335
nyc,2022,p75,gbm_histogramas,E+S,327.31666666666666,309.6734479396549,304.92083333333335
nyc,2023,p75,gbm_histogramas,E+S,315.95,308.3994578035366,304.92083333333335
nyc,2024,p75,gbm_histogramas,E+S,305.4083333333333,316.70166539530453,306.725
rio,2023,p75,gbm_histogramas,E+S,289.15833333333336,268.87466435286757,282.6479166666667
rio,2024,p75,gbm_histogramas,E+S,284.27916666666664,285.9518262161967,285.0875
rio,2025,p75,gbm_histogramas,E+S,281.01666666666665,287.26604479170857,286.71875
savannah,2011,p75,gbm_histogramas,E+S,305.6125,314.7378869647072,315.30833333333334
savannah,2012,p75,gbm_histogramas,E+S,311.7,310.6653311980831,315.30833333333334
savannah,2013,p75,gbm_histogramas,E+S,311.76666666666665,301.4901376960568,315.275
savannah,2014,p75,gbm_histogramas,E+S,310.5708333333333,316.3986402137879,315.30833333333334
savannah,2015,p75,gbm_histogramas,E+S,273.6875,331.2261065384334,315.30833333333334
savannah,2016,p75,gbm_histogramas,E+S,332.31666666666666,343.82980527830534,311.73333333333335
savannah,2017,p75,gbm_histogramas,E+S,346.31666666666666,319.1597427784839,311.73333333333335
savannah,2018,p75,gbm_histogramas,E+S,318.85,327.4206413633597,311.73333333333335
savannah,2019,p75,gbm_histogramas,E+S,320.5,317.64194030293567,311.73333333333335
singapore,2014,p75,gbm_histogramas,E+S,404.8666666666667,406.5826355977383,405.0833333333333
singapore,2015,p75,gbm_histogramas,E+S,412.1,401.29104600322756,404.8666666666667
singapore,2016,p75,gbm_histogramas,E+S,406.39166666666665,408.8141581448978,404.8666666666667
singapore,2017,p75,gbm_histogramas,E+S,405.14166666666665,399.9252673092767,404.8666666666667
singapore,2018,p75,gbm_histogramas,E+S,395.6833333333333,415.05995235179927,405.0833333333333
singapore,2019,p75,gbm_histogramas,E+S,405.0833333333333,406.10944403625905,404.8666666666667
singapore,2022,p75,gbm_histogramas,E+S,380.2166666666667,390.8671758843291,405.0833333333333
singapore,2023,p75,gbm_histogramas,E+S,381.3083333333333,399.2078224980391,405.0833333333333
berlin,2005,p90,ridge,E,306.3466666666667,300.49343685029714,306.90250000000003
berlin,2006,p90,ridge,E,312.55,301.07437633890675,306.7316666666667
berlin,2007,p90,ridge,E,300.4083333333333,302.10650414062286,306.90250000000003
berlin,2008,p90,ridge,E,301.46333333333337,302.97225702191326,306.90250000000003
berlin,2009,p90,ridge,E,309.1166666666667,304.0787737766346,306.7316666666667
berlin,2010,p90,ridge,E,298.2583333333333,304.91565392953214,306.90250000000003
berlin,2011,p90,ridge,E,306.71666666666664,305.59751615867594,306.90250000000003
berlin,2012,p90,ridge,E,301.81666666666666,306.13433880679804,306.90250000000003
berlin,2013,p90,ridge,E,299.46666666666664,307.14263912277744,306.90250000000003
berlin,2014,p90,ridge,E,306.74666666666667,307.87464148526493,306.8875
berlin,2015,p90,ridge,E,307.0766666666668,308.6564705339546,306.7316666666667
berlin,2016,p90,ridge,E,316.455,309.3168363315753,306.7316666666667
berlin,2017,p90,ridge,E,314.93333333333334,310.3073913664672,306.7316666666667
berlin,2018,p90,ridge,E,329.15,311.10293779390463,306.7316666666667
berlin,2019,p90,ridge,E,307.05833333333334,311.88298646029216,306.7316666666667
boston,2005,p90,ridge,E,290.3333333333333,287.12600013157964,286.31916666666666
boston,2006,p90,ridge,E,281.1283333333334,288.919205733886,289.1
boston,2007,p90,ridge,E,287.8666666666667,289.07832098786963,287.5525
boston,2008,p90,ridge,E,284.54,290.6044924198795,289.1
boston,2009,p90,ridge,E,280.1066666666667,291.67298438602614,289.1
boston,2010,p90,ridge,E,280.8833333333333,292.4174106812874,289.1
boston,2011,p90,ridge,E,281.26166666666666,293.19420750972074,289.1
boston,2012,p90,ridge,E,326.36333333333334,290.8222672103634,286.31916666666666
boston,2013,p90,ridge,E,284.77166666666665,294.5316876743259,289.1
boston,2014,p90,ridge,E,317.05,293.3019794223918,286.31916666666666
boston,2015,p90,ridge,E,282.1,296.74037187083394,289.1
boston,2016,p90,ridge,E,293.1366666666667,296.58469520909426,286.31916666666666
boston,2017,p90,ridge,E,297.75,297.0087709982276,286.31916666666666
boston,2018,p90,ridge,E,307.67499999999995,297.04801098073864,286.31916666666666
boston,2019,p90,ridge,E,297.4166666666667,298.671708852866,286.31916666666666
chicago,2005,p90,ridge,E,331.8333333333333,346.60571974764093,353.0916666666667
chicago,2006,p90,ridge,E,332.875,346.66428139824944,353.0916666666667
chicago,2007,p90,ridge,E,353.4166666666667,346.569435984625,351.7075
chicago,2008,p90,ridge,E,358.21666666666664,346.95866943652993,351.7075
chicago,2009,p90,ridge,E,339.1666666666667,349.40160101190645,353.0916666666667
chicago,2010,p90,ridge,E,358.8666666666667,348.83028083494094,351.7075
chicago,2011,p90,ridge,E,354.1,349.81231409977096,351.7075
chicago,2012,p90,ridge,E,346.1666666666667,351.876626208083,353.0916666666667
chicago,2013,p90,ridge,E,346.09666666666675,352.4123724254179,353.0916666666667
chicago,2014,p90,ridge,E,350.36,353.2284118381198,353.0916666666667
chicago,2015,p90,ridge,E,350.6483333333333,354.1030799761764,353.0916666666667
chicago,2016,p90,ridge,E,352.76666666666665,354.1342239660501,352.0325
chicago,2017,p90,ridge,E,371.3666666666667,354.46726503395547,351.7075
chicago,2018,p90,ridge,E,354.53333333333336,355.6871766263262,351.7075
chicago,2019,p90,ridge,E,353.89166666666665,356.16873988738337,351.7075
chicago,2022,p90,ridge,E,355.51000000000005,358.9085870157072,351.7075
chicago,2023,p90,ridge,E,346.8,361.3563237670455,353.0916666666667
durban,2022,p90,ridge,E,299.9433333333334,315.56892286005893,309.50166666666667
durban,2024,p90,ridge,E,309.88666666666666,312.73395032908275,304.53000000000003
durban,2025,p90,ridge,E,309.1166666666667,313.8667136591099,304.915
honolulu,2005,p90,ridge,E,468.27333333333337,480.2697554984215,489.41833333333335
honolulu,2006,p90,ridge,E,472.5666666666666,480.83387409522027,489.41833333333335
honolulu,2007,p90,ridge,E,486.6,479.6776591282463,486.72666666666663
honolulu,2008,p90,ridge,E,481.03,482.19387596446717,489.41833333333335
honolulu,2009,p90,ridge,E,474.8333333333333,483.33468186834097,489.41833333333335
honolulu,2010,p90,ridge,E,481.2166666666666,483.9240096531046,489.41833333333335
honolulu,2011,p90,ridge,E,473.62000000000006,485.06378127485647,489.41833333333335
honolulu,2012,p90,ridge,E,457.76666666666665,486.417625487394,489.41833333333335
honolulu,2013,p90,ridge,E,506.36,482.6594432746921,483.9083333333333
honolulu,2014,p90,ridge,E,492.2366666666667,484.0412429089491,483.9083333333333
honolulu,2015,p90,ridge,E,510.0,484.26273678183384,483.9083333333333
honolulu,2016,p90,ridge,E,525.2,484.57684744581144,483.9083333333333
honolulu,2017,p90,ridge,E,510.5083333333333,485.75153028347773,483.9083333333333
honolulu,2018,p90,ridge,E,510.98333333333335,486.47600357129517,483.9083333333333
honolulu,2019,p90,ridge,E,528.2499999999999,486.65461314485015,483.9083333333333
long_beach,2010,p90,ridge,E,371.4916666666667,377.857549975499,381.15
long_beach,2011,p90,ridge,E,389.2266666666666,377.6069327093323,379.8033333333334
long_beach,2012,p90,ridge,E,402.7183333333333,378.28024611536017,379.8033333333334
long_beach,2013,p90,ridge,E,357.7216666666667,380.68282702691397,381.15
long_beach,2014,p90,ridge,E,376.125,381.3011746917075,381.15
long_beach,2015,p90,ridge,E,407.7483333333333,380.5386232564423,379.8033333333334
long_beach,2016,p90,ridge,E,381.15,381.8185393571608,379.8033333333334
long_beach,2017,p90,ridge,E,381.47333333333336,382.7596100031637,379.8033333333334
long_beach,2018,p90,ridge,E,378.7733333333333,384.8714325523838,381.15
long_beach,2019,p90,ridge,E,379.8033333333334,385.34445227568983,381.15
maui,2010,p90,ridge,E,397.995,400.37540340719386,402.3883333333333
maui,2011,p90,ridge,E,395.47,401.35612523431405,402.3883333333333
maui,2012,p90,ridge,E,399.0833333333333,401.6719734121686,401.84416666666664
maui,2013,p90,ridge,E,412.0866666666667,398.8776994608094,398.5391666666667
maui,2014,p90,ridge,E,405.6933333333333,399.93943354560474,398.5391666666667
nyc,2005,p90,ridge,E,351.06666666666666,340.1096897744076,348.45
nyc,2006,p90,ridge,E,332.6666666666667,343.1312441622145,350.2166666666667
nyc,2007,p90,ridge,E,334.6333333333333,343.8823925890351,350.2166666666667
nyc,2008,p90,ridge,E,333.51666666666665,344.7323525430634,350.2166666666667
nyc,2009,p90,ridge,E,332.14500000000004,345.60807619462355,350.2166666666667
nyc,2010,p90,ridge,E,337.1766666666667,346.14034466577823,350.2166666666667
nyc,2011,p90,ridge,E,336.5,346.9776662009132,350.2166666666667
nyc,2013,p90,ridge,E,337.24333333333334,348.65806649030884,350.2166666666667
nyc,2014,p90,ridge,E,347.4,349.38456019766244,350.2166666666667
nyc,2015,p90,ridge,E,350.93333333333334,348.7532446538524,348.45
nyc,2016,p90,ridge,E,349.5,350.008605790165,349.16666666666663
nyc,2017,p90,ridge,E,352.28333333333336,350.2536338811422,348.45
nyc,2018,p90,ridge,E,355.5,351.04562192133284,348.45
nyc,2019,p90,ridge,E,354.5833333333333,351.9006762344401,348.45
nyc,2022,p90,ridge,E,369.965,353.82756176374477,348.45
nyc,2023,p90,ridge,E,361.55,354.90695590668435,348.45
nyc,2024,p90,ridge,E,353.02666666666664,356.09377770822897,348.45
rio,2023,p90,ridge,E,321.08,320.3960333497063,313.64916666666664
rio,2024,p90,ridge,E,316.3983333333333,323.45926458872526,315.99
rio,2025,p90,ridge,E,310.9,327.7084838072587,318.7391666666666
savannah,2011,p90,ridge,E,345.26166666666666,351.78643861928765,355.3283333333333
savannah,2012,p90,ridge,E,348.7,352.5723639190956,355.3283333333333
savannah,2013,p90,ridge,E,351.2233333333335,353.2117701397338,355.3283333333333
savannah,2014,p90,ridge,E,351.26666666666665,354.0309618612293,355.30666666666673
savannah,2015,p90,ridge,E,295.45,355.5836208644508,355.3283333333333
savannah,2016,p90,ridge,E,373.2,351.77232832859033,351.2450000000001
savannah,2017,p90,ridge,E,389.7633333333333,352.40160650617474,351.2450000000001
savannah,2018,p90,ridge,E,360.43,353.6409423498845,351.2450000000001
savannah,2019,p90,ridge,E,359.39,354.49870446910705,351.2450000000001
singapore,2014,p90,ridge,E,445.6666666666667,437.1521855870248,437.84
singapore,2015,p90,ridge,E,452.0266666666667,437.8265282055098,437.84
singapore,2016,p90,ridge,E,444.565,438.85394834025305,437.84
singapore,2017,p90,ridge,E,443.38666666666666,439.70006795631593,437.84
singapore,2018,p90,ridge,E,424.31666666666666,445.6528150242332,443.38666666666666
singapore,2019,p90,ridge,E,437.84,446.00937026757526,443.38666666666666
singapore,2022,p90,ridge,E,420.5,449.2651575378717,443.38666666666666
singapore,2023,p90,ridge,E,418.4266666666666,450.30547094296753,443.38666666666666
berlin,2005,p90,ridge,E+C,306.3466666666667,308.6290721104151,306.90250000000003
berlin,2006,p90,ridge,E+C,312.55,313.19324242730477,306.7316666666667
berlin,2007,p90,ridge,E+C,300.4083333333333,301.43964343565295,306.90250000000003
berlin,2008,p90,ridge,E+C,301.46333333333337,304.4562811556684,306.90250000000003
berlin,2009,p90,ridge,E+C,309.1166666666667,312.5599273942187,306.7316666666667
berlin,2010,p90,ridge,E+C,298.2583333333333,298.37577637298875,306.90250000000003
berlin,2011,p90,ridge,E+C,306.71666666666664,310.6578820685164,306.90250000000003
berlin,2012,p90,ridge,E+C,301.81666666666666,305.4841021866805,306.90250000000003
berlin,2013,p90,ridge,E+C,299.46666666666664,305.25172207734715,306.90250000000003
berlin,2014,p90,ridge,E+C,306.74666666666667,310.5815126186453,306.8875
berlin,2015,p90,ridge,E+C,307.0766666666668,306.71553240467114,306.7316666666667
berlin,2016,p90,ridge,E+C,316.455,313.391166482141,306.7316666666667
berlin,2017,p90,ridge,E+C,314.93333333333334,305.1301752819479,306.7316666666667
berlin,2018,p90,ridge,E+C,329.15,312.15603426077195,306.7316666666667
berlin,2019,p90,ridge,E+C,307.05833333333334,305.3505001893148,306.7316666666667
boston,2005,p90,ridge,E+C,290.3333333333333,290.0946537725184,286.31916666666666
boston,2006,p90,ridge,E+C,281.1283333333334,284.83387664503795,289.1
boston,2007,p90,ridge,E+C,287.8666666666667,280.3809969098571,287.5525
boston,2008,p90,ridge,E+C,284.54,289.36181822021365,289.1
boston,2009,p90,ridge,E+C,280.1066666666667,286.0239663410893,289.1
boston,2010,p90,ridge,E+C,280.8833333333333,288.64415567482683,289.1
boston,2011,p90,ridge,E+C,281.26166666666666,292.0902515586325,289.1
boston,2012,p90,ridge,E+C,326.36333333333334,296.12901871698807,286.31916666666666
boston,2013,p90,ridge,E+C,284.77166666666665,289.07406778820484,289.1
boston,2014,p90,ridge,E+C,317.05,292.70481236555065,286.31916666666666
boston,2015,p90,ridge,E+C,282.1,287.89606610074793,289.1
boston,2016,p90,ridge,E+C,293.1366666666667,293.63607572691507,286.31916666666666
boston,2017,p90,ridge,E+C,297.75,295.6660491599669,286.31916666666666
boston,2018,p90,ridge,E+C,307.67499999999995,282.13622881974504,286.31916666666666
boston,2019,p90,ridge,E+C,297.4166666666667,297.0648725545189,286.31916666666666
chicago,2005,p90,ridge,E+C,331.8333333333333,347.04423103698014,353.0916666666667
chicago,2006,p90,ridge,E+C,332.875,335.3981272426199,353.0916666666667
chicago,2007,p90,ridge,E+C,353.4166666666667,355.8272664202719,351.7075
chicago,2008,p90,ridge,E+C,358.21666666666664,356.2536425230262,351.7075
chicago,2009,p90,ridge,E+C,339.1666666666667,342.90732354409784,353.0916666666667
chicago,2010,p90,ridge,E+C,358.8666666666667,358.87041290846304,351.7075
chicago,2011,p90,ridge,E+C,354.1,357.2349792471548,351.7075
chicago,2012,p90,ridge,E+C,346.1666666666667,345.53042431208866,353.0916666666667
chicago,2013,p90,ridge,E+C,346.09666666666675,352.2783283412976,353.0916666666667
chicago,2014,p90,ridge,E+C,350.36,352.20103240068585,353.0916666666667
chicago,2015,p90,ridge,E+C,350.6483333333333,357.71556927522994,353.0916666666667
chicago,2016,p90,ridge,E+C,352.76666666666665,351.72060645953775,352.0325
chicago,2017,p90,ridge,E+C,371.3666666666667,357.1650322516376,351.7075
chicago,2018,p90,ridge,E+C,354.53333333333336,347.55987670291887,351.7075
chicago,2019,p90,ridge,E+C,353.89166666666665,347.62040228261,351.7075
chicago,2022,p90,ridge,E+C,355.51000000000005,357.8452680436454,351.7075
chicago,2023,p90,ridge,E+C,346.8,353.16179122982413,353.0916666666667
durban,2022,p90,ridge,E+C,299.9433333333334,315.7381079349153,309.50166666666667
durban,2024,p90,ridge,E+C,309.88666666666666,314.4392948055442,304.53000000000003
durban,2025,p90,ridge,E+C,309.1166666666667,313.70450952365326,304.915
honolulu,2005,p90,ridge,E+C,468.27333333333337,487.86330028099735,489.41833333333335
honolulu,2006,p90,ridge,E+C,472.5666666666666,489.2595564277951,489.41833333333335
honolulu,2007,p90,ridge,E+C,486.6,485.87850969560714,486.72666666666663
honolulu,2008,p90,ridge,E+C,481.03,487.38296297933357,489.41833333333335
honolulu,2009,p90,ridge,E+C,474.8333333333333,491.0573507775053,489.41833333333335
honolulu,2010,p90,ridge,E+C,481.2166666666666,487.89288964407893,489.41833333333335
honolulu,2011,p90,ridge,E+C,473.62000000000006,489.03907434266966,489.41833333333335
honolulu,2012,p90,ridge,E+C,457.76666666666665,492.78283073525057,489.41833333333335
honolulu,2013,p90,ridge,E+C,506.36,487.4715110233148,483.9083333333333
honolulu,2014,p90,ridge,E+C,492.2366666666667,485.8592219842325,483.9083333333333
honolulu,2015,p90,ridge,E+C,510.0,487.34457729593476,483.9083333333333
honolulu,2016,p90,ridge,E+C,525.2,485.40175765877115,483.9083333333333
honolulu,2017,p90,ridge,E+C,510.5083333333333,486.90509812067194,483.9083333333333
honolulu,2018,p90,ridge,E+C,510.98333333333335,488.3603211027616,483.9083333333333
honolulu,2019,p90,ridge,E+C,528.2499999999999,487.93067206274446,483.9083333333333
long_beach,2010,p90,ridge,E+C,371.4916666666667,378.21520538358084,381.15
long_beach,2011,p90,ridge,E+C,389.2266666666666,380.6551154033173,379.8033333333334
long_beach,2012,p90,ridge,E+C,402.7183333333333,380.96929739012586,379.8033333333334
long_beach,2013,p90,ridge,E+C,357.7216666666667,380.42933587146234,381.15
long_beach,2014,p90,ridge,E+C,376.125,383.3880993408623,381.15
long_beach,2015,p90,ridge,E+C,407.7483333333333,387.3592073340625,379.8033333333334
long_beach,2016,p90,ridge,E+C,381.15,386.6208158803671,379.8033333333334
long_beach,2017,p90,ridge,E+C,381.47333333333336,383.55392648691344,379.8033333333334
long_beach,2018,p90,ridge,E+C,378.7733333333333,384.91083806309143,381.15
long_beach,2019,p90,ridge,E+C,379.8033333333334,384.2179887005137,381.15
maui,2010,p90,ridge,E+C,397.995,400.49160850225394,402.3883333333333
maui,2011,p90,ridge,E+C,395.47,404.9973670377999,402.3883333333333
maui,2012,p90,ridge,E+C,399.0833333333333,404.7302709057757,401.84416666666664
maui,2013,p90,ridge,E+C,412.0866666666667,401.6185155877741,398.5391666666667
maui,2014,p90,ridge,E+C,405.6933333333333,395.3884191855216,398.5391666666667
nyc,2005,p90,ridge,E+C,351.06666666666666,345.30133377443235,348.45
nyc,2006,p90,ridge,E+C,332.6666666666667,342.8066346295419,350.2166666666667
nyc,2007,p90,ridge,E+C,334.6333333333333,344.4767689093836,350.2166666666667
nyc,2008,p90,ridge,E+C,333.51666666666665,342.53364387829726,350.2166666666667
nyc,2009,p90,ridge,E+C,332.14500000000004,343.7484980453933,350.2166666666667
nyc,2010,p90,ridge,E+C,337.1766666666667,342.7747028415206,350.2166666666667
nyc,2011,p90,ridge,E+C,336.5,345.7245946279164,350.2166666666667
nyc,2013,p90,ridge,E+C,337.24333333333334,343.13196678992153,350.2166666666667
nyc,2014,p90,ridge,E+C,347.4,341.2796134571231,350.2166666666667
nyc,2015,p90,ridge,E+C,350.93333333333334,347.49668039916463,348.45
nyc,2016,p90,ridge,E+C,349.5,346.8081206769646,349.16666666666663
nyc,2017,p90,ridge,E+C,352.28333333333336,345.37948149552994,348.45
nyc,2018,p90,ridge,E+C,355.5,347.6307436460569,348.45
nyc,2019,p90,ridge,E+C,354.5833333333333,346.7957659917451,348.45
nyc,2022,p90,ridge,E+C,369.965,354.0367184525221,348.45
nyc,2023,p90,ridge,E+C,361.55,352.3905075273023,348.45
nyc,2024,p90,ridge,E+C,353.02666666666664,349.9044077074187,348.45
rio,2023,p90,ridge,E+C,321.08,322.3953716837678,313.64916666666664
rio,2024,p90,ridge,E+C,316.3983333333333,323.9009820850134,315.99
rio,2025,p90,ridge,E+C,310.9,327.0866795268261,318.7391666666666
savannah,2011,p90,ridge,E+C,345.26166666666666,349.39311194788917,355.3283333333333
savannah,2012,p90,ridge,E+C,348.7,355.73167880259956,355.3283333333333
savannah,2013,p90,ridge,E+C,351.2233333333335,355.183912360971,355.3283333333333
savannah,2014,p90,ridge,E+C,351.26666666666665,354.51704188117293,355.30666666666673
savannah,2015,p90,ridge,E+C,295.45,361.6976939239666,355.3283333333333
savannah,2016,p90,ridge,E+C,373.2,350.864561218196,351.2450000000001
savannah,2017,p90,ridge,E+C,389.7633333333333,355.68998884408575,351.2450000000001
savannah,2018,p90,ridge,E+C,360.43,351.7564974112417,351.2450000000001
savannah,2019,p90,ridge,E+C,359.39,350.7507155236159,351.2450000000001
singapore,2014,p90,ridge,E+C,445.6666666666667,436.06413960695954,437.84
singapore,2015,p90,ridge,E+C,452.0266666666667,435.9597405740832,437.84
singapore,2016,p90,ridge,E+C,444.565,437.49154927544714,437.84
singapore,2017,p90,ridge,E+C,443.38666666666666,437.44224542533885,437.84
singapore,2018,p90,ridge,E+C,424.31666666666666,441.5848741015447,443.38666666666666
singapore,2019,p90,ridge,E+C,437.84,455.1187869469417,443.38666666666666
singapore,2022,p90,ridge,E+C,420.5,443.99561653694707,443.38666666666666
singapore,2023,p90,ridge,E+C,418.4266666666666,444.7109915904855,443.38666666666666
berlin,2005,p90,ridge,E+S,306.3466666666667,295.63530579503686,306.90250000000003
berlin,2006,p90,ridge,E+S,312.55,296.501381938379,306.7316666666667
berlin,2007,p90,ridge,E+S,300.4083333333333,297.82172734225355,306.90250000000003
berlin,2008,p90,ridge,E+S,301.46333333333337,299.02237959311555,306.90250000000003
berlin,2009,p90,ridge,E+S,309.1166666666667,300.041793662631,306.7316666666667
berlin,2010,p90,ridge,E+S,298.2583333333333,301.53030740603236,306.90250000000003
berlin,2011,p90,ridge,E+S,306.71666666666664,302.32759405355,306.90250000000003
berlin,2012,p90,ridge,E+S,301.81666666666666,303.1439345169552,306.90250000000003
berlin,2013,p90,ridge,E+S,299.46666666666664,304.69236663927785,306.90250000000003
berlin,2014,p90,ridge,E+S,306.74666666666667,305.0823408404011,306.8875
berlin,2015,p90,ridge,E+S,307.0766666666668,306.2902964474395,306.7316666666667
berlin,2016,p90,ridge,E+S,316.455,307.2674436190455,306.7316666666667
berlin,2017,p90,ridge,E+S,314.93333333333334,309.0650396835086,306.7316666666667
berlin,2018,p90,ridge,E+S,329.15,310.3546696142604,306.7316666666667
berlin,2019,p90,ridge,E+S,307.05833333333334,303.4094022798738,306.7316666666667
boston,2005,p90,ridge,E+S,290.3333333333333,285.50638098878835,286.31916666666666
boston,2006,p90,ridge,E+S,281.1283333333334,287.6920618163766,289.1
boston,2007,p90,ridge,E+S,287.8666666666667,288.039283410196,287.5525
boston,2008,p90,ridge,E+S,284.54,290.1550634293569,289.1
boston,2009,p90,ridge,E+S,280.1066666666667,291.29923637764506,289.1
boston,2010,p90,ridge,E+S,280.8833333333333,292.4355021966831,289.1
boston,2011,p90,ridge,E+S,281.26166666666666,293.34504762497903,289.1
boston,2012,p90,ridge,E+S,326.36333333333334,290.86456239234576,286.31916666666666
boston,2013,p90,ridge,E+S,284.77166666666665,294.95291802008785,289.1
boston,2014,p90,ridge,E+S,317.05,294.5043077588162,286.31916666666666
boston,2015,p90,ridge,E+S,282.1,298.09818886634685,289.1
boston,2016,p90,ridge,E+S,293.1366666666667,298.1496546700483,286.31916666666666
boston,2017,p90,ridge,E+S,297.75,298.527542097328,286.31916666666666
boston,2018,p90,ridge,E+S,307.67499999999995,298.56953675918015,286.31916666666666
boston,2019,p90,ridge,E+S,297.4166666666667,300.2653336948812,286.31916666666666
chicago,2005,p90,ridge,E+S,331.8333333333333,347.9896129536476,353.0916666666667
chicago,2006,p90,ridge,E+S,332.875,348.05179244566165,353.0916666666667
chicago,2007,p90,ridge,E+S,353.4166666666667,347.2190681591375,351.7075
chicago,2008,p90,ridge,E+S,358.21666666666664,348.6184190542334,351.7075
chicago,2009,p90,ridge,E+S,339.1666666666667,351.1133518930624,353.0916666666667
chicago,2010,p90,ridge,E+S,358.8666666666667,351.0272084956618,351.7075
chicago,2011,p90,ridge,E+S,354.1,351.7811163675886,351.7075
chicago,2012,p90,ridge,E+S,346.1666666666667,354.20154383181153,353.0916666666667
chicago,2013,p90,ridge,E+S,346.09666666666675,354.75931937854216,353.0916666666667
chicago,2014,p90,ridge,E+S,350.36,355.79606283124804,353.0916666666667
chicago,2015,p90,ridge,E+S,350.6483333333333,356.9395180745426,353.0916666666667
chicago,2016,p90,ridge,E+S,352.76666666666665,357.21726060173006,352.0325
chicago,2017,p90,ridge,E+S,371.3666666666667,358.1309338798621,351.7075
chicago,2018,p90,ridge,E+S,354.53333333333336,359.3197182310204,351.7075
chicago,2019,p90,ridge,E+S,353.89166666666665,359.88662608883055,351.7075
chicago,2022,p90,ridge,E+S,355.51000000000005,362.8123017739555,351.7075
chicago,2023,p90,ridge,E+S,346.8,365.6777903762055,353.0916666666667
durban,2022,p90,ridge,E+S,299.9433333333334,311.56646826994097,309.50166666666667
durban,2024,p90,ridge,E+S,309.88666666666666,308.4139407670025,304.53000000000003
durban,2025,p90,ridge,E+S,309.1166666666667,309.95848209949185,304.915
honolulu,2005,p90,ridge,E+S,468.27333333333337,481.46094527981097,489.41833333333335
honolulu,2006,p90,ridge,E+S,472.5666666666666,482.1550009750497,489.41833333333335
honolulu,2007,p90,ridge,E+S,486.6,481.25177436022085,486.72666666666663
honolulu,2008,p90,ridge,E+S,481.03,483.5394747552733,489.41833333333335
honolulu,2009,p90,ridge,E+S,474.8333333333333,485.101410505898,489.41833333333335
honolulu,2010,p90,ridge,E+S,481.2166666666666,485.5853890930562,489.41833333333335
honolulu,2011,p90,ridge,E+S,473.62000000000006,486.5893318628619,489.41833333333335
honolulu,2012,p90,ridge,E+S,457.76666666666665,488.0551925250843,489.41833333333335
honolulu,2013,p90,ridge,E+S,506.36,484.4649865381643,483.9083333333333
honolulu,2014,p90,ridge,E+S,492.2366666666667,486.05297126775696,483.9083333333333
honolulu,2015,p90,ridge,E+S,510.0,486.31022392758456,483.9083333333333
honolulu,2016,p90,ridge,E+S,525.2,486.4889785981197,483.9083333333333
honolulu,2017,p90,ridge,E+S,510.5083333333333,487.8413770693671,483.9083333333333
honolulu,2018,p90,ridge,E+S,510.98333333333335,488.3273801108216,483.9083333333333
honolulu,2019,p90,ridge,E+S,528.2499999999999,488.41231636656323,483.9083333333333
long_beach,2010,p90,ridge,E+S,371.4916666666667,377.544732704347,381.15
long_beach,2011,p90,ridge,E+S,389.2266666666666,377.2159439925639,379.8033333333334
long_beach,2012,p90,ridge,E+S,402.7183333333333,377.6973273107401,379.8033333333334
long_beach,2013,p90,ridge,E+S,357.7216666666667,380.7851321946664,381.15
long_beach,2014,p90,ridge,E+S,376.125,381.13884083199025,381.15
long_beach,2015,p90,ridge,E+S,407.7483333333333,380.1314679772566,379.8033333333334
long_beach,2016,p90,ridge,E+S,381.15,381.49546643251466,379.8033333333334
long_beach,2017,p90,ridge,E+S,381.47333333333336,382.2243319350248,379.8033333333334
long_beach,2018,p90,ridge,E+S,378.7733333333333,383.6571083630166,381.15
long_beach,2019,p90,ridge,E+S,379.8033333333334,383.96806918985845,381.15
maui,2010,p90,ridge,E+S,397.995,401.2307167899074,402.3883333333333
maui,2011,p90,ridge,E+S,395.47,402.4497208413843,402.3883333333333
maui,2012,p90,ridge,E+S,399.0833333333333,403.4280655263587,401.84416666666664
maui,2013,p90,ridge,E+S,412.0866666666667,398.8263337966238,398.5391666666667
maui,2014,p90,ridge,E+S,405.6933333333333,401.771343413756,398.5391666666667
nyc,2005,p90,ridge,E+S,351.06666666666666,338.44397606751863,348.45
nyc,2006,p90,ridge,E+S,332.6666666666667,341.57551912378716,350.2166666666667
nyc,2007,p90,ridge,E+S,334.6333333333333,342.3785836336753,350.2166666666667
nyc,2008,p90,ridge,E+S,333.51666666666665,343.6732084780601,350.2166666666667
nyc,2009,p90,ridge,E+S,332.14500000000004,344.98337271882554,350.2166666666667
nyc,2010,p90,ridge,E+S,337.1766666666667,345.71729678205537,350.2166666666667
nyc,2011,p90,ridge,E+S,336.5,346.84581990921674,350.2166666666667
nyc,2013,p90,ridge,E+S,337.24333333333334,349.36686909396644,350.2166666666667
nyc,2014,p90,ridge,E+S,347.4,350.47240499134415,350.2166666666667
nyc,2015,p90,ridge,E+S,350.93333333333334,350.4887150867277,348.45
nyc,2016,p90,ridge,E+S,349.5,351.67041074518704,349.16666666666663
nyc,2017,p90,ridge,E+S,352.28333333333336,352.06399742380484,348.45
nyc,2018,p90,ridge,E+S,355.5,353.0446375155853,348.45
nyc,2019,p90,ridge,E+S,354.5833333333333,354.16275074379587,348.45
nyc,2022,p90,ridge,E+S,369.965,356.4917276874157,348.45
nyc,2023,p90,ridge,E+S,361.55,357.9474433503901,348.45
nyc,2024,p90,ridge,E+S,353.02666666666664,359.58007121838097,348.45
rio,2023,p90,ridge,E+S,321.08,317.3218231169075,313.64916666666664
rio,2024,p90,ridge,E+S,316.3983333333333,321.8818433082584,315.99
rio,2025,p90,ridge,E+S,310.9,325.633017729687,318.7391666666666
savannah,2011,p90,ridge,E+S,345.26166666666666,354.11262658373744,355.3283333333333
savannah,2012,p90,ridge,E+S,348.7,354.23885208170674,355.3283333333333
savannah,2013,p90,ridge,E+S,351.2233333333335,355.60660527017404,355.3283333333333
savannah,2014,p90,ridge,E+S,351.26666666666665,356.59537417236265,355.30666666666673
savannah,2015,p90,ridge,E+S,295.45,357.31866422032545,355.3283333333333
savannah,2016,p90,ridge,E+S,373.2,354.20011622151526,351.2450000000001
savannah,2017,p90,ridge,E+S,389.7633333333333,354.5559063593461,351.2450000000001
savannah,2018,p90,ridge,E+S,360.43,356.51321521500415,351.2450000000001
savannah,2019,p90,ridge,E+S,359.39,356.75676584985274,351.2450000000001
singapore,2014,p90,ridge,E+S,445.6666666666667,431.4173981793585,437.84
singapore,2015,p90,ridge,E+S,452.0266666666667,431.88014106992404,437.84
singapore,2016,p90,ridge,E+S,444.565,433.7836242652596,437.84
singapore,2017,p90,ridge,E+S,443.38666666666666,435.21150791811573,437.84
singapore,2018,p90,ridge,E+S,424.31666666666666,440.5344967865965,443.38666666666666
singapore,2019,p90,ridge,E+S,437.84,441.2240177376125,443.38666666666666
singapore,2022,p90,ridge,E+S,420.5,443.86074620829714,443.38666666666666
singapore,2023,p90,ridge,E+S,418.4266666666666,445.37930549275507,443.38666666666666
berlin,2005,p90,gbm_histogramas,E,306.3466666666667,298.98713907311054,306.90250000000003
berlin,2006,p90,gbm_histogramas,E,312.55,298.7289820493184,306.7316666666667
berlin,2007,p90,gbm_histogramas,E,300.4083333333333,301.09377678820357,306.90250000000003
berlin,2008,p90,gbm_histogramas,E,301.46333333333337,301.69913613880146,306.90250000000003
berlin,2009,p90,gbm_histogramas,E,309.1166666666667,301.97143202000785,306.7316666666667
berlin,2010,p90,gbm_histogramas,E,298.2583333333333,311.3067141051824,306.90250000000003
berlin,2011,p90,gbm_histogramas,E,306.71666666666664,309.51249262727254,306.90250000000003
berlin,2012,p90,gbm_histogramas,E,301.81666666666666,304.7540476989307,306.90250000000003
berlin,2013,p90,gbm_histogramas,E,299.46666666666664,305.35874172408563,306.90250000000003
berlin,2014,p90,gbm_histogramas,E,306.74666666666667,304.65998847300295,306.8875
berlin,2015,p90,gbm_histogramas,E,307.0766666666668,308.2066918713885,306.7316666666667
berlin,2016,p90,gbm_histogramas,E,316.455,310.7846486512668,306.7316666666667
berlin,2017,p90,gbm_histogramas,E,314.93333333333334,320.84373667018946,306.7316666666667
berlin,2018,p90,gbm_histogramas,E,329.15,312.71454430227226,306.7316666666667
berlin,2019,p90,gbm_histogramas,E,307.05833333333334,309.6882251026707,306.7316666666667
boston,2005,p90,gbm_histogramas,E,290.3333333333333,270.4271184682434,286.31916666666666
boston,2006,p90,gbm_histogramas,E,281.1283333333334,296.7938820875638,289.1
boston,2007,p90,gbm_histogramas,E,287.8666666666667,288.83500294335965,287.5525
boston,2008,p90,gbm_histogramas,E,284.54,290.7096868107512,289.1
boston,2009,p90,gbm_histogramas,E,280.1066666666667,281.8426825033416,289.1
boston,2010,p90,gbm_histogramas,E,280.8833333333333,285.34668703020947,289.1
boston,2011,p90,gbm_histogramas,E,281.26166666666666,307.5268135239273,289.1
boston,2012,p90,gbm_histogramas,E,326.36333333333334,285.7478981532555,286.31916666666666
boston,2013,p90,gbm_histogramas,E,284.77166666666665,301.6076766312114,289.1
boston,2014,p90,gbm_histogramas,E,317.05,284.9061764424985,286.31916666666666
boston,2015,p90,gbm_histogramas,E,282.1,301.42769288333653,289.1
boston,2016,p90,gbm_histogramas,E,293.1366666666667,293.89046884791435,286.31916666666666
boston,2017,p90,gbm_histogramas,E,297.75,311.831157870397,286.31916666666666
boston,2018,p90,gbm_histogramas,E,307.67499999999995,299.7984146711494,286.31916666666666
boston,2019,p90,gbm_histogramas,E,297.4166666666667,291.73685091124923,286.31916666666666
chicago,2005,p90,gbm_histogramas,E,331.8333333333333,358.1037625434964,353.0916666666667
chicago,2006,p90,gbm_histogramas,E,332.875,337.6102480544987,353.0916666666667
chicago,2007,p90,gbm_histogramas,E,353.4166666666667,349.92810186666685,351.7075
chicago,2008,p90,gbm_histogramas,E,358.21666666666664,333.50009097530176,351.7075
chicago,2009,p90,gbm_histogramas,E,339.1666666666667,350.6660341320838,353.0916666666667
chicago,2010,p90,gbm_histogramas,E,358.8666666666667,343.3286433591399,351.7075
chicago,2011,p90,gbm_histogramas,E,354.1,354.3390649083413,351.7075
chicago,2012,p90,gbm_histogramas,E,346.1666666666667,368.1547734254644,353.0916666666667
chicago,2013,p90,gbm_histogramas,E,346.09666666666675,339.3748492475924,353.0916666666667
chicago,2014,p90,gbm_histogramas,E,350.36,350.262263241382,353.0916666666667
chicago,2015,p90,gbm_histogramas,E,350.6483333333333,368.55735027413624,353.0916666666667
chicago,2016,p90,gbm_histogramas,E,352.76666666666665,359.9102797381663,352.0325
chicago,2017,p90,gbm_histogramas,E,371.3666666666667,355.3637271112737,351.7075
chicago,2018,p90,gbm_histogramas,E,354.53333333333336,349.89863878633435,351.7075
chicago,2019,p90,gbm_histogramas,E,353.89166666666665,352.6758931359389,351.7075
chicago,2022,p90,gbm_histogramas,E,355.51000000000005,349.87895491152176,351.7075
chicago,2023,p90,gbm_histogramas,E,346.8,353.62824378508327,353.0916666666667
durban,2022,p90,gbm_histogramas,E,299.9433333333334,287.9676202713662,309.50166666666667
durban,2024,p90,gbm_histogramas,E,309.88666666666666,306.9893291008843,304.53000000000003
durban,2025,p90,gbm_histogramas,E,309.1166666666667,306.35906113767186,304.915
honolulu,2005,p90,gbm_histogramas,E,468.27333333333337,477.04534958140346,489.41833333333335
honolulu,2006,p90,gbm_histogramas,E,472.5666666666666,467.55925879283353,489.41833333333335
honolulu,2007,p90,gbm_histogramas,E,486.6,479.2349343473674,486.72666666666663
honolulu,2008,p90,gbm_histogramas,E,481.03,471.9487059874075,489.41833333333335
honolulu,2009,p90,gbm_histogramas,E,474.8333333333333,477.56914574369836,489.41833333333335
honolulu,2010,p90,gbm_histogramas,E,481.2166666666666,477.9891749746813,489.41833333333335
honolulu,2011,p90,gbm_histogramas,E,473.62000000000006,465.5123934639514,489.41833333333335
honolulu,2012,p90,gbm_histogramas,E,457.76666666666665,503.1558362089655,489.41833333333335
honolulu,2013,p90,gbm_histogramas,E,506.36,478.0659227154039,483.9083333333333
honolulu,2014,p90,gbm_histogramas,E,492.2366666666667,508.83324659587936,483.9083333333333
honolulu,2015,p90,gbm_histogramas,E,510.0,492.4698467391412,483.9083333333333
honolulu,2016,p90,gbm_histogramas,E,525.2,514.6114222799292,483.9083333333333
honolulu,2017,p90,gbm_histogramas,E,510.5083333333333,501.7069250139705,483.9083333333333
honolulu,2018,p90,gbm_histogramas,E,510.98333333333335,489.010890658395,483.9083333333333
honolulu,2019,p90,gbm_histogramas,E,528.2499999999999,473.4457768349857,483.9083333333333
long_beach,2010,p90,gbm_histogramas,E,371.4916666666667,373.4057557099989,381.15
long_beach,2011,p90,gbm_histogramas,E,389.2266666666666,377.9171425471729,379.8033333333334
long_beach,2012,p90,gbm_histogramas,E,402.7183333333333,376.6480627783125,379.8033333333334
long_beach,2013,p90,gbm_histogramas,E,357.7216666666667,379.639559255617,381.15
long_beach,2014,p90,gbm_histogramas,E,376.125,381.18281009210045,381.15
long_beach,2015,p90,gbm_histogramas,E,407.7483333333333,374.60339617531974,379.8033333333334
long_beach,2016,p90,gbm_histogramas,E,381.15,387.43653799065834,379.8033333333334
long_beach,2017,p90,gbm_histogramas,E,381.47333333333336,391.2525166117144,379.8033333333334
long_beach,2018,p90,gbm_histogramas,E,378.7733333333333,381.43379470448616,381.15
long_beach,2019,p90,gbm_histogramas,E,379.8033333333334,382.5243682107349,381.15
maui,2010,p90,gbm_histogramas,E,397.995,399.0376348311586,402.3883333333333
maui,2011,p90,gbm_histogramas,E,395.47,396.8823539386335,402.3883333333333
maui,2012,p90,gbm_histogramas,E,399.0833333333333,410.15238462882354,401.84416666666664
maui,2013,p90,gbm_histogramas,E,412.0866666666667,405.2101327730851,398.5391666666667
maui,2014,p90,gbm_histogramas,E,405.6933333333333,412.00410099830754,398.5391666666667
nyc,2005,p90,gbm_histogramas,E,351.06666666666666,328.4650493374249,348.45
nyc,2006,p90,gbm_histogramas,E,332.6666666666667,343.26522660903424,350.2166666666667
nyc,2007,p90,gbm_histogramas,E,334.6333333333333,343.722515848198,350.2166666666667
nyc,2008,p90,gbm_histogramas,E,333.51666666666665,343.05787156059364,350.2166666666667
nyc,2009,p90,gbm_histogramas,E,332.14500000000004,339.39967804841905,350.2166666666667
nyc,2010,p90,gbm_histogramas,E,337.1766666666667,328.5374398147299,350.2166666666667
nyc,2011,p90,gbm_histogramas,E,336.5,355.11276817702685,350.2166666666667
nyc,2013,p90,gbm_histogramas,E,337.24333333333334,344.1587541564792,350.2166666666667
nyc,2014,p90,gbm_histogramas,E,347.4,344.43447784520635,350.2166666666667
nyc,2015,p90,gbm_histogramas,E,350.93333333333334,340.65222716740647,348.45
nyc,2016,p90,gbm_histogramas,E,349.5,330.7627322272907,349.16666666666663
nyc,2017,p90,gbm_histogramas,E,352.28333333333336,373.86510307154225,348.45
nyc,2018,p90,gbm_histogramas,E,355.5,365.0705235824399,348.45
nyc,2019,p90,gbm_histogramas,E,354.5833333333333,362.5460075393183,348.45
nyc,2022,p90,gbm_histogramas,E,369.965,355.0911144136927,348.45
nyc,2023,p90,gbm_histogramas,E,361.55,352.02280168349307,348.45
nyc,2024,p90,gbm_histogramas,E,353.02666666666664,363.00744952369723,348.45
rio,2023,p90,gbm_histogramas,E,321.08,322.0226472741548,313.64916666666664
rio,2024,p90,gbm_histogramas,E,316.3983333333333,295.7382687826404,315.99
rio,2025,p90,gbm_histogramas,E,310.9,334.44749334212923,318.7391666666666
savannah,2011,p90,gbm_histogramas,E,345.26166666666666,341.04262905437577,355.3283333333333
savannah,2012,p90,gbm_histogramas,E,348.7,346.4271437900442,355.3283333333333
savannah,2013,p90,gbm_histogramas,E,351.2233333333335,350.4157955166982,355.3283333333333
savannah,2014,p90,gbm_histogramas,E,351.26666666666665,323.1577071157369,355.30666666666673
savannah,2015,p90,gbm_histogramas,E,295.45,356.03904370574907,355.3283333333333
savannah,2016,p90,gbm_histogramas,E,373.2,368.6382045340585,351.2450000000001
savannah,2017,p90,gbm_histogramas,E,389.7633333333333,358.5256177919304,351.2450000000001
savannah,2018,p90,gbm_histogramas,E,360.43,351.6191935947924,351.2450000000001
savannah,2019,p90,gbm_histogramas,E,359.39,360.0762817825043,351.2450000000001
singapore,2014,p90,gbm_histogramas,E,445.6666666666667,459.4427670255457,437.84
singapore,2015,p90,gbm_histogramas,E,452.0266666666667,438.74333918682066,437.84
singapore,2016,p90,gbm_histogramas,E,444.565,460.6273463945603,437.84
singapore,2017,p90,gbm_histogramas,E,443.38666666666666,433.83777393432587,437.84
singapore,2018,p90,gbm_histogramas,E,424.31666666666666,480.52242598497725,443.38666666666666
singapore,2019,p90,gbm_histogramas,E,437.84,442.8824590685449,443.38666666666666
singapore,2022,p90,gbm_histogramas,E,420.5,453.6829117244975,443.38666666666666
singapore,2023,p90,gbm_histogramas,E,418.4266666666666,435.194772801396,443.38666666666666
berlin,2005,p90,gbm_histogramas,E+C,306.3466666666667,309.48045061854464,306.90250000000003
berlin,2006,p90,gbm_histogramas,E+C,312.55,315.04923028758867,306.7316666666667
berlin,2007,p90,gbm_histogramas,E+C,300.4083333333333,297.1424505185744,306.90250000000003
berlin,2008,p90,gbm_histogramas,E+C,301.46333333333337,303.5503341773643,306.90250000000003
berlin,2009,p90,gbm_histogramas,E+C,309.1166666666667,300.21830846874656,306.7316666666667
berlin,2010,p90,gbm_histogramas,E+C,298.2583333333333,295.3139957308836,306.90250000000003
berlin,2011,p90,gbm_histogramas,E+C,306.71666666666664,305.74113261863914,306.90250000000003
berlin,2012,p90,gbm_histogramas,E+C,301.81666666666666,302.53651179684306,306.90250000000003
berlin,2013,p90,gbm_histogramas,E+C,299.46666666666664,299.95696967724473,306.90250000000003
berlin,2014,p90,gbm_histogramas,E+C,306.74666666666667,307.4862337002596,306.8875
berlin,2015,p90,gbm_histogramas,E+C,307.0766666666668,312.4487993132695,306.7316666666667
berlin,2016,p90,gbm_histogramas,E+C,316.455,317.5858519336784,306.7316666666667
berlin,2017,p90,gbm_histogramas,E+C,314.93333333333334,306.67463398991003,306.7316666666667
berlin,2018,p90,gbm_histogramas,E+C,329.15,314.61856325001366,306.7316666666667
berlin,2019,p90,gbm_histogramas,E+C,307.05833333333334,310.7674114055184,306.7316666666667
boston,2005,p90,gbm_histogramas,E+C,290.3333333333333,286.13505988429887,286.31916666666666
boston,2006,p90,gbm_histogramas,E+C,281.1283333333334,282.7914845707061,289.1
boston,2007,p90,gbm_histogramas,E+C,287.8666666666667,276.8796909886205,287.5525
boston,2008,p90,gbm_histogramas,E+C,284.54,287.60831012598265,289.1
boston,2009,p90,gbm_histogramas,E+C,280.1066666666667,281.98660706192203,289.1
boston,2010,p90,gbm_histogramas,E+C,280.8833333333333,282.3264603427775,289.1
boston,2011,p90,gbm_histogramas,E+C,281.26166666666666,295.53397907017285,289.1
boston,2012,p90,gbm_histogramas,E+C,326.36333333333334,301.1055917436471,286.31916666666666
boston,2013,p90,gbm_histogramas,E+C,284.77166666666665,286.6828008216299,289.1
boston,2014,p90,gbm_histogramas,E+C,317.05,291.1763865927749,286.31916666666666
boston,2015,p90,gbm_histogramas,E+C,282.1,295.1594490950859,289.1
boston,2016,p90,gbm_histogramas,E+C,293.1366666666667,295.94979668189995,286.31916666666666
boston,2017,p90,gbm_histogramas,E+C,297.75,290.17930172398775,286.31916666666666
boston,2018,p90,gbm_histogramas,E+C,307.67499999999995,286.2247807826722,286.31916666666666
boston,2019,p90,gbm_histogramas,E+C,297.4166666666667,298.3147597083953,286.31916666666666
chicago,2005,p90,gbm_histogramas,E+C,331.8333333333333,341.85718039857085,353.0916666666667
chicago,2006,p90,gbm_histogramas,E+C,332.875,343.2023041256434,353.0916666666667
chicago,2007,p90,gbm_histogramas,E+C,353.4166666666667,374.072294783666,351.7075
chicago,2008,p90,gbm_histogramas,E+C,358.21666666666664,349.00096314669605,351.7075
chicago,2009,p90,gbm_histogramas,E+C,339.1666666666667,337.9169168881195,353.0916666666667
chicago,2010,p90,gbm_histogramas,E+C,358.8666666666667,354.2906086883566,351.7075
chicago,2011,p90,gbm_histogramas,E+C,354.1,353.4419225909939,351.7075
chicago,2012,p90,gbm_histogramas,E+C,346.1666666666667,343.7236411993981,353.0916666666667
chicago,2013,p90,gbm_histogramas,E+C,346.09666666666675,348.08277754166005,353.0916666666667
chicago,2014,p90,gbm_histogramas,E+C,350.36,354.78173427134186,353.0916666666667
chicago,2015,p90,gbm_histogramas,E+C,350.6483333333333,359.15474215838077,353.0916666666667
chicago,2016,p90,gbm_histogramas,E+C,352.76666666666665,364.09133433528797,352.0325
chicago,2017,p90,gbm_histogramas,E+C,371.3666666666667,356.0349279206387,351.7075
chicago,2018,p90,gbm_histogramas,E+C,354.53333333333336,353.2113461506928,351.7075
chicago,2019,p90,gbm_histogramas,E+C,353.89166666666665,354.49064285441057,351.7075
chicago,2022,p90,gbm_histogramas,E+C,355.51000000000005,360.632769764348,351.7075
chicago,2023,p90,gbm_histogramas,E+C,346.8,356.2367547127395,353.0916666666667
durban,2022,p90,gbm_histogramas,E+C,299.9433333333334,317.1985548144232,309.50166666666667
durban,2024,p90,gbm_histogramas,E+C,309.88666666666666,319.4143253794267,304.53000000000003
durban,2025,p90,gbm_histogramas,E+C,309.1166666666667,313.2781048957397,304.915
honolulu,2005,p90,gbm_histogramas,E+C,468.27333333333337,472.4233739043446,489.41833333333335
honolulu,2006,p90,gbm_histogramas,E+C,472.5666666666666,477.6765085469683,489.41833333333335
honolulu,2007,p90,gbm_histogramas,E+C,486.6,479.6416017030601,486.72666666666663
honolulu,2008,p90,gbm_histogramas,E+C,481.03,482.8917170786782,489.41833333333335
honolulu,2009,p90,gbm_histogramas,E+C,474.8333333333333,488.76452645939634,489.41833333333335
honolulu,2010,p90,gbm_histogramas,E+C,481.2166666666666,478.1801926677369,489.41833333333335
honolulu,2011,p90,gbm_histogramas,E+C,473.62000000000006,479.7089351306461,489.41833333333335
honolulu,2012,p90,gbm_histogramas,E+C,457.76666666666665,491.0732216228387,489.41833333333335
honolulu,2013,p90,gbm_histogramas,E+C,506.36,491.69887544257966,483.9083333333333
honolulu,2014,p90,gbm_histogramas,E+C,492.2366666666667,482.2722816125307,483.9083333333333
honolulu,2015,p90,gbm_histogramas,E+C,510.0,479.9910854547136,483.9083333333333
honolulu,2016,p90,gbm_histogramas,E+C,525.2,480.9954605082624,483.9083333333333
honolulu,2017,p90,gbm_histogramas,E+C,510.5083333333333,492.51595638053425,483.9083333333333
honolulu,2018,p90,gbm_histogramas,E+C,510.98333333333335,496.85942200911273,483.9083333333333
honolulu,2019,p90,gbm_histogramas,E+C,528.2499999999999,488.47283306890563,483.9083333333333
long_beach,2010,p90,gbm_histogramas,E+C,371.4916666666667,364.54445164387425,381.15
long_beach,2011,p90,gbm_histogramas,E+C,389.2266666666666,384.68183490927265,379.8033333333334
long_beach,2012,p90,gbm_histogramas,E+C,402.7183333333333,375.3622376720739,379.8033333333334
long_beach,2013,p90,gbm_histogramas,E+C,357.7216666666667,378.9820188792933,381.15
long_beach,2014,p90,gbm_histogramas,E+C,376.125,392.1883700670918,381.15
long_beach,2015,p90,gbm_histogramas,E+C,407.7483333333333,395.8804112688053,379.8033333333334
long_beach,2016,p90,gbm_histogramas,E+C,381.15,390.45717462635986,379.8033333333334
long_beach,2017,p90,gbm_histogramas,E+C,381.47333333333336,393.45059170689495,379.8033333333334
long_beach,2018,p90,gbm_histogramas,E+C,378.7733333333333,383.98645982278424,381.15
long_beach,2019,p90,gbm_histogramas,E+C,379.8033333333334,386.00312269746047,381.15
maui,2010,p90,gbm_histogramas,E+C,397.995,390.78884841448814,402.3883333333333
maui,2011,p90,gbm_histogramas,E+C,395.47,393.6349220751029,402.3883333333333
maui,2012,p90,gbm_histogramas,E+C,399.0833333333333,407.2095681498606,401.84416666666664
maui,2013,p90,gbm_histogramas,E+C,412.0866666666667,405.0776273098655,398.5391666666667
maui,2014,p90,gbm_histogramas,E+C,405.6933333333333,402.17670818181716,398.5391666666667
nyc,2005,p90,gbm_histogramas,E+C,351.06666666666666,341.27985908148037,348.45
nyc,2006,p90,gbm_histogramas,E+C,332.6666666666667,337.2700438179206,350.2166666666667
nyc,2007,p90,gbm_histogramas,E+C,334.6333333333333,333.8717521242554,350.2166666666667
nyc,2008,p90,gbm_histogramas,E+C,333.51666666666665,337.25392667981225,350.2166666666667
nyc,2009,p90,gbm_histogramas,E+C,332.14500000000004,338.87635524319796,350.2166666666667
nyc,2010,p90,gbm_histogramas,E+C,337.1766666666667,337.9563398988994,350.2166666666667
nyc,2011,p90,gbm_histogramas,E+C,336.5,341.3368357193685,350.2166666666667
nyc,2013,p90,gbm_histogramas,E+C,337.24333333333334,343.56174994278103,350.2166666666667
nyc,2014,p90,gbm_histogramas,E+C,347.4,344.90567170508007,350.2166666666667
nyc,2015,p90,gbm_histogramas,E+C,350.93333333333334,346.5779409957003,348.45
nyc,2016,p90,gbm_histogramas,E+C,349.5,350.83387725889247,349.16666666666663
nyc,2017,p90,gbm_histogramas,E+C,352.28333333333336,356.5551696114761,348.45
nyc,2018,p90,gbm_histogramas,E+C,355.5,356.7800520700116,348.45
nyc,2019,p90,gbm_histogramas,E+C,354.5833333333333,350.110021805578,348.45
nyc,2022,p90,gbm_histogramas,E+C,369.965,348.13002645093576,348.45
nyc,2023,p90,gbm_histogramas,E+C,361.55,353.8942807723111,348.45
nyc,2024,p90,gbm_histogramas,E+C,353.02666666666664,350.3810019684445,348.45
rio,2023,p90,gbm_histogramas,E+C,321.08,333.6397132203358,313.64916666666664
rio,2024,p90,gbm_histogramas,E+C,316.3983333333333,313.3071620906948,315.99
rio,2025,p90,gbm_histogramas,E+C,310.9,340.3693256744535,318.7391666666666
savannah,2011,p90,gbm_histogramas,E+C,345.26166666666666,345.1844022620091,355.3283333333333
savannah,2012,p90,gbm_histogramas,E+C,348.7,354.7337201905705,355.3283333333333
savannah,2013,p90,gbm_histogramas,E+C,351.2233333333335,347.80990210372903,355.3283333333333
savannah,2014,p90,gbm_histogramas,E+C,351.26666666666665,355.5165029039595,355.30666666666673
savannah,2015,p90,gbm_histogramas,E+C,295.45,382.6817853493977,355.3283333333333
savannah,2016,p90,gbm_histogramas,E+C,373.2,356.13004355732255,351.2450000000001
savannah,2017,p90,gbm_histogramas,E+C,389.7633333333333,353.4402068977097,351.2450000000001
savannah,2018,p90,gbm_histogramas,E+C,360.43,357.14353839267085,351.2450000000001
savannah,2019,p90,gbm_histogramas,E+C,359.39,355.47305752312695,351.2450000000001
singapore,2014,p90,gbm_histogramas,E+C,445.6666666666667,443.9121808255249,437.84
singapore,2015,p90,gbm_histogramas,E+C,452.0266666666667,435.51439903112345,437.84
singapore,2016,p90,gbm_histogramas,E+C,444.565,437.2927988926543,437.84
singapore,2017,p90,gbm_histogramas,E+C,443.38666666666666,442.93973848954874,437.84
singapore,2018,p90,gbm_histogramas,E+C,424.31666666666666,439.98176828114623,443.38666666666666
singapore,2019,p90,gbm_histogramas,E+C,437.84,448.04666487499725,443.38666666666666
singapore,2022,p90,gbm_histogramas,E+C,420.5,422.9544322003848,443.38666666666666
singapore,2023,p90,gbm_histogramas,E+C,418.4266666666666,447.77753549960494,443.38666666666666
berlin,2005,p90,gbm_histogramas,E+S,306.3466666666667,309.1852795613473,306.90250000000003
berlin,2006,p90,gbm_histogramas,E+S,312.55,305.03156681277073,306.7316666666667
berlin,2007,p90,gbm_histogramas,E+S,300.4083333333333,297.5199794823244,306.90250000000003
berlin,2008,p90,gbm_histogramas,E+S,301.46333333333337,303.4381904537259,306.90250000000003
berlin,2009,p90,gbm_histogramas,E+S,309.1166666666667,305.9618204819996,306.7316666666667
berlin,2010,p90,gbm_histogramas,E+S,298.2583333333333,305.2450471292823,306.90250000000003
berlin,2011,p90,gbm_histogramas,E+S,306.71666666666664,298.46703957026807,306.90250000000003
berlin,2012,p90,gbm_histogramas,E+S,301.81666666666666,301.2966102270753,306.90250000000003
berlin,2013,p90,gbm_histogramas,E+S,299.46666666666664,304.00986073404766,306.90250000000003
berlin,2014,p90,gbm_histogramas,E+S,306.74666666666667,309.3811562658844,306.8875
berlin,2015,p90,gbm_histogramas,E+S,307.0766666666668,310.79949635731384,306.7316666666667
berlin,2016,p90,gbm_histogramas,E+S,316.455,311.16513842309513,306.7316666666667
berlin,2017,p90,gbm_histogramas,E+S,314.93333333333334,322.5697657753739,306.7316666666667
berlin,2018,p90,gbm_histogramas,E+S,329.15,313.62306056585413,306.7316666666667
berlin,2019,p90,gbm_histogramas,E+S,307.05833333333334,312.2861630318987,306.7316666666667
boston,2005,p90,gbm_histogramas,E+S,290.3333333333333,280.04364619709474,286.31916666666666
boston,2006,p90,gbm_histogramas,E+S,281.1283333333334,292.10067115921436,289.1
boston,2007,p90,gbm_histogramas,E+S,287.8666666666667,286.66226006584895,287.5525
boston,2008,p90,gbm_histogramas,E+S,284.54,293.3801882570661,289.1
boston,2009,p90,gbm_histogramas,E+S,280.1066666666667,281.3277775440126,289.1
boston,2010,p90,gbm_histogramas,E+S,280.8833333333333,282.17005249957833,289.1
boston,2011,p90,gbm_histogramas,E+S,281.26166666666666,294.34657403178056,289.1
boston,2012,p90,gbm_histogramas,E+S,326.36333333333334,284.3227331047068,286.31916666666666
boston,2013,p90,gbm_histogramas,E+S,284.77166666666665,292.07915473624115,289.1
boston,2014,p90,gbm_histogramas,E+S,317.05,286.85334594364144,286.31916666666666
boston,2015,p90,gbm_histogramas,E+S,282.1,304.68293691208976,289.1
boston,2016,p90,gbm_histogramas,E+S,293.1366666666667,296.29499579512753,286.31916666666666
boston,2017,p90,gbm_histogramas,E+S,297.75,302.5191856093418,286.31916666666666
boston,2018,p90,gbm_histogramas,E+S,307.67499999999995,293.5870526779963,286.31916666666666
boston,2019,p90,gbm_histogramas,E+S,297.4166666666667,302.7072675272737,286.31916666666666
chicago,2005,p90,gbm_histogramas,E+S,331.8333333333333,353.1316710235713,353.0916666666667
chicago,2006,p90,gbm_histogramas,E+S,332.875,341.6133790989317,353.0916666666667
chicago,2007,p90,gbm_histogramas,E+S,353.4166666666667,348.141810212773,351.7075
chicago,2008,p90,gbm_histogramas,E+S,358.21666666666664,331.31182493093866,351.7075
chicago,2009,p90,gbm_histogramas,E+S,339.1666666666667,345.4526381472214,353.0916666666667
chicago,2010,p90,gbm_histogramas,E+S,358.8666666666667,347.5351915635903,351.7075
chicago,2011,p90,gbm_histogramas,E+S,354.1,342.52142178800193,351.7075
chicago,2012,p90,gbm_histogramas,E+S,346.1666666666667,352.28522300038657,353.0916666666667
chicago,2013,p90,gbm_histogramas,E+S,346.09666666666675,350.4535994113381,353.0916666666667
chicago,2014,p90,gbm_histogramas,E+S,350.36,352.3505328135698,353.0916666666667
chicago,2015,p90,gbm_histogramas,E+S,350.6483333333333,352.29030210444586,353.0916666666667
chicago,2016,p90,gbm_histogramas,E+S,352.76666666666665,355.1850078694663,352.0325
chicago,2017,p90,gbm_histogramas,E+S,371.3666666666667,353.326835423023,351.7075
chicago,2018,p90,gbm_histogramas,E+S,354.53333333333336,356.5702571815696,351.7075
chicago,2019,p90,gbm_histogramas,E+S,353.89166666666665,354.7670383688288,351.7075
chicago,2022,p90,gbm_histogramas,E+S,355.51000000000005,356.4824031888855,351.7075
chicago,2023,p90,gbm_histogramas,E+S,346.8,359.30619624227484,353.0916666666667
durban,2022,p90,gbm_histogramas,E+S,299.9433333333334,276.0458521469146,309.50166666666667
durban,2024,p90,gbm_histogramas,E+S,309.88666666666666,301.34807308284053,304.53000000000003
durban,2025,p90,gbm_histogramas,E+S,309.1166666666667,302.8726979369515,304.915
honolulu,2005,p90,gbm_histogramas,E+S,468.27333333333337,471.0244716886702,489.41833333333335
honolulu,2006,p90,gbm_histogramas,E+S,472.5666666666666,468.7624235437193,489.41833333333335
honolulu,2007,p90,gbm_histogramas,E+S,486.6,483.33087860306335,486.72666666666663
honolulu,2008,p90,gbm_histogramas,E+S,481.03,474.2107727905144,489.41833333333335
honolulu,2009,p90,gbm_histogramas,E+S,474.8333333333333,482.14823939680457,489.41833333333335
honolulu,2010,p90,gbm_histogramas,E+S,481.2166666666666,482.06862374905444,489.41833333333335
honolulu,2011,p90,gbm_histogramas,E+S,473.62000000000006,484.2981934786047,489.41833333333335
honolulu,2012,p90,gbm_histogramas,E+S,457.76666666666665,497.2518030622644,489.41833333333335
honolulu,2013,p90,gbm_histogramas,E+S,506.36,464.79174871495707,483.9083333333333
honolulu,2014,p90,gbm_histogramas,E+S,492.2366666666667,508.01519421404737,483.9083333333333
honolulu,2015,p90,gbm_histogramas,E+S,510.0,496.75675931833786,483.9083333333333
honolulu,2016,p90,gbm_histogramas,E+S,525.2,507.6986447203026,483.9083333333333
honolulu,2017,p90,gbm_histogramas,E+S,510.5083333333333,513.190551733752,483.9083333333333
honolulu,2018,p90,gbm_histogramas,E+S,510.98333333333335,514.1560021577873,483.9083333333333
honolulu,2019,p90,gbm_histogramas,E+S,528.2499999999999,498.41828344685354,483.9083333333333
long_beach,2010,p90,gbm_histogramas,E+S,371.4916666666667,370.35402470285834,381.15
long_beach,2011,p90,gbm_histogramas,E+S,389.2266666666666,380.64930435096704,379.8033333333334
long_beach,2012,p90,gbm_histogramas,E+S,402.7183333333333,393.22584539445575,379.8033333333334
long_beach,2013,p90,gbm_histogramas,E+S,357.7216666666667,389.1054885761229,381.15
long_beach,2014,p90,gbm_histogramas,E+S,376.125,385.2783705422096,381.15
long_beach,2015,p90,gbm_histogramas,E+S,407.7483333333333,375.0757633735286,379.8033333333334
long_beach,2016,p90,gbm_histogramas,E+S,381.15,394.01201321361054,379.8033333333334
long_beach,2017,p90,gbm_histogramas,E+S,381.47333333333336,380.30853808061806,379.8033333333334
long_beach,2018,p90,gbm_histogramas,E+S,378.7733333333333,381.39264669419083,381.15
long_beach,2019,p90,gbm_histogramas,E+S,379.8033333333334,385.06829626528133,381.15
maui,2010,p90,gbm_histogramas,E+S,397.995,393.49625527533846,402.3883333333333
maui,2011,p90,gbm_histogramas,E+S,395.47,400.72830293119165,402.3883333333333
maui,2012,p90,gbm_histogramas,E+S,399.0833333333333,409.0889178194996,401.84416666666664
maui,2013,p90,gbm_histogramas,E+S,412.0866666666667,402.798839652688,398.5391666666667
maui,2014,p90,gbm_histogramas,E+S,405.6933333333333,403.5128815408057,398.5391666666667
nyc,2005,p90,gbm_histogramas,E+S,351.06666666666666,331.4399419096048,348.45
nyc,2006,p90,gbm_histogramas,E+S,332.6666666666667,336.71396959540385,350.2166666666667
nyc,2007,p90,gbm_histogramas,E+S,334.6333333333333,333.8075176742135,350.2166666666667
nyc,2008,p90,gbm_histogramas,E+S,333.51666666666665,334.73276247844575,350.2166666666667
nyc,2009,p90,gbm_histogramas,E+S,332.14500000000004,337.71743108513635,350.2166666666667
nyc,2010,p90,gbm_histogramas,E+S,337.1766666666667,333.94958084179024,350.2166666666667
nyc,2011,p90,gbm_histogramas,E+S,336.5,345.1419610972391,350.2166666666667
nyc,2013,p90,gbm_histogramas,E+S,337.24333333333334,342.6277413064373,350.2166666666667
nyc,2014,p90,gbm_histogramas,E+S,347.4,346.8800370013563,350.2166666666667
nyc,2015,p90,gbm_histogramas,E+S,350.93333333333334,346.3290965349855,348.45
nyc,2016,p90,gbm_histogramas,E+S,349.5,355.0699921411388,349.16666666666663
nyc,2017,p90,gbm_histogramas,E+S,352.28333333333336,354.6234594333071,348.45
nyc,2018,p90,gbm_histogramas,E+S,355.5,353.8111146880674,348.45
nyc,2019,p90,gbm_histogramas,E+S,354.5833333333333,350.5891373724874,348.45
nyc,2022,p90,gbm_histogramas,E+S,369.965,358.18970876354024,348.45
nyc,2023,p90,gbm_histogramas,E+S,361.55,354.6856548351795,348.45
nyc,2024,p90,gbm_histogramas,E+S,353.02666666666664,362.51478356927356,348.45
rio,2023,p90,gbm_histogramas,E+S,321.08,300.27773067256993,313.64916666666664
rio,2024,p90,gbm_histogramas,E+S,316.3983333333333,315.927130500019,315.99
rio,2025,p90,gbm_histogramas,E+S,310.9,325.957475245883,318.7391666666666
savannah,2011,p90,gbm_histogramas,E+S,345.26166666666666,352.12581752213134,355.3283333333333
savannah,2012,p90,gbm_histogramas,E+S,348.7,343.24343250951193,355.3283333333333
savannah,2013,p90,gbm_histogramas,E+S,351.2233333333335,347.57332673669276,355.3283333333333
savannah,2014,p90,gbm_histogramas,E+S,351.26666666666665,358.7152908652148,355.30666666666673
savannah,2015,p90,gbm_histogramas,E+S,295.45,362.46563345980576,355.3283333333333
savannah,2016,p90,gbm_histogramas,E+S,373.2,386.01306929551043,351.2450000000001
savannah,2017,p90,gbm_histogramas,E+S,389.7633333333333,367.22541924590195,351.2450000000001
savannah,2018,p90,gbm_histogramas,E+S,360.43,364.39246479365596,351.2450000000001
savannah,2019,p90,gbm_histogramas,E+S,359.39,359.9758505848849,351.2450000000001
singapore,2014,p90,gbm_histogramas,E+S,445.6666666666667,446.20633478851454,437.84
singapore,2015,p90,gbm_histogramas,E+S,452.0266666666667,442.2289924948444,437.84
singapore,2016,p90,gbm_histogramas,E+S,444.565,443.07138838314853,437.84
singapore,2017,p90,gbm_histogramas,E+S,443.38666666666666,428.64162224776095,437.84
singapore,2018,p90,gbm_histogramas,E+S,424.31666666666666,455.320345964963,443.38666666666666
singapore,2019,p90,gbm_histogramas,E+S,437.84,443.1909055261694,443.38666666666666
singapore,2022,p90,gbm_histogramas,E+S,420.5,427.07171954461126,443.38666666666666
singapore,2023,p90,gbm_histogramas,E+S,418.4266666666666,435.23841454934836,443.38666666666666
