protocolo,maratona,ano,alvo,modelo,real_min,pred_min,ref_min
LOMO,berlin,2005,p10,media_global,199.36666666666667,219.1802941176471,214.77499999999998
LOMO,berlin,2006,p10,media_global,203.75333333333336,219.1802941176471,214.77499999999998
LOMO,berlin,2007,p10,media_global,197.9,219.1802941176471,214.77499999999998
LOMO,berlin,2008,p10,media_global,196.81833333333333,219.1802941176471,214.77499999999998
LOMO,berlin,2009,p10,media_global,200.6,219.1802941176471,214.77499999999998
LOMO,berlin,2010,p10,media_global,197.1,219.1802941176471,214.77499999999998
LOMO,berlin,2011,p10,media_global,198.0,219.1802941176471,214.77499999999998
LOMO,berlin,2012,p10,media_global,196.2333333333333,219.1802941176471,214.77499999999998
LOMO,berlin,2013,p10,media_global,195.5,219.1802941176471,214.77499999999998
LOMO,berlin,2014,p10,media_global,195.6833333333333,219.1802941176471,214.77499999999998
LOMO,berlin,2015,p10,media_global,193.76666666666668,219.1802941176471,214.77499999999998
LOMO,berlin,2016,p10,media_global,196.36666666666667,219.1802941176471,214.77499999999998
LOMO,berlin,2017,p10,media_global,196.56833333333333,219.1802941176471,214.77499999999998
LOMO,berlin,2018,p10,media_global,198.165,219.1802941176471,214.77499999999998
LOMO,berlin,2019,p10,media_global,186.31666666666663,219.1802941176471,214.77499999999998
LOMO,boston,2005,p10,media_global,194.045,220.50870915032684,214.77499999999998
LOMO,boston,2006,p10,media_global,188.60166666666663,220.50870915032684,214.77499999999998
LOMO,boston,2007,p10,media_global,191.035,220.50870915032684,214.77499999999998
LOMO,boston,2008,p10,media_global,188.58333333333331,220.50870915032684,214.77499999999998
LOMO,boston,2009,p10,media_global,187.4333333333333,220.50870915032684,214.77499999999998
LOMO,boston,2010,p10,media_global,187.58666666666667,220.50870915032684,214.77499999999998
LOMO,boston,2011,p10,media_global,186.8,220.50870915032684,214.77499999999998
LOMO,boston,2012,p10,media_global,203.03333333333333,220.50870915032684,214.77499999999998
LOMO,boston,2013,p10,media_global,181.22833333333327,220.50870915032684,214.77499999999998
LOMO,boston,2014,p10,media_global,184.78333333333333,220.50870915032684,214.77499999999998
LOMO,boston,2015,p10,media_global,180.06166666666667,220.50870915032684,214.77499999999998
LOMO,boston,2016,p10,media_global,188.6833333333333,220.50870915032684,214.77499999999998
LOMO,boston,2017,p10,media_global,189.18166666666667,220.50870915032684,214.77499999999998
LOMO,boston,2018,p10,media_global,185.35,220.50870915032684,214.77499999999998
LOMO,boston,2019,p10,media_global,180.2333333333333,220.50870915032684,214.77499999999998
LOMO,chicago,2005,p10,media_global,208.26666666666668,217.7306,213.24416666666667
LOMO,chicago,2006,p10,media_global,204.55,217.7306,213.24416666666667
LOMO,chicago,2007,p10,media_global,230.4833333333333,217.7306,213.24416666666667
LOMO,chicago,2008,p10,media_global,219.47333333333333,217.7306,213.24416666666667
LOMO,chicago,2009,p10,media_global,206.08,217.7306,213.24416666666667
LOMO,chicago,2010,p10,media_global,214.95,217.7306,213.24416666666667
LOMO,chicago,2011,p10,media_global,213.9833333333333,217.7306,213.24416666666667
LOMO,chicago,2012,p10,media_global,208.13333333333333,217.7306,213.24416666666667
LOMO,chicago,2013,p10,media_global,208.6,217.7306,213.24416666666667
LOMO,chicago,2014,p10,media_global,206.61666666666667,217.7306,213.24416666666667
LOMO,chicago,2015,p10,media_global,207.51666666666668,217.7306,213.24416666666667
LOMO,chicago,2016,p10,media_global,207.08333333333331,217.7306,213.24416666666667
LOMO,chicago,2017,p10,media_global,211.21666666666667,217.7306,213.24416666666667
LOMO,chicago,2018,p10,media_global,204.05,217.7306,213.24416666666667
LOMO,chicago,2019,p10,media_global,198.275,217.7306,213.24416666666667
LOMO,chicago,2022,p10,media_global,197.0233333333333,217.7306,213.24416666666667
LOMO,chicago,2023,p10,media_global,189.16666666666663,217.7306,213.24416666666667
LOMO,durban,2022,p10,media_global,172.715,217.25597953216374,210.83666666666664
LOMO,durban,2024,p10,media_global,178.435,217.25597953216374,210.83666666666664
LOMO,durban,2025,p10,media_global,190.19666666666663,217.25597953216374,210.83666666666664
LOMO,honolulu,2005,p10,media_global,244.23,210.5471568627451,207.81666666666666
LOMO,honolulu,2006,p10,media_global,248.12333333333336,210.5471568627451,207.81666666666666
LOMO,honolulu,2007,p10,media_global,250.9,210.5471568627451,207.81666666666666
LOMO,honolulu,2008,p10,media_global,250.04333333333332,210.5471568627451,207.81666666666666
LOMO,honolulu,2009,p10,media_global,247.7333333333333,210.5471568627451,207.81666666666666
LOMO,honolulu,2010,p10,media_global,252.80666666666667,210.5471568627451,207.81666666666666
LOMO,honolulu,2011,p10,media_global,250.38666666666668,210.5471568627451,207.81666666666666
LOMO,honolulu,2012,p10,media_global,254.75,210.5471568627451,207.81666666666666
LOMO,honolulu,2013,p10,media_global,259.3333333333333,210.5471568627451,207.81666666666666
LOMO,honolulu,2014,p10,media_global,254.2,210.5471568627451,207.81666666666666
LOMO,honolulu,2015,p10,media_global,262.9,210.5471568627451,207.81666666666666
LOMO,honolulu,2016,p10,media_global,263.925,210.5471568627451,207.81666666666666
LOMO,honolulu,2017,p10,media_global,260.9333333333333,210.5471568627451,207.81666666666666
LOMO,honolulu,2018,p10,media_global,265.81666666666666,210.5471568627451,207.81666666666666
LOMO,honolulu,2019,p10,media_global,266.63666666666666,210.5471568627451,207.81666666666666
LOMO,long_beach,2010,p10,media_global,222.5,215.7473831775701,208.13333333333333
LOMO,long_beach,2011,p10,media_global,224.55666666666667,215.7473831775701,208.13333333333333
LOMO,long_beach,2012,p10,media_global,228.29666666666668,215.7473831775701,208.13333333333333
LOMO,long_beach,2013,p10,media_global,217.44166666666663,215.7473831775701,208.13333333333333
LOMO,long_beach,2014,p10,media_global,222.60833333333332,215.7473831775701,208.13333333333333
LOMO,long_beach,2015,p10,media_global,233.96833333333333,215.7473831775701,208.13333333333333
LOMO,long_beach,2016,p10,media_global,216.85,215.7473831775701,208.13333333333333
LOMO,long_beach,2017,p10,media_global,220.58333333333331,215.7473831775701,208.13333333333333
LOMO,long_beach,2018,p10,media_global,220.70666666666668,215.7473831775701,208.13333333333333
LOMO,long_beach,2019,p10,media_global,216.04666666666665,215.7473831775701,208.13333333333333
LOMO,maui,2010,p10,media_global,232.64666666666668,215.53337797619048,208.7
LOMO,maui,2011,p10,media_global,233.88,215.53337797619048,208.7
LOMO,maui,2012,p10,media_global,227.85666666666663,215.53337797619048,208.7
LOMO,maui,2013,p10,media_global,235.15,215.53337797619048,208.7
LOMO,maui,2014,p10,media_global,239.25666666666663,215.53337797619048,208.7
LOMO,nyc,2005,p10,media_global,217.06166666666667,217.39643333333336,212.59999999999997
LOMO,nyc,2006,p10,media_global,208.05,217.39643333333336,212.59999999999997
LOMO,nyc,2007,p10,media_global,208.8,217.39643333333336,212.59999999999997
LOMO,nyc,2008,p10,media_global,205.88333333333333,217.39643333333336,212.59999999999997
LOMO,nyc,2009,p10,media_global,206.47166666666664,217.39643333333336,212.59999999999997
LOMO,nyc,2010,p10,media_global,208.07333333333332,217.39643333333336,212.59999999999997
LOMO,nyc,2011,p10,media_global,207.0283333333333,217.39643333333336,212.59999999999997
LOMO,nyc,2013,p10,media_global,210.60666666666668,217.39643333333336,212.59999999999997
LOMO,nyc,2014,p10,media_global,213.27166666666668,217.39643333333336,212.59999999999997
LOMO,nyc,2015,p10,media_global,214.6,217.39643333333336,212.59999999999997
LOMO,nyc,2016,p10,media_global,213.21666666666667,217.39643333333336,212.59999999999997
LOMO,nyc,2017,p10,media_global,211.06666666666663,217.39643333333336,212.59999999999997
LOMO,nyc,2018,p10,media_global,209.68833333333333,217.39643333333336,212.59999999999997
LOMO,nyc,2019,p10,media_global,206.81666666666663,217.39643333333336,212.59999999999997
LOMO,nyc,2022,p10,media_global,218.76666666666668,217.39643333333336,212.59999999999997
LOMO,nyc,2023,p10,media_global,207.58333333333331,217.39643333333336,212.59999999999997
LOMO,nyc,2024,p10,media_global,201.9,217.39643333333336,212.59999999999997
LOMO,rio,2023,p10,media_global,203.44333333333333,216.6569298245614,210.83666666666664
LOMO,rio,2024,p10,media_global,201.26833333333332,216.6569298245614,210.83666666666664
LOMO,rio,2025,p10,media_global,204.92666666666668,216.6569298245614,210.83666666666664
LOMO,savannah,2011,p10,media_global,217.8583333333333,216.00131172839505,208.2
LOMO,savannah,2012,p10,media_global,218.7083333333333,216.00131172839505,208.2
LOMO,savannah,2013,p10,media_global,218.63,216.00131172839505,208.2
LOMO,savannah,2014,p10,media_global,219.40666666666667,216.00131172839505,208.2
LOMO,savannah,2015,p10,media_global,210.08333333333331,216.00131172839505,208.2
LOMO,savannah,2016,p10,media_global,226.24666666666667,216.00131172839505,208.2
LOMO,savannah,2017,p10,media_global,232.57666666666668,216.00131172839505,208.2
LOMO,savannah,2018,p10,media_global,216.58,216.00131172839505,208.2
LOMO,savannah,2019,p10,media_global,220.29666666666665,216.00131172839505,208.2
LOMO,singapore,2014,p10,media_global,268.43333333333334,213.11532110091744,208.26666666666668
LOMO,singapore,2015,p10,media_global,271.78000000000003,213.11532110091744,208.26666666666668
LOMO,singapore,2016,p10,media_global,262.2683333333333,213.11532110091744,208.26666666666668
LOMO,singapore,2017,p10,media_global,262.8066666666667,213.11532110091744,208.26666666666668
LOMO,singapore,2018,p10,media_global,259.71666666666664,213.11532110091744,208.26666666666668
LOMO,singapore,2019,p10,media_global,269.0566666666666,213.11532110091744,208.26666666666668
LOMO,singapore,2022,p10,media_global,238.2,213.11532110091744,208.26666666666668
LOMO,singapore,2023,p10,media_global,246.69666666666663,213.11532110091744,208.26666666666668
LOMO,berlin,2005,p10,referencia_historica,199.36666666666667,214.77499999999998,214.77499999999998
LOMO,berlin,2006,p10,referencia_historica,203.75333333333336,214.77499999999998,214.77499999999998
LOMO,berlin,2007,p10,referencia_historica,197.9,214.77499999999998,214.77499999999998
LOMO,berlin,2008,p10,referencia_historica,196.81833333333333,214.77499999999998,214.77499999999998
LOMO,berlin,2009,p10,referencia_historica,200.6,214.77499999999998,214.77499999999998
LOMO,berlin,2010,p10,referencia_historica,197.1,214.77499999999998,214.77499999999998
LOMO,berlin,2011,p10,referencia_historica,198.0,214.77499999999998,214.77499999999998
LOMO,berlin,2012,p10,referencia_historica,196.2333333333333,214.77499999999998,214.77499999999998
LOMO,berlin,2013,p10,referencia_historica,195.5,214.77499999999998,214.77499999999998
LOMO,berlin,2014,p10,referencia_historica,195.6833333333333,214.77499999999998,214.77499999999998
LOMO,berlin,2015,p10,referencia_historica,193.76666666666668,214.77499999999998,214.77499999999998
LOMO,berlin,2016,p10,referencia_historica,196.36666666666667,214.77499999999998,214.77499999999998
LOMO,berlin,2017,p10,referencia_historica,196.56833333333333,214.77499999999998,214.77499999999998
LOMO,berlin,2018,p10,referencia_historica,198.165,214.77499999999998,214.77499999999998
LOMO,berlin,2019,p10,referencia_historica,186.31666666666663,214.77499999999998,214.77499999999998
LOMO,boston,2005,p10,referencia_historica,194.045,214.77499999999998,214.77499999999998
LOMO,boston,2006,p10,referencia_historica,188.60166666666663,214.77499999999998,214.77499999999998
LOMO,boston,2007,p10,referencia_historica,191.035,214.77499999999998,214.77499999999998
LOMO,boston,2008,p10,referencia_historica,188.58333333333331,214.77499999999998,214.77499999999998
LOMO,boston,2009,p10,referencia_historica,187.4333333333333,214.77499999999998,214.77499999999998
LOMO,boston,2010,p10,referencia_historica,187.58666666666667,214.77499999999998,214.77499999999998
LOMO,boston,2011,p10,referencia_historica,186.8,214.77499999999998,214.77499999999998
LOMO,boston,2012,p10,referencia_historica,203.03333333333333,214.77499999999998,214.77499999999998
LOMO,boston,2013,p10,referencia_historica,181.22833333333327,214.77499999999998,214.77499999999998
LOMO,boston,2014,p10,referencia_historica,184.78333333333333,214.77499999999998,214.77499999999998
LOMO,boston,2015,p10,referencia_historica,180.06166666666667,214.77499999999998,214.77499999999998
LOMO,boston,2016,p10,referencia_historica,188.6833333333333,214.77499999999998,214.77499999999998
LOMO,boston,2017,p10,referencia_historica,189.18166666666667,214.77499999999998,214.77499999999998
LOMO,boston,2018,p10,referencia_historica,185.35,214.77499999999998,214.77499999999998
LOMO,boston,2019,p10,referencia_historica,180.2333333333333,214.77499999999998,214.77499999999998
LOMO,chicago,2005,p10,referencia_historica,208.26666666666668,213.24416666666667,213.24416666666667
LOMO,chicago,2006,p10,referencia_historica,204.55,213.24416666666667,213.24416666666667
LOMO,chicago,2007,p10,referencia_historica,230.4833333333333,213.24416666666667,213.24416666666667
LOMO,chicago,2008,p10,referencia_historica,219.47333333333333,213.24416666666667,213.24416666666667
LOMO,chicago,2009,p10,referencia_historica,206.08,213.24416666666667,213.24416666666667
LOMO,chicago,2010,p10,referencia_historica,214.95,213.24416666666667,213.24416666666667
LOMO,chicago,2011,p10,referencia_historica,213.9833333333333,213.24416666666667,213.24416666666667
LOMO,chicago,2012,p10,referencia_historica,208.13333333333333,213.24416666666667,213.24416666666667
LOMO,chicago,2013,p10,referencia_historica,208.6,213.24416666666667,213.24416666666667
LOMO,chicago,2014,p10,referencia_historica,206.61666666666667,213.24416666666667,213.24416666666667
LOMO,chicago,2015,p10,referencia_historica,207.51666666666668,213.24416666666667,213.24416666666667
LOMO,chicago,2016,p10,referencia_historica,207.08333333333331,213.24416666666667,213.24416666666667
LOMO,chicago,2017,p10,referencia_historica,211.21666666666667,213.24416666666667,213.24416666666667
LOMO,chicago,2018,p10,referencia_historica,204.05,213.24416666666667,213.24416666666667
LOMO,chicago,2019,p10,referencia_historica,198.275,213.24416666666667,213.24416666666667
LOMO,chicago,2022,p10,referencia_historica,197.0233333333333,213.24416666666667,213.24416666666667
LOMO,chicago,2023,p10,referencia_historica,189.16666666666663,213.24416666666667,213.24416666666667
LOMO,durban,2022,p10,referencia_historica,172.715,210.83666666666664,210.83666666666664
LOMO,durban,2024,p10,referencia_historica,178.435,210.83666666666664,210.83666666666664
LOMO,durban,2025,p10,referencia_historica,190.19666666666663,210.83666666666664,210.83666666666664
LOMO,honolulu,2005,p10,referencia_historica,244.23,207.81666666666666,207.81666666666666
LOMO,honolulu,2006,p10,referencia_historica,248.12333333333336,207.81666666666666,207.81666666666666
LOMO,honolulu,2007,p10,referencia_historica,250.9,207.81666666666666,207.81666666666666
LOMO,honolulu,2008,p10,referencia_historica,250.04333333333332,207.81666666666666,207.81666666666666
LOMO,honolulu,2009,p10,referencia_historica,247.7333333333333,207.81666666666666,207.81666666666666
LOMO,honolulu,2010,p10,referencia_historica,252.80666666666667,207.81666666666666,207.81666666666666
LOMO,honolulu,2011,p10,referencia_historica,250.38666666666668,207.81666666666666,207.81666666666666
LOMO,honolulu,2012,p10,referencia_historica,254.75,207.81666666666666,207.81666666666666
LOMO,honolulu,2013,p10,referencia_historica,259.3333333333333,207.81666666666666,207.81666666666666
LOMO,honolulu,2014,p10,referencia_historica,254.2,207.81666666666666,207.81666666666666
LOMO,honolulu,2015,p10,referencia_historica,262.9,207.81666666666666,207.81666666666666
LOMO,honolulu,2016,p10,referencia_historica,263.925,207.81666666666666,207.81666666666666
LOMO,honolulu,2017,p10,referencia_historica,260.9333333333333,207.81666666666666,207.81666666666666
LOMO,honolulu,2018,p10,referencia_historica,265.81666666666666,207.81666666666666,207.81666666666666
LOMO,honolulu,2019,p10,referencia_historica,266.63666666666666,207.81666666666666,207.81666666666666
LOMO,long_beach,2010,p10,referencia_historica,222.5,208.13333333333333,208.13333333333333
LOMO,long_beach,2011,p10,referencia_historica,224.55666666666667,208.13333333333333,208.13333333333333
LOMO,long_beach,2012,p10,referencia_historica,228.29666666666668,208.13333333333333,208.13333333333333
LOMO,long_beach,2013,p10,referencia_historica,217.44166666666663,208.13333333333333,208.13333333333333
LOMO,long_beach,2014,p10,referencia_historica,222.60833333333332,208.13333333333333,208.13333333333333
LOMO,long_beach,2015,p10,referencia_historica,233.96833333333333,208.13333333333333,208.13333333333333
LOMO,long_beach,2016,p10,referencia_historica,216.85,208.13333333333333,208.13333333333333
LOMO,long_beach,2017,p10,referencia_historica,220.58333333333331,208.13333333333333,208.13333333333333
LOMO,long_beach,2018,p10,referencia_historica,220.70666666666668,208.13333333333333,208.13333333333333
LOMO,long_beach,2019,p10,referencia_historica,216.04666666666665,208.13333333333333,208.13333333333333
LOMO,maui,2010,p10,referencia_historica,232.64666666666668,208.7,208.7
LOMO,maui,2011,p10,referencia_historica,233.88,208.7,208.7
LOMO,maui,2012,p10,referencia_historica,227.85666666666663,208.7,208.7
LOMO,maui,2013,p10,referencia_historica,235.15,208.7,208.7
LOMO,maui,2014,p10,referencia_historica,239.25666666666663,208.7,208.7
LOMO,nyc,2005,p10,referencia_historica,217.06166666666667,212.59999999999997,212.59999999999997
LOMO,nyc,2006,p10,referencia_historica,208.05,212.59999999999997,212.59999999999997
LOMO,nyc,2007,p10,referencia_historica,208.8,212.59999999999997,212.59999999999997
LOMO,nyc,2008,p10,referencia_historica,205.88333333333333,212.59999999999997,212.59999999999997
LOMO,nyc,2009,p10,referencia_historica,206.47166666666664,212.59999999999997,212.59999999999997
LOMO,nyc,2010,p10,referencia_historica,208.07333333333332,212.59999999999997,212.59999999999997
LOMO,nyc,2011,p10,referencia_historica,207.0283333333333,212.59999999999997,212.59999999999997
LOMO,nyc,2013,p10,referencia_historica,210.60666666666668,212.59999999999997,212.59999999999997
LOMO,nyc,2014,p10,referencia_historica,213.27166666666668,212.59999999999997,212.59999999999997
LOMO,nyc,2015,p10,referencia_historica,214.6,212.59999999999997,212.59999999999997
LOMO,nyc,2016,p10,referencia_historica,213.21666666666667,212.59999999999997,212.59999999999997
LOMO,nyc,2017,p10,referencia_historica,211.06666666666663,212.59999999999997,212.59999999999997
LOMO,nyc,2018,p10,referencia_historica,209.68833333333333,212.59999999999997,212.59999999999997
LOMO,nyc,2019,p10,referencia_historica,206.81666666666663,212.59999999999997,212.59999999999997
LOMO,nyc,2022,p10,referencia_historica,218.76666666666668,212.59999999999997,212.59999999999997
LOMO,nyc,2023,p10,referencia_historica,207.58333333333331,212.59999999999997,212.59999999999997
LOMO,nyc,2024,p10,referencia_historica,201.9,212.59999999999997,212.59999999999997
LOMO,rio,2023,p10,referencia_historica,203.44333333333333,210.83666666666664,210.83666666666664
LOMO,rio,2024,p10,referencia_historica,201.26833333333332,210.83666666666664,210.83666666666664
LOMO,rio,2025,p10,referencia_historica,204.92666666666668,210.83666666666664,210.83666666666664
LOMO,savannah,2011,p10,referencia_historica,217.8583333333333,208.2,208.2
LOMO,savannah,2012,p10,referencia_historica,218.7083333333333,208.2,208.2
LOMO,savannah,2013,p10,referencia_historica,218.63,208.2,208.2
LOMO,savannah,2014,p10,referencia_historica,219.40666666666667,208.2,208.2
LOMO,savannah,2015,p10,referencia_historica,210.08333333333331,208.2,208.2
LOMO,savannah,2016,p10,referencia_historica,226.24666666666667,208.2,208.2
LOMO,savannah,2017,p10,referencia_historica,232.57666666666668,208.2,208.2
LOMO,savannah,2018,p10,referencia_historica,216.58,208.2,208.2
LOMO,savannah,2019,p10,referencia_historica,220.29666666666665,208.2,208.2
LOMO,singapore,2014,p10,referencia_historica,268.43333333333334,208.26666666666668,208.26666666666668
LOMO,singapore,2015,p10,referencia_historica,271.78000000000003,208.26666666666668,208.26666666666668
LOMO,singapore,2016,p10,referencia_historica,262.2683333333333,208.26666666666668,208.26666666666668
LOMO,singapore,2017,p10,referencia_historica,262.8066666666667,208.26666666666668,208.26666666666668
LOMO,singapore,2018,p10,referencia_historica,259.71666666666664,208.26666666666668,208.26666666666668
LOMO,singapore,2019,p10,referencia_historica,269.0566666666666,208.26666666666668,208.26666666666668
LOMO,singapore,2022,p10,referencia_historica,238.2,208.26666666666668,208.26666666666668
LOMO,singapore,2023,p10,referencia_historica,246.69666666666663,208.26666666666668,208.26666666666668
LOMO,berlin,2005,p10,ridge_abs,199.36666666666667,218.50191817282433,214.77499999999998
LOMO,berlin,2006,p10,ridge_abs,203.75333333333336,221.54772743824913,214.77499999999998
LOMO,berlin,2007,p10,ridge_abs,197.9,216.13302764665582,214.77499999999998
LOMO,berlin,2008,p10,ridge_abs,196.81833333333333,213.50468987285055,214.77499999999998
LOMO,berlin,2009,p10,ridge_abs,200.6,218.57261325268746,214.77499999999998
LOMO,berlin,2010,p10,ridge_abs,197.1,207.81185108901389,214.77499999999998
LOMO,berlin,2011,p10,ridge_abs,198.0,217.68441480973635,214.77499999999998
LOMO,berlin,2012,p10,ridge_abs,196.2333333333333,213.9635711516915,214.77499999999998
LOMO,berlin,2013,p10,ridge_abs,195.5,212.96429396139084,214.77499999999998
LOMO,berlin,2014,p10,ridge_abs,195.6833333333333,215.78744540122833,214.77499999999998
LOMO,berlin,2015,p10,ridge_abs,193.76666666666668,215.85949289384368,214.77499999999998
LOMO,berlin,2016,p10,ridge_abs,196.36666666666667,219.51895754238188,214.77499999999998
LOMO,berlin,2017,p10,ridge_abs,196.56833333333333,218.4790603601455,214.77499999999998
LOMO,berlin,2018,p10,ridge_abs,198.165,212.13323353289874,214.77499999999998
LOMO,berlin,2019,p10,ridge_abs,186.31666666666663,203.6277434742943,214.77499999999998
LOMO,boston,2005,p10,ridge_abs,194.045,247.16014829139988,214.77499999999998
LOMO,boston,2006,p10,ridge_abs,188.60166666666663,240.83901788736193,214.77499999999998
LOMO,boston,2007,p10,ridge_abs,191.035,225.82260529984467,214.77499999999998
LOMO,boston,2008,p10,ridge_abs,188.58333333333331,247.69877733568197,214.77499999999998
LOMO,boston,2009,p10,ridge_abs,187.4333333333333,239.0011659266176,214.77499999999998
LOMO,boston,2010,p10,ridge_abs,187.58666666666667,240.07598975565116,214.77499999999998
LOMO,boston,2011,p10,ridge_abs,186.8,244.71958688551106,214.77499999999998
LOMO,boston,2012,p10,ridge_abs,203.03333333333333,256.278994354426,214.77499999999998
LOMO,boston,2013,p10,ridge_abs,181.22833333333327,244.74287243898056,214.77499999999998
LOMO,boston,2014,p10,ridge_abs,184.78333333333333,244.6323548776874,214.77499999999998
LOMO,boston,2015,p10,ridge_abs,180.06166666666667,207.4255991742342,214.77499999999998
LOMO,boston,2016,p10,ridge_abs,188.6833333333333,248.14910334788726,214.77499999999998
LOMO,boston,2017,p10,ridge_abs,189.18166666666667,252.10252260699718,214.77499999999998
LOMO,boston,2018,p10,ridge_abs,185.35,152.14417540406728,214.77499999999998
LOMO,boston,2019,p10,ridge_abs,180.2333333333333,198.50024346000836,214.77499999999998
LOMO,chicago,2005,p10,ridge_abs,208.26666666666668,215.83283570471482,213.24416666666667
LOMO,chicago,2006,p10,ridge_abs,204.55,205.560774862753,213.24416666666667
LOMO,chicago,2007,p10,ridge_abs,230.4833333333333,232.34721252877026,213.24416666666667
LOMO,chicago,2008,p10,ridge_abs,219.47333333333333,222.46327830915985,213.24416666666667
LOMO,chicago,2009,p10,ridge_abs,206.08,201.60837008982782,213.24416666666667
LOMO,chicago,2010,p10,ridge_abs,214.95,224.02681707532352,213.24416666666667
LOMO,chicago,2011,p10,ridge_abs,213.9833333333333,221.20281151688616,213.24416666666667
LOMO,chicago,2012,p10,ridge_abs,208.13333333333333,209.80106060765246,213.24416666666667
LOMO,chicago,2013,p10,ridge_abs,208.6,213.5042246257452,213.24416666666667
LOMO,chicago,2014,p10,ridge_abs,206.61666666666667,210.60146082804798,213.24416666666667
LOMO,chicago,2015,p10,ridge_abs,207.51666666666668,214.8205131207966,213.24416666666667
LOMO,chicago,2016,p10,ridge_abs,207.08333333333331,214.01388159460348,213.24416666666667
LOMO,chicago,2017,p10,ridge_abs,211.21666666666667,218.41098855797432,213.24416666666667
LOMO,chicago,2018,p10,ridge_abs,204.05,216.19421407324293,213.24416666666667
LOMO,chicago,2019,p10,ridge_abs,198.275,204.070142031581,213.24416666666667
LOMO,chicago,2022,p10,ridge_abs,197.0233333333333,206.16485967478758,213.24416666666667
LOMO,chicago,2023,p10,ridge_abs,189.16666666666663,213.8688188694093,213.24416666666667
LOMO,durban,2022,p10,ridge_abs,172.715,220.57957966846953,210.83666666666664
LOMO,durban,2024,p10,ridge_abs,178.435,216.4901532622967,210.83666666666664
LOMO,durban,2025,p10,ridge_abs,190.19666666666663,209.68969997930685,210.83666666666664
LOMO,honolulu,2005,p10,ridge_abs,244.23,250.93437524355056,207.81666666666666
LOMO,honolulu,2006,p10,ridge_abs,248.12333333333336,242.41892493347126,207.81666666666666
LOMO,honolulu,2007,p10,ridge_abs,250.9,244.91951158495806,207.81666666666666
LOMO,honolulu,2008,p10,ridge_abs,250.04333333333332,248.4209122789266,207.81666666666666
LOMO,honolulu,2009,p10,ridge_abs,247.7333333333333,237.1996189329303,207.81666666666666
LOMO,honolulu,2010,p10,ridge_abs,252.80666666666667,242.24434165713782,207.81666666666666
LOMO,honolulu,2011,p10,ridge_abs,250.38666666666668,245.01269356111726,207.81666666666666
LOMO,honolulu,2012,p10,ridge_abs,254.75,247.22685452186164,207.81666666666666
LOMO,honolulu,2013,p10,ridge_abs,259.3333333333333,239.75581952079833,207.81666666666666
LOMO,honolulu,2014,p10,ridge_abs,254.2,245.67290379841816,207.81666666666666
LOMO,honolulu,2015,p10,ridge_abs,262.9,238.1652279238144,207.81666666666666
LOMO,honolulu,2016,p10,ridge_abs,263.925,234.95519653982697,207.81666666666666
LOMO,honolulu,2017,p10,ridge_abs,260.9333333333333,237.40894450016756,207.81666666666666
LOMO,honolulu,2018,p10,ridge_abs,265.81666666666666,238.0110790253068,207.81666666666666
LOMO,honolulu,2019,p10,ridge_abs,266.63666666666666,232.26289813486608,207.81666666666666
LOMO,long_beach,2010,p10,ridge_abs,222.5,209.15913500904384,208.13333333333333
LOMO,long_beach,2011,p10,ridge_abs,224.55666666666667,208.11341743750282,208.13333333333333
LOMO,long_beach,2012,p10,ridge_abs,228.29666666666668,208.72073963845483,208.13333333333333
LOMO,long_beach,2013,p10,ridge_abs,217.44166666666663,205.62344993731145,208.13333333333333
LOMO,long_beach,2014,p10,ridge_abs,222.60833333333332,207.78091449548947,208.13333333333333
LOMO,long_beach,2015,p10,ridge_abs,233.96833333333333,219.12925880066732,208.13333333333333
LOMO,long_beach,2016,p10,ridge_abs,216.85,205.9135899154235,208.13333333333333
LOMO,long_beach,2017,p10,ridge_abs,220.58333333333331,201.24845781923315,208.13333333333333
LOMO,long_beach,2018,p10,ridge_abs,220.70666666666668,199.0792151944746,208.13333333333333
LOMO,long_beach,2019,p10,ridge_abs,216.04666666666665,198.83015523718376,208.13333333333333
LOMO,maui,2010,p10,ridge_abs,232.64666666666668,227.2862047234611,208.7
LOMO,maui,2011,p10,ridge_abs,233.88,220.64594540483657,208.7
LOMO,maui,2012,p10,ridge_abs,227.85666666666663,215.97211269006027,208.7
LOMO,maui,2013,p10,ridge_abs,235.15,220.11013771009203,208.7
LOMO,maui,2014,p10,ridge_abs,239.25666666666663,234.70942562854464,208.7
LOMO,nyc,2005,p10,ridge_abs,217.06166666666667,219.62369209355455,212.59999999999997
LOMO,nyc,2006,p10,ridge_abs,208.05,209.2456615307685,212.59999999999997
LOMO,nyc,2007,p10,ridge_abs,208.8,214.3299592729072,212.59999999999997
LOMO,nyc,2008,p10,ridge_abs,205.88333333333333,207.735341029043,212.59999999999997
LOMO,nyc,2009,p10,ridge_abs,206.47166666666664,217.55195672773095,212.59999999999997
LOMO,nyc,2010,p10,ridge_abs,208.07333333333332,207.5041066080042,212.59999999999997
LOMO,nyc,2011,p10,ridge_abs,207.0283333333333,207.44532231795722,212.59999999999997
LOMO,nyc,2013,p10,ridge_abs,210.60666666666668,211.44240428287776,212.59999999999997
LOMO,nyc,2014,p10,ridge_abs,213.27166666666668,207.94554614842693,212.59999999999997
LOMO,nyc,2015,p10,ridge_abs,214.6,214.34731077139392,212.59999999999997
LOMO,nyc,2016,p10,ridge_abs,213.21666666666667,213.75811517176177,212.59999999999997
LOMO,nyc,2017,p10,ridge_abs,211.06666666666663,217.40469728647727,212.59999999999997
LOMO,nyc,2018,p10,ridge_abs,209.68833333333333,208.34452471401883,212.59999999999997
LOMO,nyc,2019,p10,ridge_abs,206.81666666666663,205.91698483514836,212.59999999999997
LOMO,nyc,2022,p10,ridge_abs,218.76666666666668,218.96388372229634,212.59999999999997
LOMO,nyc,2023,p10,ridge_abs,207.58333333333331,211.54142302856692,212.59999999999997
LOMO,nyc,2024,p10,ridge_abs,201.9,205.25152739973393,212.59999999999997
LOMO,rio,2023,p10,ridge_abs,203.44333333333333,233.59045206348384,210.83666666666664
LOMO,rio,2024,p10,ridge_abs,201.26833333333332,230.09915621290583,210.83666666666664
LOMO,rio,2025,p10,ridge_abs,204.92666666666668,233.65113221962378,210.83666666666664
LOMO,savannah,2011,p10,ridge_abs,217.8583333333333,220.4050255763569,208.2
LOMO,savannah,2012,p10,ridge_abs,218.7083333333333,214.98643284043388,208.2
LOMO,savannah,2013,p10,ridge_abs,218.63,218.8651917938723,208.2
LOMO,savannah,2014,p10,ridge_abs,219.40666666666667,217.6372091036507,208.2
LOMO,savannah,2015,p10,ridge_abs,210.08333333333331,238.02943852089416,208.2
LOMO,savannah,2016,p10,ridge_abs,226.24666666666667,217.8354729811088,208.2
LOMO,savannah,2017,p10,ridge_abs,232.57666666666668,216.34718914083732,208.2
LOMO,savannah,2018,p10,ridge_abs,216.58,206.9355572609607,208.2
LOMO,savannah,2019,p10,ridge_abs,220.29666666666665,208.7195321528854,208.2
LOMO,singapore,2014,p10,ridge_abs,268.43333333333334,216.4193431754114,208.26666666666668
LOMO,singapore,2015,p10,ridge_abs,271.78000000000003,216.933174844647,208.26666666666668
LOMO,singapore,2016,p10,ridge_abs,262.2683333333333,220.61531897541246,208.26666666666668
LOMO,singapore,2017,p10,ridge_abs,262.8066666666667,218.5413743570713,208.26666666666668
LOMO,singapore,2018,p10,ridge_abs,259.71666666666664,215.29761887633504,208.26666666666668
LOMO,singapore,2019,p10,ridge_abs,269.0566666666666,208.49827735277594,208.26666666666668
LOMO,singapore,2022,p10,ridge_abs,238.2,217.65296877209826,208.26666666666668
LOMO,singapore,2023,p10,ridge_abs,246.69666666666663,215.33637028535233,208.26666666666668
LOMO,berlin,2005,p10,gbm_histogramas_abs,199.36666666666667,205.31352515873792,214.77499999999998
LOMO,berlin,2006,p10,gbm_histogramas_abs,203.75333333333336,204.797748512463,214.77499999999998
LOMO,berlin,2007,p10,gbm_histogramas_abs,197.9,200.1697786578974,214.77499999999998
LOMO,berlin,2008,p10,gbm_histogramas_abs,196.81833333333333,200.094294541233,214.77499999999998
LOMO,berlin,2009,p10,gbm_histogramas_abs,200.6,200.53466384241682,214.77499999999998
LOMO,berlin,2010,p10,gbm_histogramas_abs,197.1,196.81835317890432,214.77499999999998
LOMO,berlin,2011,p10,gbm_histogramas_abs,198.0,203.28216646685513,214.77499999999998
LOMO,berlin,2012,p10,gbm_histogramas_abs,196.2333333333333,199.04477524041113,214.77499999999998
LOMO,berlin,2013,p10,gbm_histogramas_abs,195.5,198.08197926421767,214.77499999999998
LOMO,berlin,2014,p10,gbm_histogramas_abs,195.6833333333333,204.6933252796747,214.77499999999998
LOMO,berlin,2015,p10,gbm_histogramas_abs,193.76666666666668,199.69445471251237,214.77499999999998
LOMO,berlin,2016,p10,gbm_histogramas_abs,196.36666666666667,201.1858902021816,214.77499999999998
LOMO,berlin,2017,p10,gbm_histogramas_abs,196.56833333333333,205.83184635390856,214.77499999999998
LOMO,berlin,2018,p10,gbm_histogramas_abs,198.165,203.89757942285968,214.77499999999998
LOMO,berlin,2019,p10,gbm_histogramas_abs,186.31666666666663,199.4958401286228,214.77499999999998
LOMO,boston,2005,p10,gbm_histogramas_abs,194.045,217.02938980792402,214.77499999999998
LOMO,boston,2006,p10,gbm_histogramas_abs,188.60166666666663,214.20546850157683,214.77499999999998
LOMO,boston,2007,p10,gbm_histogramas_abs,191.035,215.18259431693045,214.77499999999998
LOMO,boston,2008,p10,gbm_histogramas_abs,188.58333333333331,213.5740714878685,214.77499999999998
LOMO,boston,2009,p10,gbm_histogramas_abs,187.4333333333333,213.59029943859363,214.77499999999998
LOMO,boston,2010,p10,gbm_histogramas_abs,187.58666666666667,215.55665116954333,214.77499999999998
LOMO,boston,2011,p10,gbm_histogramas_abs,186.8,215.13698274501934,214.77499999999998
LOMO,boston,2012,p10,gbm_histogramas_abs,203.03333333333333,220.41971710326374,214.77499999999998
LOMO,boston,2013,p10,gbm_histogramas_abs,181.22833333333327,213.46727883610973,214.77499999999998
LOMO,boston,2014,p10,gbm_histogramas_abs,184.78333333333333,214.52406936257643,214.77499999999998
LOMO,boston,2015,p10,gbm_histogramas_abs,180.06166666666667,213.85121522330874,214.77499999999998
LOMO,boston,2016,p10,gbm_histogramas_abs,188.6833333333333,214.896447310376,214.77499999999998
LOMO,boston,2017,p10,gbm_histogramas_abs,189.18166666666667,215.2042966284587,214.77499999999998
LOMO,boston,2018,p10,gbm_histogramas_abs,185.35,214.64035813661883,214.77499999999998
LOMO,boston,2019,p10,gbm_histogramas_abs,180.2333333333333,218.3930552979004,214.77499999999998
LOMO,chicago,2005,p10,gbm_histogramas_abs,208.26666666666668,210.28408504088313,213.24416666666667
LOMO,chicago,2006,p10,gbm_histogramas_abs,204.55,212.08876539420308,213.24416666666667
LOMO,chicago,2007,p10,gbm_histogramas_abs,230.4833333333333,238.0775584878844,213.24416666666667
LOMO,chicago,2008,p10,gbm_histogramas_abs,219.47333333333333,213.8984702862085,213.24416666666667
LOMO,chicago,2009,p10,gbm_histogramas_abs,206.08,208.07112782126023,213.24416666666667
LOMO,chicago,2010,p10,gbm_histogramas_abs,214.95,211.64635500675013,213.24416666666667
LOMO,chicago,2011,p10,gbm_histogramas_abs,213.9833333333333,213.90808064046112,213.24416666666667
LOMO,chicago,2012,p10,gbm_histogramas_abs,208.13333333333333,209.2615098988715,213.24416666666667
LOMO,chicago,2013,p10,gbm_histogramas_abs,208.6,208.08487379559023,213.24416666666667
LOMO,chicago,2014,p10,gbm_histogramas_abs,206.61666666666667,208.69757037732293,213.24416666666667
LOMO,chicago,2015,p10,gbm_histogramas_abs,207.51666666666668,208.18710163382985,213.24416666666667
LOMO,chicago,2016,p10,gbm_histogramas_abs,207.08333333333331,209.76264189996218,213.24416666666667
LOMO,chicago,2017,p10,gbm_histogramas_abs,211.21666666666667,215.59476464579248,213.24416666666667
LOMO,chicago,2018,p10,gbm_histogramas_abs,204.05,212.95832745288854,213.24416666666667
LOMO,chicago,2019,p10,gbm_histogramas_abs,198.275,208.6490831036681,213.24416666666667
LOMO,chicago,2022,p10,gbm_histogramas_abs,197.0233333333333,202.70925201605792,213.24416666666667
LOMO,chicago,2023,p10,gbm_histogramas_abs,189.16666666666663,204.0215137677696,213.24416666666667
LOMO,durban,2022,p10,gbm_histogramas_abs,172.715,217.5583605728339,210.83666666666664
LOMO,durban,2024,p10,gbm_histogramas_abs,178.435,220.3326292972988,210.83666666666664
LOMO,durban,2025,p10,gbm_histogramas_abs,190.19666666666663,213.22910679530375,210.83666666666664
LOMO,honolulu,2005,p10,gbm_histogramas_abs,244.23,230.46001786807938,207.81666666666666
LOMO,honolulu,2006,p10,gbm_histogramas_abs,248.12333333333336,218.42689858477993,207.81666666666666
LOMO,honolulu,2007,p10,gbm_histogramas_abs,250.9,228.22979552008957,207.81666666666666
LOMO,honolulu,2008,p10,gbm_histogramas_abs,250.04333333333332,230.86321832520474,207.81666666666666
LOMO,honolulu,2009,p10,gbm_histogramas_abs,247.7333333333333,220.07347679325983,207.81666666666666
LOMO,honolulu,2010,p10,gbm_histogramas_abs,252.80666666666667,220.81786567649206,207.81666666666666
LOMO,honolulu,2011,p10,gbm_histogramas_abs,250.38666666666668,218.73042337872158,207.81666666666666
LOMO,honolulu,2012,p10,gbm_histogramas_abs,254.75,231.00815183863423,207.81666666666666
LOMO,honolulu,2013,p10,gbm_histogramas_abs,259.3333333333333,233.14230833700543,207.81666666666666
LOMO,honolulu,2014,p10,gbm_histogramas_abs,254.2,231.55650170541642,207.81666666666666
LOMO,honolulu,2015,p10,gbm_histogramas_abs,262.9,229.8801539741555,207.81666666666666
LOMO,honolulu,2016,p10,gbm_histogramas_abs,263.925,229.85783974876915,207.81666666666666
LOMO,honolulu,2017,p10,gbm_histogramas_abs,260.9333333333333,229.51342045304634,207.81666666666666
LOMO,honolulu,2018,p10,gbm_histogramas_abs,265.81666666666666,234.98365945441105,207.81666666666666
LOMO,honolulu,2019,p10,gbm_histogramas_abs,266.63666666666666,226.25418340377541,207.81666666666666
LOMO,long_beach,2010,p10,gbm_histogramas_abs,222.5,212.6795755205029,208.13333333333333
LOMO,long_beach,2011,p10,gbm_histogramas_abs,224.55666666666667,217.76267168742478,208.13333333333333
LOMO,long_beach,2012,p10,gbm_histogramas_abs,228.29666666666668,211.99690820195534,208.13333333333333
LOMO,long_beach,2013,p10,gbm_histogramas_abs,217.44166666666663,214.31079863256127,208.13333333333333
LOMO,long_beach,2014,p10,gbm_histogramas_abs,222.60833333333332,213.64522950569963,208.13333333333333
LOMO,long_beach,2015,p10,gbm_histogramas_abs,233.96833333333333,230.8971786413614,208.13333333333333
LOMO,long_beach,2016,p10,gbm_histogramas_abs,216.85,215.41620351519302,208.13333333333333
LOMO,long_beach,2017,p10,gbm_histogramas_abs,220.58333333333331,207.49376145723704,208.13333333333333
LOMO,long_beach,2018,p10,gbm_histogramas_abs,220.70666666666668,206.39133599470125,208.13333333333333
LOMO,long_beach,2019,p10,gbm_histogramas_abs,216.04666666666665,206.37547917762637,208.13333333333333
LOMO,maui,2010,p10,gbm_histogramas_abs,232.64666666666668,238.04985360921216,208.7
LOMO,maui,2011,p10,gbm_histogramas_abs,233.88,238.29837204858978,208.7
LOMO,maui,2012,p10,gbm_histogramas_abs,227.85666666666663,239.67045131507737,208.7
LOMO,maui,2013,p10,gbm_histogramas_abs,235.15,239.02743695774745,208.7
LOMO,maui,2014,p10,gbm_histogramas_abs,239.25666666666663,243.01501575941373,208.7
LOMO,nyc,2005,p10,gbm_histogramas_abs,217.06166666666667,209.44806174450125,212.59999999999997
LOMO,nyc,2006,p10,gbm_histogramas_abs,208.05,206.92721103008384,212.59999999999997
LOMO,nyc,2007,p10,gbm_histogramas_abs,208.8,206.3750287522262,212.59999999999997
LOMO,nyc,2008,p10,gbm_histogramas_abs,205.88333333333333,206.62340270907117,212.59999999999997
LOMO,nyc,2009,p10,gbm_histogramas_abs,206.47166666666664,206.8780005018606,212.59999999999997
LOMO,nyc,2010,p10,gbm_histogramas_abs,208.07333333333332,205.79603934769793,212.59999999999997
LOMO,nyc,2011,p10,gbm_histogramas_abs,207.0283333333333,204.8777702464765,212.59999999999997
LOMO,nyc,2013,p10,gbm_histogramas_abs,210.60666666666668,205.69563643394105,212.59999999999997
LOMO,nyc,2014,p10,gbm_histogramas_abs,213.27166666666668,204.71453039763497,212.59999999999997
LOMO,nyc,2015,p10,gbm_histogramas_abs,214.6,207.83750942088733,212.59999999999997
LOMO,nyc,2016,p10,gbm_histogramas_abs,213.21666666666667,206.25291228251166,212.59999999999997
LOMO,nyc,2017,p10,gbm_histogramas_abs,211.06666666666663,206.17441644898915,212.59999999999997
LOMO,nyc,2018,p10,gbm_histogramas_abs,209.68833333333333,207.77959952589845,212.59999999999997
LOMO,nyc,2019,p10,gbm_histogramas_abs,206.81666666666663,204.77984359167118,212.59999999999997
LOMO,nyc,2022,p10,gbm_histogramas_abs,218.76666666666668,236.2690322000988,212.59999999999997
LOMO,nyc,2023,p10,gbm_histogramas_abs,207.58333333333331,193.1038873336217,212.59999999999997
LOMO,nyc,2024,p10,gbm_histogramas_abs,201.9,190.15471229257147,212.59999999999997
LOMO,rio,2023,p10,gbm_histogramas_abs,203.44333333333333,200.57309476530133,210.83666666666664
LOMO,rio,2024,p10,gbm_histogramas_abs,201.26833333333332,202.13541949063438,210.83666666666664
LOMO,rio,2025,p10,gbm_histogramas_abs,204.92666666666668,224.77856561615698,210.83666666666664
LOMO,savannah,2011,p10,gbm_histogramas_abs,217.8583333333333,207.66353087665811,208.2
LOMO,savannah,2012,p10,gbm_histogramas_abs,218.7083333333333,213.75117672596446,208.2
LOMO,savannah,2013,p10,gbm_histogramas_abs,218.63,214.2231302254537,208.2
LOMO,savannah,2014,p10,gbm_histogramas_abs,219.40666666666667,213.38114550969394,208.2
LOMO,savannah,2015,p10,gbm_histogramas_abs,210.08333333333331,237.7143446567341,208.2
LOMO,savannah,2016,p10,gbm_histogramas_abs,226.24666666666667,211.64832944194487,208.2
LOMO,savannah,2017,p10,gbm_histogramas_abs,232.57666666666668,217.06329497292816,208.2
LOMO,savannah,2018,p10,gbm_histogramas_abs,216.58,210.336952137806,208.2
LOMO,savannah,2019,p10,gbm_histogramas_abs,220.29666666666665,207.55410585940749,208.2
LOMO,singapore,2014,p10,gbm_histogramas_abs,268.43333333333334,246.32120701041876,208.26666666666668
LOMO,singapore,2015,p10,gbm_histogramas_abs,271.78000000000003,250.47334387408165,208.26666666666668
LOMO,singapore,2016,p10,gbm_histogramas_abs,262.2683333333333,247.24932559209506,208.26666666666668
LOMO,singapore,2017,p10,gbm_histogramas_abs,262.8066666666667,248.44743258322302,208.26666666666668
LOMO,singapore,2018,p10,gbm_histogramas_abs,259.71666666666664,250.20187410424637,208.26666666666668
LOMO,singapore,2019,p10,gbm_histogramas_abs,269.0566666666666,247.6426280229073,208.26666666666668
LOMO,singapore,2022,p10,gbm_histogramas_abs,238.2,248.69337436221855,208.26666666666668
LOMO,singapore,2023,p10,gbm_histogramas_abs,246.69666666666663,248.0913509680591,208.26666666666668
LOMO,berlin,2005,p10,ridge_dev,199.36666666666667,219.3134127609633,214.77499999999998
LOMO,berlin,2006,p10,ridge_dev,203.75333333333336,220.851456395459,214.77499999999998
LOMO,berlin,2007,p10,ridge_dev,197.9,215.45116384204397,214.77499999999998
LOMO,berlin,2008,p10,ridge_dev,196.81833333333333,216.13308454562036,214.77499999999998
LOMO,berlin,2009,p10,ridge_dev,200.6,219.8344466755895,214.77499999999998
LOMO,berlin,2010,p10,ridge_dev,197.1,211.7955114249202,214.77499999999998
LOMO,berlin,2011,p10,ridge_dev,198.0,218.35303783482323,214.77499999999998
LOMO,berlin,2012,p10,ridge_dev,196.2333333333333,215.28194810194645,214.77499999999998
LOMO,berlin,2013,p10,ridge_dev,195.5,216.15423413878545,214.77499999999998
LOMO,berlin,2014,p10,ridge_dev,195.6833333333333,217.34321999610913,214.77499999999998
LOMO,berlin,2015,p10,ridge_dev,193.76666666666668,216.55662202662708,214.77499999999998
LOMO,berlin,2016,p10,ridge_dev,196.36666666666667,219.2709421793666,214.77499999999998
LOMO,berlin,2017,p10,ridge_dev,196.56833333333333,217.68580286972696,214.77499999999998
LOMO,berlin,2018,p10,ridge_dev,198.165,216.2731151231785,214.77499999999998
LOMO,berlin,2019,p10,ridge_dev,186.31666666666663,212.91669956186226,214.77499999999998
LOMO,boston,2005,p10,ridge_dev,194.045,214.81369301610087,214.77499999999998
LOMO,boston,2006,p10,ridge_dev,188.60166666666663,212.97314552995257,214.77499999999998
LOMO,boston,2007,p10,ridge_dev,191.035,210.8307588680954,214.77499999999998
LOMO,boston,2008,p10,ridge_dev,188.58333333333331,213.88001596439923,214.77499999999998
LOMO,boston,2009,p10,ridge_dev,187.4333333333333,211.38281698134716,214.77499999999998
LOMO,boston,2010,p10,ridge_dev,187.58666666666667,211.1480548321759,214.77499999999998
LOMO,boston,2011,p10,ridge_dev,186.8,212.64439056172463,214.77499999999998
LOMO,boston,2012,p10,ridge_dev,203.03333333333333,217.49732481474595,214.77499999999998
LOMO,boston,2013,p10,ridge_dev,181.22833333333327,213.18901006828952,214.77499999999998
LOMO,boston,2014,p10,ridge_dev,184.78333333333333,214.2475947674121,214.77499999999998
LOMO,boston,2015,p10,ridge_dev,180.06166666666667,202.3383235258177,214.77499999999998
LOMO,boston,2016,p10,ridge_dev,188.6833333333333,213.96897240733054,214.77499999999998
LOMO,boston,2017,p10,ridge_dev,189.18166666666667,214.66034627586146,214.77499999999998
LOMO,boston,2018,p10,ridge_dev,185.35,186.88093313334116,214.77499999999998
LOMO,boston,2019,p10,ridge_dev,180.2333333333333,205.09934157868435,214.77499999999998
LOMO,chicago,2005,p10,ridge_dev,208.26666666666668,214.21067829998594,213.24416666666667
LOMO,chicago,2006,p10,ridge_dev,204.55,209.84235695695148,213.24416666666667
LOMO,chicago,2007,p10,ridge_dev,230.4833333333333,216.19350577207797,213.24416666666667
LOMO,chicago,2008,p10,ridge_dev,219.47333333333333,217.38583750651037,213.24416666666667
LOMO,chicago,2009,p10,ridge_dev,206.08,211.32382144738256,213.24416666666667
LOMO,chicago,2010,p10,ridge_dev,214.95,217.21963147384196,213.24416666666667
LOMO,chicago,2011,p10,ridge_dev,213.9833333333333,216.40467060876605,213.24416666666667
LOMO,chicago,2012,p10,ridge_dev,208.13333333333333,211.69176626491634,213.24416666666667
LOMO,chicago,2013,p10,ridge_dev,208.6,214.0230867686441,213.24416666666667
LOMO,chicago,2014,p10,ridge_dev,206.61666666666667,213.9109865775717,213.24416666666667
LOMO,chicago,2015,p10,ridge_dev,207.51666666666668,215.68235745154465,213.24416666666667
LOMO,chicago,2016,p10,ridge_dev,207.08333333333331,214.3219623363298,213.24416666666667
LOMO,chicago,2017,p10,ridge_dev,211.21666666666667,215.8233379123218,213.24416666666667
LOMO,chicago,2018,p10,ridge_dev,204.05,210.12626525320303,213.24416666666667
LOMO,chicago,2019,p10,ridge_dev,198.275,211.78338427537778,213.24416666666667
LOMO,chicago,2022,p10,ridge_dev,197.0233333333333,214.71903847197652,213.24416666666667
LOMO,chicago,2023,p10,ridge_dev,189.16666666666663,211.9017522096817,213.24416666666667
LOMO,durban,2022,p10,ridge_dev,172.715,209.24708296909355,210.83666666666664
LOMO,durban,2024,p10,ridge_dev,178.435,211.19698000508671,210.83666666666664
LOMO,durban,2025,p10,ridge_dev,190.19666666666663,210.05109594090305,210.83666666666664
LOMO,honolulu,2005,p10,ridge_dev,244.23,212.24071182240584,207.81666666666666
LOMO,honolulu,2006,p10,ridge_dev,248.12333333333336,212.72563472373534,207.81666666666666
LOMO,honolulu,2007,p10,ridge_dev,250.9,210.5525454842617,207.81666666666666
LOMO,honolulu,2008,p10,ridge_dev,250.04333333333332,208.99935983525233,207.81666666666666
LOMO,honolulu,2009,p10,ridge_dev,247.7333333333333,211.7820360503111,207.81666666666666
LOMO,honolulu,2010,p10,ridge_dev,252.80666666666667,210.13081891696893,207.81666666666666
LOMO,honolulu,2011,p10,ridge_dev,250.38666666666668,210.5437597634075,207.81666666666666
LOMO,honolulu,2012,p10,ridge_dev,254.75,210.99156746769367,207.81666666666666
LOMO,honolulu,2013,p10,ridge_dev,259.3333333333333,210.40072982309752,207.81666666666666
LOMO,honolulu,2014,p10,ridge_dev,254.2,210.19922482960484,207.81666666666666
LOMO,honolulu,2015,p10,ridge_dev,262.9,209.53691995493259,207.81666666666666
LOMO,honolulu,2016,p10,ridge_dev,263.925,209.10763917030664,207.81666666666666
LOMO,honolulu,2017,p10,ridge_dev,260.9333333333333,209.39122088504206,207.81666666666666
LOMO,honolulu,2018,p10,ridge_dev,265.81666666666666,210.80420039570208,207.81666666666666
LOMO,honolulu,2019,p10,ridge_dev,266.63666666666666,208.55065895137957,207.81666666666666
LOMO,long_beach,2010,p10,ridge_dev,222.5,207.82235494721235,208.13333333333333
LOMO,long_beach,2011,p10,ridge_dev,224.55666666666667,208.8408740633504,208.13333333333333
LOMO,long_beach,2012,p10,ridge_dev,228.29666666666668,209.05985576191475,208.13333333333333
LOMO,long_beach,2013,p10,ridge_dev,217.44166666666663,207.267173653572,208.13333333333333
LOMO,long_beach,2014,p10,ridge_dev,222.60833333333332,208.66999956682204,208.13333333333333
LOMO,long_beach,2015,p10,ridge_dev,233.96833333333333,211.10490022577915,208.13333333333333
LOMO,long_beach,2016,p10,ridge_dev,216.85,209.46724014699134,208.13333333333333
LOMO,long_beach,2017,p10,ridge_dev,220.58333333333331,208.04961834159496,208.13333333333333
LOMO,long_beach,2018,p10,ridge_dev,220.70666666666668,207.86793286315884,208.13333333333333
LOMO,long_beach,2019,p10,ridge_dev,216.04666666666665,207.098720135157,208.13333333333333
LOMO,maui,2010,p10,ridge_dev,232.64666666666668,210.63898506860068,208.7
LOMO,maui,2011,p10,ridge_dev,233.88,211.34997774956048,208.7
LOMO,maui,2012,p10,ridge_dev,227.85666666666663,210.89555234942776,208.7
LOMO,maui,2013,p10,ridge_dev,235.15,210.8746913058857,208.7
LOMO,maui,2014,p10,ridge_dev,239.25666666666663,209.20198389074517,208.7
LOMO,nyc,2005,p10,ridge_dev,217.06166666666667,215.16023051820304,212.59999999999997
LOMO,nyc,2006,p10,ridge_dev,208.05,211.614722765184,212.59999999999997
LOMO,nyc,2007,p10,ridge_dev,208.8,211.40806397975638,212.59999999999997
LOMO,nyc,2008,p10,ridge_dev,205.88333333333333,210.80941384814236,212.59999999999997
LOMO,nyc,2009,p10,ridge_dev,206.47166666666664,212.0343544727849,212.59999999999997
LOMO,nyc,2010,p10,ridge_dev,208.07333333333332,210.26887866881268,212.59999999999997
LOMO,nyc,2011,p10,ridge_dev,207.0283333333333,211.2522663600216,212.59999999999997
LOMO,nyc,2013,p10,ridge_dev,210.60666666666668,210.41338956859278,212.59999999999997
LOMO,nyc,2014,p10,ridge_dev,213.27166666666668,208.96911639612156,212.59999999999997
LOMO,nyc,2015,p10,ridge_dev,214.6,211.46099747110938,212.59999999999997
LOMO,nyc,2016,p10,ridge_dev,213.21666666666667,211.33483097058405,212.59999999999997
LOMO,nyc,2017,p10,ridge_dev,211.06666666666663,211.36937791123268,212.59999999999997
LOMO,nyc,2018,p10,ridge_dev,209.68833333333333,211.10992819792764,212.59999999999997
LOMO,nyc,2019,p10,ridge_dev,206.81666666666663,209.8063624055092,212.59999999999997
LOMO,nyc,2022,p10,ridge_dev,218.76666666666668,213.1188527019769,212.59999999999997
LOMO,nyc,2023,p10,ridge_dev,207.58333333333331,213.0065527194067,212.59999999999997
LOMO,nyc,2024,p10,ridge_dev,201.9,210.09348102430846,212.59999999999997
LOMO,rio,2023,p10,ridge_dev,203.44333333333333,210.62999017220568,210.83666666666664
LOMO,rio,2024,p10,ridge_dev,201.26833333333332,210.17047977036515,210.83666666666664
LOMO,rio,2025,p10,ridge_dev,204.92666666666668,210.24874414918875,210.83666666666664
LOMO,savannah,2011,p10,ridge_dev,217.8583333333333,208.44139002831966,208.2
LOMO,savannah,2012,p10,ridge_dev,218.7083333333333,210.73595149249994,208.2
LOMO,savannah,2013,p10,ridge_dev,218.63,209.8942176769499,208.2
LOMO,savannah,2014,p10,ridge_dev,219.40666666666667,209.37511332188257,208.2
LOMO,savannah,2015,p10,ridge_dev,210.08333333333331,210.76278193272765,208.2
LOMO,savannah,2016,p10,ridge_dev,226.24666666666667,209.56748298843218,208.2
LOMO,savannah,2017,p10,ridge_dev,232.57666666666668,211.23231902467683,208.2
LOMO,savannah,2018,p10,ridge_dev,216.58,208.3197305245183,208.2
LOMO,savannah,2019,p10,ridge_dev,220.29666666666665,205.67754838009404,208.2
LOMO,singapore,2014,p10,ridge_dev,268.43333333333334,211.41309646226952,208.26666666666668
LOMO,singapore,2015,p10,ridge_dev,271.78000000000003,211.93364153171552,208.26666666666668
LOMO,singapore,2016,p10,ridge_dev,262.2683333333333,211.7376145192906,208.26666666666668
LOMO,singapore,2017,p10,ridge_dev,262.8066666666667,211.07259827785708,208.26666666666668
LOMO,singapore,2018,p10,ridge_dev,259.71666666666664,210.79032649624023,208.26666666666668
LOMO,singapore,2019,p10,ridge_dev,269.0566666666666,202.48353965516137,208.26666666666668
LOMO,singapore,2022,p10,ridge_dev,238.2,210.3171098802518,208.26666666666668
LOMO,singapore,2023,p10,ridge_dev,246.69666666666663,209.49702850604726,208.26666666666668
LOMO,berlin,2005,p10,gbm_histogramas_dev,199.36666666666667,220.94041086153345,214.77499999999998
LOMO,berlin,2006,p10,gbm_histogramas_dev,203.75333333333336,228.1188239915337,214.77499999999998
LOMO,berlin,2007,p10,gbm_histogramas_dev,197.9,219.18180437009022,214.77499999999998
LOMO,berlin,2008,p10,gbm_histogramas_dev,196.81833333333333,215.94907303475907,214.77499999999998
LOMO,berlin,2009,p10,gbm_histogramas_dev,200.6,219.19919844515397,214.77499999999998
LOMO,berlin,2010,p10,gbm_histogramas_dev,197.1,209.77530560747962,214.77499999999998
LOMO,berlin,2011,p10,gbm_histogramas_dev,198.0,219.42317748965402,214.77499999999998
LOMO,berlin,2012,p10,gbm_histogramas_dev,196.2333333333333,215.7834853734755,214.77499999999998
LOMO,berlin,2013,p10,gbm_histogramas_dev,195.5,215.65761414022427,214.77499999999998
LOMO,berlin,2014,p10,gbm_histogramas_dev,195.6833333333333,216.22340193765018,214.77499999999998
LOMO,berlin,2015,p10,gbm_histogramas_dev,193.76666666666668,215.25203468438616,214.77499999999998
LOMO,berlin,2016,p10,gbm_histogramas_dev,196.36666666666667,218.79785623929882,214.77499999999998
LOMO,berlin,2017,p10,gbm_histogramas_dev,196.56833333333333,218.8716004727968,214.77499999999998
LOMO,berlin,2018,p10,gbm_histogramas_dev,198.165,213.42075806858276,214.77499999999998
LOMO,berlin,2019,p10,gbm_histogramas_dev,186.31666666666663,209.61415558752066,214.77499999999998
LOMO,boston,2005,p10,gbm_histogramas_dev,194.045,214.94193920872965,214.77499999999998
LOMO,boston,2006,p10,gbm_histogramas_dev,188.60166666666663,211.63633084619988,214.77499999999998
LOMO,boston,2007,p10,gbm_histogramas_dev,191.035,213.08638526827184,214.77499999999998
LOMO,boston,2008,p10,gbm_histogramas_dev,188.58333333333331,211.43065331895792,214.77499999999998
LOMO,boston,2009,p10,gbm_histogramas_dev,187.4333333333333,211.7357680530195,214.77499999999998
LOMO,boston,2010,p10,gbm_histogramas_dev,187.58666666666667,213.01563934977756,214.77499999999998
LOMO,boston,2011,p10,gbm_histogramas_dev,186.8,215.0085254533969,214.77499999999998
LOMO,boston,2012,p10,gbm_histogramas_dev,203.03333333333333,225.32456878672338,214.77499999999998
LOMO,boston,2013,p10,gbm_histogramas_dev,181.22833333333327,212.9552179357124,214.77499999999998
LOMO,boston,2014,p10,gbm_histogramas_dev,184.78333333333333,216.14331531876263,214.77499999999998
LOMO,boston,2015,p10,gbm_histogramas_dev,180.06166666666667,208.77240520301365,214.77499999999998
LOMO,boston,2016,p10,gbm_histogramas_dev,188.6833333333333,214.6899798275409,214.77499999999998
LOMO,boston,2017,p10,gbm_histogramas_dev,189.18166666666667,220.5401580179897,214.77499999999998
LOMO,boston,2018,p10,gbm_histogramas_dev,185.35,208.6814635187368,214.77499999999998
LOMO,boston,2019,p10,gbm_histogramas_dev,180.2333333333333,214.63640263585273,214.77499999999998
LOMO,chicago,2005,p10,gbm_histogramas_dev,208.26666666666668,211.24130516310777,213.24416666666667
LOMO,chicago,2006,p10,gbm_histogramas_dev,204.55,214.15217307357557,213.24416666666667
LOMO,chicago,2007,p10,gbm_histogramas_dev,230.4833333333333,222.01830211973552,213.24416666666667
LOMO,chicago,2008,p10,gbm_histogramas_dev,219.47333333333333,215.33490954835332,213.24416666666667
LOMO,chicago,2009,p10,gbm_histogramas_dev,206.08,209.8398686220453,213.24416666666667
LOMO,chicago,2010,p10,gbm_histogramas_dev,214.95,222.2910752984098,213.24416666666667
LOMO,chicago,2011,p10,gbm_histogramas_dev,213.9833333333333,218.6440945045208,213.24416666666667
LOMO,chicago,2012,p10,gbm_histogramas_dev,208.13333333333333,211.09550117829966,213.24416666666667
LOMO,chicago,2013,p10,gbm_histogramas_dev,208.6,210.3936995674933,213.24416666666667
LOMO,chicago,2014,p10,gbm_histogramas_dev,206.61666666666667,211.87807250570148,213.24416666666667
LOMO,chicago,2015,p10,gbm_histogramas_dev,207.51666666666668,213.6348291322517,213.24416666666667
LOMO,chicago,2016,p10,gbm_histogramas_dev,207.08333333333331,211.13830892486925,213.24416666666667
LOMO,chicago,2017,p10,gbm_histogramas_dev,211.21666666666667,214.97481660777666,213.24416666666667
LOMO,chicago,2018,p10,gbm_histogramas_dev,204.05,212.3170434707614,213.24416666666667
LOMO,chicago,2019,p10,gbm_histogramas_dev,198.275,211.79744126010632,213.24416666666667
LOMO,chicago,2022,p10,gbm_histogramas_dev,197.0233333333333,213.46510615656294,213.24416666666667
LOMO,chicago,2023,p10,gbm_histogramas_dev,189.16666666666663,210.6599187337656,213.24416666666667
LOMO,durban,2022,p10,gbm_histogramas_dev,172.715,205.42376369320885,210.83666666666664
LOMO,durban,2024,p10,gbm_histogramas_dev,178.435,204.22651810554146,210.83666666666664
LOMO,durban,2025,p10,gbm_histogramas_dev,190.19666666666663,210.63265724392642,210.83666666666664
LOMO,honolulu,2005,p10,gbm_histogramas_dev,244.23,210.45350661011662,207.81666666666666
LOMO,honolulu,2006,p10,gbm_histogramas_dev,248.12333333333336,211.14104802819256,207.81666666666666
LOMO,honolulu,2007,p10,gbm_histogramas_dev,250.9,204.2549704477395,207.81666666666666
LOMO,honolulu,2008,p10,gbm_histogramas_dev,250.04333333333332,204.58485830470934,207.81666666666666
LOMO,honolulu,2009,p10,gbm_histogramas_dev,247.7333333333333,210.59997615973654,207.81666666666666
LOMO,honolulu,2010,p10,gbm_histogramas_dev,252.80666666666667,209.75109504327085,207.81666666666666
LOMO,honolulu,2011,p10,gbm_histogramas_dev,250.38666666666668,210.4186816826242,207.81666666666666
LOMO,honolulu,2012,p10,gbm_histogramas_dev,254.75,210.88685539077343,207.81666666666666
LOMO,honolulu,2013,p10,gbm_histogramas_dev,259.3333333333333,210.89698486084842,207.81666666666666
LOMO,honolulu,2014,p10,gbm_histogramas_dev,254.2,209.66034935022597,207.81666666666666
LOMO,honolulu,2015,p10,gbm_histogramas_dev,262.9,211.72018121415653,207.81666666666666
LOMO,honolulu,2016,p10,gbm_histogramas_dev,263.925,210.51021655992028,207.81666666666666
LOMO,honolulu,2017,p10,gbm_histogramas_dev,260.9333333333333,209.25432292121715,207.81666666666666
LOMO,honolulu,2018,p10,gbm_histogramas_dev,265.81666666666666,214.2483539963887,207.81666666666666
LOMO,honolulu,2019,p10,gbm_histogramas_dev,266.63666666666666,206.13001459153628,207.81666666666666
LOMO,long_beach,2010,p10,gbm_histogramas_dev,222.5,209.84333661439604,208.13333333333333
LOMO,long_beach,2011,p10,gbm_histogramas_dev,224.55666666666667,208.28172240746673,208.13333333333333
LOMO,long_beach,2012,p10,gbm_histogramas_dev,228.29666666666668,208.67729386672508,208.13333333333333
LOMO,long_beach,2013,p10,gbm_histogramas_dev,217.44166666666663,210.96443164526045,208.13333333333333
LOMO,long_beach,2014,p10,gbm_histogramas_dev,222.60833333333332,211.3575365264643,208.13333333333333
LOMO,long_beach,2015,p10,gbm_histogramas_dev,233.96833333333333,220.8122148628808,208.13333333333333
LOMO,long_beach,2016,p10,gbm_histogramas_dev,216.85,210.14091718305494,208.13333333333333
LOMO,long_beach,2017,p10,gbm_histogramas_dev,220.58333333333331,211.14859298279467,208.13333333333333
LOMO,long_beach,2018,p10,gbm_histogramas_dev,220.70666666666668,211.10308195245509,208.13333333333333
LOMO,long_beach,2019,p10,gbm_histogramas_dev,216.04666666666665,209.00130292707524,208.13333333333333
LOMO,maui,2010,p10,gbm_histogramas_dev,232.64666666666668,208.33868596787715,208.7
LOMO,maui,2011,p10,gbm_histogramas_dev,233.88,206.06814721225908,208.7
LOMO,maui,2012,p10,gbm_histogramas_dev,227.85666666666663,202.04216697923906,208.7
LOMO,maui,2013,p10,gbm_histogramas_dev,235.15,206.29850774222098,208.7
LOMO,maui,2014,p10,gbm_histogramas_dev,239.25666666666663,212.4503794340133,208.7
LOMO,nyc,2005,p10,gbm_histogramas_dev,217.06166666666667,213.25673817499492,212.59999999999997
LOMO,nyc,2006,p10,gbm_histogramas_dev,208.05,210.7138839396815,212.59999999999997
LOMO,nyc,2007,p10,gbm_histogramas_dev,208.8,211.67310997814198,212.59999999999997
LOMO,nyc,2008,p10,gbm_histogramas_dev,205.88333333333333,210.79953607590858,212.59999999999997
LOMO,nyc,2009,p10,gbm_histogramas_dev,206.47166666666664,212.31979370900487,212.59999999999997
LOMO,nyc,2010,p10,gbm_histogramas_dev,208.07333333333332,210.81679034952944,212.59999999999997
LOMO,nyc,2011,p10,gbm_histogramas_dev,207.0283333333333,210.41643380058076,212.59999999999997
LOMO,nyc,2013,p10,gbm_histogramas_dev,210.60666666666668,208.6970180894941,212.59999999999997
LOMO,nyc,2014,p10,gbm_histogramas_dev,213.27166666666668,211.32878965771735,212.59999999999997
LOMO,nyc,2015,p10,gbm_histogramas_dev,214.6,211.81916682154193,212.59999999999997
LOMO,nyc,2016,p10,gbm_histogramas_dev,213.21666666666667,213.32943678813118,212.59999999999997
LOMO,nyc,2017,p10,gbm_histogramas_dev,211.06666666666663,212.9577911171045,212.59999999999997
LOMO,nyc,2018,p10,gbm_histogramas_dev,209.68833333333333,216.68244212531985,212.59999999999997
LOMO,nyc,2019,p10,gbm_histogramas_dev,206.81666666666663,206.11793204366177,212.59999999999997
LOMO,nyc,2022,p10,gbm_histogramas_dev,218.76666666666668,207.50770907217773,212.59999999999997
LOMO,nyc,2023,p10,gbm_histogramas_dev,207.58333333333331,210.46585427184692,212.59999999999997
LOMO,nyc,2024,p10,gbm_histogramas_dev,201.9,205.90590161000938,212.59999999999997
LOMO,rio,2023,p10,gbm_histogramas_dev,203.44333333333333,215.24505937741213,210.83666666666664
LOMO,rio,2024,p10,gbm_histogramas_dev,201.26833333333332,218.27471258217818,210.83666666666664
LOMO,rio,2025,p10,gbm_histogramas_dev,204.92666666666668,217.6000546556956,210.83666666666664
LOMO,savannah,2011,p10,gbm_histogramas_dev,217.8583333333333,203.98383809036665,208.2
LOMO,savannah,2012,p10,gbm_histogramas_dev,218.7083333333333,206.2928369355236,208.2
LOMO,savannah,2013,p10,gbm_histogramas_dev,218.63,205.21342033468912,208.2
LOMO,savannah,2014,p10,gbm_histogramas_dev,219.40666666666667,205.3690219346965,208.2
LOMO,savannah,2015,p10,gbm_histogramas_dev,210.08333333333331,212.8155715437242,208.2
LOMO,savannah,2016,p10,gbm_histogramas_dev,226.24666666666667,206.0196643607829,208.2
LOMO,savannah,2017,p10,gbm_histogramas_dev,232.57666666666668,208.6499535451585,208.2
LOMO,savannah,2018,p10,gbm_histogramas_dev,216.58,201.95729036425942,208.2
LOMO,savannah,2019,p10,gbm_histogramas_dev,220.29666666666665,203.22622663509298,208.2
LOMO,singapore,2014,p10,gbm_histogramas_dev,268.43333333333334,216.8997710466047,208.26666666666668
LOMO,singapore,2015,p10,gbm_histogramas_dev,271.78000000000003,217.31719109039074,208.26666666666668
LOMO,singapore,2016,p10,gbm_histogramas_dev,262.2683333333333,214.30671177863223,208.26666666666668
LOMO,singapore,2017,p10,gbm_histogramas_dev,262.8066666666667,216.44135099115636,208.26666666666668
LOMO,singapore,2018,p10,gbm_histogramas_dev,259.71666666666664,215.7652599426265,208.26666666666668
LOMO,singapore,2019,p10,gbm_histogramas_dev,269.0566666666666,217.48066725835017,208.26666666666668
LOMO,singapore,2022,p10,gbm_histogramas_dev,238.2,215.9864406442447,208.26666666666668
LOMO,singapore,2023,p10,gbm_histogramas_dev,246.69666666666663,215.82667230148036,208.26666666666668
LOMO,berlin,2005,p25,media_global,221.7,248.26478758169932,240.58333333333331
LOMO,berlin,2006,p25,media_global,226.03333333333333,248.26478758169932,240.58333333333331
LOMO,berlin,2007,p25,media_global,218.9333333333333,248.26478758169932,240.58333333333331
LOMO,berlin,2008,p25,media_global,218.5,248.26478758169932,240.58333333333331
LOMO,berlin,2009,p25,media_global,223.4,248.26478758169932,240.58333333333331
LOMO,berlin,2010,p25,media_global,217.6833333333333,248.26478758169932,240.58333333333331
LOMO,berlin,2011,p25,media_global,219.83333333333331,248.26478758169932,240.58333333333331
LOMO,berlin,2012,p25,media_global,216.91666666666663,248.26478758169932,240.58333333333331
LOMO,berlin,2013,p25,media_global,216.56666666666663,248.26478758169932,240.58333333333331
LOMO,berlin,2014,p25,media_global,217.16666666666663,248.26478758169932,240.58333333333331
LOMO,berlin,2015,p25,media_global,215.96666666666667,248.26478758169932,240.58333333333331
LOMO,berlin,2016,p25,media_global,220.01666666666668,248.26478758169932,240.58333333333331
LOMO,berlin,2017,p25,media_global,219.85,248.26478758169932,240.58333333333331
LOMO,berlin,2018,p25,media_global,223.28333333333333,248.26478758169932,240.58333333333331
LOMO,berlin,2019,p25,media_global,209.13333333333333,248.26478758169932,240.58333333333331
LOMO,boston,2005,p25,media_global,211.6833333333333,250.14665032679738,240.58333333333331
LOMO,boston,2006,p25,media_global,205.53333333333333,250.14665032679738,240.58333333333331
LOMO,boston,2007,p25,media_global,208.35,250.14665032679738,240.58333333333331
LOMO,boston,2008,p25,media_global,205.58333333333331,250.14665032679738,240.58333333333331
LOMO,boston,2009,p25,media_global,204.58333333333331,250.14665032679738,240.58333333333331
LOMO,boston,2010,p25,media_global,204.74166666666667,250.14665032679738,240.58333333333331
LOMO,boston,2011,p25,media_global,204.1125,250.14665032679738,240.58333333333331
LOMO,boston,2012,p25,media_global,224.7,250.14665032679738,240.58333333333331
LOMO,boston,2013,p25,media_global,199.58333333333331,250.14665032679738,240.58333333333331
LOMO,boston,2014,p25,media_global,205.56666666666663,250.14665032679738,240.58333333333331
LOMO,boston,2015,p25,media_global,198.63333333333333,250.14665032679738,240.58333333333331
LOMO,boston,2016,p25,media_global,206.4333333333333,250.14665032679738,240.58333333333331
LOMO,boston,2017,p25,media_global,208.31666666666663,250.14665032679738,240.58333333333331
LOMO,boston,2018,p25,media_global,204.77916666666667,250.14665032679738,240.58333333333331
LOMO,boston,2019,p25,media_global,200.4333333333333,250.14665032679738,240.58333333333331
LOMO,chicago,2005,p25,media_global,231.3625,246.2168333333333,238.03749999999997
LOMO,chicago,2006,p25,media_global,229.29583333333332,246.2168333333333,238.03749999999997
LOMO,chicago,2007,p25,media_global,260.05,246.2168333333333,238.03749999999997
LOMO,chicago,2008,p25,media_global,248.3,246.2168333333333,238.03749999999997
LOMO,chicago,2009,p25,media_global,230.58333333333331,246.2168333333333,238.03749999999997
LOMO,chicago,2010,p25,media_global,243.81666666666663,246.2168333333333,238.03749999999997
LOMO,chicago,2011,p25,media_global,240.81666666666663,246.2168333333333,238.03749999999997
LOMO,chicago,2012,p25,media_global,232.88333333333333,246.2168333333333,238.03749999999997
LOMO,chicago,2013,p25,media_global,233.81666666666663,246.2168333333333,238.03749999999997
LOMO,chicago,2014,p25,media_global,232.71666666666667,246.2168333333333,238.03749999999997
LOMO,chicago,2015,p25,media_global,234.21666666666667,246.2168333333333,238.03749999999997
LOMO,chicago,2016,p25,media_global,232.76666666666668,246.2168333333333,238.03749999999997
LOMO,chicago,2017,p25,media_global,240.35,246.2168333333333,238.03749999999997
LOMO,chicago,2018,p25,media_global,230.61666666666667,246.2168333333333,238.03749999999997
LOMO,chicago,2019,p25,media_global,225.61666666666667,246.2168333333333,238.03749999999997
LOMO,chicago,2022,p25,media_global,223.9,246.2168333333333,238.03749999999997
LOMO,chicago,2023,p25,media_global,215.2,246.2168333333333,238.03749999999997
LOMO,durban,2022,p25,media_global,200.7625,245.40551900584794,236.95833333333331
LOMO,durban,2024,p25,media_global,210.94166666666663,245.40551900584794,236.95833333333331
LOMO,durban,2025,p25,media_global,220.0583333333333,245.40551900584794,236.95833333333331
LOMO,honolulu,2005,p25,media_global,284.68333333333334,236.59901960784313,232.74166666666667
LOMO,honolulu,2006,p25,media_global,287.4166666666667,236.59901960784313,232.74166666666667
LOMO,honolulu,2007,p25,media_global,292.3833333333333,236.59901960784313,232.74166666666667
LOMO,honolulu,2008,p25,media_global,289.68333333333334,236.59901960784313,232.74166666666667
LOMO,honolulu,2009,p25,media_global,288.65,236.59901960784313,232.74166666666667
LOMO,honolulu,2010,p25,media_global,294.3416666666667,236.59901960784313,232.74166666666667
LOMO,honolulu,2011,p25,media_global,290.3416666666667,236.59901960784313,232.74166666666667
LOMO,honolulu,2012,p25,media_global,294.62916666666666,236.59901960784313,232.74166666666667
LOMO,honolulu,2013,p25,media_global,306.51666666666665,236.59901960784313,232.74166666666667
LOMO,honolulu,2014,p25,media_global,294.375,236.59901960784313,232.74166666666667
LOMO,honolulu,2015,p25,media_global,309.4166666666667,236.59901960784313,232.74166666666667
LOMO,honolulu,2016,p25,media_global,310.7625,236.59901960784313,232.74166666666667
LOMO,honolulu,2017,p25,media_global,306.2333333333333,236.59901960784313,232.74166666666667
LOMO,honolulu,2018,p25,media_global,309.4583333333333,236.59901960784313,232.74166666666667
LOMO,honolulu,2019,p25,media_global,316.0,236.59901960784313,232.74166666666667
LOMO,long_beach,2010,p25,media_global,250.075,243.82464953271028,233.6
LOMO,long_beach,2011,p25,media_global,253.59166666666667,243.82464953271028,233.6
LOMO,long_beach,2012,p25,media_global,262.8125,243.82464953271028,233.6
LOMO,long_beach,2013,p25,media_global,242.2458333333333,243.82464953271028,233.6
LOMO,long_beach,2014,p25,media_global,248.625,243.82464953271028,233.6
LOMO,long_beach,2015,p25,media_global,270.8958333333333,243.82464953271028,233.6
LOMO,long_beach,2016,p25,media_global,245.71666666666667,243.82464953271028,233.6
LOMO,long_beach,2017,p25,media_global,249.88333333333333,243.82464953271028,233.6
LOMO,long_beach,2018,p25,media_global,249.75,243.82464953271028,233.6
LOMO,long_beach,2019,p25,media_global,245.15833333333333,243.82464953271028,233.6
LOMO,maui,2010,p25,media_global,266.32916666666665,243.46744791666666,234.01666666666665
LOMO,maui,2011,p25,media_global,262.93333333333334,243.46744791666666,234.01666666666665
LOMO,maui,2012,p25,media_global,262.2333333333333,243.46744791666666,234.01666666666665
LOMO,maui,2013,p25,media_global,272.825,243.46744791666666,234.01666666666665
LOMO,maui,2014,p25,media_global,275.31666666666666,243.46744791666666,234.01666666666665
LOMO,nyc,2005,p25,media_global,243.9375,246.03991666666664,239.89999999999998
LOMO,nyc,2006,p25,media_global,232.53333333333333,246.03991666666664,239.89999999999998
LOMO,nyc,2007,p25,media_global,233.6833333333333,246.03991666666664,239.89999999999998
LOMO,nyc,2008,p25,media_global,229.53333333333333,246.03991666666664,239.89999999999998
LOMO,nyc,2009,p25,media_global,229.88333333333333,246.03991666666664,239.89999999999998
LOMO,nyc,2010,p25,media_global,231.7083333333333,246.03991666666664,239.89999999999998
LOMO,nyc,2011,p25,media_global,231.85,246.03991666666664,239.89999999999998
LOMO,nyc,2013,p25,media_global,233.6,246.03991666666664,239.89999999999998
LOMO,nyc,2014,p25,media_global,236.75,246.03991666666664,239.89999999999998
LOMO,nyc,2015,p25,media_global,239.81666666666663,246.03991666666664,239.89999999999998
LOMO,nyc,2016,p25,media_global,238.89166666666665,246.03991666666664,239.89999999999998
LOMO,nyc,2017,p25,media_global,237.1833333333333,246.03991666666664,239.89999999999998
LOMO,nyc,2018,p25,media_global,237.16666666666663,246.03991666666664,239.89999999999998
LOMO,nyc,2019,p25,media_global,234.6833333333333,246.03991666666664,239.89999999999998
LOMO,nyc,2022,p25,media_global,247.9958333333333,246.03991666666664,239.89999999999998
LOMO,nyc,2023,p25,media_global,235.91666666666663,246.03991666666664,239.89999999999998
LOMO,nyc,2024,p25,media_global,228.86666666666667,246.03991666666664,239.89999999999998
LOMO,rio,2023,p25,media_global,226.96666666666667,245.00105994152045,236.95833333333331
LOMO,rio,2024,p25,media_global,224.7375,245.00105994152045,236.95833333333331
LOMO,rio,2025,p25,media_global,226.16666666666663,245.00105994152045,236.95833333333331
LOMO,savannah,2011,p25,media_global,239.45,244.61952160493823,233.74999999999997
LOMO,savannah,2012,p25,media_global,242.21666666666667,244.61952160493823,233.74999999999997
LOMO,savannah,2013,p25,media_global,241.7083333333333,244.61952160493823,233.74999999999997
LOMO,savannah,2014,p25,media_global,240.8958333333333,244.61952160493823,233.74999999999997
LOMO,savannah,2015,p25,media_global,229.2125,244.61952160493823,233.74999999999997
LOMO,savannah,2016,p25,media_global,251.58333333333331,244.61952160493823,233.74999999999997
LOMO,savannah,2017,p25,media_global,259.45,244.61952160493823,233.74999999999997
LOMO,savannah,2018,p25,media_global,241.53333333333333,244.61952160493823,233.74999999999997
LOMO,savannah,2019,p25,media_global,243.03333333333333,244.61952160493823,233.74999999999997
LOMO,singapore,2014,p25,media_global,310.0833333333333,240.36995412844033,233.6833333333333
LOMO,singapore,2015,p25,media_global,311.26666666666665,240.36995412844033,233.6833333333333
LOMO,singapore,2016,p25,media_global,304.30833333333334,240.36995412844033,233.6833333333333
LOMO,singapore,2017,p25,media_global,307.3666666666667,240.36995412844033,233.6833333333333
LOMO,singapore,2018,p25,media_global,302.93333333333334,240.36995412844033,233.6833333333333
LOMO,singapore,2019,p25,media_global,310.01666666666665,240.36995412844033,233.6833333333333
LOMO,singapore,2022,p25,media_global,278.3666666666667,240.36995412844033,233.6833333333333
LOMO,singapore,2023,p25,media_global,283.325,240.36995412844033,233.6833333333333
LOMO,berlin,2005,p25,referencia_historica,221.7,240.58333333333331,240.58333333333331
LOMO,berlin,2006,p25,referencia_historica,226.03333333333333,240.58333333333331,240.58333333333331
LOMO,berlin,2007,p25,referencia_historica,218.9333333333333,240.58333333333331,240.58333333333331
LOMO,berlin,2008,p25,referencia_historica,218.5,240.58333333333331,240.58333333333331
LOMO,berlin,2009,p25,referencia_historica,223.4,240.58333333333331,240.58333333333331
LOMO,berlin,2010,p25,referencia_historica,217.6833333333333,240.58333333333331,240.58333333333331
LOMO,berlin,2011,p25,referencia_historica,219.83333333333331,240.58333333333331,240.58333333333331
LOMO,berlin,2012,p25,referencia_historica,216.91666666666663,240.58333333333331,240.58333333333331
LOMO,berlin,2013,p25,referencia_historica,216.56666666666663,240.58333333333331,240.58333333333331
LOMO,berlin,2014,p25,referencia_historica,217.16666666666663,240.58333333333331,240.58333333333331
LOMO,berlin,2015,p25,referencia_historica,215.96666666666667,240.58333333333331,240.58333333333331
LOMO,berlin,2016,p25,referencia_historica,220.01666666666668,240.58333333333331,240.58333333333331
LOMO,berlin,2017,p25,referencia_historica,219.85,240.58333333333331,240.58333333333331
LOMO,berlin,2018,p25,referencia_historica,223.28333333333333,240.58333333333331,240.58333333333331
LOMO,berlin,2019,p25,referencia_historica,209.13333333333333,240.58333333333331,240.58333333333331
LOMO,boston,2005,p25,referencia_historica,211.6833333333333,240.58333333333331,240.58333333333331
LOMO,boston,2006,p25,referencia_historica,205.53333333333333,240.58333333333331,240.58333333333331
LOMO,boston,2007,p25,referencia_historica,208.35,240.58333333333331,240.58333333333331
LOMO,boston,2008,p25,referencia_historica,205.58333333333331,240.58333333333331,240.58333333333331
LOMO,boston,2009,p25,referencia_historica,204.58333333333331,240.58333333333331,240.58333333333331
LOMO,boston,2010,p25,referencia_historica,204.74166666666667,240.58333333333331,240.58333333333331
LOMO,boston,2011,p25,referencia_historica,204.1125,240.58333333333331,240.58333333333331
LOMO,boston,2012,p25,referencia_historica,224.7,240.58333333333331,240.58333333333331
LOMO,boston,2013,p25,referencia_historica,199.58333333333331,240.58333333333331,240.58333333333331
LOMO,boston,2014,p25,referencia_historica,205.56666666666663,240.58333333333331,240.58333333333331
LOMO,boston,2015,p25,referencia_historica,198.63333333333333,240.58333333333331,240.58333333333331
LOMO,boston,2016,p25,referencia_historica,206.4333333333333,240.58333333333331,240.58333333333331
LOMO,boston,2017,p25,referencia_historica,208.31666666666663,240.58333333333331,240.58333333333331
LOMO,boston,2018,p25,referencia_historica,204.77916666666667,240.58333333333331,240.58333333333331
LOMO,boston,2019,p25,referencia_historica,200.4333333333333,240.58333333333331,240.58333333333331
LOMO,chicago,2005,p25,referencia_historica,231.3625,238.03749999999997,238.03749999999997
LOMO,chicago,2006,p25,referencia_historica,229.29583333333332,238.03749999999997,238.03749999999997
LOMO,chicago,2007,p25,referencia_historica,260.05,238.03749999999997,238.03749999999997
LOMO,chicago,2008,p25,referencia_historica,248.3,238.03749999999997,238.03749999999997
LOMO,chicago,2009,p25,referencia_historica,230.58333333333331,238.03749999999997,238.03749999999997
LOMO,chicago,2010,p25,referencia_historica,243.81666666666663,238.03749999999997,238.03749999999997
LOMO,chicago,2011,p25,referencia_historica,240.81666666666663,238.03749999999997,238.03749999999997
LOMO,chicago,2012,p25,referencia_historica,232.88333333333333,238.03749999999997,238.03749999999997
LOMO,chicago,2013,p25,referencia_historica,233.81666666666663,238.03749999999997,238.03749999999997
LOMO,chicago,2014,p25,referencia_historica,232.71666666666667,238.03749999999997,238.03749999999997
LOMO,chicago,2015,p25,referencia_historica,234.21666666666667,238.03749999999997,238.03749999999997
LOMO,chicago,2016,p25,referencia_historica,232.76666666666668,238.03749999999997,238.03749999999997
LOMO,chicago,2017,p25,referencia_historica,240.35,238.03749999999997,238.03749999999997
LOMO,chicago,2018,p25,referencia_historica,230.61666666666667,238.03749999999997,238.03749999999997
LOMO,chicago,2019,p25,referencia_historica,225.61666666666667,238.03749999999997,238.03749999999997
LOMO,chicago,2022,p25,referencia_historica,223.9,238.03749999999997,238.03749999999997
LOMO,chicago,2023,p25,referencia_historica,215.2,238.03749999999997,238.03749999999997
LOMO,durban,2022,p25,referencia_historica,200.7625,236.95833333333331,236.95833333333331
LOMO,durban,2024,p25,referencia_historica,210.94166666666663,236.95833333333331,236.95833333333331
LOMO,durban,2025,p25,referencia_historica,220.0583333333333,236.95833333333331,236.95833333333331
LOMO,honolulu,2005,p25,referencia_historica,284.68333333333334,232.74166666666667,232.74166666666667
LOMO,honolulu,2006,p25,referencia_historica,287.4166666666667,232.74166666666667,232.74166666666667
LOMO,honolulu,2007,p25,referencia_historica,292.3833333333333,232.74166666666667,232.74166666666667
LOMO,honolulu,2008,p25,referencia_historica,289.68333333333334,232.74166666666667,232.74166666666667
LOMO,honolulu,2009,p25,referencia_historica,288.65,232.74166666666667,232.74166666666667
LOMO,honolulu,2010,p25,referencia_historica,294.3416666666667,232.74166666666667,232.74166666666667
LOMO,honolulu,2011,p25,referencia_historica,290.3416666666667,232.74166666666667,232.74166666666667
LOMO,honolulu,2012,p25,referencia_historica,294.62916666666666,232.74166666666667,232.74166666666667
LOMO,honolulu,2013,p25,referencia_historica,306.51666666666665,232.74166666666667,232.74166666666667
LOMO,honolulu,2014,p25,referencia_historica,294.375,232.74166666666667,232.74166666666667
LOMO,honolulu,2015,p25,referencia_historica,309.4166666666667,232.74166666666667,232.74166666666667
LOMO,honolulu,2016,p25,referencia_historica,310.7625,232.74166666666667,232.74166666666667
LOMO,honolulu,2017,p25,referencia_historica,306.2333333333333,232.74166666666667,232.74166666666667
LOMO,honolulu,2018,p25,referencia_historica,309.4583333333333,232.74166666666667,232.74166666666667
LOMO,honolulu,2019,p25,referencia_historica,316.0,232.74166666666667,232.74166666666667
LOMO,long_beach,2010,p25,referencia_historica,250.075,233.6,233.6
LOMO,long_beach,2011,p25,referencia_historica,253.59166666666667,233.6,233.6
LOMO,long_beach,2012,p25,referencia_historica,262.8125,233.6,233.6
LOMO,long_beach,2013,p25,referencia_historica,242.2458333333333,233.6,233.6
LOMO,long_beach,2014,p25,referencia_historica,248.625,233.6,233.6
LOMO,long_beach,2015,p25,referencia_historica,270.8958333333333,233.6,233.6
LOMO,long_beach,2016,p25,referencia_historica,245.71666666666667,233.6,233.6
LOMO,long_beach,2017,p25,referencia_historica,249.88333333333333,233.6,233.6
LOMO,long_beach,2018,p25,referencia_historica,249.75,233.6,233.6
LOMO,long_beach,2019,p25,referencia_historica,245.15833333333333,233.6,233.6
LOMO,maui,2010,p25,referencia_historica,266.32916666666665,234.01666666666665,234.01666666666665
LOMO,maui,2011,p25,referencia_historica,262.93333333333334,234.01666666666665,234.01666666666665
LOMO,maui,2012,p25,referencia_historica,262.2333333333333,234.01666666666665,234.01666666666665
LOMO,maui,2013,p25,referencia_historica,272.825,234.01666666666665,234.01666666666665
LOMO,maui,2014,p25,referencia_historica,275.31666666666666,234.01666666666665,234.01666666666665
LOMO,nyc,2005,p25,referencia_historica,243.9375,239.89999999999998,239.89999999999998
LOMO,nyc,2006,p25,referencia_historica,232.53333333333333,239.89999999999998,239.89999999999998
LOMO,nyc,2007,p25,referencia_historica,233.6833333333333,239.89999999999998,239.89999999999998
LOMO,nyc,2008,p25,referencia_historica,229.53333333333333,239.89999999999998,239.89999999999998
LOMO,nyc,2009,p25,referencia_historica,229.88333333333333,239.89999999999998,239.89999999999998
LOMO,nyc,2010,p25,referencia_historica,231.7083333333333,239.89999999999998,239.89999999999998
LOMO,nyc,2011,p25,referencia_historica,231.85,239.89999999999998,239.89999999999998
LOMO,nyc,2013,p25,referencia_historica,233.6,239.89999999999998,239.89999999999998
LOMO,nyc,2014,p25,referencia_historica,236.75,239.89999999999998,239.89999999999998
LOMO,nyc,2015,p25,referencia_historica,239.81666666666663,239.89999999999998,239.89999999999998
LOMO,nyc,2016,p25,referencia_historica,238.89166666666665,239.89999999999998,239.89999999999998
LOMO,nyc,2017,p25,referencia_historica,237.1833333333333,239.89999999999998,239.89999999999998
LOMO,nyc,2018,p25,referencia_historica,237.16666666666663,239.89999999999998,239.89999999999998
LOMO,nyc,2019,p25,referencia_historica,234.6833333333333,239.89999999999998,239.89999999999998
LOMO,nyc,2022,p25,referencia_historica,247.9958333333333,239.89999999999998,239.89999999999998
LOMO,nyc,2023,p25,referencia_historica,235.91666666666663,239.89999999999998,239.89999999999998
LOMO,nyc,2024,p25,referencia_historica,228.86666666666667,239.89999999999998,239.89999999999998
LOMO,rio,2023,p25,referencia_historica,226.96666666666667,236.95833333333331,236.95833333333331
LOMO,rio,2024,p25,referencia_historica,224.7375,236.95833333333331,236.95833333333331
LOMO,rio,2025,p25,referencia_historica,226.16666666666663,236.95833333333331,236.95833333333331
LOMO,savannah,2011,p25,referencia_historica,239.45,233.74999999999997,233.74999999999997
LOMO,savannah,2012,p25,referencia_historica,242.21666666666667,233.74999999999997,233.74999999999997
LOMO,savannah,2013,p25,referencia_historica,241.7083333333333,233.74999999999997,233.74999999999997
LOMO,savannah,2014,p25,referencia_historica,240.8958333333333,233.74999999999997,233.74999999999997
LOMO,savannah,2015,p25,referencia_historica,229.2125,233.74999999999997,233.74999999999997
LOMO,savannah,2016,p25,referencia_historica,251.58333333333331,233.74999999999997,233.74999999999997
LOMO,savannah,2017,p25,referencia_historica,259.45,233.74999999999997,233.74999999999997
LOMO,savannah,2018,p25,referencia_historica,241.53333333333333,233.74999999999997,233.74999999999997
LOMO,savannah,2019,p25,referencia_historica,243.03333333333333,233.74999999999997,233.74999999999997
LOMO,singapore,2014,p25,referencia_historica,310.0833333333333,233.6833333333333,233.6833333333333
LOMO,singapore,2015,p25,referencia_historica,311.26666666666665,233.6833333333333,233.6833333333333
LOMO,singapore,2016,p25,referencia_historica,304.30833333333334,233.6833333333333,233.6833333333333
LOMO,singapore,2017,p25,referencia_historica,307.3666666666667,233.6833333333333,233.6833333333333
LOMO,singapore,2018,p25,referencia_historica,302.93333333333334,233.6833333333333,233.6833333333333
LOMO,singapore,2019,p25,referencia_historica,310.01666666666665,233.6833333333333,233.6833333333333
LOMO,singapore,2022,p25,referencia_historica,278.3666666666667,233.6833333333333,233.6833333333333
LOMO,singapore,2023,p25,referencia_historica,283.325,233.6833333333333,233.6833333333333
LOMO,berlin,2005,p25,ridge_abs,221.7,248.14948949994397,240.58333333333331
LOMO,berlin,2006,p25,ridge_abs,226.03333333333333,251.64148489481465,240.58333333333331
LOMO,berlin,2007,p25,ridge_abs,218.9333333333333,244.58393248442533,240.58333333333331
LOMO,berlin,2008,p25,ridge_abs,218.5,243.51709007713777,240.58333333333331
LOMO,berlin,2009,p25,ridge_abs,223.4,249.52430194331362,240.58333333333331
LOMO,berlin,2010,p25,ridge_abs,217.6833333333333,235.8935710271241,240.58333333333331
LOMO,berlin,2011,p25,ridge_abs,219.83333333333331,248.47202627676052,240.58333333333331
LOMO,berlin,2012,p25,ridge_abs,216.91666666666663,244.18672363014048,240.58333333333331
LOMO,berlin,2013,p25,ridge_abs,216.56666666666663,242.5192981177216,240.58333333333331
LOMO,berlin,2014,p25,ridge_abs,217.16666666666663,246.3254594035041,240.58333333333331
LOMO,berlin,2015,p25,ridge_abs,215.96666666666667,247.0624183048618,240.58333333333331
LOMO,berlin,2016,p25,ridge_abs,220.01666666666668,251.5446771497309,240.58333333333331
LOMO,berlin,2017,p25,ridge_abs,219.85,250.34556951271992,240.58333333333331
LOMO,berlin,2018,p25,ridge_abs,223.28333333333333,242.99224606685956,240.58333333333331
LOMO,berlin,2019,p25,ridge_abs,209.13333333333333,232.85919203810053,240.58333333333331
LOMO,boston,2005,p25,ridge_abs,211.6833333333333,267.7248430049264,240.58333333333331
LOMO,boston,2006,p25,ridge_abs,205.53333333333333,257.8099223481516,240.58333333333331
LOMO,boston,2007,p25,ridge_abs,208.35,238.66896091933273,240.58333333333331
LOMO,boston,2008,p25,ridge_abs,205.58333333333331,267.45128095252824,240.58333333333331
LOMO,boston,2009,p25,ridge_abs,204.58333333333331,256.46276612544517,240.58333333333331
LOMO,boston,2010,p25,ridge_abs,204.74166666666667,258.18993241441314,240.58333333333331
LOMO,boston,2011,p25,ridge_abs,204.1125,265.3939653972941,240.58333333333331
LOMO,boston,2012,p25,ridge_abs,224.7,279.2572605390677,240.58333333333331
LOMO,boston,2013,p25,ridge_abs,199.58333333333331,264.9349785899497,240.58333333333331
LOMO,boston,2014,p25,ridge_abs,205.56666666666663,266.66356146819936,240.58333333333331
LOMO,boston,2015,p25,ridge_abs,198.63333333333333,233.6383215834051,240.58333333333331
LOMO,boston,2016,p25,ridge_abs,206.4333333333333,268.2033490289217,240.58333333333331
LOMO,boston,2017,p25,ridge_abs,208.31666666666663,276.7608923889623,240.58333333333331
LOMO,boston,2018,p25,ridge_abs,204.77916666666667,215.51017472262367,240.58333333333331
LOMO,boston,2019,p25,ridge_abs,200.4333333333333,230.33966095496282,240.58333333333331
LOMO,chicago,2005,p25,ridge_abs,231.3625,241.02234337061992,238.03749999999997
LOMO,chicago,2006,p25,ridge_abs,229.29583333333332,233.7987641413493,238.03749999999997
LOMO,chicago,2007,p25,ridge_abs,260.05,264.8889158737284,238.03749999999997
LOMO,chicago,2008,p25,ridge_abs,248.3,257.0015441202851,238.03749999999997
LOMO,chicago,2009,p25,ridge_abs,230.58333333333331,235.94728461017567,238.03749999999997
LOMO,chicago,2010,p25,ridge_abs,243.81666666666663,262.35839755547426,238.03749999999997
LOMO,chicago,2011,p25,ridge_abs,240.81666666666663,259.0105717122741,238.03749999999997
LOMO,chicago,2012,p25,ridge_abs,232.88333333333333,245.55929299943884,238.03749999999997
LOMO,chicago,2013,p25,ridge_abs,233.81666666666663,244.1273413209031,238.03749999999997
LOMO,chicago,2014,p25,ridge_abs,232.71666666666667,245.60390839290565,238.03749999999997
LOMO,chicago,2015,p25,ridge_abs,234.21666666666667,248.29043574928022,238.03749999999997
LOMO,chicago,2016,p25,ridge_abs,232.76666666666668,244.80432589381283,238.03749999999997
LOMO,chicago,2017,p25,ridge_abs,240.35,253.22747911190348,238.03749999999997
LOMO,chicago,2018,p25,ridge_abs,230.61666666666667,248.54020571967263,238.03749999999997
LOMO,chicago,2019,p25,ridge_abs,225.61666666666667,238.98874461295333,238.03749999999997
LOMO,chicago,2022,p25,ridge_abs,223.9,245.39063612237862,238.03749999999997
LOMO,chicago,2023,p25,ridge_abs,215.2,253.3343563497852,238.03749999999997
LOMO,durban,2022,p25,ridge_abs,200.7625,248.92672048172258,236.95833333333331
LOMO,durban,2024,p25,ridge_abs,210.94166666666663,243.44592640645124,236.95833333333331
LOMO,durban,2025,p25,ridge_abs,220.0583333333333,235.5804912110271,236.95833333333331
LOMO,honolulu,2005,p25,ridge_abs,284.68333333333334,279.83986701586304,232.74166666666667
LOMO,honolulu,2006,p25,ridge_abs,287.4166666666667,273.4492292306986,232.74166666666667
LOMO,honolulu,2007,p25,ridge_abs,292.3833333333333,273.67147343006053,232.74166666666667
LOMO,honolulu,2008,p25,ridge_abs,289.68333333333334,277.1039275664028,232.74166666666667
LOMO,honolulu,2009,p25,ridge_abs,288.65,268.2158747343495,232.74166666666667
LOMO,honolulu,2010,p25,ridge_abs,294.3416666666667,270.58582202265364,232.74166666666667
LOMO,honolulu,2011,p25,ridge_abs,290.3416666666667,275.55265265834294,232.74166666666667
LOMO,honolulu,2012,p25,ridge_abs,294.62916666666666,276.4526109113632,232.74166666666667
LOMO,honolulu,2013,p25,ridge_abs,306.51666666666665,269.4678117251311,232.74166666666667
LOMO,honolulu,2014,p25,ridge_abs,294.375,275.28493357981836,232.74166666666667
LOMO,honolulu,2015,p25,ridge_abs,309.4166666666667,267.6282364738574,232.74166666666667
LOMO,honolulu,2016,p25,ridge_abs,310.7625,264.1396591661687,232.74166666666667
LOMO,honolulu,2017,p25,ridge_abs,306.2333333333333,266.801693065323,232.74166666666667
LOMO,honolulu,2018,p25,ridge_abs,309.4583333333333,270.31641858538904,232.74166666666667
LOMO,honolulu,2019,p25,ridge_abs,316.0,262.21486169298385,232.74166666666667
LOMO,long_beach,2010,p25,ridge_abs,250.075,236.86783453359587,233.6
LOMO,long_beach,2011,p25,ridge_abs,253.59166666666667,238.0098202877684,233.6
LOMO,long_beach,2012,p25,ridge_abs,262.8125,237.48620200237212,233.6
LOMO,long_beach,2013,p25,ridge_abs,242.2458333333333,231.82631547953844,233.6
LOMO,long_beach,2014,p25,ridge_abs,248.625,236.29002010008094,233.6
LOMO,long_beach,2015,p25,ridge_abs,270.8958333333333,249.62405360313355,233.6
LOMO,long_beach,2016,p25,ridge_abs,245.71666666666667,240.41928977129567,233.6
LOMO,long_beach,2017,p25,ridge_abs,249.88333333333333,232.92977813682725,233.6
LOMO,long_beach,2018,p25,ridge_abs,249.75,230.7954286525029,233.6
LOMO,long_beach,2019,p25,ridge_abs,245.15833333333333,232.63915007529357,233.6
LOMO,maui,2010,p25,ridge_abs,266.32916666666665,230.52500969502387,234.01666666666665
LOMO,maui,2011,p25,ridge_abs,262.93333333333334,236.8534501104229,234.01666666666665
LOMO,maui,2012,p25,ridge_abs,262.2333333333333,227.85814532094923,234.01666666666665
LOMO,maui,2013,p25,ridge_abs,272.825,237.00455774577603,234.01666666666665
LOMO,maui,2014,p25,ridge_abs,275.31666666666666,215.04722623110692,234.01666666666665
LOMO,nyc,2005,p25,ridge_abs,243.9375,255.81476835051677,239.89999999999998
LOMO,nyc,2006,p25,ridge_abs,232.53333333333333,241.8107985000038,239.89999999999998
LOMO,nyc,2007,p25,ridge_abs,233.6833333333333,247.21807467309415,239.89999999999998
LOMO,nyc,2008,p25,ridge_abs,229.53333333333333,241.77276047665822,239.89999999999998
LOMO,nyc,2009,p25,ridge_abs,229.88333333333333,254.80198988703586,239.89999999999998
LOMO,nyc,2010,p25,ridge_abs,231.7083333333333,240.59841506136846,239.89999999999998
LOMO,nyc,2011,p25,ridge_abs,231.85,242.21373889004926,239.89999999999998
LOMO,nyc,2013,p25,ridge_abs,233.6,248.37358290018403,239.89999999999998
LOMO,nyc,2014,p25,ridge_abs,236.75,242.08861963127796,239.89999999999998
LOMO,nyc,2015,p25,ridge_abs,239.81666666666663,248.36965961792592,239.89999999999998
LOMO,nyc,2016,p25,ridge_abs,238.89166666666665,248.0119704040085,239.89999999999998
LOMO,nyc,2017,p25,ridge_abs,237.1833333333333,253.87019230884016,239.89999999999998
LOMO,nyc,2018,p25,ridge_abs,237.16666666666663,244.34392007227518,239.89999999999998
LOMO,nyc,2019,p25,ridge_abs,234.6833333333333,242.27858204262716,239.89999999999998
LOMO,nyc,2022,p25,ridge_abs,247.9958333333333,259.2643720716232,239.89999999999998
LOMO,nyc,2023,p25,ridge_abs,235.91666666666663,251.74501675037038,239.89999999999998
LOMO,nyc,2024,p25,ridge_abs,228.86666666666667,245.19119351549807,239.89999999999998
LOMO,rio,2023,p25,ridge_abs,226.96666666666667,264.3049679879976,236.95833333333331
LOMO,rio,2024,p25,ridge_abs,224.7375,263.1661793087385,236.95833333333331
LOMO,rio,2025,p25,ridge_abs,226.16666666666663,266.38411399680643,236.95833333333331
LOMO,savannah,2011,p25,ridge_abs,239.45,247.35638955090295,233.74999999999997
LOMO,savannah,2012,p25,ridge_abs,242.21666666666667,243.62880052779104,233.74999999999997
LOMO,savannah,2013,p25,ridge_abs,241.7083333333333,246.98332244787252,233.74999999999997
LOMO,savannah,2014,p25,ridge_abs,240.8958333333333,246.1145756440517,233.74999999999997
LOMO,savannah,2015,p25,ridge_abs,229.2125,274.8599839010121,233.74999999999997
LOMO,savannah,2016,p25,ridge_abs,251.58333333333331,246.54137879140893,233.74999999999997
LOMO,savannah,2017,p25,ridge_abs,259.45,248.366132284869,233.74999999999997
LOMO,savannah,2018,p25,ridge_abs,241.53333333333333,234.9316382479833,233.74999999999997
LOMO,savannah,2019,p25,ridge_abs,243.03333333333333,236.51310886729243,233.74999999999997
LOMO,singapore,2014,p25,ridge_abs,310.0833333333333,246.46167595286641,233.6833333333333
LOMO,singapore,2015,p25,ridge_abs,311.26666666666665,246.86538876491514,233.6833333333333
LOMO,singapore,2016,p25,ridge_abs,304.30833333333334,250.39153908521476,233.6833333333333
LOMO,singapore,2017,p25,ridge_abs,307.3666666666667,249.07881232851807,233.6833333333333
LOMO,singapore,2018,p25,ridge_abs,302.93333333333334,244.84678741017737,233.6833333333333
LOMO,singapore,2019,p25,ridge_abs,310.01666666666665,242.301948802476,233.6833333333333
LOMO,singapore,2022,p25,ridge_abs,278.3666666666667,248.973114220271,233.6833333333333
LOMO,singapore,2023,p25,ridge_abs,283.325,248.62428198349062,233.6833333333333
LOMO,berlin,2005,p25,gbm_histogramas_abs,221.7,231.19168698868768,240.58333333333331
LOMO,berlin,2006,p25,gbm_histogramas_abs,226.03333333333333,231.24960596916358,240.58333333333331
LOMO,berlin,2007,p25,gbm_histogramas_abs,218.9333333333333,225.00406047536006,240.58333333333331
LOMO,berlin,2008,p25,gbm_histogramas_abs,218.5,227.98495801744676,240.58333333333331
LOMO,berlin,2009,p25,gbm_histogramas_abs,223.4,229.84625407934297,240.58333333333331
LOMO,berlin,2010,p25,gbm_histogramas_abs,217.6833333333333,222.51751037467702,240.58333333333331
LOMO,berlin,2011,p25,gbm_histogramas_abs,219.83333333333331,230.19232525243774,240.58333333333331
LOMO,berlin,2012,p25,gbm_histogramas_abs,216.91666666666663,226.1318624902466,240.58333333333331
LOMO,berlin,2013,p25,gbm_histogramas_abs,216.56666666666663,225.7776576981184,240.58333333333331
LOMO,berlin,2014,p25,gbm_histogramas_abs,217.16666666666663,229.36597858248277,240.58333333333331
LOMO,berlin,2015,p25,gbm_histogramas_abs,215.96666666666667,226.8790764279581,240.58333333333331
LOMO,berlin,2016,p25,gbm_histogramas_abs,220.01666666666668,229.50192170358605,240.58333333333331
LOMO,berlin,2017,p25,gbm_histogramas_abs,219.85,230.78124136772155,240.58333333333331
LOMO,berlin,2018,p25,gbm_histogramas_abs,223.28333333333333,228.2064386062689,240.58333333333331
LOMO,berlin,2019,p25,gbm_histogramas_abs,209.13333333333333,228.77706170144555,240.58333333333331
LOMO,boston,2005,p25,gbm_histogramas_abs,211.6833333333333,245.91965903779473,240.58333333333331
LOMO,boston,2006,p25,gbm_histogramas_abs,205.53333333333333,235.7331086535077,240.58333333333331
LOMO,boston,2007,p25,gbm_histogramas_abs,208.35,236.58315685692114,240.58333333333331
LOMO,boston,2008,p25,gbm_histogramas_abs,205.58333333333331,237.80257563037813,240.58333333333331
LOMO,boston,2009,p25,gbm_histogramas_abs,204.58333333333331,237.48254129968527,240.58333333333331
LOMO,boston,2010,p25,gbm_histogramas_abs,204.74166666666667,236.7124222763402,240.58333333333331
LOMO,boston,2011,p25,gbm_histogramas_abs,204.1125,238.76383747227956,240.58333333333331
LOMO,boston,2012,p25,gbm_histogramas_abs,224.7,247.4002214027845,240.58333333333331
LOMO,boston,2013,p25,gbm_histogramas_abs,199.58333333333331,237.27904940133516,240.58333333333331
LOMO,boston,2014,p25,gbm_histogramas_abs,205.56666666666663,238.74370919125872,240.58333333333331
LOMO,boston,2015,p25,gbm_histogramas_abs,198.63333333333333,235.54742947121485,240.58333333333331
LOMO,boston,2016,p25,gbm_histogramas_abs,206.4333333333333,239.72362803759916,240.58333333333331
LOMO,boston,2017,p25,gbm_histogramas_abs,208.31666666666663,243.74090966387283,240.58333333333331
LOMO,boston,2018,p25,gbm_histogramas_abs,204.77916666666667,235.05153281270677,240.58333333333331
LOMO,boston,2019,p25,gbm_histogramas_abs,200.4333333333333,238.19228734838305,240.58333333333331
LOMO,chicago,2005,p25,gbm_histogramas_abs,231.3625,233.86718496767517,238.03749999999997
LOMO,chicago,2006,p25,gbm_histogramas_abs,229.29583333333332,233.39117587750087,238.03749999999997
LOMO,chicago,2007,p25,gbm_histogramas_abs,260.05,279.46384645675124,238.03749999999997
LOMO,chicago,2008,p25,gbm_histogramas_abs,248.3,245.22070320776925,238.03749999999997
LOMO,chicago,2009,p25,gbm_histogramas_abs,230.58333333333331,232.77828081664302,238.03749999999997
LOMO,chicago,2010,p25,gbm_histogramas_abs,243.81666666666663,244.61524901920686,238.03749999999997
LOMO,chicago,2011,p25,gbm_histogramas_abs,240.81666666666663,244.3584227803702,238.03749999999997
LOMO,chicago,2012,p25,gbm_histogramas_abs,232.88333333333333,234.04865018704925,238.03749999999997
LOMO,chicago,2013,p25,gbm_histogramas_abs,233.81666666666663,234.6867636256447,238.03749999999997
LOMO,chicago,2014,p25,gbm_histogramas_abs,232.71666666666667,234.31334294825317,238.03749999999997
LOMO,chicago,2015,p25,gbm_histogramas_abs,234.21666666666667,240.41500775319525,238.03749999999997
LOMO,chicago,2016,p25,gbm_histogramas_abs,232.76666666666668,234.71354270281338,238.03749999999997
LOMO,chicago,2017,p25,gbm_histogramas_abs,240.35,249.08477786150158,238.03749999999997
LOMO,chicago,2018,p25,gbm_histogramas_abs,230.61666666666667,234.06903487334705,238.03749999999997
LOMO,chicago,2019,p25,gbm_histogramas_abs,225.61666666666667,233.6450707346314,238.03749999999997
LOMO,chicago,2022,p25,gbm_histogramas_abs,223.9,235.27067715227295,238.03749999999997
LOMO,chicago,2023,p25,gbm_histogramas_abs,215.2,233.04479620605798,238.03749999999997
LOMO,durban,2022,p25,gbm_histogramas_abs,200.7625,245.31263659041147,236.95833333333331
LOMO,durban,2024,p25,gbm_histogramas_abs,210.94166666666663,247.0601529711645,236.95833333333331
LOMO,durban,2025,p25,gbm_histogramas_abs,220.0583333333333,240.06533283464836,236.95833333333331
LOMO,honolulu,2005,p25,gbm_histogramas_abs,284.68333333333334,263.60309101205036,232.74166666666667
LOMO,honolulu,2006,p25,gbm_histogramas_abs,287.4166666666667,247.04919358982298,232.74166666666667
LOMO,honolulu,2007,p25,gbm_histogramas_abs,292.3833333333333,258.7955770531376,232.74166666666667
LOMO,honolulu,2008,p25,gbm_histogramas_abs,289.68333333333334,257.93984447813017,232.74166666666667
LOMO,honolulu,2009,p25,gbm_histogramas_abs,288.65,247.31273233549672,232.74166666666667
LOMO,honolulu,2010,p25,gbm_histogramas_abs,294.3416666666667,246.62028863014672,232.74166666666667
LOMO,honolulu,2011,p25,gbm_histogramas_abs,290.3416666666667,244.73658255091598,232.74166666666667
LOMO,honolulu,2012,p25,gbm_histogramas_abs,294.62916666666666,265.0807573567563,232.74166666666667
LOMO,honolulu,2013,p25,gbm_histogramas_abs,306.51666666666665,262.6937795350782,232.74166666666667
LOMO,honolulu,2014,p25,gbm_histogramas_abs,294.375,267.3266811699347,232.74166666666667
LOMO,honolulu,2015,p25,gbm_histogramas_abs,309.4166666666667,260.7453208051373,232.74166666666667
LOMO,honolulu,2016,p25,gbm_histogramas_abs,310.7625,268.93810904493233,232.74166666666667
LOMO,honolulu,2017,p25,gbm_histogramas_abs,306.2333333333333,263.48209381678356,232.74166666666667
LOMO,honolulu,2018,p25,gbm_histogramas_abs,309.4583333333333,271.31020197709694,232.74166666666667
LOMO,honolulu,2019,p25,gbm_histogramas_abs,316.0,263.08532921675095,232.74166666666667
LOMO,long_beach,2010,p25,gbm_histogramas_abs,250.075,240.6671577002359,233.6
LOMO,long_beach,2011,p25,gbm_histogramas_abs,253.59166666666667,243.51514195650276,233.6
LOMO,long_beach,2012,p25,gbm_histogramas_abs,262.8125,240.54847594730734,233.6
LOMO,long_beach,2013,p25,gbm_histogramas_abs,242.2458333333333,242.4350585930177,233.6
LOMO,long_beach,2014,p25,gbm_histogramas_abs,248.625,242.6080161534536,233.6
LOMO,long_beach,2015,p25,gbm_histogramas_abs,270.8958333333333,267.3195955606692,233.6
LOMO,long_beach,2016,p25,gbm_histogramas_abs,245.71666666666667,240.1987814844418,233.6
LOMO,long_beach,2017,p25,gbm_histogramas_abs,249.88333333333333,234.35497545524558,233.6
LOMO,long_beach,2018,p25,gbm_histogramas_abs,249.75,236.63235765700583,233.6
LOMO,long_beach,2019,p25,gbm_histogramas_abs,245.15833333333333,237.36622730663444,233.6
LOMO,maui,2010,p25,gbm_histogramas_abs,266.32916666666665,275.0198293429727,234.01666666666665
LOMO,maui,2011,p25,gbm_histogramas_abs,262.93333333333334,276.31902617696267,234.01666666666665
LOMO,maui,2012,p25,gbm_histogramas_abs,262.2333333333333,279.6945680703309,234.01666666666665
LOMO,maui,2013,p25,gbm_histogramas_abs,272.825,279.6037404259553,234.01666666666665
LOMO,maui,2014,p25,gbm_histogramas_abs,275.31666666666666,281.4150066326799,234.01666666666665
LOMO,nyc,2005,p25,gbm_histogramas_abs,243.9375,233.3884972143791,239.89999999999998
LOMO,nyc,2006,p25,gbm_histogramas_abs,232.53333333333333,233.37481113558127,239.89999999999998
LOMO,nyc,2007,p25,gbm_histogramas_abs,233.6833333333333,229.09416913950548,239.89999999999998
LOMO,nyc,2008,p25,gbm_histogramas_abs,229.53333333333333,229.18483985974567,239.89999999999998
LOMO,nyc,2009,p25,gbm_histogramas_abs,229.88333333333333,230.66202384665232,239.89999999999998
LOMO,nyc,2010,p25,gbm_histogramas_abs,231.7083333333333,227.71394814724562,239.89999999999998
LOMO,nyc,2011,p25,gbm_histogramas_abs,231.85,228.90900054797527,239.89999999999998
LOMO,nyc,2013,p25,gbm_histogramas_abs,233.6,228.95467610301517,239.89999999999998
LOMO,nyc,2014,p25,gbm_histogramas_abs,236.75,228.34850400056058,239.89999999999998
LOMO,nyc,2015,p25,gbm_histogramas_abs,239.81666666666663,233.5865610272753,239.89999999999998
LOMO,nyc,2016,p25,gbm_histogramas_abs,238.89166666666665,227.92017224227203,239.89999999999998
LOMO,nyc,2017,p25,gbm_histogramas_abs,237.1833333333333,229.84974297753973,239.89999999999998
LOMO,nyc,2018,p25,gbm_histogramas_abs,237.16666666666663,229.95284885322903,239.89999999999998
LOMO,nyc,2019,p25,gbm_histogramas_abs,234.6833333333333,228.38942240269606,239.89999999999998
LOMO,nyc,2022,p25,gbm_histogramas_abs,247.9958333333333,261.45805449361933,239.89999999999998
LOMO,nyc,2023,p25,gbm_histogramas_abs,235.91666666666663,221.15675069511306,239.89999999999998
LOMO,nyc,2024,p25,gbm_histogramas_abs,228.86666666666667,216.02833605518123,239.89999999999998
LOMO,rio,2023,p25,gbm_histogramas_abs,226.96666666666667,239.06930061038503,236.95833333333331
LOMO,rio,2024,p25,gbm_histogramas_abs,224.7375,237.80141237576368,236.95833333333331
LOMO,rio,2025,p25,gbm_histogramas_abs,226.16666666666663,254.74890865835775,236.95833333333331
LOMO,savannah,2011,p25,gbm_histogramas_abs,239.45,231.10865238860632,233.74999999999997
LOMO,savannah,2012,p25,gbm_histogramas_abs,242.21666666666667,235.39134236634027,233.74999999999997
LOMO,savannah,2013,p25,gbm_histogramas_abs,241.7083333333333,234.51528126601238,233.74999999999997
LOMO,savannah,2014,p25,gbm_histogramas_abs,240.8958333333333,235.59244819717617,233.74999999999997
LOMO,savannah,2015,p25,gbm_histogramas_abs,229.2125,282.6188253649765,233.74999999999997
LOMO,savannah,2016,p25,gbm_histogramas_abs,251.58333333333331,234.63562538486775,233.74999999999997
LOMO,savannah,2017,p25,gbm_histogramas_abs,259.45,241.9631956886443,233.74999999999997
LOMO,savannah,2018,p25,gbm_histogramas_abs,241.53333333333333,231.421778479622,233.74999999999997
LOMO,savannah,2019,p25,gbm_histogramas_abs,243.03333333333333,233.6528514517946,233.74999999999997
LOMO,singapore,2014,p25,gbm_histogramas_abs,310.0833333333333,290.8878536323742,233.6833333333333
LOMO,singapore,2015,p25,gbm_histogramas_abs,311.26666666666665,297.07855519772215,233.6833333333333
LOMO,singapore,2016,p25,gbm_histogramas_abs,304.30833333333334,293.93575838417564,233.6833333333333
LOMO,singapore,2017,p25,gbm_histogramas_abs,307.3666666666667,294.63964671477294,233.6833333333333
LOMO,singapore,2018,p25,gbm_histogramas_abs,302.93333333333334,295.79309353063104,233.6833333333333
LOMO,singapore,2019,p25,gbm_histogramas_abs,310.01666666666665,290.731411818232,233.6833333333333
LOMO,singapore,2022,p25,gbm_histogramas_abs,278.3666666666667,296.15482069059806,233.6833333333333
LOMO,singapore,2023,p25,gbm_histogramas_abs,283.325,295.82699270627535,233.6833333333333
LOMO,berlin,2005,p25,ridge_dev,221.7,245.52966430857188,240.58333333333331
LOMO,berlin,2006,p25,ridge_dev,226.03333333333333,247.42432753741542,240.58333333333331
LOMO,berlin,2007,p25,ridge_dev,218.9333333333333,240.14064138317696,240.58333333333331
LOMO,berlin,2008,p25,ridge_dev,218.5,241.61318972819097,240.58333333333331
LOMO,berlin,2009,p25,ridge_dev,223.4,246.58350549339772,240.58333333333331
LOMO,berlin,2010,p25,ridge_dev,217.6833333333333,235.80796584879693,240.58333333333331
LOMO,berlin,2011,p25,ridge_dev,219.83333333333331,244.6821039909163,240.58333333333331
LOMO,berlin,2012,p25,ridge_dev,216.91666666666663,240.59489476299666,240.58333333333331
LOMO,berlin,2013,p25,ridge_dev,216.56666666666663,241.2687723951571,240.58333333333331
LOMO,berlin,2014,p25,ridge_dev,217.16666666666663,243.6279898564884,240.58333333333331
LOMO,berlin,2015,p25,ridge_dev,215.96666666666667,241.8555114310799,240.58333333333331
LOMO,berlin,2016,p25,ridge_dev,220.01666666666668,245.8074295678822,240.58333333333331
LOMO,berlin,2017,p25,ridge_dev,219.85,243.08221726586623,240.58333333333331
LOMO,berlin,2018,p25,ridge_dev,223.28333333333333,243.17937633567558,240.58333333333331
LOMO,berlin,2019,p25,ridge_dev,209.13333333333333,236.0246175419019,240.58333333333331
LOMO,boston,2005,p25,ridge_dev,211.6833333333333,241.0472853963724,240.58333333333331
LOMO,boston,2006,p25,ridge_dev,205.53333333333333,238.17173382540875,240.58333333333331
LOMO,boston,2007,p25,ridge_dev,208.35,235.13713512947405,240.58333333333331
LOMO,boston,2008,p25,ridge_dev,205.58333333333331,239.8789463882936,240.58333333333331
LOMO,boston,2009,p25,ridge_dev,204.58333333333331,236.54252427195746,240.58333333333331
LOMO,boston,2010,p25,ridge_dev,204.74166666666667,236.7121675215959,240.58333333333331
LOMO,boston,2011,p25,ridge_dev,204.1125,238.67388322537641,240.58333333333331
LOMO,boston,2012,p25,ridge_dev,224.7,245.0546434942818,240.58333333333331
LOMO,boston,2013,p25,ridge_dev,199.58333333333331,239.04715920379732,240.58333333333331
LOMO,boston,2014,p25,ridge_dev,205.56666666666663,241.29305883284138,240.58333333333331
LOMO,boston,2015,p25,ridge_dev,198.63333333333333,225.94314851578102,240.58333333333331
LOMO,boston,2016,p25,ridge_dev,206.4333333333333,240.42855794762636,240.58333333333331
LOMO,boston,2017,p25,ridge_dev,208.31666666666663,241.52755949062302,240.58333333333331
LOMO,boston,2018,p25,ridge_dev,204.77916666666667,209.062050883182,240.58333333333331
LOMO,boston,2019,p25,ridge_dev,200.4333333333333,230.0083728936451,240.58333333333331
LOMO,chicago,2005,p25,ridge_dev,231.3625,238.69965974243547,238.03749999999997
LOMO,chicago,2006,p25,ridge_dev,229.29583333333332,232.0467352770687,238.03749999999997
LOMO,chicago,2007,p25,ridge_dev,260.05,242.81208301144852,238.03749999999997
LOMO,chicago,2008,p25,ridge_dev,248.3,243.84483583473113,238.03749999999997
LOMO,chicago,2009,p25,ridge_dev,230.58333333333331,235.16632814633311,238.03749999999997
LOMO,chicago,2010,p25,ridge_dev,243.81666666666663,243.92106389874974,238.03749999999997
LOMO,chicago,2011,p25,ridge_dev,240.81666666666663,242.94017747868025,238.03749999999997
LOMO,chicago,2012,p25,ridge_dev,232.88333333333333,235.9122696579267,238.03749999999997
LOMO,chicago,2013,p25,ridge_dev,233.81666666666663,239.15734021845796,238.03749999999997
LOMO,chicago,2014,p25,ridge_dev,232.71666666666667,239.44583238983708,238.03749999999997
LOMO,chicago,2015,p25,ridge_dev,234.21666666666667,241.68086840876313,238.03749999999997
LOMO,chicago,2016,p25,ridge_dev,232.76666666666668,239.80465037828145,238.03749999999997
LOMO,chicago,2017,p25,ridge_dev,240.35,242.4810831955208,238.03749999999997
LOMO,chicago,2018,p25,ridge_dev,230.61666666666667,234.94539007802177,238.03749999999997
LOMO,chicago,2019,p25,ridge_dev,225.61666666666667,236.30517804176225,238.03749999999997
LOMO,chicago,2022,p25,ridge_dev,223.9,240.65651807814004,238.03749999999997
LOMO,chicago,2023,p25,ridge_dev,215.2,237.12033997848314,238.03749999999997
LOMO,durban,2022,p25,ridge_dev,200.7625,236.2026055387654,236.95833333333331
LOMO,durban,2024,p25,ridge_dev,210.94166666666663,237.8005116374319,236.95833333333331
LOMO,durban,2025,p25,ridge_dev,220.0583333333333,236.77828694887467,236.95833333333331
LOMO,honolulu,2005,p25,ridge_dev,284.68333333333334,237.20361636707165,232.74166666666667
LOMO,honolulu,2006,p25,ridge_dev,287.4166666666667,238.01741396742852,232.74166666666667
LOMO,honolulu,2007,p25,ridge_dev,292.3833333333333,235.81404568025144,232.74166666666667
LOMO,honolulu,2008,p25,ridge_dev,289.68333333333334,234.20331997511155,232.74166666666667
LOMO,honolulu,2009,p25,ridge_dev,288.65,237.46157999930924,232.74166666666667
LOMO,honolulu,2010,p25,ridge_dev,294.3416666666667,235.12268404754073,232.74166666666667
LOMO,honolulu,2011,p25,ridge_dev,290.3416666666667,235.46817165557943,232.74166666666667
LOMO,honolulu,2012,p25,ridge_dev,294.62916666666666,236.00018286863713,232.74166666666667
LOMO,honolulu,2013,p25,ridge_dev,306.51666666666665,235.8089101514067,232.74166666666667
LOMO,honolulu,2014,p25,ridge_dev,294.375,234.5994618845419,232.74166666666667
LOMO,honolulu,2015,p25,ridge_dev,309.4166666666667,234.8997650503763,232.74166666666667
LOMO,honolulu,2016,p25,ridge_dev,310.7625,234.26342451327045,232.74166666666667
LOMO,honolulu,2017,p25,ridge_dev,306.2333333333333,234.18009118787523,232.74166666666667
LOMO,honolulu,2018,p25,ridge_dev,309.4583333333333,235.9541987919459,232.74166666666667
LOMO,honolulu,2019,p25,ridge_dev,316.0,234.02104414983023,232.74166666666667
LOMO,long_beach,2010,p25,ridge_dev,250.075,233.51109506488368,233.6
LOMO,long_beach,2011,p25,ridge_dev,253.59166666666667,234.97137727025162,233.6
LOMO,long_beach,2012,p25,ridge_dev,262.8125,235.37008901025735,233.6
LOMO,long_beach,2013,p25,ridge_dev,242.2458333333333,233.0364006076725,233.6
LOMO,long_beach,2014,p25,ridge_dev,248.625,234.99790344864363,233.6
LOMO,long_beach,2015,p25,ridge_dev,270.8958333333333,238.26905078418756,233.6
LOMO,long_beach,2016,p25,ridge_dev,245.71666666666667,235.95601418243865,233.6
LOMO,long_beach,2017,p25,ridge_dev,249.88333333333333,234.2342937531364,233.6
LOMO,long_beach,2018,p25,ridge_dev,249.75,233.87692756196935,233.6
LOMO,long_beach,2019,p25,ridge_dev,245.15833333333333,233.0090120427414,233.6
LOMO,maui,2010,p25,ridge_dev,266.32916666666665,236.26057417404311,234.01666666666665
LOMO,maui,2011,p25,ridge_dev,262.93333333333334,237.87449012057147,234.01666666666665
LOMO,maui,2012,p25,ridge_dev,262.2333333333333,237.30781917482722,234.01666666666665
LOMO,maui,2013,p25,ridge_dev,272.825,237.0941301301509,234.01666666666665
LOMO,maui,2014,p25,ridge_dev,275.31666666666666,234.55653231511243,234.01666666666665
LOMO,nyc,2005,p25,ridge_dev,243.9375,242.82418374829174,239.89999999999998
LOMO,nyc,2006,p25,ridge_dev,232.53333333333333,238.48805216300786,239.89999999999998
LOMO,nyc,2007,p25,ridge_dev,233.6833333333333,238.42550473251308,239.89999999999998
LOMO,nyc,2008,p25,ridge_dev,229.53333333333333,237.44185075061844,239.89999999999998
LOMO,nyc,2009,p25,ridge_dev,229.88333333333333,238.94672863192585,239.89999999999998
LOMO,nyc,2010,p25,ridge_dev,231.7083333333333,236.91610114781966,239.89999999999998
LOMO,nyc,2011,p25,ridge_dev,231.85,238.711852402321,239.89999999999998
LOMO,nyc,2013,p25,ridge_dev,233.6,237.10816353110434,239.89999999999998
LOMO,nyc,2014,p25,ridge_dev,236.75,235.10863685542486,239.89999999999998
LOMO,nyc,2015,p25,ridge_dev,239.81666666666663,239.53204437136114,239.89999999999998
LOMO,nyc,2016,p25,ridge_dev,238.89166666666665,238.47046766057613,239.89999999999998
LOMO,nyc,2017,p25,ridge_dev,237.1833333333333,239.10106483430067,239.89999999999998
LOMO,nyc,2018,p25,ridge_dev,237.16666666666663,238.98554573861924,239.89999999999998
LOMO,nyc,2019,p25,ridge_dev,234.6833333333333,237.44706185584604,239.89999999999998
LOMO,nyc,2022,p25,ridge_dev,247.9958333333333,242.26093660125503,239.89999999999998
LOMO,nyc,2023,p25,ridge_dev,235.91666666666663,241.50394157821302,239.89999999999998
LOMO,nyc,2024,p25,ridge_dev,228.86666666666667,237.99668160173513,239.89999999999998
LOMO,rio,2023,p25,ridge_dev,226.96666666666667,238.17091403129177,236.95833333333331
LOMO,rio,2024,p25,ridge_dev,224.7375,237.86114977247385,236.95833333333331
LOMO,rio,2025,p25,ridge_dev,226.16666666666663,238.0633086490558,236.95833333333331
LOMO,savannah,2011,p25,ridge_dev,239.45,233.06302388239726,233.74999999999997
LOMO,savannah,2012,p25,ridge_dev,242.21666666666667,237.2833015056574,233.74999999999997
LOMO,savannah,2013,p25,ridge_dev,241.7083333333333,236.21522593089512,233.74999999999997
LOMO,savannah,2014,p25,ridge_dev,240.8958333333333,235.66073716221206,233.74999999999997
LOMO,savannah,2015,p25,ridge_dev,229.2125,237.59067951977258,233.74999999999997
LOMO,savannah,2016,p25,ridge_dev,251.58333333333331,235.13701802938147,233.74999999999997
LOMO,savannah,2017,p25,ridge_dev,259.45,238.95868458858934,233.74999999999997
LOMO,savannah,2018,p25,ridge_dev,241.53333333333333,234.15798986006382,233.74999999999997
LOMO,savannah,2019,p25,ridge_dev,243.03333333333333,231.5241994066844,233.74999999999997
LOMO,singapore,2014,p25,ridge_dev,310.0833333333333,238.14175729851453,233.6833333333333
LOMO,singapore,2015,p25,ridge_dev,311.26666666666665,238.54890641067624,233.6833333333333
LOMO,singapore,2016,p25,ridge_dev,304.30833333333334,238.75776871204806,233.6833333333333
LOMO,singapore,2017,p25,ridge_dev,307.3666666666667,238.13847534176313,233.6833333333333
LOMO,singapore,2018,p25,ridge_dev,302.93333333333334,237.77017190198902,233.6833333333333
LOMO,singapore,2019,p25,ridge_dev,310.01666666666665,232.80594180434937,233.6833333333333
LOMO,singapore,2022,p25,ridge_dev,278.3666666666667,237.282035259254,233.6833333333333
LOMO,singapore,2023,p25,ridge_dev,283.325,236.71153597705694,233.6833333333333
LOMO,berlin,2005,p25,gbm_histogramas_dev,221.7,246.4712395006064,240.58333333333331
LOMO,berlin,2006,p25,gbm_histogramas_dev,226.03333333333333,255.54590518790388,240.58333333333331
LOMO,berlin,2007,p25,gbm_histogramas_dev,218.9333333333333,243.80408650282521,240.58333333333331
LOMO,berlin,2008,p25,gbm_histogramas_dev,218.5,240.44287978225103,240.58333333333331
LOMO,berlin,2009,p25,gbm_histogramas_dev,223.4,244.50509519119868,240.58333333333331
LOMO,berlin,2010,p25,gbm_histogramas_dev,217.6833333333333,234.20036100542356,240.58333333333331
LOMO,berlin,2011,p25,gbm_histogramas_dev,219.83333333333331,246.56657131427576,240.58333333333331
LOMO,berlin,2012,p25,gbm_histogramas_dev,216.91666666666663,240.2507441463374,240.58333333333331
LOMO,berlin,2013,p25,gbm_histogramas_dev,216.56666666666663,239.36981260085267,240.58333333333331
LOMO,berlin,2014,p25,gbm_histogramas_dev,217.16666666666663,246.0287777029317,240.58333333333331
LOMO,berlin,2015,p25,gbm_histogramas_dev,215.96666666666667,240.43773018554901,240.58333333333331
LOMO,berlin,2016,p25,gbm_histogramas_dev,220.01666666666668,245.138346972706,240.58333333333331
LOMO,berlin,2017,p25,gbm_histogramas_dev,219.85,242.3413289242617,240.58333333333331
LOMO,berlin,2018,p25,gbm_histogramas_dev,223.28333333333333,240.5204202846321,240.58333333333331
LOMO,berlin,2019,p25,gbm_histogramas_dev,209.13333333333333,232.30133238521802,240.58333333333331
LOMO,boston,2005,p25,gbm_histogramas_dev,211.6833333333333,238.04356523385533,240.58333333333331
LOMO,boston,2006,p25,gbm_histogramas_dev,205.53333333333333,236.8015622851653,240.58333333333331
LOMO,boston,2007,p25,gbm_histogramas_dev,208.35,238.81535017248066,240.58333333333331
LOMO,boston,2008,p25,gbm_histogramas_dev,205.58333333333331,238.8597763906658,240.58333333333331
LOMO,boston,2009,p25,gbm_histogramas_dev,204.58333333333331,238.36255540796952,240.58333333333331
LOMO,boston,2010,p25,gbm_histogramas_dev,204.74166666666667,238.41700143681402,240.58333333333331
LOMO,boston,2011,p25,gbm_histogramas_dev,204.1125,240.51701322585708,240.58333333333331
LOMO,boston,2012,p25,gbm_histogramas_dev,224.7,256.66990442968483,240.58333333333331
LOMO,boston,2013,p25,gbm_histogramas_dev,199.58333333333331,239.8177691156656,240.58333333333331
LOMO,boston,2014,p25,gbm_histogramas_dev,205.56666666666663,244.9706201714099,240.58333333333331
LOMO,boston,2015,p25,gbm_histogramas_dev,198.63333333333333,236.29851014423227,240.58333333333331
LOMO,boston,2016,p25,gbm_histogramas_dev,206.4333333333333,245.0849220420257,240.58333333333331
LOMO,boston,2017,p25,gbm_histogramas_dev,208.31666666666663,247.1563072914802,240.58333333333331
LOMO,boston,2018,p25,gbm_histogramas_dev,204.77916666666667,236.2250026331306,240.58333333333331
LOMO,boston,2019,p25,gbm_histogramas_dev,200.4333333333333,240.01280742175766,240.58333333333331
LOMO,chicago,2005,p25,gbm_histogramas_dev,231.3625,236.50935300635106,238.03749999999997
LOMO,chicago,2006,p25,gbm_histogramas_dev,229.29583333333332,236.34412797389328,238.03749999999997
LOMO,chicago,2007,p25,gbm_histogramas_dev,260.05,253.2721712893445,238.03749999999997
LOMO,chicago,2008,p25,gbm_histogramas_dev,248.3,244.10455791322906,238.03749999999997
LOMO,chicago,2009,p25,gbm_histogramas_dev,230.58333333333331,234.5650155750757,238.03749999999997
LOMO,chicago,2010,p25,gbm_histogramas_dev,243.81666666666663,244.80667836542406,238.03749999999997
LOMO,chicago,2011,p25,gbm_histogramas_dev,240.81666666666663,241.4423392004779,238.03749999999997
LOMO,chicago,2012,p25,gbm_histogramas_dev,232.88333333333333,236.0580674061356,238.03749999999997
LOMO,chicago,2013,p25,gbm_histogramas_dev,233.81666666666663,234.87413174420033,238.03749999999997
LOMO,chicago,2014,p25,gbm_histogramas_dev,232.71666666666667,238.40879365624593,238.03749999999997
LOMO,chicago,2015,p25,gbm_histogramas_dev,234.21666666666667,240.6327729852911,238.03749999999997
LOMO,chicago,2016,p25,gbm_histogramas_dev,232.76666666666668,237.3803556089596,238.03749999999997
LOMO,chicago,2017,p25,gbm_histogramas_dev,240.35,245.6998639601108,238.03749999999997
LOMO,chicago,2018,p25,gbm_histogramas_dev,230.61666666666667,238.22597692011345,238.03749999999997
LOMO,chicago,2019,p25,gbm_histogramas_dev,225.61666666666667,236.5915064889457,238.03749999999997
LOMO,chicago,2022,p25,gbm_histogramas_dev,223.9,237.7597296615248,238.03749999999997
LOMO,chicago,2023,p25,gbm_histogramas_dev,215.2,235.33750787837516,238.03749999999997
LOMO,durban,2022,p25,gbm_histogramas_dev,200.7625,232.156481135719,236.95833333333331
LOMO,durban,2024,p25,gbm_histogramas_dev,210.94166666666663,234.12387911420163,236.95833333333331
LOMO,durban,2025,p25,gbm_histogramas_dev,220.0583333333333,235.46460549968168,236.95833333333331
LOMO,honolulu,2005,p25,gbm_histogramas_dev,284.68333333333334,232.97745717881776,232.74166666666667
LOMO,honolulu,2006,p25,gbm_histogramas_dev,287.4166666666667,236.57469937146575,232.74166666666667
LOMO,honolulu,2007,p25,gbm_histogramas_dev,292.3833333333333,233.0537694434463,232.74166666666667
LOMO,honolulu,2008,p25,gbm_histogramas_dev,289.68333333333334,232.7517583012604,232.74166666666667
LOMO,honolulu,2009,p25,gbm_histogramas_dev,288.65,241.15255390843197,232.74166666666667
LOMO,honolulu,2010,p25,gbm_histogramas_dev,294.3416666666667,235.01448311816668,232.74166666666667
LOMO,honolulu,2011,p25,gbm_histogramas_dev,290.3416666666667,234.9950428100551,232.74166666666667
LOMO,honolulu,2012,p25,gbm_histogramas_dev,294.62916666666666,235.98831801715107,232.74166666666667
LOMO,honolulu,2013,p25,gbm_histogramas_dev,306.51666666666665,236.1768972301598,232.74166666666667
LOMO,honolulu,2014,p25,gbm_histogramas_dev,294.375,235.9239050823274,232.74166666666667
LOMO,honolulu,2015,p25,gbm_histogramas_dev,309.4166666666667,239.30414835514796,232.74166666666667
LOMO,honolulu,2016,p25,gbm_histogramas_dev,310.7625,240.42306492223364,232.74166666666667
LOMO,honolulu,2017,p25,gbm_histogramas_dev,306.2333333333333,234.44164129768137,232.74166666666667
LOMO,honolulu,2018,p25,gbm_histogramas_dev,309.4583333333333,241.39998848096283,232.74166666666667
LOMO,honolulu,2019,p25,gbm_histogramas_dev,316.0,231.89570055632427,232.74166666666667
LOMO,long_beach,2010,p25,gbm_histogramas_dev,250.075,237.4088037845637,233.6
LOMO,long_beach,2011,p25,gbm_histogramas_dev,253.59166666666667,238.8651154265162,233.6
LOMO,long_beach,2012,p25,gbm_histogramas_dev,262.8125,241.84361081902756,233.6
LOMO,long_beach,2013,p25,gbm_histogramas_dev,242.2458333333333,238.40950631893836,233.6
LOMO,long_beach,2014,p25,gbm_histogramas_dev,248.625,238.38836070693952,233.6
LOMO,long_beach,2015,p25,gbm_histogramas_dev,270.8958333333333,251.95502823866298,233.6
LOMO,long_beach,2016,p25,gbm_histogramas_dev,245.71666666666667,242.70245242745872,233.6
LOMO,long_beach,2017,p25,gbm_histogramas_dev,249.88333333333333,240.25642819487726,233.6
LOMO,long_beach,2018,p25,gbm_histogramas_dev,249.75,238.18496819222074,233.6
LOMO,long_beach,2019,p25,gbm_histogramas_dev,245.15833333333333,234.93187620509738,233.6
LOMO,maui,2010,p25,gbm_histogramas_dev,266.32916666666665,234.37426423624362,234.01666666666665
LOMO,maui,2011,p25,gbm_histogramas_dev,262.93333333333334,233.80406791991888,234.01666666666665
LOMO,maui,2012,p25,gbm_histogramas_dev,262.2333333333333,228.13929840592365,234.01666666666665
LOMO,maui,2013,p25,gbm_histogramas_dev,272.825,232.76201887292012,234.01666666666665
LOMO,maui,2014,p25,gbm_histogramas_dev,275.31666666666666,234.03757229670384,234.01666666666665
LOMO,nyc,2005,p25,gbm_histogramas_dev,243.9375,239.57649131928704,239.89999999999998
LOMO,nyc,2006,p25,gbm_histogramas_dev,232.53333333333333,237.74169561136117,239.89999999999998
LOMO,nyc,2007,p25,gbm_histogramas_dev,233.6833333333333,238.83739369177417,239.89999999999998
LOMO,nyc,2008,p25,gbm_histogramas_dev,229.53333333333333,237.61097336261867,239.89999999999998
LOMO,nyc,2009,p25,gbm_histogramas_dev,229.88333333333333,238.26791322403426,239.89999999999998
LOMO,nyc,2010,p25,gbm_histogramas_dev,231.7083333333333,237.0657190960727,239.89999999999998
LOMO,nyc,2011,p25,gbm_histogramas_dev,231.85,237.57618944763158,239.89999999999998
LOMO,nyc,2013,p25,gbm_histogramas_dev,233.6,236.98244317743502,239.89999999999998
LOMO,nyc,2014,p25,gbm_histogramas_dev,236.75,237.83701354833227,239.89999999999998
LOMO,nyc,2015,p25,gbm_histogramas_dev,239.81666666666663,239.13014627377007,239.89999999999998
LOMO,nyc,2016,p25,gbm_histogramas_dev,238.89166666666665,241.29448552258236,239.89999999999998
LOMO,nyc,2017,p25,gbm_histogramas_dev,237.1833333333333,242.44685176121826,239.89999999999998
LOMO,nyc,2018,p25,gbm_histogramas_dev,237.16666666666663,241.6683148663141,239.89999999999998
LOMO,nyc,2019,p25,gbm_histogramas_dev,234.6833333333333,234.2913728151593,239.89999999999998
LOMO,nyc,2022,p25,gbm_histogramas_dev,247.9958333333333,232.14874037402944,239.89999999999998
LOMO,nyc,2023,p25,gbm_histogramas_dev,235.91666666666663,241.2143573168161,239.89999999999998
LOMO,nyc,2024,p25,gbm_histogramas_dev,228.86666666666667,236.25801122551047,239.89999999999998
LOMO,rio,2023,p25,gbm_histogramas_dev,226.96666666666667,240.24824984879547,236.95833333333331
LOMO,rio,2024,p25,gbm_histogramas_dev,224.7375,244.93981371097422,236.95833333333331
LOMO,rio,2025,p25,gbm_histogramas_dev,226.16666666666663,244.50141389408668,236.95833333333331
LOMO,savannah,2011,p25,gbm_histogramas_dev,239.45,229.70562966979568,233.74999999999997
LOMO,savannah,2012,p25,gbm_histogramas_dev,242.21666666666667,232.41898787715022,233.74999999999997
LOMO,savannah,2013,p25,gbm_histogramas_dev,241.7083333333333,231.08659493416047,233.74999999999997
LOMO,savannah,2014,p25,gbm_histogramas_dev,240.8958333333333,233.15855817979744,233.74999999999997
LOMO,savannah,2015,p25,gbm_histogramas_dev,229.2125,249.86491835951182,233.74999999999997
LOMO,savannah,2016,p25,gbm_histogramas_dev,251.58333333333331,234.26348959917206,233.74999999999997
LOMO,savannah,2017,p25,gbm_histogramas_dev,259.45,233.75755265847616,233.74999999999997
LOMO,savannah,2018,p25,gbm_histogramas_dev,241.53333333333333,230.4003178884123,233.74999999999997
LOMO,savannah,2019,p25,gbm_histogramas_dev,243.03333333333333,231.43988880493893,233.74999999999997
LOMO,singapore,2014,p25,gbm_histogramas_dev,310.0833333333333,243.6656974844885,233.6833333333333
LOMO,singapore,2015,p25,gbm_histogramas_dev,311.26666666666665,245.59877838617808,233.6833333333333
LOMO,singapore,2016,p25,gbm_histogramas_dev,304.30833333333334,242.76606855595725,233.6833333333333
LOMO,singapore,2017,p25,gbm_histogramas_dev,307.3666666666667,245.1635334403578,233.6833333333333
LOMO,singapore,2018,p25,gbm_histogramas_dev,302.93333333333334,244.40575548059812,233.6833333333333
LOMO,singapore,2019,p25,gbm_histogramas_dev,310.01666666666665,243.94351655958795,233.6833333333333
LOMO,singapore,2022,p25,gbm_histogramas_dev,278.3666666666667,245.41265806139953,233.6833333333333
LOMO,singapore,2023,p25,gbm_histogramas_dev,283.325,243.973553864361,233.6833333333333
LOMO,berlin,2005,p50,media_global,248.08333333333331,286.23521241830065,274.54999999999995
LOMO,berlin,2006,p50,media_global,253.51666666666668,286.23521241830065,274.54999999999995
LOMO,berlin,2007,p50,media_global,242.25,286.23521241830065,274.54999999999995
LOMO,berlin,2008,p50,media_global,242.36666666666667,286.23521241830065,274.54999999999995
LOMO,berlin,2009,p50,media_global,250.11666666666667,286.23521241830065,274.54999999999995
LOMO,berlin,2010,p50,media_global,241.05,286.23521241830065,274.54999999999995
LOMO,berlin,2011,p50,media_global,245.26666666666668,286.23521241830065,274.54999999999995
LOMO,berlin,2012,p50,media_global,241.06666666666663,286.23521241830065,274.54999999999995
LOMO,berlin,2013,p50,media_global,239.6833333333333,286.23521241830065,274.54999999999995
LOMO,berlin,2014,p50,media_global,241.9333333333333,286.23521241830065,274.54999999999995
LOMO,berlin,2015,p50,media_global,241.3083333333333,286.23521241830065,274.54999999999995
LOMO,berlin,2016,p50,media_global,247.2333333333333,286.23521241830065,274.54999999999995
LOMO,berlin,2017,p50,media_global,247.2,286.23521241830065,274.54999999999995
LOMO,berlin,2018,p50,media_global,253.45,286.23521241830065,274.54999999999995
LOMO,berlin,2019,p50,media_global,236.75833333333333,286.23521241830065,274.54999999999995
LOMO,boston,2005,p50,media_global,233.05,288.6611928104575,274.54999999999995
LOMO,boston,2006,p50,media_global,224.78333333333333,288.6611928104575,274.54999999999995
LOMO,boston,2007,p50,media_global,228.66666666666663,288.6611928104575,274.54999999999995
LOMO,boston,2008,p50,media_global,226.21666666666667,288.6611928104575,274.54999999999995
LOMO,boston,2009,p50,media_global,224.08333333333331,288.6611928104575,274.54999999999995
LOMO,boston,2010,p50,media_global,224.28333333333333,288.6611928104575,274.54999999999995
LOMO,boston,2011,p50,media_global,224.9833333333333,288.6611928104575,274.54999999999995
LOMO,boston,2012,p50,media_global,251.06666666666663,288.6611928104575,274.54999999999995
LOMO,boston,2013,p50,media_global,220.88333333333333,288.6611928104575,274.54999999999995
LOMO,boston,2014,p50,media_global,232.2333333333333,288.6611928104575,274.54999999999995
LOMO,boston,2015,p50,media_global,219.66666666666663,288.6611928104575,274.54999999999995
LOMO,boston,2016,p50,media_global,228.08333333333331,288.6611928104575,274.54999999999995
LOMO,boston,2017,p50,media_global,231.65833333333333,288.6611928104575,274.54999999999995
LOMO,boston,2018,p50,media_global,228.6,288.6611928104575,274.54999999999995
LOMO,boston,2019,p50,media_global,225.575,288.6611928104575,274.54999999999995
LOMO,chicago,2005,p50,media_global,262.85,282.7556666666667,271.75
LOMO,chicago,2006,p50,media_global,261.05,282.7556666666667,271.75
LOMO,chicago,2007,p50,media_global,295.01666666666665,282.7556666666667,271.75
LOMO,chicago,2008,p50,media_global,283.7,282.7556666666667,271.75
LOMO,chicago,2009,p50,media_global,263.43333333333334,282.7556666666667,271.75
LOMO,chicago,2010,p50,media_global,280.64166666666665,282.7556666666667,271.75
LOMO,chicago,2011,p50,media_global,277.875,282.7556666666667,271.75
LOMO,chicago,2012,p50,media_global,267.4,282.7556666666667,271.75
LOMO,chicago,2013,p50,media_global,267.43333333333334,282.7556666666667,271.75
LOMO,chicago,2014,p50,media_global,267.4166666666667,282.7556666666667,271.75
LOMO,chicago,2015,p50,media_global,270.75,282.7556666666667,271.75
LOMO,chicago,2016,p50,media_global,268.3833333333333,282.7556666666667,271.75
LOMO,chicago,2017,p50,media_global,282.71666666666664,282.7556666666667,271.75
LOMO,chicago,2018,p50,media_global,267.4833333333333,282.7556666666667,271.75
LOMO,chicago,2019,p50,media_global,262.1083333333333,282.7556666666667,271.75
LOMO,chicago,2022,p50,media_global,261.76666666666665,282.7556666666667,271.75
LOMO,chicago,2023,p50,media_global,251.6833333333333,282.7556666666667,271.75
LOMO,durban,2022,p50,media_global,237.78333333333333,281.84027777777777,270.6
LOMO,durban,2024,p50,media_global,247.49166666666667,281.84027777777777,270.6
LOMO,durban,2025,p50,media_global,252.2083333333333,281.84027777777777,270.6
LOMO,honolulu,2005,p50,media_global,339.4833333333333,269.644362745098,265.525
LOMO,honolulu,2006,p50,media_global,343.6166666666667,269.644362745098,265.525
LOMO,honolulu,2007,p50,media_global,350.06666666666666,269.644362745098,265.525
LOMO,honolulu,2008,p50,media_global,346.45,269.644362745098,265.525
LOMO,honolulu,2009,p50,media_global,344.7333333333333,269.644362745098,265.525
LOMO,honolulu,2010,p50,media_global,350.8666666666667,269.644362745098,265.525
LOMO,honolulu,2011,p50,media_global,346.6,269.644362745098,265.525
LOMO,honolulu,2012,p50,media_global,348.8,269.644362745098,265.525
LOMO,honolulu,2013,p50,media_global,367.55,269.644362745098,265.525
LOMO,honolulu,2014,p50,media_global,351.96666666666664,269.644362745098,265.525
LOMO,honolulu,2015,p50,media_global,372.05,269.644362745098,265.525
LOMO,honolulu,2016,p50,media_global,374.9583333333333,269.644362745098,265.525
LOMO,honolulu,2017,p50,media_global,369.35833333333335,269.644362745098,265.525
LOMO,honolulu,2018,p50,media_global,375.26666666666665,269.644362745098,265.525
LOMO,honolulu,2019,p50,media_global,381.78333333333336,269.644362745098,265.525
LOMO,long_beach,2010,p50,media_global,288.5083333333333,279.8263239875389,267.43333333333334
LOMO,long_beach,2011,p50,media_global,297.1,279.8263239875389,267.43333333333334
LOMO,long_beach,2012,p50,media_global,309.46666666666664,279.8263239875389,267.43333333333334
LOMO,long_beach,2013,p50,media_global,279.81666666666666,279.8263239875389,267.43333333333334
LOMO,long_beach,2014,p50,media_global,285.19166666666666,279.8263239875389,267.43333333333334
LOMO,long_beach,2015,p50,media_global,315.2583333333333,279.8263239875389,267.43333333333334
LOMO,long_beach,2016,p50,media_global,288.3833333333333,279.8263239875389,267.43333333333334
LOMO,long_beach,2017,p50,media_global,288.4,279.8263239875389,267.43333333333334
LOMO,long_beach,2018,p50,media_global,289.78333333333336,279.8263239875389,267.43333333333334
LOMO,long_beach,2019,p50,media_global,283.95,279.8263239875389,267.43333333333334
LOMO,maui,2010,p50,media_global,307.475,279.5986607142857,268.125
LOMO,maui,2011,p50,media_global,301.18333333333334,279.5986607142857,268.125
LOMO,maui,2012,p50,media_global,305.75,279.5986607142857,268.125
LOMO,maui,2013,p50,media_global,317.25,279.5986607142857,268.125
LOMO,maui,2014,p50,media_global,320.56666666666666,279.5986607142857,268.125
LOMO,nyc,2005,p50,media_global,278.55,283.12875,272.56666666666666
LOMO,nyc,2006,p50,media_global,262.28333333333336,283.12875,272.56666666666666
LOMO,nyc,2007,p50,media_global,263.65,283.12875,272.56666666666666
LOMO,nyc,2008,p50,media_global,259.25,283.12875,272.56666666666666
LOMO,nyc,2009,p50,media_global,259.05,283.12875,272.56666666666666
LOMO,nyc,2010,p50,media_global,261.3333333333333,283.12875,272.56666666666666
LOMO,nyc,2011,p50,media_global,262.71666666666664,283.12875,272.56666666666666
LOMO,nyc,2013,p50,media_global,262.3333333333333,283.12875,272.56666666666666
LOMO,nyc,2014,p50,media_global,267.8666666666667,283.12875,272.56666666666666
LOMO,nyc,2015,p50,media_global,273.1333333333333,283.12875,272.56666666666666
LOMO,nyc,2016,p50,media_global,271.46666666666664,283.12875,272.56666666666666
LOMO,nyc,2017,p50,media_global,270.45,283.12875,272.56666666666666
LOMO,nyc,2018,p50,media_global,272.03333333333336,283.12875,272.56666666666666
LOMO,nyc,2019,p50,media_global,269.2,283.12875,272.56666666666666
LOMO,nyc,2022,p50,media_global,284.75,283.12875,272.56666666666666
LOMO,nyc,2023,p50,media_global,272.78333333333336,283.12875,272.56666666666666
LOMO,nyc,2024,p50,media_global,263.55,283.12875,272.56666666666666
LOMO,rio,2023,p50,media_global,254.5833333333333,281.6741959064328,270.6
LOMO,rio,2024,p50,media_global,251.4833333333333,281.6741959064328,270.6
LOMO,rio,2025,p50,media_global,250.35,281.6741959064328,270.6
LOMO,savannah,2011,p50,media_global,270.125,281.239737654321,267.67499999999995
LOMO,savannah,2012,p50,media_global,277.6166666666667,281.239737654321,267.67499999999995
LOMO,savannah,2013,p50,media_global,274.3833333333333,281.239737654321,267.67499999999995
LOMO,savannah,2014,p50,media_global,274.71666666666664,281.239737654321,267.67499999999995
LOMO,savannah,2015,p50,media_global,249.3083333333333,281.239737654321,267.67499999999995
LOMO,savannah,2016,p50,media_global,286.6166666666667,281.239737654321,267.67499999999995
LOMO,savannah,2017,p50,media_global,300.45,281.239737654321,267.67499999999995
LOMO,savannah,2018,p50,media_global,280.96666666666664,281.239737654321,267.67499999999995
LOMO,savannah,2019,p50,media_global,279.2,281.239737654321,267.67499999999995
LOMO,singapore,2014,p50,media_global,358.0,275.8728593272171,267.4833333333333
LOMO,singapore,2015,p50,media_global,360.81666666666666,275.8728593272171,267.4833333333333
LOMO,singapore,2016,p50,media_global,354.1333333333333,275.8728593272171,267.4833333333333
LOMO,singapore,2017,p50,media_global,355.3666666666667,275.8728593272171,267.4833333333333
LOMO,singapore,2018,p50,media_global,353.56666666666666,275.8728593272171,267.4833333333333
LOMO,singapore,2019,p50,media_global,358.06666666666666,275.8728593272171,267.4833333333333
LOMO,singapore,2022,p50,media_global,327.65,275.8728593272171,267.4833333333333
LOMO,singapore,2023,p50,media_global,329.53333333333336,275.8728593272171,267.4833333333333
LOMO,berlin,2005,p50,referencia_historica,248.08333333333331,274.54999999999995,274.54999999999995
LOMO,berlin,2006,p50,referencia_historica,253.51666666666668,274.54999999999995,274.54999999999995
LOMO,berlin,2007,p50,referencia_historica,242.25,274.54999999999995,274.54999999999995
LOMO,berlin,2008,p50,referencia_historica,242.36666666666667,274.54999999999995,274.54999999999995
LOMO,berlin,2009,p50,referencia_historica,250.11666666666667,274.54999999999995,274.54999999999995
LOMO,berlin,2010,p50,referencia_historica,241.05,274.54999999999995,274.54999999999995
LOMO,berlin,2011,p50,referencia_historica,245.26666666666668,274.54999999999995,274.54999999999995
LOMO,berlin,2012,p50,referencia_historica,241.06666666666663,274.54999999999995,274.54999999999995
LOMO,berlin,2013,p50,referencia_historica,239.6833333333333,274.54999999999995,274.54999999999995
LOMO,berlin,2014,p50,referencia_historica,241.9333333333333,274.54999999999995,274.54999999999995
LOMO,berlin,2015,p50,referencia_historica,241.3083333333333,274.54999999999995,274.54999999999995
LOMO,berlin,2016,p50,referencia_historica,247.2333333333333,274.54999999999995,274.54999999999995
LOMO,berlin,2017,p50,referencia_historica,247.2,274.54999999999995,274.54999999999995
LOMO,berlin,2018,p50,referencia_historica,253.45,274.54999999999995,274.54999999999995
LOMO,berlin,2019,p50,referencia_historica,236.75833333333333,274.54999999999995,274.54999999999995
LOMO,boston,2005,p50,referencia_historica,233.05,274.54999999999995,274.54999999999995
LOMO,boston,2006,p50,referencia_historica,224.78333333333333,274.54999999999995,274.54999999999995
LOMO,boston,2007,p50,referencia_historica,228.66666666666663,274.54999999999995,274.54999999999995
LOMO,boston,2008,p50,referencia_historica,226.21666666666667,274.54999999999995,274.54999999999995
LOMO,boston,2009,p50,referencia_historica,224.08333333333331,274.54999999999995,274.54999999999995
LOMO,boston,2010,p50,referencia_historica,224.28333333333333,274.54999999999995,274.54999999999995
LOMO,boston,2011,p50,referencia_historica,224.9833333333333,274.54999999999995,274.54999999999995
LOMO,boston,2012,p50,referencia_historica,251.06666666666663,274.54999999999995,274.54999999999995
LOMO,boston,2013,p50,referencia_historica,220.88333333333333,274.54999999999995,274.54999999999995
LOMO,boston,2014,p50,referencia_historica,232.2333333333333,274.54999999999995,274.54999999999995
LOMO,boston,2015,p50,referencia_historica,219.66666666666663,274.54999999999995,274.54999999999995
LOMO,boston,2016,p50,referencia_historica,228.08333333333331,274.54999999999995,274.54999999999995
LOMO,boston,2017,p50,referencia_historica,231.65833333333333,274.54999999999995,274.54999999999995
LOMO,boston,2018,p50,referencia_historica,228.6,274.54999999999995,274.54999999999995
LOMO,boston,2019,p50,referencia_historica,225.575,274.54999999999995,274.54999999999995
LOMO,chicago,2005,p50,referencia_historica,262.85,271.75,271.75
LOMO,chicago,2006,p50,referencia_historica,261.05,271.75,271.75
LOMO,chicago,2007,p50,referencia_historica,295.01666666666665,271.75,271.75
LOMO,chicago,2008,p50,referencia_historica,283.7,271.75,271.75
LOMO,chicago,2009,p50,referencia_historica,263.43333333333334,271.75,271.75
LOMO,chicago,2010,p50,referencia_historica,280.64166666666665,271.75,271.75
LOMO,chicago,2011,p50,referencia_historica,277.875,271.75,271.75
LOMO,chicago,2012,p50,referencia_historica,267.4,271.75,271.75
LOMO,chicago,2013,p50,referencia_historica,267.43333333333334,271.75,271.75
LOMO,chicago,2014,p50,referencia_historica,267.4166666666667,271.75,271.75
LOMO,chicago,2015,p50,referencia_historica,270.75,271.75,271.75
LOMO,chicago,2016,p50,referencia_historica,268.3833333333333,271.75,271.75
LOMO,chicago,2017,p50,referencia_historica,282.71666666666664,271.75,271.75
LOMO,chicago,2018,p50,referencia_historica,267.4833333333333,271.75,271.75
LOMO,chicago,2019,p50,referencia_historica,262.1083333333333,271.75,271.75
LOMO,chicago,2022,p50,referencia_historica,261.76666666666665,271.75,271.75
LOMO,chicago,2023,p50,referencia_historica,251.6833333333333,271.75,271.75
LOMO,durban,2022,p50,referencia_historica,237.78333333333333,270.6,270.6
LOMO,durban,2024,p50,referencia_historica,247.49166666666667,270.6,270.6
LOMO,durban,2025,p50,referencia_historica,252.2083333333333,270.6,270.6
LOMO,honolulu,2005,p50,referencia_historica,339.4833333333333,265.525,265.525
LOMO,honolulu,2006,p50,referencia_historica,343.6166666666667,265.525,265.525
LOMO,honolulu,2007,p50,referencia_historica,350.06666666666666,265.525,265.525
LOMO,honolulu,2008,p50,referencia_historica,346.45,265.525,265.525
LOMO,honolulu,2009,p50,referencia_historica,344.7333333333333,265.525,265.525
LOMO,honolulu,2010,p50,referencia_historica,350.8666666666667,265.525,265.525
LOMO,honolulu,2011,p50,referencia_historica,346.6,265.525,265.525
LOMO,honolulu,2012,p50,referencia_historica,348.8,265.525,265.525
LOMO,honolulu,2013,p50,referencia_historica,367.55,265.525,265.525
LOMO,honolulu,2014,p50,referencia_historica,351.96666666666664,265.525,265.525
LOMO,honolulu,2015,p50,referencia_historica,372.05,265.525,265.525
LOMO,honolulu,2016,p50,referencia_historica,374.9583333333333,265.525,265.525
LOMO,honolulu,2017,p50,referencia_historica,369.35833333333335,265.525,265.525
LOMO,honolulu,2018,p50,referencia_historica,375.26666666666665,265.525,265.525
LOMO,honolulu,2019,p50,referencia_historica,381.78333333333336,265.525,265.525
LOMO,long_beach,2010,p50,referencia_historica,288.5083333333333,267.43333333333334,267.43333333333334
LOMO,long_beach,2011,p50,referencia_historica,297.1,267.43333333333334,267.43333333333334
LOMO,long_beach,2012,p50,referencia_historica,309.46666666666664,267.43333333333334,267.43333333333334
LOMO,long_beach,2013,p50,referencia_historica,279.81666666666666,267.43333333333334,267.43333333333334
LOMO,long_beach,2014,p50,referencia_historica,285.19166666666666,267.43333333333334,267.43333333333334
LOMO,long_beach,2015,p50,referencia_historica,315.2583333333333,267.43333333333334,267.43333333333334
LOMO,long_beach,2016,p50,referencia_historica,288.3833333333333,267.43333333333334,267.43333333333334
LOMO,long_beach,2017,p50,referencia_historica,288.4,267.43333333333334,267.43333333333334
LOMO,long_beach,2018,p50,referencia_historica,289.78333333333336,267.43333333333334,267.43333333333334
LOMO,long_beach,2019,p50,referencia_historica,283.95,267.43333333333334,267.43333333333334
LOMO,maui,2010,p50,referencia_historica,307.475,268.125,268.125
LOMO,maui,2011,p50,referencia_historica,301.18333333333334,268.125,268.125
LOMO,maui,2012,p50,referencia_historica,305.75,268.125,268.125
LOMO,maui,2013,p50,referencia_historica,317.25,268.125,268.125
LOMO,maui,2014,p50,referencia_historica,320.56666666666666,268.125,268.125
LOMO,nyc,2005,p50,referencia_historica,278.55,272.56666666666666,272.56666666666666
LOMO,nyc,2006,p50,referencia_historica,262.28333333333336,272.56666666666666,272.56666666666666
LOMO,nyc,2007,p50,referencia_historica,263.65,272.56666666666666,272.56666666666666
LOMO,nyc,2008,p50,referencia_historica,259.25,272.56666666666666,272.56666666666666
LOMO,nyc,2009,p50,referencia_historica,259.05,272.56666666666666,272.56666666666666
LOMO,nyc,2010,p50,referencia_historica,261.3333333333333,272.56666666666666,272.56666666666666
LOMO,nyc,2011,p50,referencia_historica,262.71666666666664,272.56666666666666,272.56666666666666
LOMO,nyc,2013,p50,referencia_historica,262.3333333333333,272.56666666666666,272.56666666666666
LOMO,nyc,2014,p50,referencia_historica,267.8666666666667,272.56666666666666,272.56666666666666
LOMO,nyc,2015,p50,referencia_historica,273.1333333333333,272.56666666666666,272.56666666666666
LOMO,nyc,2016,p50,referencia_historica,271.46666666666664,272.56666666666666,272.56666666666666
LOMO,nyc,2017,p50,referencia_historica,270.45,272.56666666666666,272.56666666666666
LOMO,nyc,2018,p50,referencia_historica,272.03333333333336,272.56666666666666,272.56666666666666
LOMO,nyc,2019,p50,referencia_historica,269.2,272.56666666666666,272.56666666666666
LOMO,nyc,2022,p50,referencia_historica,284.75,272.56666666666666,272.56666666666666
LOMO,nyc,2023,p50,referencia_historica,272.78333333333336,272.56666666666666,272.56666666666666
LOMO,nyc,2024,p50,referencia_historica,263.55,272.56666666666666,272.56666666666666
LOMO,rio,2023,p50,referencia_historica,254.5833333333333,270.6,270.6
LOMO,rio,2024,p50,referencia_historica,251.4833333333333,270.6,270.6
LOMO,rio,2025,p50,referencia_historica,250.35,270.6,270.6
LOMO,savannah,2011,p50,referencia_historica,270.125,267.67499999999995,267.67499999999995
LOMO,savannah,2012,p50,referencia_historica,277.6166666666667,267.67499999999995,267.67499999999995
LOMO,savannah,2013,p50,referencia_historica,274.3833333333333,267.67499999999995,267.67499999999995
LOMO,savannah,2014,p50,referencia_historica,274.71666666666664,267.67499999999995,267.67499999999995
LOMO,savannah,2015,p50,referencia_historica,249.3083333333333,267.67499999999995,267.67499999999995
LOMO,savannah,2016,p50,referencia_historica,286.6166666666667,267.67499999999995,267.67499999999995
LOMO,savannah,2017,p50,referencia_historica,300.45,267.67499999999995,267.67499999999995
LOMO,savannah,2018,p50,referencia_historica,280.96666666666664,267.67499999999995,267.67499999999995
LOMO,savannah,2019,p50,referencia_historica,279.2,267.67499999999995,267.67499999999995
LOMO,singapore,2014,p50,referencia_historica,358.0,267.4833333333333,267.4833333333333
LOMO,singapore,2015,p50,referencia_historica,360.81666666666666,267.4833333333333,267.4833333333333
LOMO,singapore,2016,p50,referencia_historica,354.1333333333333,267.4833333333333,267.4833333333333
LOMO,singapore,2017,p50,referencia_historica,355.3666666666667,267.4833333333333,267.4833333333333
LOMO,singapore,2018,p50,referencia_historica,353.56666666666666,267.4833333333333,267.4833333333333
LOMO,singapore,2019,p50,referencia_historica,358.06666666666666,267.4833333333333,267.4833333333333
LOMO,singapore,2022,p50,referencia_historica,327.65,267.4833333333333,267.4833333333333
LOMO,singapore,2023,p50,referencia_historica,329.53333333333336,267.4833333333333,267.4833333333333
LOMO,berlin,2005,p50,ridge_abs,248.08333333333331,280.9705774424135,274.54999999999995
LOMO,berlin,2006,p50,ridge_abs,253.51666666666668,285.6724324703099,274.54999999999995
LOMO,berlin,2007,p50,ridge_abs,242.25,276.03718314257264,274.54999999999995
LOMO,berlin,2008,p50,ridge_abs,242.36666666666667,276.03067004710175,274.54999999999995
LOMO,berlin,2009,p50,ridge_abs,250.11666666666667,284.1136549683805,274.54999999999995
LOMO,berlin,2010,p50,ridge_abs,241.05,266.83193411343996,274.54999999999995
LOMO,berlin,2011,p50,ridge_abs,245.26666666666668,283.3266229439603,274.54999999999995
LOMO,berlin,2012,p50,ridge_abs,241.06666666666663,278.26715519481417,274.54999999999995
LOMO,berlin,2013,p50,ridge_abs,239.6833333333333,275.47130640691233,274.54999999999995
LOMO,berlin,2014,p50,ridge_abs,241.9333333333333,281.1893012506863,274.54999999999995
LOMO,berlin,2015,p50,ridge_abs,241.3083333333333,281.6303516114687,274.54999999999995
LOMO,berlin,2016,p50,ridge_abs,247.2333333333333,288.1697235242366,274.54999999999995
LOMO,berlin,2017,p50,ridge_abs,247.2,287.0765846982721,274.54999999999995
LOMO,berlin,2018,p50,ridge_abs,253.45,279.50375251660716,274.54999999999995
LOMO,berlin,2019,p50,ridge_abs,236.75833333333333,261.9441533255397,274.54999999999995
LOMO,boston,2005,p50,ridge_abs,233.05,304.25511365217875,274.54999999999995
LOMO,boston,2006,p50,ridge_abs,224.78333333333333,292.1451165979538,274.54999999999995
LOMO,boston,2007,p50,ridge_abs,228.66666666666663,270.2031580422182,274.54999999999995
LOMO,boston,2008,p50,ridge_abs,226.21666666666667,304.5445445380667,274.54999999999995
LOMO,boston,2009,p50,ridge_abs,224.08333333333331,290.786303200245,274.54999999999995
LOMO,boston,2010,p50,ridge_abs,224.28333333333333,296.3526389342428,274.54999999999995
LOMO,boston,2011,p50,ridge_abs,224.9833333333333,304.7777789117696,274.54999999999995
LOMO,boston,2012,p50,ridge_abs,251.06666666666663,322.7856965889164,274.54999999999995
LOMO,boston,2013,p50,ridge_abs,220.88333333333333,302.7944881526407,274.54999999999995
LOMO,boston,2014,p50,ridge_abs,232.2333333333333,308.0766441896381,274.54999999999995
LOMO,boston,2015,p50,ridge_abs,219.66666666666663,284.5542054176701,274.54999999999995
LOMO,boston,2016,p50,ridge_abs,228.08333333333331,303.88134864897887,274.54999999999995
LOMO,boston,2017,p50,ridge_abs,231.65833333333333,322.3237554204304,274.54999999999995
LOMO,boston,2018,p50,ridge_abs,228.6,329.35839826401997,274.54999999999995
LOMO,boston,2019,p50,ridge_abs,225.575,281.7788230012319,274.54999999999995
LOMO,chicago,2005,p50,ridge_abs,262.85,272.81125591445067,271.75
LOMO,chicago,2006,p50,ridge_abs,261.05,264.5188934935843,271.75
LOMO,chicago,2007,p50,ridge_abs,295.01666666666665,301.4158430483811,271.75
LOMO,chicago,2008,p50,ridge_abs,283.7,296.1733190486412,271.75
LOMO,chicago,2009,p50,ridge_abs,263.43333333333334,270.9346200309133,271.75
LOMO,chicago,2010,p50,ridge_abs,280.64166666666665,304.65584695265443,271.75
LOMO,chicago,2011,p50,ridge_abs,277.875,299.1393732576729,271.75
LOMO,chicago,2012,p50,ridge_abs,267.4,283.40593449857283,271.75
LOMO,chicago,2013,p50,ridge_abs,267.43333333333334,280.9459131023839,271.75
LOMO,chicago,2014,p50,ridge_abs,267.4166666666667,283.1522260655583,271.75
LOMO,chicago,2015,p50,ridge_abs,270.75,288.3589070990955,271.75
LOMO,chicago,2016,p50,ridge_abs,268.3833333333333,281.4387794426183,271.75
LOMO,chicago,2017,p50,ridge_abs,282.71666666666664,294.9202022718471,271.75
LOMO,chicago,2018,p50,ridge_abs,267.4833333333333,286.2128860820001,271.75
LOMO,chicago,2019,p50,ridge_abs,262.1083333333333,277.6421205038245,271.75
LOMO,chicago,2022,p50,ridge_abs,261.76666666666665,288.1786207172838,271.75
LOMO,chicago,2023,p50,ridge_abs,251.6833333333333,296.1245422839382,271.75
LOMO,durban,2022,p50,ridge_abs,237.78333333333333,285.22011186821857,270.6
LOMO,durban,2024,p50,ridge_abs,247.49166666666667,278.46949756421196,270.6
LOMO,durban,2025,p50,ridge_abs,252.2083333333333,270.6406077843503,270.6
LOMO,honolulu,2005,p50,ridge_abs,339.4833333333333,311.7386111031139,265.525
LOMO,honolulu,2006,p50,ridge_abs,343.6166666666667,310.94286421525663,265.525
LOMO,honolulu,2007,p50,ridge_abs,350.06666666666666,305.214774093373,265.525
LOMO,honolulu,2008,p50,ridge_abs,346.45,309.8357864961515,265.525
LOMO,honolulu,2009,p50,ridge_abs,344.7333333333333,306.6053977284624,265.525
LOMO,honolulu,2010,p50,ridge_abs,350.8666666666667,301.78155152602227,265.525
LOMO,honolulu,2011,p50,ridge_abs,346.6,313.1492980786094,265.525
LOMO,honolulu,2012,p50,ridge_abs,348.8,308.97098358287775,265.525
LOMO,honolulu,2013,p50,ridge_abs,367.55,302.13229513003023,265.525
LOMO,honolulu,2014,p50,ridge_abs,351.96666666666664,308.47690295712624,265.525
LOMO,honolulu,2015,p50,ridge_abs,372.05,299.7878779040486,265.525
LOMO,honolulu,2016,p50,ridge_abs,374.9583333333333,295.57581901355053,265.525
LOMO,honolulu,2017,p50,ridge_abs,369.35833333333335,299.21685354557746,265.525
LOMO,honolulu,2018,p50,ridge_abs,375.26666666666665,309.7518312245181,265.525
LOMO,honolulu,2019,p50,ridge_abs,381.78333333333336,294.64968032193156,265.525
LOMO,long_beach,2010,p50,ridge_abs,288.5083333333333,274.3022890229574,267.43333333333334
LOMO,long_beach,2011,p50,ridge_abs,297.1,277.2076191224288,267.43333333333334
LOMO,long_beach,2012,p50,ridge_abs,309.46666666666664,275.69142758907344,267.43333333333334
LOMO,long_beach,2013,p50,ridge_abs,279.81666666666666,269.5067096825373,267.43333333333334
LOMO,long_beach,2014,p50,ridge_abs,285.19166666666666,275.8475094290494,267.43333333333334
LOMO,long_beach,2015,p50,ridge_abs,315.2583333333333,290.5445515545484,267.43333333333334
LOMO,long_beach,2016,p50,ridge_abs,288.3833333333333,282.92787370946587,267.43333333333334
LOMO,long_beach,2017,p50,ridge_abs,288.4,273.793342625467,267.43333333333334
LOMO,long_beach,2018,p50,ridge_abs,289.78333333333336,271.64120538584416,267.43333333333334
LOMO,long_beach,2019,p50,ridge_abs,283.95,273.9935114377528,267.43333333333334
LOMO,maui,2010,p50,ridge_abs,307.475,260.6224531276018,268.125
LOMO,maui,2011,p50,ridge_abs,301.18333333333334,273.2184927788056,268.125
LOMO,maui,2012,p50,ridge_abs,305.75,264.18651662267166,268.125
LOMO,maui,2013,p50,ridge_abs,317.25,273.65644409139105,268.125
LOMO,maui,2014,p50,ridge_abs,320.56666666666666,235.28531530248466,268.125
LOMO,nyc,2005,p50,ridge_abs,278.55,292.0047391951973,272.56666666666666
LOMO,nyc,2006,p50,ridge_abs,262.28333333333336,276.0760746266119,272.56666666666666
LOMO,nyc,2007,p50,ridge_abs,263.65,282.02145305162765,272.56666666666666
LOMO,nyc,2008,p50,ridge_abs,259.25,275.90183796876676,272.56666666666666
LOMO,nyc,2009,p50,ridge_abs,259.05,292.1287140011821,272.56666666666666
LOMO,nyc,2010,p50,ridge_abs,261.3333333333333,273.9310331157881,272.56666666666666
LOMO,nyc,2011,p50,ridge_abs,262.71666666666664,276.85582250333067,272.56666666666666
LOMO,nyc,2013,p50,ridge_abs,262.3333333333333,284.9654441529545,272.56666666666666
LOMO,nyc,2014,p50,ridge_abs,267.8666666666667,276.9786576151989,272.56666666666666
LOMO,nyc,2015,p50,ridge_abs,273.1333333333333,287.2923244990439,272.56666666666666
LOMO,nyc,2016,p50,ridge_abs,271.46666666666664,284.94692361240516,272.56666666666666
LOMO,nyc,2017,p50,ridge_abs,270.45,292.5928591380692,272.56666666666666
LOMO,nyc,2018,p50,ridge_abs,272.03333333333336,282.9139682889894,272.56666666666666
LOMO,nyc,2019,p50,ridge_abs,269.2,279.7987432685888,272.56666666666666
LOMO,nyc,2022,p50,ridge_abs,284.75,301.8199229646453,272.56666666666666
LOMO,nyc,2023,p50,ridge_abs,272.78333333333336,293.3265045630979,272.56666666666666
LOMO,nyc,2024,p50,ridge_abs,263.55,287.02946017645485,272.56666666666666
LOMO,rio,2023,p50,ridge_abs,254.5833333333333,311.92010174525694,270.6
LOMO,rio,2024,p50,ridge_abs,251.4833333333333,311.5861407519053,270.6
LOMO,rio,2025,p50,ridge_abs,250.35,314.0907151492204,270.6
LOMO,savannah,2011,p50,ridge_abs,270.125,271.95964506342324,267.67499999999995
LOMO,savannah,2012,p50,ridge_abs,277.6166666666667,274.89888318946055,267.67499999999995
LOMO,savannah,2013,p50,ridge_abs,274.3833333333333,278.43822722333056,267.67499999999995
LOMO,savannah,2014,p50,ridge_abs,274.71666666666664,276.8748760855863,267.67499999999995
LOMO,savannah,2015,p50,ridge_abs,249.3083333333333,303.0551298303736,267.67499999999995
LOMO,savannah,2016,p50,ridge_abs,286.6166666666667,275.3433115746813,267.67499999999995
LOMO,savannah,2017,p50,ridge_abs,300.45,284.5144630548022,267.67499999999995
LOMO,savannah,2018,p50,ridge_abs,280.96666666666664,265.1106959302422,267.67499999999995
LOMO,savannah,2019,p50,ridge_abs,279.2,270.8336114711523,267.67499999999995
LOMO,singapore,2014,p50,ridge_abs,358.0,276.5741837380663,267.4833333333333
LOMO,singapore,2015,p50,ridge_abs,360.81666666666666,277.3620523383367,267.4833333333333
LOMO,singapore,2016,p50,ridge_abs,354.1333333333333,280.3266737398557,267.4833333333333
LOMO,singapore,2017,p50,ridge_abs,355.3666666666667,279.7940920025014,267.4833333333333
LOMO,singapore,2018,p50,ridge_abs,353.56666666666666,275.1229336083805,267.4833333333333
LOMO,singapore,2019,p50,ridge_abs,358.06666666666666,287.9683727284032,267.4833333333333
LOMO,singapore,2022,p50,ridge_abs,327.65,280.65050671566985,267.4833333333333
LOMO,singapore,2023,p50,ridge_abs,329.53333333333336,282.54967191139906,267.4833333333333
LOMO,berlin,2005,p50,gbm_histogramas_abs,248.08333333333331,262.385511434883,274.54999999999995
LOMO,berlin,2006,p50,gbm_histogramas_abs,253.51666666666668,262.74497732154776,274.54999999999995
LOMO,berlin,2007,p50,gbm_histogramas_abs,242.25,257.75387679336984,274.54999999999995
LOMO,berlin,2008,p50,gbm_histogramas_abs,242.36666666666667,258.647985096328,274.54999999999995
LOMO,berlin,2009,p50,gbm_histogramas_abs,250.11666666666667,264.33238877360924,274.54999999999995
LOMO,berlin,2010,p50,gbm_histogramas_abs,241.05,252.99876994686466,274.54999999999995
LOMO,berlin,2011,p50,gbm_histogramas_abs,245.26666666666668,262.49858458969726,274.54999999999995
LOMO,berlin,2012,p50,gbm_histogramas_abs,241.06666666666663,257.29897859465837,274.54999999999995
LOMO,berlin,2013,p50,gbm_histogramas_abs,239.6833333333333,256.2286609561298,274.54999999999995
LOMO,berlin,2014,p50,gbm_histogramas_abs,241.9333333333333,258.79383719225507,274.54999999999995
LOMO,berlin,2015,p50,gbm_histogramas_abs,241.3083333333333,257.24378069738657,274.54999999999995
LOMO,berlin,2016,p50,gbm_histogramas_abs,247.2333333333333,261.6082734685152,274.54999999999995
LOMO,berlin,2017,p50,gbm_histogramas_abs,247.2,258.61973858140374,274.54999999999995
LOMO,berlin,2018,p50,gbm_histogramas_abs,253.45,257.8271204075685,274.54999999999995
LOMO,berlin,2019,p50,gbm_histogramas_abs,236.75833333333333,258.59619352643836,274.54999999999995
LOMO,boston,2005,p50,gbm_histogramas_abs,233.05,285.3288349820264,274.54999999999995
LOMO,boston,2006,p50,gbm_histogramas_abs,224.78333333333333,268.59855536558655,274.54999999999995
LOMO,boston,2007,p50,gbm_histogramas_abs,228.66666666666663,267.1516432005282,274.54999999999995
LOMO,boston,2008,p50,gbm_histogramas_abs,226.21666666666667,269.5256443984146,274.54999999999995
LOMO,boston,2009,p50,gbm_histogramas_abs,224.08333333333331,268.89112335500323,274.54999999999995
LOMO,boston,2010,p50,gbm_histogramas_abs,224.28333333333333,266.0982776220486,274.54999999999995
LOMO,boston,2011,p50,gbm_histogramas_abs,224.9833333333333,270.91352681401827,274.54999999999995
LOMO,boston,2012,p50,gbm_histogramas_abs,251.06666666666663,286.76959652086816,274.54999999999995
LOMO,boston,2013,p50,gbm_histogramas_abs,220.88333333333333,269.70208960672136,274.54999999999995
LOMO,boston,2014,p50,gbm_histogramas_abs,232.2333333333333,272.9199382141787,274.54999999999995
LOMO,boston,2015,p50,gbm_histogramas_abs,219.66666666666663,266.08535594549255,274.54999999999995
LOMO,boston,2016,p50,gbm_histogramas_abs,228.08333333333331,273.8398896556688,274.54999999999995
LOMO,boston,2017,p50,gbm_histogramas_abs,231.65833333333333,286.64359538614997,274.54999999999995
LOMO,boston,2018,p50,gbm_histogramas_abs,228.6,263.63762440002864,274.54999999999995
LOMO,boston,2019,p50,gbm_histogramas_abs,225.575,273.4187448872821,274.54999999999995
LOMO,chicago,2005,p50,gbm_histogramas_abs,262.85,267.8153303370598,271.75
LOMO,chicago,2006,p50,gbm_histogramas_abs,261.05,263.78209927383745,271.75
LOMO,chicago,2007,p50,gbm_histogramas_abs,295.01666666666665,318.8063826231744,271.75
LOMO,chicago,2008,p50,gbm_histogramas_abs,283.7,280.182883692037,271.75
LOMO,chicago,2009,p50,gbm_histogramas_abs,263.43333333333334,263.6467152117935,271.75
LOMO,chicago,2010,p50,gbm_histogramas_abs,280.64166666666665,281.207240554064,271.75
LOMO,chicago,2011,p50,gbm_histogramas_abs,277.875,281.8825661419297,271.75
LOMO,chicago,2012,p50,gbm_histogramas_abs,267.4,268.1312790544877,271.75
LOMO,chicago,2013,p50,gbm_histogramas_abs,267.43333333333334,269.4714590028795,271.75
LOMO,chicago,2014,p50,gbm_histogramas_abs,267.4166666666667,268.33482921104564,271.75
LOMO,chicago,2015,p50,gbm_histogramas_abs,270.75,277.35734473299283,271.75
LOMO,chicago,2016,p50,gbm_histogramas_abs,268.3833333333333,272.227809148202,271.75
LOMO,chicago,2017,p50,gbm_histogramas_abs,282.71666666666664,293.45677181821515,271.75
LOMO,chicago,2018,p50,gbm_histogramas_abs,267.4833333333333,273.11777105221574,271.75
LOMO,chicago,2019,p50,gbm_histogramas_abs,262.1083333333333,267.36797905174507,271.75
LOMO,chicago,2022,p50,gbm_histogramas_abs,261.76666666666665,275.71301687292237,271.75
LOMO,chicago,2023,p50,gbm_histogramas_abs,251.6833333333333,269.97177158771746,271.75
LOMO,durban,2022,p50,gbm_histogramas_abs,237.78333333333333,274.97020175919783,270.6
LOMO,durban,2024,p50,gbm_histogramas_abs,247.49166666666667,286.51931941053357,270.6
LOMO,durban,2025,p50,gbm_histogramas_abs,252.2083333333333,279.8070320014468,270.6
LOMO,honolulu,2005,p50,gbm_histogramas_abs,339.4833333333333,310.51268166978207,265.525
LOMO,honolulu,2006,p50,gbm_histogramas_abs,343.6166666666667,274.12464773134366,265.525
LOMO,honolulu,2007,p50,gbm_histogramas_abs,350.06666666666666,293.19544868719345,265.525
LOMO,honolulu,2008,p50,gbm_histogramas_abs,346.45,295.1453271125172,265.525
LOMO,honolulu,2009,p50,gbm_histogramas_abs,344.7333333333333,275.7843208303312,265.525
LOMO,honolulu,2010,p50,gbm_histogramas_abs,350.8666666666667,273.4458749038579,265.525
LOMO,honolulu,2011,p50,gbm_histogramas_abs,346.6,268.0581769956213,265.525
LOMO,honolulu,2012,p50,gbm_histogramas_abs,348.8,310.2377096046673,265.525
LOMO,honolulu,2013,p50,gbm_histogramas_abs,367.55,303.0265141252384,265.525
LOMO,honolulu,2014,p50,gbm_histogramas_abs,351.96666666666664,316.98287304438844,265.525
LOMO,honolulu,2015,p50,gbm_histogramas_abs,372.05,300.89860742806707,265.525
LOMO,honolulu,2016,p50,gbm_histogramas_abs,374.9583333333333,318.9185814698526,265.525
LOMO,honolulu,2017,p50,gbm_histogramas_abs,369.35833333333335,302.47477275367703,265.525
LOMO,honolulu,2018,p50,gbm_histogramas_abs,375.26666666666665,319.19644276270753,265.525
LOMO,honolulu,2019,p50,gbm_histogramas_abs,381.78333333333336,298.3542301950427,265.525
LOMO,long_beach,2010,p50,gbm_histogramas_abs,288.5083333333333,263.99237826288663,267.43333333333334
LOMO,long_beach,2011,p50,gbm_histogramas_abs,297.1,266.8038378633786,267.43333333333334
LOMO,long_beach,2012,p50,gbm_histogramas_abs,309.46666666666664,263.10374585419424,267.43333333333334
LOMO,long_beach,2013,p50,gbm_histogramas_abs,279.81666666666666,267.9195259207645,267.43333333333334
LOMO,long_beach,2014,p50,gbm_histogramas_abs,285.19166666666666,266.8150013744634,267.43333333333334
LOMO,long_beach,2015,p50,gbm_histogramas_abs,315.2583333333333,309.9429705876502,267.43333333333334
LOMO,long_beach,2016,p50,gbm_histogramas_abs,288.3833333333333,263.85147528675395,267.43333333333334
LOMO,long_beach,2017,p50,gbm_histogramas_abs,288.4,261.80808765626165,267.43333333333334
LOMO,long_beach,2018,p50,gbm_histogramas_abs,289.78333333333336,261.82259079095314,267.43333333333334
LOMO,long_beach,2019,p50,gbm_histogramas_abs,283.95,260.48079358132884,267.43333333333334
LOMO,maui,2010,p50,gbm_histogramas_abs,307.475,328.26593336031203,268.125
LOMO,maui,2011,p50,gbm_histogramas_abs,301.18333333333334,332.5915470884904,268.125
LOMO,maui,2012,p50,gbm_histogramas_abs,305.75,333.7889472723736,268.125
LOMO,maui,2013,p50,gbm_histogramas_abs,317.25,333.9908777535155,268.125
LOMO,maui,2014,p50,gbm_histogramas_abs,320.56666666666666,331.1726469791738,268.125
LOMO,nyc,2005,p50,gbm_histogramas_abs,278.55,267.8208179882718,272.56666666666666
LOMO,nyc,2006,p50,gbm_histogramas_abs,262.28333333333336,265.1232503863166,272.56666666666666
LOMO,nyc,2007,p50,gbm_histogramas_abs,263.65,262.7834416402418,272.56666666666666
LOMO,nyc,2008,p50,gbm_histogramas_abs,259.25,261.06480569500064,272.56666666666666
LOMO,nyc,2009,p50,gbm_histogramas_abs,259.05,264.24098360785007,272.56666666666666
LOMO,nyc,2010,p50,gbm_histogramas_abs,261.3333333333333,259.8170386072123,272.56666666666666
LOMO,nyc,2011,p50,gbm_histogramas_abs,262.71666666666664,263.6223346954933,272.56666666666666
LOMO,nyc,2013,p50,gbm_histogramas_abs,262.3333333333333,261.84306550667367,272.56666666666666
LOMO,nyc,2014,p50,gbm_histogramas_abs,267.8666666666667,262.31847419791205,272.56666666666666
LOMO,nyc,2015,p50,gbm_histogramas_abs,273.1333333333333,269.7685541314916,272.56666666666666
LOMO,nyc,2016,p50,gbm_histogramas_abs,271.46666666666664,260.1510778033557,272.56666666666666
LOMO,nyc,2017,p50,gbm_histogramas_abs,270.45,263.6901030255401,272.56666666666666
LOMO,nyc,2018,p50,gbm_histogramas_abs,272.03333333333336,262.2396546569768,272.56666666666666
LOMO,nyc,2019,p50,gbm_histogramas_abs,269.2,261.29785868821943,272.56666666666666
LOMO,nyc,2022,p50,gbm_histogramas_abs,284.75,294.8123894421921,272.56666666666666
LOMO,nyc,2023,p50,gbm_histogramas_abs,272.78333333333336,255.57443328698787,272.56666666666666
LOMO,nyc,2024,p50,gbm_histogramas_abs,263.55,248.2419787878741,272.56666666666666
LOMO,rio,2023,p50,gbm_histogramas_abs,254.5833333333333,338.93700411248403,270.6
LOMO,rio,2024,p50,gbm_histogramas_abs,251.4833333333333,339.397301116188,270.6
LOMO,rio,2025,p50,gbm_histogramas_abs,250.35,365.84592797595246,270.6
LOMO,savannah,2011,p50,gbm_histogramas_abs,270.125,263.3082914900488,267.67499999999995
LOMO,savannah,2012,p50,gbm_histogramas_abs,277.6166666666667,268.7452334214618,267.67499999999995
LOMO,savannah,2013,p50,gbm_histogramas_abs,274.3833333333333,264.65229087352486,267.67499999999995
LOMO,savannah,2014,p50,gbm_histogramas_abs,274.71666666666664,267.53129855615185,267.67499999999995
LOMO,savannah,2015,p50,gbm_histogramas_abs,249.3083333333333,326.81632234657985,267.67499999999995
LOMO,savannah,2016,p50,gbm_histogramas_abs,286.6166666666667,267.19856702759193,267.67499999999995
LOMO,savannah,2017,p50,gbm_histogramas_abs,300.45,275.9595545956635,267.67499999999995
LOMO,savannah,2018,p50,gbm_histogramas_abs,280.96666666666664,265.9655229137167,267.67499999999995
LOMO,savannah,2019,p50,gbm_histogramas_abs,279.2,266.6564788599876,267.67499999999995
LOMO,singapore,2014,p50,gbm_histogramas_abs,358.0,278.1197893118923,267.4833333333333
LOMO,singapore,2015,p50,gbm_histogramas_abs,360.81666666666666,282.7995470464588,267.4833333333333
LOMO,singapore,2016,p50,gbm_histogramas_abs,354.1333333333333,280.53776900884935,267.4833333333333
LOMO,singapore,2017,p50,gbm_histogramas_abs,355.3666666666667,282.3469614467235,267.4833333333333
LOMO,singapore,2018,p50,gbm_histogramas_abs,353.56666666666666,278.3311361455945,267.4833333333333
LOMO,singapore,2019,p50,gbm_histogramas_abs,358.06666666666666,283.368816226126,267.4833333333333
LOMO,singapore,2022,p50,gbm_histogramas_abs,327.65,280.841916677367,267.4833333333333
LOMO,singapore,2023,p50,gbm_histogramas_abs,329.53333333333336,282.1672403486719,267.4833333333333
LOMO,berlin,2005,p50,ridge_dev,248.08333333333331,279.8257506533286,274.54999999999995
LOMO,berlin,2006,p50,ridge_dev,253.51666666666668,282.56315341709796,274.54999999999995
LOMO,berlin,2007,p50,ridge_dev,242.25,273.0394902756474,274.54999999999995
LOMO,berlin,2008,p50,ridge_dev,242.36666666666667,275.1545136125745,274.54999999999995
LOMO,berlin,2009,p50,ridge_dev,250.11666666666667,281.6883414451364,274.54999999999995
LOMO,berlin,2010,p50,ridge_dev,241.05,268.29318777756987,274.54999999999995
LOMO,berlin,2011,p50,ridge_dev,245.26666666666668,279.4578181223681,274.54999999999995
LOMO,berlin,2012,p50,ridge_dev,241.06666666666663,274.3105322711333,274.54999999999995
LOMO,berlin,2013,p50,ridge_dev,239.6833333333333,274.3966238704147,274.54999999999995
LOMO,berlin,2014,p50,ridge_dev,241.9333333333333,278.4691646880452,274.54999999999995
LOMO,berlin,2015,p50,ridge_dev,241.3083333333333,275.31872872997104,274.54999999999995
LOMO,berlin,2016,p50,ridge_dev,247.2333333333333,280.9321273802596,274.54999999999995
LOMO,berlin,2017,p50,ridge_dev,247.2,276.5841769589575,274.54999999999995
LOMO,berlin,2018,p50,ridge_dev,253.45,279.2815679215126,274.54999999999995
LOMO,berlin,2019,p50,ridge_dev,236.75833333333333,268.7798233933361,274.54999999999995
LOMO,boston,2005,p50,ridge_dev,233.05,274.83641524686357,274.54999999999995
LOMO,boston,2006,p50,ridge_dev,224.78333333333333,271.33976898197966,274.54999999999995
LOMO,boston,2007,p50,ridge_dev,228.66666666666663,268.02997862754285,274.54999999999995
LOMO,boston,2008,p50,ridge_dev,226.21666666666667,273.2921388717547,274.54999999999995
LOMO,boston,2009,p50,ridge_dev,224.08333333333331,269.2499101535616,274.54999999999995
LOMO,boston,2010,p50,ridge_dev,224.28333333333333,270.6835641904819,274.54999999999995
LOMO,boston,2011,p50,ridge_dev,224.9833333333333,272.46096959408754,274.54999999999995
LOMO,boston,2012,p50,ridge_dev,251.06666666666663,281.12031059032614,274.54999999999995
LOMO,boston,2013,p50,ridge_dev,220.88333333333333,272.0770266792022,274.54999999999995
LOMO,boston,2014,p50,ridge_dev,232.2333333333333,276.2728110056892,274.54999999999995
LOMO,boston,2015,p50,ridge_dev,219.66666666666663,260.19853661170083,274.54999999999995
LOMO,boston,2016,p50,ridge_dev,228.08333333333331,274.55481465259163,274.54999999999995
LOMO,boston,2017,p50,ridge_dev,231.65833333333333,276.5880290642741,274.54999999999995
LOMO,boston,2018,p50,ridge_dev,228.6,244.90211143545113,274.54999999999995
LOMO,boston,2019,p50,ridge_dev,225.575,265.43452955716276,274.54999999999995
LOMO,chicago,2005,p50,ridge_dev,262.85,271.5762936483175,271.75
LOMO,chicago,2006,p50,ridge_dev,261.05,262.04785068983097,271.75
LOMO,chicago,2007,p50,ridge_dev,295.01666666666665,279.16447344831,271.75
LOMO,chicago,2008,p50,ridge_dev,283.7,280.0172501985422,271.75
LOMO,chicago,2009,p50,ridge_dev,263.43333333333334,267.05678373151335,271.75
LOMO,chicago,2010,p50,ridge_dev,280.64166666666665,280.7089612848635,271.75
LOMO,chicago,2011,p50,ridge_dev,277.875,279.30578034116365,271.75
LOMO,chicago,2012,p50,ridge_dev,267.4,268.7798975172064,271.75
LOMO,chicago,2013,p50,ridge_dev,267.43333333333334,273.3703333613857,271.75
LOMO,chicago,2014,p50,ridge_dev,267.4166666666667,274.27744076136196,271.75
LOMO,chicago,2015,p50,ridge_dev,270.75,277.8702646874483,271.75
LOMO,chicago,2016,p50,ridge_dev,268.3833333333333,274.2853580380278,271.75
LOMO,chicago,2017,p50,ridge_dev,282.71666666666664,279.0480890749343,271.75
LOMO,chicago,2018,p50,ridge_dev,267.4833333333333,269.40117500338886,271.75
LOMO,chicago,2019,p50,ridge_dev,262.1083333333333,270.3330312267507,271.75
LOMO,chicago,2022,p50,ridge_dev,261.76666666666665,276.6364528327283,271.75
LOMO,chicago,2023,p50,ridge_dev,251.6833333333333,271.8623380269667,271.75
LOMO,durban,2022,p50,ridge_dev,237.78333333333333,271.6902003067605,270.6
LOMO,durban,2024,p50,ridge_dev,247.49166666666667,273.3948736374412,270.6
LOMO,durban,2025,p50,ridge_dev,252.2083333333333,272.5256010522508,270.6
LOMO,honolulu,2005,p50,ridge_dev,339.4833333333333,269.0433811265783,265.525
LOMO,honolulu,2006,p50,ridge_dev,343.6166666666667,270.7615724808312,265.525
LOMO,honolulu,2007,p50,ridge_dev,350.06666666666666,268.38779516108406,265.525
LOMO,honolulu,2008,p50,ridge_dev,346.45,267.08527073169427,265.525
LOMO,honolulu,2009,p50,ridge_dev,344.7333333333333,270.85001884264767,265.525
LOMO,honolulu,2010,p50,ridge_dev,350.8666666666667,267.2004243371374,265.525
LOMO,honolulu,2011,p50,ridge_dev,346.6,267.87463186898754,265.525
LOMO,honolulu,2012,p50,ridge_dev,348.8,268.1497909016206,265.525
LOMO,honolulu,2013,p50,ridge_dev,367.55,268.6713497239217,265.525
LOMO,honolulu,2014,p50,ridge_dev,351.96666666666664,266.0458575048759,265.525
LOMO,honolulu,2015,p50,ridge_dev,372.05,267.73121001722905,265.525
LOMO,honolulu,2016,p50,ridge_dev,374.9583333333333,267.02219501212585,265.525
LOMO,honolulu,2017,p50,ridge_dev,369.35833333333335,266.2747156443292,265.525
LOMO,honolulu,2018,p50,ridge_dev,375.26666666666665,268.90093402109727,265.525
LOMO,honolulu,2019,p50,ridge_dev,381.78333333333336,267.22741574158346,265.525
LOMO,long_beach,2010,p50,ridge_dev,288.5083333333333,267.4157461076965,267.43333333333334
LOMO,long_beach,2011,p50,ridge_dev,297.1,269.39407937003426,267.43333333333334
LOMO,long_beach,2012,p50,ridge_dev,309.46666666666664,270.19792555723967,267.43333333333334
LOMO,long_beach,2013,p50,ridge_dev,279.81666666666666,267.16946839699347,267.43333333333334
LOMO,long_beach,2014,p50,ridge_dev,285.19166666666666,269.99506468430263,267.43333333333334
LOMO,long_beach,2015,p50,ridge_dev,315.2583333333333,274.11673670056643,267.43333333333334
LOMO,long_beach,2016,p50,ridge_dev,288.3833333333333,271.312451080338,267.43333333333334
LOMO,long_beach,2017,p50,ridge_dev,288.4,269.3653557782044,267.43333333333334
LOMO,long_beach,2018,p50,ridge_dev,289.78333333333336,268.8602344821137,267.43333333333334
LOMO,long_beach,2019,p50,ridge_dev,283.95,267.8088315595523,267.43333333333334
LOMO,maui,2010,p50,ridge_dev,307.475,270.0311856351352,268.125
LOMO,maui,2011,p50,ridge_dev,301.18333333333334,272.7006020478734,268.125
LOMO,maui,2012,p50,ridge_dev,305.75,272.4481526352453,268.125
LOMO,maui,2013,p50,ridge_dev,317.25,271.87010833999153,268.125
LOMO,maui,2014,p50,ridge_dev,320.56666666666666,268.2715942330651,268.125
LOMO,nyc,2005,p50,ridge_dev,278.55,276.10603037254936,272.56666666666666
LOMO,nyc,2006,p50,ridge_dev,262.28333333333336,270.8415920566763,272.56666666666666
LOMO,nyc,2007,p50,ridge_dev,263.65,271.27506707317747,272.56666666666666
LOMO,nyc,2008,p50,ridge_dev,259.25,269.42041058066,272.56666666666666
LOMO,nyc,2009,p50,ridge_dev,259.05,271.4642791940839,272.56666666666666
LOMO,nyc,2010,p50,ridge_dev,261.3333333333333,268.86002713949676,272.56666666666666
LOMO,nyc,2011,p50,ridge_dev,262.71666666666664,271.8487412100358,272.56666666666666
LOMO,nyc,2013,p50,ridge_dev,262.3333333333333,269.17787982739685,272.56666666666666
LOMO,nyc,2014,p50,ridge_dev,267.8666666666667,266.420927363091,272.56666666666666
LOMO,nyc,2015,p50,ridge_dev,273.1333333333333,273.77268322893786,272.56666666666666
LOMO,nyc,2016,p50,ridge_dev,271.46666666666664,271.34369152086776,272.56666666666666
LOMO,nyc,2017,p50,ridge_dev,270.45,272.79278712229205,272.56666666666666
LOMO,nyc,2018,p50,ridge_dev,272.03333333333336,272.71489063095396,272.56666666666666
LOMO,nyc,2019,p50,ridge_dev,269.2,270.9580934926045,272.56666666666666
LOMO,nyc,2022,p50,ridge_dev,284.75,277.8743266318199,272.56666666666666
LOMO,nyc,2023,p50,ridge_dev,272.78333333333336,275.9659590742178,272.56666666666666
LOMO,nyc,2024,p50,ridge_dev,263.55,271.8862759558518,272.56666666666666
LOMO,rio,2023,p50,ridge_dev,254.5833333333333,274.67576427861286,270.6
LOMO,rio,2024,p50,ridge_dev,251.4833333333333,274.53107680549283,270.6
LOMO,rio,2025,p50,ridge_dev,250.35,274.82603999704406,270.6
LOMO,savannah,2011,p50,ridge_dev,270.125,265.48551193075815,267.67499999999995
LOMO,savannah,2012,p50,ridge_dev,277.6166666666667,272.0461126005337,267.67499999999995
LOMO,savannah,2013,p50,ridge_dev,274.3833333333333,270.83082166293667,267.67499999999995
LOMO,savannah,2014,p50,ridge_dev,274.71666666666664,270.1766204665025,267.67499999999995
LOMO,savannah,2015,p50,ridge_dev,249.3083333333333,272.9418435736947,267.67499999999995
LOMO,savannah,2016,p50,ridge_dev,286.6166666666667,269.04476759586214,267.67499999999995
LOMO,savannah,2017,p50,ridge_dev,300.45,275.2927474879194,267.67499999999995
LOMO,savannah,2018,p50,ridge_dev,280.96666666666664,268.27910234380084,267.67499999999995
LOMO,savannah,2019,p50,ridge_dev,279.2,266.03586373954084,267.67499999999995
LOMO,singapore,2014,p50,ridge_dev,358.0,271.2182107184062,267.4833333333333
LOMO,singapore,2015,p50,ridge_dev,360.81666666666666,271.49026929410144,267.4833333333333
LOMO,singapore,2016,p50,ridge_dev,354.1333333333333,272.138147805387,267.4833333333333
LOMO,singapore,2017,p50,ridge_dev,355.3666666666667,271.6673958822983,267.4833333333333
LOMO,singapore,2018,p50,ridge_dev,353.56666666666666,271.18157586796303,267.4833333333333
LOMO,singapore,2019,p50,ridge_dev,358.06666666666666,271.4647011434422,267.4833333333333
LOMO,singapore,2022,p50,ridge_dev,327.65,270.89079772579043,267.4833333333333
LOMO,singapore,2023,p50,ridge_dev,329.53333333333336,270.6953393403725,267.4833333333333
LOMO,berlin,2005,p50,gbm_histogramas_dev,248.08333333333331,281.06495998353336,274.54999999999995
LOMO,berlin,2006,p50,gbm_histogramas_dev,253.51666666666668,290.2179864609729,274.54999999999995
LOMO,berlin,2007,p50,gbm_histogramas_dev,242.25,275.8873377496731,274.54999999999995
LOMO,berlin,2008,p50,gbm_histogramas_dev,242.36666666666667,275.3064695379028,274.54999999999995
LOMO,berlin,2009,p50,gbm_histogramas_dev,250.11666666666667,279.8437493092133,274.54999999999995
LOMO,berlin,2010,p50,gbm_histogramas_dev,241.05,267.5746525996455,274.54999999999995
LOMO,berlin,2011,p50,gbm_histogramas_dev,245.26666666666668,279.09904461138296,274.54999999999995
LOMO,berlin,2012,p50,gbm_histogramas_dev,241.06666666666663,274.5406361251465,274.54999999999995
LOMO,berlin,2013,p50,gbm_histogramas_dev,239.6833333333333,272.94622697066734,274.54999999999995
LOMO,berlin,2014,p50,gbm_histogramas_dev,241.9333333333333,278.16291849062156,274.54999999999995
LOMO,berlin,2015,p50,gbm_histogramas_dev,241.3083333333333,277.2485417992922,274.54999999999995
LOMO,berlin,2016,p50,gbm_histogramas_dev,247.2333333333333,279.9813507644667,274.54999999999995
LOMO,berlin,2017,p50,gbm_histogramas_dev,247.2,273.28662477074494,274.54999999999995
LOMO,berlin,2018,p50,gbm_histogramas_dev,253.45,274.0598861635206,274.54999999999995
LOMO,berlin,2019,p50,gbm_histogramas_dev,236.75833333333333,272.69036245051393,274.54999999999995
LOMO,boston,2005,p50,gbm_histogramas_dev,233.05,271.1368797481795,274.54999999999995
LOMO,boston,2006,p50,gbm_histogramas_dev,224.78333333333333,269.5743117043105,274.54999999999995
LOMO,boston,2007,p50,gbm_histogramas_dev,228.66666666666663,272.662854722851,274.54999999999995
LOMO,boston,2008,p50,gbm_histogramas_dev,226.21666666666667,270.83309322001173,274.54999999999995
LOMO,boston,2009,p50,gbm_histogramas_dev,224.08333333333331,267.8466370367079,274.54999999999995
LOMO,boston,2010,p50,gbm_histogramas_dev,224.28333333333333,268.50869242472606,274.54999999999995
LOMO,boston,2011,p50,gbm_histogramas_dev,224.9833333333333,271.22703349396284,274.54999999999995
LOMO,boston,2012,p50,gbm_histogramas_dev,251.06666666666663,289.0239169155466,274.54999999999995
LOMO,boston,2013,p50,gbm_histogramas_dev,220.88333333333333,270.311479457939,274.54999999999995
LOMO,boston,2014,p50,gbm_histogramas_dev,232.2333333333333,276.55879576748004,274.54999999999995
LOMO,boston,2015,p50,gbm_histogramas_dev,219.66666666666663,270.6193112252092,274.54999999999995
LOMO,boston,2016,p50,gbm_histogramas_dev,228.08333333333331,279.2501514057318,274.54999999999995
LOMO,boston,2017,p50,gbm_histogramas_dev,231.65833333333333,284.17086410018396,274.54999999999995
LOMO,boston,2018,p50,gbm_histogramas_dev,228.6,273.91017032918717,274.54999999999995
LOMO,boston,2019,p50,gbm_histogramas_dev,225.575,273.25331305154225,274.54999999999995
LOMO,chicago,2005,p50,gbm_histogramas_dev,262.85,269.5554367925006,271.75
LOMO,chicago,2006,p50,gbm_histogramas_dev,261.05,266.03579602387873,271.75
LOMO,chicago,2007,p50,gbm_histogramas_dev,295.01666666666665,291.8906583729076,271.75
LOMO,chicago,2008,p50,gbm_histogramas_dev,283.7,282.034875621461,271.75
LOMO,chicago,2009,p50,gbm_histogramas_dev,263.43333333333334,268.04071363144027,271.75
LOMO,chicago,2010,p50,gbm_histogramas_dev,280.64166666666665,286.79421801378726,271.75
LOMO,chicago,2011,p50,gbm_histogramas_dev,277.875,278.1344341351387,271.75
LOMO,chicago,2012,p50,gbm_histogramas_dev,267.4,267.81512463629707,271.75
LOMO,chicago,2013,p50,gbm_histogramas_dev,267.43333333333334,270.4629762678241,271.75
LOMO,chicago,2014,p50,gbm_histogramas_dev,267.4166666666667,274.5262097623697,271.75
LOMO,chicago,2015,p50,gbm_histogramas_dev,270.75,281.74214082081824,271.75
LOMO,chicago,2016,p50,gbm_histogramas_dev,268.3833333333333,274.55288290723746,271.75
LOMO,chicago,2017,p50,gbm_histogramas_dev,282.71666666666664,282.93630929665306,271.75
LOMO,chicago,2018,p50,gbm_histogramas_dev,267.4833333333333,272.90526780834756,271.75
LOMO,chicago,2019,p50,gbm_histogramas_dev,262.1083333333333,272.3162084130051,271.75
LOMO,chicago,2022,p50,gbm_histogramas_dev,261.76666666666665,277.6746008298507,271.75
LOMO,chicago,2023,p50,gbm_histogramas_dev,251.6833333333333,270.278846038532,271.75
LOMO,durban,2022,p50,gbm_histogramas_dev,237.78333333333333,271.24411667418843,270.6
LOMO,durban,2024,p50,gbm_histogramas_dev,247.49166666666667,275.00420401590316,270.6
LOMO,durban,2025,p50,gbm_histogramas_dev,252.2083333333333,273.38906182137214,270.6
LOMO,honolulu,2005,p50,gbm_histogramas_dev,339.4833333333333,267.8332689349702,265.525
LOMO,honolulu,2006,p50,gbm_histogramas_dev,343.6166666666667,271.90845935259586,265.525
LOMO,honolulu,2007,p50,gbm_histogramas_dev,350.06666666666666,266.57038883181696,265.525
LOMO,honolulu,2008,p50,gbm_histogramas_dev,346.45,267.596435370006,265.525
LOMO,honolulu,2009,p50,gbm_histogramas_dev,344.7333333333333,272.7257086434047,265.525
LOMO,honolulu,2010,p50,gbm_histogramas_dev,350.8666666666667,270.49266246435786,265.525
LOMO,honolulu,2011,p50,gbm_histogramas_dev,346.6,268.45228560667556,265.525
LOMO,honolulu,2012,p50,gbm_histogramas_dev,348.8,271.3163021549687,265.525
LOMO,honolulu,2013,p50,gbm_histogramas_dev,367.55,268.3133855621257,265.525
LOMO,honolulu,2014,p50,gbm_histogramas_dev,351.96666666666664,267.7799327975807,265.525
LOMO,honolulu,2015,p50,gbm_histogramas_dev,372.05,265.20939025407966,265.525
LOMO,honolulu,2016,p50,gbm_histogramas_dev,374.9583333333333,271.8584016206268,265.525
LOMO,honolulu,2017,p50,gbm_histogramas_dev,369.35833333333335,266.72960485730005,265.525
LOMO,honolulu,2018,p50,gbm_histogramas_dev,375.26666666666665,270.4253847681885,265.525
LOMO,honolulu,2019,p50,gbm_histogramas_dev,381.78333333333336,260.93277508223343,265.525
LOMO,long_beach,2010,p50,gbm_histogramas_dev,288.5083333333333,272.02537105034554,267.43333333333334
LOMO,long_beach,2011,p50,gbm_histogramas_dev,297.1,269.60181743984,267.43333333333334
LOMO,long_beach,2012,p50,gbm_histogramas_dev,309.46666666666664,271.65267012351615,267.43333333333334
LOMO,long_beach,2013,p50,gbm_histogramas_dev,279.81666666666666,272.76986810690613,267.43333333333334
LOMO,long_beach,2014,p50,gbm_histogramas_dev,285.19166666666666,273.30056979399603,267.43333333333334
LOMO,long_beach,2015,p50,gbm_histogramas_dev,315.2583333333333,281.3095317385514,267.43333333333334
LOMO,long_beach,2016,p50,gbm_histogramas_dev,288.3833333333333,277.7957256800219,267.43333333333334
LOMO,long_beach,2017,p50,gbm_histogramas_dev,288.4,277.68641299061966,267.43333333333334
LOMO,long_beach,2018,p50,gbm_histogramas_dev,289.78333333333336,276.63412003158766,267.43333333333334
LOMO,long_beach,2019,p50,gbm_histogramas_dev,283.95,275.2890709825302,267.43333333333334
LOMO,maui,2010,p50,gbm_histogramas_dev,307.475,262.82299351078575,268.125
LOMO,maui,2011,p50,gbm_histogramas_dev,301.18333333333334,264.2572470173566,268.125
LOMO,maui,2012,p50,gbm_histogramas_dev,305.75,263.2484260911522,268.125
LOMO,maui,2013,p50,gbm_histogramas_dev,317.25,268.7681198919401,268.125
LOMO,maui,2014,p50,gbm_histogramas_dev,320.56666666666666,268.8464255330214,268.125
LOMO,nyc,2005,p50,gbm_histogramas_dev,278.55,272.4681156127035,272.56666666666666
LOMO,nyc,2006,p50,gbm_histogramas_dev,262.28333333333336,269.1507558288636,272.56666666666666
LOMO,nyc,2007,p50,gbm_histogramas_dev,263.65,271.3107097315934,272.56666666666666
LOMO,nyc,2008,p50,gbm_histogramas_dev,259.25,267.84423240418147,272.56666666666666
LOMO,nyc,2009,p50,gbm_histogramas_dev,259.05,269.91708699422156,272.56666666666666
LOMO,nyc,2010,p50,gbm_histogramas_dev,261.3333333333333,267.78740537664555,272.56666666666666
LOMO,nyc,2011,p50,gbm_histogramas_dev,262.71666666666664,269.455682480825,272.56666666666666
LOMO,nyc,2013,p50,gbm_histogramas_dev,262.3333333333333,268.69916545577536,272.56666666666666
LOMO,nyc,2014,p50,gbm_histogramas_dev,267.8666666666667,268.96681466858655,272.56666666666666
LOMO,nyc,2015,p50,gbm_histogramas_dev,273.1333333333333,270.91351921303146,272.56666666666666
LOMO,nyc,2016,p50,gbm_histogramas_dev,271.46666666666664,271.5676903251044,272.56666666666666
LOMO,nyc,2017,p50,gbm_histogramas_dev,270.45,276.16927204620083,272.56666666666666
LOMO,nyc,2018,p50,gbm_histogramas_dev,272.03333333333336,275.52525744742996,272.56666666666666
LOMO,nyc,2019,p50,gbm_histogramas_dev,269.2,268.40850293899877,272.56666666666666
LOMO,nyc,2022,p50,gbm_histogramas_dev,284.75,266.16995609711597,272.56666666666666
LOMO,nyc,2023,p50,gbm_histogramas_dev,272.78333333333336,276.06387999922975,272.56666666666666
LOMO,nyc,2024,p50,gbm_histogramas_dev,263.55,271.6332072089586,272.56666666666666
LOMO,rio,2023,p50,gbm_histogramas_dev,254.5833333333333,277.1805799864771,270.6
LOMO,rio,2024,p50,gbm_histogramas_dev,251.4833333333333,276.3553514003833,270.6
LOMO,rio,2025,p50,gbm_histogramas_dev,250.35,274.53833087630187,270.6
LOMO,savannah,2011,p50,gbm_histogramas_dev,270.125,263.46009449437656,267.67499999999995
LOMO,savannah,2012,p50,gbm_histogramas_dev,277.6166666666667,267.23380862084264,267.67499999999995
LOMO,savannah,2013,p50,gbm_histogramas_dev,274.3833333333333,266.9276137624679,267.67499999999995
LOMO,savannah,2014,p50,gbm_histogramas_dev,274.71666666666664,267.1772450922651,267.67499999999995
LOMO,savannah,2015,p50,gbm_histogramas_dev,249.3083333333333,287.97045233976974,267.67499999999995
LOMO,savannah,2016,p50,gbm_histogramas_dev,286.6166666666667,268.16849166603936,267.67499999999995
LOMO,savannah,2017,p50,gbm_histogramas_dev,300.45,267.5499250599259,267.67499999999995
LOMO,savannah,2018,p50,gbm_histogramas_dev,280.96666666666664,266.19248267988564,267.67499999999995
LOMO,savannah,2019,p50,gbm_histogramas_dev,279.2,266.263454713599,267.67499999999995
LOMO,singapore,2014,p50,gbm_histogramas_dev,358.0,271.3645415285933,267.4833333333333
LOMO,singapore,2015,p50,gbm_histogramas_dev,360.81666666666666,278.41687982299436,267.4833333333333
LOMO,singapore,2016,p50,gbm_histogramas_dev,354.1333333333333,278.76395714550995,267.4833333333333
LOMO,singapore,2017,p50,gbm_histogramas_dev,355.3666666666667,283.52093764323695,267.4833333333333
LOMO,singapore,2018,p50,gbm_histogramas_dev,353.56666666666666,280.71719847917683,267.4833333333333
LOMO,singapore,2019,p50,gbm_histogramas_dev,358.06666666666666,285.0106033092439,267.4833333333333
LOMO,singapore,2022,p50,gbm_histogramas_dev,327.65,278.9783137248589,267.4833333333333
LOMO,singapore,2023,p50,gbm_histogramas_dev,329.53333333333336,278.1186587520236,267.4833333333333
LOMO,berlin,2005,p75,media_global,277.7,329.4356209150327,311.88541666666663
LOMO,berlin,2006,p75,media_global,284.2791666666667,329.4356209150327,311.88541666666663
LOMO,berlin,2007,p75,media_global,271.74583333333334,329.4356209150327,311.88541666666663
LOMO,berlin,2008,p75,media_global,272.9,329.4356209150327,311.88541666666663
LOMO,berlin,2009,p75,media_global,280.30833333333334,329.4356209150327,311.88541666666663
LOMO,berlin,2010,p75,media_global,270.56666666666666,329.4356209150327,311.88541666666663
LOMO,berlin,2011,p75,media_global,276.7,329.4356209150327,311.88541666666663
LOMO,berlin,2012,p75,media_global,271.71666666666664,329.4356209150327,311.88541666666663
LOMO,berlin,2013,p75,media_global,270.76666666666665,329.4356209150327,311.88541666666663
LOMO,berlin,2014,p75,media_global,274.975,329.4356209150327,311.88541666666663
LOMO,berlin,2015,p75,media_global,274.8875,329.4356209150327,311.88541666666663
LOMO,berlin,2016,p75,media_global,281.81666666666666,329.4356209150327,311.88541666666663
LOMO,berlin,2017,p75,media_global,281.1166666666667,329.4356209150327,311.88541666666663
LOMO,berlin,2018,p75,media_global,291.4,329.4356209150327,311.88541666666663
LOMO,berlin,2019,p75,media_global,269.90416666666664,329.4356209150327,311.88541666666663
LOMO,boston,2005,p75,media_global,259.51666666666665,332.33860294117653,311.88541666666663
LOMO,boston,2006,p75,media_global,249.71666666666667,332.33860294117653,311.88541666666663
LOMO,boston,2007,p75,media_global,254.5,332.33860294117653,311.88541666666663
LOMO,boston,2008,p75,media_global,251.63333333333333,332.33860294117653,311.88541666666663
LOMO,boston,2009,p75,media_global,248.41666666666663,332.33860294117653,311.88541666666663
LOMO,boston,2010,p75,media_global,248.88333333333333,332.33860294117653,311.88541666666663
LOMO,boston,2011,p75,media_global,249.78333333333333,332.33860294117653,311.88541666666663
LOMO,boston,2012,p75,media_global,285.31666666666666,332.33860294117653,311.88541666666663
LOMO,boston,2013,p75,media_global,247.9625,332.33860294117653,311.88541666666663
LOMO,boston,2014,p75,media_global,272.7,332.33860294117653,311.88541666666663
LOMO,boston,2015,p75,media_global,246.41666666666663,332.33860294117653,311.88541666666663
LOMO,boston,2016,p75,media_global,256.71666666666664,332.33860294117653,311.88541666666663
LOMO,boston,2017,p75,media_global,261.8,332.33860294117653,311.88541666666663
LOMO,boston,2018,p75,media_global,262.31666666666666,332.33860294117653,311.88541666666663
LOMO,boston,2019,p75,media_global,259.0,332.33860294117653,311.88541666666663
LOMO,chicago,2005,p75,media_global,295.71666666666664,324.789625,310.14375
LOMO,chicago,2006,p75,media_global,296.06666666666666,324.789625,310.14375
LOMO,chicago,2007,p75,media_global,329.3,324.789625,310.14375
LOMO,chicago,2008,p75,media_global,321.6,324.789625,310.14375
LOMO,chicago,2009,p75,media_global,299.7333333333333,324.789625,310.14375
LOMO,chicago,2010,p75,media_global,321.21666666666664,324.789625,310.14375
LOMO,chicago,2011,p75,media_global,316.875,324.789625,310.14375
LOMO,chicago,2012,p75,media_global,305.09583333333336,324.789625,310.14375
LOMO,chicago,2013,p75,media_global,306.5,324.789625,310.14375
LOMO,chicago,2014,p75,media_global,308.1,324.789625,310.14375
LOMO,chicago,2015,p75,media_global,311.24583333333334,324.789625,310.14375
LOMO,chicago,2016,p75,media_global,310.5708333333333,324.789625,310.14375
LOMO,chicago,2017,p75,media_global,328.4166666666667,324.789625,310.14375
LOMO,chicago,2018,p75,media_global,310.6666666666667,324.789625,310.14375
LOMO,chicago,2019,p75,media_global,307.25,324.789625,310.14375
LOMO,chicago,2022,p75,media_global,307.95,324.789625,310.14375
LOMO,chicago,2023,p75,media_global,297.95,324.789625,310.14375
LOMO,durban,2022,p75,media_global,275.09166666666664,323.7692982456141,310.55208333333337
LOMO,durban,2024,p75,media_global,282.71666666666664,323.7692982456141,310.55208333333337
LOMO,durban,2025,p75,media_global,285.7083333333333,323.7692982456141,310.55208333333337
LOMO,honolulu,2005,p75,media_global,403.1333333333333,307.5856617647059,305.51041666666663
LOMO,honolulu,2006,p75,media_global,408.73333333333335,307.5856617647059,305.51041666666663
LOMO,honolulu,2007,p75,media_global,417.2708333333333,307.5856617647059,305.51041666666663
LOMO,honolulu,2008,p75,media_global,411.8333333333333,307.5856617647059,305.51041666666663
LOMO,honolulu,2009,p75,media_global,410.03333333333336,307.5856617647059,305.51041666666663
LOMO,honolulu,2010,p75,media_global,414.975,307.5856617647059,305.51041666666663
LOMO,honolulu,2011,p75,media_global,409.7083333333333,307.5856617647059,305.51041666666663
LOMO,honolulu,2012,p75,media_global,408.28333333333336,307.5856617647059,305.51041666666663
LOMO,honolulu,2013,p75,media_global,437.85,307.5856617647059,305.51041666666663
LOMO,honolulu,2014,p75,media_global,422.675,307.5856617647059,305.51041666666663
LOMO,honolulu,2015,p75,media_global,442.17083333333335,307.5856617647059,305.51041666666663
LOMO,honolulu,2016,p75,media_global,450.45,307.5856617647059,305.51041666666663
LOMO,honolulu,2017,p75,media_global,441.6125,307.5856617647059,305.51041666666663
LOMO,honolulu,2018,p75,media_global,444.3083333333333,307.5856617647059,305.51041666666663
LOMO,honolulu,2019,p75,media_global,456.44166666666666,307.5856617647059,305.51041666666663
LOMO,long_beach,2010,p75,media_global,331.2416666666667,321.1095015576325,307.25
LOMO,long_beach,2011,p75,media_global,346.05833333333334,321.1095015576325,307.25
LOMO,long_beach,2012,p75,media_global,358.2958333333333,321.1095015576325,307.25
LOMO,long_beach,2013,p75,media_global,318.78333333333336,321.1095015576325,307.25
LOMO,long_beach,2014,p75,media_global,331.78333333333336,321.1095015576325,307.25
LOMO,long_beach,2015,p75,media_global,368.5625,321.1095015576325,307.25
LOMO,long_beach,2016,p75,media_global,333.7583333333333,321.1095015576325,307.25
LOMO,long_beach,2017,p75,media_global,338.46666666666664,321.1095015576325,307.25
LOMO,long_beach,2018,p75,media_global,337.35,321.1095015576325,307.25
LOMO,long_beach,2019,p75,media_global,330.2,321.1095015576325,307.25
LOMO,maui,2010,p75,media_global,355.19166666666666,321.0837425595238,308.55833333333334
LOMO,maui,2011,p75,media_global,351.5333333333333,321.0837425595238,308.55833333333334
LOMO,maui,2012,p75,media_global,354.4833333333333,321.0837425595238,308.55833333333334
LOMO,maui,2013,p75,media_global,364.3416666666667,321.0837425595238,308.55833333333334
LOMO,maui,2014,p75,media_global,366.2875,321.0837425595238,308.55833333333334
LOMO,nyc,2005,p75,media_global,314.1666666666667,325.6561666666667,310.95625
LOMO,nyc,2006,p75,media_global,294.8833333333333,325.6561666666667,310.95625
LOMO,nyc,2007,p75,media_global,296.78333333333336,325.6561666666667,310.95625
LOMO,nyc,2008,p75,media_global,293.43333333333334,325.6561666666667,310.95625
LOMO,nyc,2009,p75,media_global,292.56666666666666,325.6561666666667,310.95625
LOMO,nyc,2010,p75,media_global,296.53333333333336,325.6561666666667,310.95625
LOMO,nyc,2011,p75,media_global,298.55,325.6561666666667,310.95625
LOMO,nyc,2013,p75,media_global,296.9166666666667,325.6561666666667,310.95625
LOMO,nyc,2014,p75,media_global,304.43333333333334,325.6561666666667,310.95625
LOMO,nyc,2015,p75,media_global,310.53333333333336,325.6561666666667,310.95625
LOMO,nyc,2016,p75,media_global,309.01666666666665,325.6561666666667,310.95625
LOMO,nyc,2017,p75,media_global,309.35,325.6561666666667,310.95625
LOMO,nyc,2018,p75,media_global,312.00416666666666,325.6561666666667,310.95625
LOMO,nyc,2019,p75,media_global,309.75416666666666,325.6561666666667,310.95625
LOMO,nyc,2022,p75,media_global,327.31666666666666,325.6561666666667,310.95625
LOMO,nyc,2023,p75,media_global,315.95,325.6561666666667,310.95625
LOMO,nyc,2024,p75,media_global,305.4083333333333,325.6561666666667,310.95625
LOMO,rio,2023,p75,media_global,289.15833333333336,323.67335526315793,310.55208333333337
LOMO,rio,2024,p75,media_global,284.27916666666664,323.67335526315793,310.55208333333337
LOMO,rio,2025,p75,media_global,281.01666666666665,323.67335526315793,310.55208333333337
LOMO,savannah,2011,p75,media_global,305.6125,323.35088734567904,308.55833333333334
LOMO,savannah,2012,p75,media_global,311.7,323.35088734567904,308.55833333333334
LOMO,savannah,2013,p75,media_global,311.76666666666665,323.35088734567904,308.55833333333334
LOMO,savannah,2014,p75,media_global,310.5708333333333,323.35088734567904,308.55833333333334
LOMO,savannah,2015,p75,media_global,273.6875,323.35088734567904,308.55833333333334
LOMO,savannah,2016,p75,media_global,332.31666666666666,323.35088734567904,308.55833333333334
LOMO,savannah,2017,p75,media_global,346.31666666666666,323.35088734567904,308.55833333333334
LOMO,savannah,2018,p75,media_global,318.85,323.35088734567904,308.55833333333334
LOMO,savannah,2019,p75,media_global,320.5,323.35088734567904,308.55833333333334
LOMO,singapore,2014,p75,media_global,404.8666666666667,317.0864678899082,307.95
LOMO,singapore,2015,p75,media_global,412.1,317.0864678899082,307.95
LOMO,singapore,2016,p75,media_global,406.39166666666665,317.0864678899082,307.95
LOMO,singapore,2017,p75,media_global,405.14166666666665,317.0864678899082,307.95
LOMO,singapore,2018,p75,media_global,395.6833333333333,317.0864678899082,307.95
LOMO,singapore,2019,p75,media_global,405.0833333333333,317.0864678899082,307.95
LOMO,singapore,2022,p75,media_global,380.2166666666667,317.0864678899082,307.95
LOMO,singapore,2023,p75,media_global,381.3083333333333,317.0864678899082,307.95
LOMO,berlin,2005,p75,referencia_historica,277.7,311.88541666666663,311.88541666666663
LOMO,berlin,2006,p75,referencia_historica,284.2791666666667,311.88541666666663,311.88541666666663
LOMO,berlin,2007,p75,referencia_historica,271.74583333333334,311.88541666666663,311.88541666666663
LOMO,berlin,2008,p75,referencia_historica,272.9,311.88541666666663,311.88541666666663
LOMO,berlin,2009,p75,referencia_historica,280.30833333333334,311.88541666666663,311.88541666666663
LOMO,berlin,2010,p75,referencia_historica,270.56666666666666,311.88541666666663,311.88541666666663
LOMO,berlin,2011,p75,referencia_historica,276.7,311.88541666666663,311.88541666666663
LOMO,berlin,2012,p75,referencia_historica,271.71666666666664,311.88541666666663,311.88541666666663
LOMO,berlin,2013,p75,referencia_historica,270.76666666666665,311.88541666666663,311.88541666666663
LOMO,berlin,2014,p75,referencia_historica,274.975,311.88541666666663,311.88541666666663
LOMO,berlin,2015,p75,referencia_historica,274.8875,311.88541666666663,311.88541666666663
LOMO,berlin,2016,p75,referencia_historica,281.81666666666666,311.88541666666663,311.88541666666663
LOMO,berlin,2017,p75,referencia_historica,281.1166666666667,311.88541666666663,311.88541666666663
LOMO,berlin,2018,p75,referencia_historica,291.4,311.88541666666663,311.88541666666663
LOMO,berlin,2019,p75,referencia_historica,269.90416666666664,311.88541666666663,311.88541666666663
LOMO,boston,2005,p75,referencia_historica,259.51666666666665,311.88541666666663,311.88541666666663
LOMO,boston,2006,p75,referencia_historica,249.71666666666667,311.88541666666663,311.88541666666663
LOMO,boston,2007,p75,referencia_historica,254.5,311.88541666666663,311.88541666666663
LOMO,boston,2008,p75,referencia_historica,251.63333333333333,311.88541666666663,311.88541666666663
LOMO,boston,2009,p75,referencia_historica,248.41666666666663,311.88541666666663,311.88541666666663
LOMO,boston,2010,p75,referencia_historica,248.88333333333333,311.88541666666663,311.88541666666663
LOMO,boston,2011,p75,referencia_historica,249.78333333333333,311.88541666666663,311.88541666666663
LOMO,boston,2012,p75,referencia_historica,285.31666666666666,311.88541666666663,311.88541666666663
LOMO,boston,2013,p75,referencia_historica,247.9625,311.88541666666663,311.88541666666663
LOMO,boston,2014,p75,referencia_historica,272.7,311.88541666666663,311.88541666666663
LOMO,boston,2015,p75,referencia_historica,246.41666666666663,311.88541666666663,311.88541666666663
LOMO,boston,2016,p75,referencia_historica,256.71666666666664,311.88541666666663,311.88541666666663
LOMO,boston,2017,p75,referencia_historica,261.8,311.88541666666663,311.88541666666663
LOMO,boston,2018,p75,referencia_historica,262.31666666666666,311.88541666666663,311.88541666666663
LOMO,boston,2019,p75,referencia_historica,259.0,311.88541666666663,311.88541666666663
LOMO,chicago,2005,p75,referencia_historica,295.71666666666664,310.14375,310.14375
LOMO,chicago,2006,p75,referencia_historica,296.06666666666666,310.14375,310.14375
LOMO,chicago,2007,p75,referencia_historica,329.3,310.14375,310.14375
LOMO,chicago,2008,p75,referencia_historica,321.6,310.14375,310.14375
LOMO,chicago,2009,p75,referencia_historica,299.7333333333333,310.14375,310.14375
LOMO,chicago,2010,p75,referencia_historica,321.21666666666664,310.14375,310.14375
LOMO,chicago,2011,p75,referencia_historica,316.875,310.14375,310.14375
LOMO,chicago,2012,p75,referencia_historica,305.09583333333336,310.14375,310.14375
LOMO,chicago,2013,p75,referencia_historica,306.5,310.14375,310.14375
LOMO,chicago,2014,p75,referencia_historica,308.1,310.14375,310.14375
LOMO,chicago,2015,p75,referencia_historica,311.24583333333334,310.14375,310.14375
LOMO,chicago,2016,p75,referencia_historica,310.5708333333333,310.14375,310.14375
LOMO,chicago,2017,p75,referencia_historica,328.4166666666667,310.14375,310.14375
LOMO,chicago,2018,p75,referencia_historica,310.6666666666667,310.14375,310.14375
LOMO,chicago,2019,p75,referencia_historica,307.25,310.14375,310.14375
LOMO,chicago,2022,p75,referencia_historica,307.95,310.14375,310.14375
LOMO,chicago,2023,p75,referencia_historica,297.95,310.14375,310.14375
LOMO,durban,2022,p75,referencia_historica,275.09166666666664,310.55208333333337,310.55208333333337
LOMO,durban,2024,p75,referencia_historica,282.71666666666664,310.55208333333337,310.55208333333337
LOMO,durban,2025,p75,referencia_historica,285.7083333333333,310.55208333333337,310.55208333333337
LOMO,honolulu,2005,p75,referencia_historica,403.1333333333333,305.51041666666663,305.51041666666663
LOMO,honolulu,2006,p75,referencia_historica,408.73333333333335,305.51041666666663,305.51041666666663
LOMO,honolulu,2007,p75,referencia_historica,417.2708333333333,305.51041666666663,305.51041666666663
LOMO,honolulu,2008,p75,referencia_historica,411.8333333333333,305.51041666666663,305.51041666666663
LOMO,honolulu,2009,p75,referencia_historica,410.03333333333336,305.51041666666663,305.51041666666663
LOMO,honolulu,2010,p75,referencia_historica,414.975,305.51041666666663,305.51041666666663
LOMO,honolulu,2011,p75,referencia_historica,409.7083333333333,305.51041666666663,305.51041666666663
LOMO,honolulu,2012,p75,referencia_historica,408.28333333333336,305.51041666666663,305.51041666666663
LOMO,honolulu,2013,p75,referencia_historica,437.85,305.51041666666663,305.51041666666663
LOMO,honolulu,2014,p75,referencia_historica,422.675,305.51041666666663,305.51041666666663
LOMO,honolulu,2015,p75,referencia_historica,442.17083333333335,305.51041666666663,305.51041666666663
LOMO,honolulu,2016,p75,referencia_historica,450.45,305.51041666666663,305.51041666666663
LOMO,honolulu,2017,p75,referencia_historica,441.6125,305.51041666666663,305.51041666666663
LOMO,honolulu,2018,p75,referencia_historica,444.3083333333333,305.51041666666663,305.51041666666663
LOMO,honolulu,2019,p75,referencia_historica,456.44166666666666,305.51041666666663,305.51041666666663
LOMO,long_beach,2010,p75,referencia_historica,331.2416666666667,307.25,307.25
LOMO,long_beach,2011,p75,referencia_historica,346.05833333333334,307.25,307.25
LOMO,long_beach,2012,p75,referencia_historica,358.2958333333333,307.25,307.25
LOMO,long_beach,2013,p75,referencia_historica,318.78333333333336,307.25,307.25
LOMO,long_beach,2014,p75,referencia_historica,331.78333333333336,307.25,307.25
LOMO,long_beach,2015,p75,referencia_historica,368.5625,307.25,307.25
LOMO,long_beach,2016,p75,referencia_historica,333.7583333333333,307.25,307.25
LOMO,long_beach,2017,p75,referencia_historica,338.46666666666664,307.25,307.25
LOMO,long_beach,2018,p75,referencia_historica,337.35,307.25,307.25
LOMO,long_beach,2019,p75,referencia_historica,330.2,307.25,307.25
LOMO,maui,2010,p75,referencia_historica,355.19166666666666,308.55833333333334,308.55833333333334
LOMO,maui,2011,p75,referencia_historica,351.5333333333333,308.55833333333334,308.55833333333334
LOMO,maui,2012,p75,referencia_historica,354.4833333333333,308.55833333333334,308.55833333333334
LOMO,maui,2013,p75,referencia_historica,364.3416666666667,308.55833333333334,308.55833333333334
LOMO,maui,2014,p75,referencia_historica,366.2875,308.55833333333334,308.55833333333334
LOMO,nyc,2005,p75,referencia_historica,314.1666666666667,310.95625,310.95625
LOMO,nyc,2006,p75,referencia_historica,294.8833333333333,310.95625,310.95625
LOMO,nyc,2007,p75,referencia_historica,296.78333333333336,310.95625,310.95625
LOMO,nyc,2008,p75,referencia_historica,293.43333333333334,310.95625,310.95625
LOMO,nyc,2009,p75,referencia_historica,292.56666666666666,310.95625,310.95625
LOMO,nyc,2010,p75,referencia_historica,296.53333333333336,310.95625,310.95625
LOMO,nyc,2011,p75,referencia_historica,298.55,310.95625,310.95625
LOMO,nyc,2013,p75,referencia_historica,296.9166666666667,310.95625,310.95625
LOMO,nyc,2014,p75,referencia_historica,304.43333333333334,310.95625,310.95625
LOMO,nyc,2015,p75,referencia_historica,310.53333333333336,310.95625,310.95625
LOMO,nyc,2016,p75,referencia_historica,309.01666666666665,310.95625,310.95625
LOMO,nyc,2017,p75,referencia_historica,309.35,310.95625,310.95625
LOMO,nyc,2018,p75,referencia_historica,312.00416666666666,310.95625,310.95625
LOMO,nyc,2019,p75,referencia_historica,309.75416666666666,310.95625,310.95625
LOMO,nyc,2022,p75,referencia_historica,327.31666666666666,310.95625,310.95625
LOMO,nyc,2023,p75,referencia_historica,315.95,310.95625,310.95625
LOMO,nyc,2024,p75,referencia_historica,305.4083333333333,310.95625,310.95625
LOMO,rio,2023,p75,referencia_historica,289.15833333333336,310.55208333333337,310.55208333333337
LOMO,rio,2024,p75,referencia_historica,284.27916666666664,310.55208333333337,310.55208333333337
LOMO,rio,2025,p75,referencia_historica,281.01666666666665,310.55208333333337,310.55208333333337
LOMO,savannah,2011,p75,referencia_historica,305.6125,308.55833333333334,308.55833333333334
LOMO,savannah,2012,p75,referencia_historica,311.7,308.55833333333334,308.55833333333334
LOMO,savannah,2013,p75,referencia_historica,311.76666666666665,308.55833333333334,308.55833333333334
LOMO,savannah,2014,p75,referencia_historica,310.5708333333333,308.55833333333334,308.55833333333334
LOMO,savannah,2015,p75,referencia_historica,273.6875,308.55833333333334,308.55833333333334
LOMO,savannah,2016,p75,referencia_historica,332.31666666666666,308.55833333333334,308.55833333333334
LOMO,savannah,2017,p75,referencia_historica,346.31666666666666,308.55833333333334,308.55833333333334
LOMO,savannah,2018,p75,referencia_historica,318.85,308.55833333333334,308.55833333333334
LOMO,savannah,2019,p75,referencia_historica,320.5,308.55833333333334,308.55833333333334
LOMO,singapore,2014,p75,referencia_historica,404.8666666666667,307.95,307.95
LOMO,singapore,2015,p75,referencia_historica,412.1,307.95,307.95
LOMO,singapore,2016,p75,referencia_historica,406.39166666666665,307.95,307.95
LOMO,singapore,2017,p75,referencia_historica,405.14166666666665,307.95,307.95
LOMO,singapore,2018,p75,referencia_historica,395.6833333333333,307.95,307.95
LOMO,singapore,2019,p75,referencia_historica,405.0833333333333,307.95,307.95
LOMO,singapore,2022,p75,referencia_historica,380.2166666666667,307.95,307.95
LOMO,singapore,2023,p75,referencia_historica,381.3083333333333,307.95,307.95
LOMO,berlin,2005,p75,ridge_abs,277.7,314.99670841615523,311.88541666666663
LOMO,berlin,2006,p75,ridge_abs,284.2791666666667,322.8909423947383,311.88541666666663
LOMO,berlin,2007,p75,ridge_abs,271.74583333333334,308.35945231374745,311.88541666666663
LOMO,berlin,2008,p75,ridge_abs,272.9,310.97258560834115,311.88541666666663
LOMO,berlin,2009,p75,ridge_abs,280.30833333333334,320.4018593397727,311.88541666666663
LOMO,berlin,2010,p75,ridge_abs,270.56666666666666,301.150660749386,311.88541666666663
LOMO,berlin,2011,p75,ridge_abs,276.7,320.9952131711927,311.88541666666663
LOMO,berlin,2012,p75,ridge_abs,271.71666666666664,315.7478266073502,311.88541666666663
LOMO,berlin,2013,p75,ridge_abs,270.76666666666665,311.4377486721414,311.88541666666663
LOMO,berlin,2014,p75,ridge_abs,274.975,318.7247654369557,311.88541666666663
LOMO,berlin,2015,p75,ridge_abs,274.8875,319.990563690611,311.88541666666663
LOMO,berlin,2016,p75,ridge_abs,281.81666666666666,328.4890246920445,311.88541666666663
LOMO,berlin,2017,p75,ridge_abs,281.1166666666667,327.45391898307196,311.88541666666663
LOMO,berlin,2018,p75,ridge_abs,291.4,320.647038892497,311.88541666666663
LOMO,berlin,2019,p75,ridge_abs,269.90416666666664,292.7283475214329,311.88541666666663
LOMO,boston,2005,p75,ridge_abs,259.51666666666665,342.1285108735157,311.88541666666663
LOMO,boston,2006,p75,ridge_abs,249.71666666666667,326.834306393479,311.88541666666663
LOMO,boston,2007,p75,ridge_abs,254.5,312.3767126708651,311.88541666666663
LOMO,boston,2008,p75,ridge_abs,251.63333333333333,346.1199667596301,311.88541666666663
LOMO,boston,2009,p75,ridge_abs,248.41666666666663,331.34569764760965,311.88541666666663
LOMO,boston,2010,p75,ridge_abs,248.88333333333333,339.0040406911516,311.88541666666663
LOMO,boston,2011,p75,ridge_abs,249.78333333333333,349.1000092446485,311.88541666666663
LOMO,boston,2012,p75,ridge_abs,285.31666666666666,369.0938051879794,311.88541666666663
LOMO,boston,2013,p75,ridge_abs,247.9625,345.5385441452302,311.88541666666663
LOMO,boston,2014,p75,ridge_abs,272.7,354.522396988448,311.88541666666663
LOMO,boston,2015,p75,ridge_abs,246.41666666666663,333.4461825353906,311.88541666666663
LOMO,boston,2016,p75,ridge_abs,256.71666666666664,350.6076108491242,311.88541666666663
LOMO,boston,2017,p75,ridge_abs,261.8,374.4226027636963,311.88541666666663
LOMO,boston,2018,p75,ridge_abs,262.31666666666666,453.4441979036758,311.88541666666663
LOMO,boston,2019,p75,ridge_abs,259.0,320.51475173915065,311.88541666666663
LOMO,chicago,2005,p75,ridge_abs,295.71666666666664,307.75176688795847,310.14375
LOMO,chicago,2006,p75,ridge_abs,296.06666666666666,299.81005880560963,310.14375
LOMO,chicago,2007,p75,ridge_abs,329.3,342.6876805729157,310.14375
LOMO,chicago,2008,p75,ridge_abs,321.6,337.6908254191976,310.14375
LOMO,chicago,2009,p75,ridge_abs,299.7333333333333,310.0168338252449,310.14375
LOMO,chicago,2010,p75,ridge_abs,321.21666666666664,351.49635761649,310.14375
LOMO,chicago,2011,p75,ridge_abs,316.875,344.04291437115,310.14375
LOMO,chicago,2012,p75,ridge_abs,305.09583333333336,327.01318365876006,310.14375
LOMO,chicago,2013,p75,ridge_abs,306.5,323.56422436038207,310.14375
LOMO,chicago,2014,p75,ridge_abs,308.1,327.170107439116,310.14375
LOMO,chicago,2015,p75,ridge_abs,311.24583333333334,332.40711328639816,310.14375
LOMO,chicago,2016,p75,ridge_abs,310.5708333333333,324.314710126617,310.14375
LOMO,chicago,2017,p75,ridge_abs,328.4166666666667,342.2271828363297,310.14375
LOMO,chicago,2018,p75,ridge_abs,310.6666666666667,332.4125171190684,310.14375
LOMO,chicago,2019,p75,ridge_abs,307.25,321.42403229470983,310.14375
LOMO,chicago,2022,p75,ridge_abs,307.95,335.97572509991716,310.14375
LOMO,chicago,2023,p75,ridge_abs,297.95,347.65161220622537,310.14375
LOMO,durban,2022,p75,ridge_abs,275.09166666666664,337.481101738693,310.55208333333337
LOMO,durban,2024,p75,ridge_abs,282.71666666666664,337.9881578282588,310.55208333333337
LOMO,durban,2025,p75,ridge_abs,285.7083333333333,336.68405602586347,310.55208333333337
LOMO,honolulu,2005,p75,ridge_abs,403.1333333333333,347.3287791733485,305.51041666666663
LOMO,honolulu,2006,p75,ridge_abs,408.73333333333335,349.387756250049,305.51041666666663
LOMO,honolulu,2007,p75,ridge_abs,417.2708333333333,339.5938500528697,305.51041666666663
LOMO,honolulu,2008,p75,ridge_abs,411.8333333333333,343.31269130787086,305.51041666666663
LOMO,honolulu,2009,p75,ridge_abs,410.03333333333336,346.10563067232374,305.51041666666663
LOMO,honolulu,2010,p75,ridge_abs,414.975,337.6805317748697,305.51041666666663
LOMO,honolulu,2011,p75,ridge_abs,409.7083333333333,353.8433909914357,305.51041666666663
LOMO,honolulu,2012,p75,ridge_abs,408.28333333333336,347.0412146199137,305.51041666666663
LOMO,honolulu,2013,p75,ridge_abs,437.85,341.9235849709035,305.51041666666663
LOMO,honolulu,2014,p75,ridge_abs,422.675,347.9643091371654,305.51041666666663
LOMO,honolulu,2015,p75,ridge_abs,442.17083333333335,338.84607478648206,305.51041666666663
LOMO,honolulu,2016,p75,ridge_abs,450.45,333.51041610528466,305.51041666666663
LOMO,honolulu,2017,p75,ridge_abs,441.6125,338.89957976139453,305.51041666666663
LOMO,honolulu,2018,p75,ridge_abs,444.3083333333333,353.5401027637922,305.51041666666663
LOMO,honolulu,2019,p75,ridge_abs,456.44166666666666,335.2592437169576,305.51041666666663
LOMO,long_beach,2010,p75,ridge_abs,331.2416666666667,314.7529841214587,307.25
LOMO,long_beach,2011,p75,ridge_abs,346.05833333333334,318.8007018944221,307.25
LOMO,long_beach,2012,p75,ridge_abs,358.2958333333333,318.16925972729973,307.25
LOMO,long_beach,2013,p75,ridge_abs,318.78333333333336,310.63623433806197,307.25
LOMO,long_beach,2014,p75,ridge_abs,331.78333333333336,318.80279311984066,307.25
LOMO,long_beach,2015,p75,ridge_abs,368.5625,334.4510912903143,307.25
LOMO,long_beach,2016,p75,ridge_abs,333.7583333333333,327.44643965146815,307.25
LOMO,long_beach,2017,p75,ridge_abs,338.46666666666664,318.9242950618439,307.25
LOMO,long_beach,2018,p75,ridge_abs,337.35,314.63229452335315,307.25
LOMO,long_beach,2019,p75,ridge_abs,330.2,318.921673065484,307.25
LOMO,maui,2010,p75,ridge_abs,355.19166666666666,301.806082284125,308.55833333333334
LOMO,maui,2011,p75,ridge_abs,351.5333333333333,335.0081087761556,308.55833333333334
LOMO,maui,2012,p75,ridge_abs,354.4833333333333,323.18745383561924,308.55833333333334
LOMO,maui,2013,p75,ridge_abs,364.3416666666667,332.0180863010129,308.55833333333334
LOMO,maui,2014,p75,ridge_abs,366.2875,241.623844965412,308.55833333333334
LOMO,nyc,2005,p75,ridge_abs,314.1666666666667,329.8166985481716,310.95625
LOMO,nyc,2006,p75,ridge_abs,294.8833333333333,312.56670674720687,310.95625
LOMO,nyc,2007,p75,ridge_abs,296.78333333333336,319.90881954721294,310.95625
LOMO,nyc,2008,p75,ridge_abs,293.43333333333334,313.3464326707209,310.95625
LOMO,nyc,2009,p75,ridge_abs,292.56666666666666,331.2146290227251,310.95625
LOMO,nyc,2010,p75,ridge_abs,296.53333333333336,311.80000945821115,310.95625
LOMO,nyc,2011,p75,ridge_abs,298.55,315.48095707623986,310.95625
LOMO,nyc,2013,p75,ridge_abs,296.9166666666667,326.1542694271094,310.95625
LOMO,nyc,2014,p75,ridge_abs,304.43333333333334,318.71975276831444,310.95625
LOMO,nyc,2015,p75,ridge_abs,310.53333333333336,330.7292883456357,310.95625
LOMO,nyc,2016,p75,ridge_abs,309.01666666666665,326.9376650004912,310.95625
LOMO,nyc,2017,p75,ridge_abs,309.35,335.6668941116756,310.95625
LOMO,nyc,2018,p75,ridge_abs,312.00416666666666,327.08638539671335,310.95625
LOMO,nyc,2019,p75,ridge_abs,309.75416666666666,324.49510482141596,310.95625
LOMO,nyc,2022,p75,ridge_abs,327.31666666666666,351.90057020877566,310.95625
LOMO,nyc,2023,p75,ridge_abs,315.95,341.9943896281023,310.95625
LOMO,nyc,2024,p75,ridge_abs,305.4083333333333,336.7020900250609,310.95625
LOMO,rio,2023,p75,ridge_abs,289.15833333333336,366.0586878252005,310.55208333333337
LOMO,rio,2024,p75,ridge_abs,284.27916666666664,367.35626033395636,310.55208333333337
LOMO,rio,2025,p75,ridge_abs,281.01666666666665,370.3432866164409,310.55208333333337
LOMO,savannah,2011,p75,ridge_abs,305.6125,311.1243152546707,308.55833333333334
LOMO,savannah,2012,p75,ridge_abs,311.7,317.4840110633812,308.55833333333334
LOMO,savannah,2013,p75,ridge_abs,311.76666666666665,319.30154652014187,308.55833333333334
LOMO,savannah,2014,p75,ridge_abs,310.5708333333333,318.61891011300094,308.55833333333334
LOMO,savannah,2015,p75,ridge_abs,273.6875,346.26602152611406,308.55833333333334
LOMO,savannah,2016,p75,ridge_abs,332.31666666666666,318.95916417295143,308.55833333333334
LOMO,savannah,2017,p75,ridge_abs,346.31666666666666,330.58456931432244,308.55833333333334
LOMO,savannah,2018,p75,ridge_abs,318.85,309.47454420387004,308.55833333333334
LOMO,savannah,2019,p75,ridge_abs,320.5,316.32216022966514,308.55833333333334
LOMO,singapore,2014,p75,ridge_abs,404.8666666666667,308.2649847908366,307.95
LOMO,singapore,2015,p75,ridge_abs,412.1,309.40421280997083,307.95
LOMO,singapore,2016,p75,ridge_abs,406.39166666666665,312.25525172541853,307.95
LOMO,singapore,2017,p75,ridge_abs,405.14166666666665,312.9673450272603,307.95
LOMO,singapore,2018,p75,ridge_abs,395.6833333333333,308.0346385007267,307.95
LOMO,singapore,2019,p75,ridge_abs,405.0833333333333,335.0233141764258,307.95
LOMO,singapore,2022,p75,ridge_abs,380.2166666666667,314.32095704277367,307.95
LOMO,singapore,2023,p75,ridge_abs,381.3083333333333,319.42277672632747,307.95
LOMO,berlin,2005,p75,gbm_histogramas_abs,277.7,295.31970364584123,311.88541666666663
LOMO,berlin,2006,p75,gbm_histogramas_abs,284.2791666666667,294.50791942169076,311.88541666666663
LOMO,berlin,2007,p75,gbm_histogramas_abs,271.74583333333334,293.1802638886539,311.88541666666663
LOMO,berlin,2008,p75,gbm_histogramas_abs,272.9,294.5460287270239,311.88541666666663
LOMO,berlin,2009,p75,gbm_histogramas_abs,280.30833333333334,296.7960458220764,311.88541666666663
LOMO,berlin,2010,p75,gbm_histogramas_abs,270.56666666666666,285.54775761774596,311.88541666666663
LOMO,berlin,2011,p75,gbm_histogramas_abs,276.7,296.9610159475937,311.88541666666663
LOMO,berlin,2012,p75,gbm_histogramas_abs,271.71666666666664,293.25299065583624,311.88541666666663
LOMO,berlin,2013,p75,gbm_histogramas_abs,270.76666666666665,291.5775094986228,311.88541666666663
LOMO,berlin,2014,p75,gbm_histogramas_abs,274.975,294.82875226436425,311.88541666666663
LOMO,berlin,2015,p75,gbm_histogramas_abs,274.8875,292.35525222061455,311.88541666666663
LOMO,berlin,2016,p75,gbm_histogramas_abs,281.81666666666666,295.30129183671056,311.88541666666663
LOMO,berlin,2017,p75,gbm_histogramas_abs,281.1166666666667,289.2893761886907,311.88541666666663
LOMO,berlin,2018,p75,gbm_histogramas_abs,291.4,294.94014778181486,311.88541666666663
LOMO,berlin,2019,p75,gbm_histogramas_abs,269.90416666666664,296.0233679444985,311.88541666666663
LOMO,boston,2005,p75,gbm_histogramas_abs,259.51666666666665,317.0586899469555,311.88541666666663
LOMO,boston,2006,p75,gbm_histogramas_abs,249.71666666666667,299.05390102117076,311.88541666666663
LOMO,boston,2007,p75,gbm_histogramas_abs,254.5,297.1258053898572,311.88541666666663
LOMO,boston,2008,p75,gbm_histogramas_abs,251.63333333333333,306.65359448090044,311.88541666666663
LOMO,boston,2009,p75,gbm_histogramas_abs,248.41666666666663,303.13865460956976,311.88541666666663
LOMO,boston,2010,p75,gbm_histogramas_abs,248.88333333333333,306.1564393906141,311.88541666666663
LOMO,boston,2011,p75,gbm_histogramas_abs,249.78333333333333,310.45759928387605,311.88541666666663
LOMO,boston,2012,p75,gbm_histogramas_abs,285.31666666666666,326.67688302997254,311.88541666666663
LOMO,boston,2013,p75,gbm_histogramas_abs,247.9625,307.2621372218049,311.88541666666663
LOMO,boston,2014,p75,gbm_histogramas_abs,272.7,312.31931415828444,311.88541666666663
LOMO,boston,2015,p75,gbm_histogramas_abs,246.41666666666663,305.01331225399775,311.88541666666663
LOMO,boston,2016,p75,gbm_histogramas_abs,256.71666666666664,316.0627053433834,311.88541666666663
LOMO,boston,2017,p75,gbm_histogramas_abs,261.8,330.55271781967457,311.88541666666663
LOMO,boston,2018,p75,gbm_histogramas_abs,262.31666666666666,301.7691194643837,311.88541666666663
LOMO,boston,2019,p75,gbm_histogramas_abs,259.0,316.99012833077666,311.88541666666663
LOMO,chicago,2005,p75,gbm_histogramas_abs,295.71666666666664,309.51595689079215,310.14375
LOMO,chicago,2006,p75,gbm_histogramas_abs,296.06666666666666,301.8469224059738,310.14375
LOMO,chicago,2007,p75,gbm_histogramas_abs,329.3,371.85686635311566,310.14375
LOMO,chicago,2008,p75,gbm_histogramas_abs,321.6,322.78281621259174,310.14375
LOMO,chicago,2009,p75,gbm_histogramas_abs,299.7333333333333,305.3203194937542,310.14375
LOMO,chicago,2010,p75,gbm_histogramas_abs,321.21666666666664,322.13951148290977,310.14375
LOMO,chicago,2011,p75,gbm_histogramas_abs,316.875,322.8196978215376,310.14375
LOMO,chicago,2012,p75,gbm_histogramas_abs,305.09583333333336,312.88400573538104,310.14375
LOMO,chicago,2013,p75,gbm_histogramas_abs,306.5,309.41044266534084,310.14375
LOMO,chicago,2014,p75,gbm_histogramas_abs,308.1,310.1795927914761,310.14375
LOMO,chicago,2015,p75,gbm_histogramas_abs,311.24583333333334,322.55737652082416,310.14375
LOMO,chicago,2016,p75,gbm_histogramas_abs,310.5708333333333,312.6678193128569,310.14375
LOMO,chicago,2017,p75,gbm_histogramas_abs,328.4166666666667,340.056101315871,310.14375
LOMO,chicago,2018,p75,gbm_histogramas_abs,310.6666666666667,316.0474353987095,310.14375
LOMO,chicago,2019,p75,gbm_histogramas_abs,307.25,312.80462562306803,310.14375
LOMO,chicago,2022,p75,gbm_histogramas_abs,307.95,314.9674308691373,310.14375
LOMO,chicago,2023,p75,gbm_histogramas_abs,297.95,317.59179134190526,310.14375
LOMO,durban,2022,p75,gbm_histogramas_abs,275.09166666666664,318.1730304596081,310.55208333333337
LOMO,durban,2024,p75,gbm_histogramas_abs,282.71666666666664,335.61248199242146,310.55208333333337
LOMO,durban,2025,p75,gbm_histogramas_abs,285.7083333333333,329.61876108756684,310.55208333333337
LOMO,honolulu,2005,p75,gbm_histogramas_abs,403.1333333333333,364.62715428724346,305.51041666666663
LOMO,honolulu,2006,p75,gbm_histogramas_abs,408.73333333333335,318.8411840533327,305.51041666666663
LOMO,honolulu,2007,p75,gbm_histogramas_abs,417.2708333333333,331.98513250430403,305.51041666666663
LOMO,honolulu,2008,p75,gbm_histogramas_abs,411.8333333333333,332.4817488029433,305.51041666666663
LOMO,honolulu,2009,p75,gbm_histogramas_abs,410.03333333333336,309.64072700688206,305.51041666666663
LOMO,honolulu,2010,p75,gbm_histogramas_abs,414.975,308.9523854662553,305.51041666666663
LOMO,honolulu,2011,p75,gbm_histogramas_abs,409.7083333333333,305.3399687495176,305.51041666666663
LOMO,honolulu,2012,p75,gbm_histogramas_abs,408.28333333333336,364.3637170031609,305.51041666666663
LOMO,honolulu,2013,p75,gbm_histogramas_abs,437.85,334.92839010987103,305.51041666666663
LOMO,honolulu,2014,p75,gbm_histogramas_abs,422.675,364.5121141522826,305.51041666666663
LOMO,honolulu,2015,p75,gbm_histogramas_abs,442.17083333333335,336.85363249930447,305.51041666666663
LOMO,honolulu,2016,p75,gbm_histogramas_abs,450.45,369.99509944975154,305.51041666666663
LOMO,honolulu,2017,p75,gbm_histogramas_abs,441.6125,337.9311865831276,305.51041666666663
LOMO,honolulu,2018,p75,gbm_histogramas_abs,444.3083333333333,367.4170370181066,305.51041666666663
LOMO,honolulu,2019,p75,gbm_histogramas_abs,456.44166666666666,331.7546423390634,305.51041666666663
LOMO,long_beach,2010,p75,gbm_histogramas_abs,331.2416666666667,283.92419801177095,307.25
LOMO,long_beach,2011,p75,gbm_histogramas_abs,346.05833333333334,286.88316436123097,307.25
LOMO,long_beach,2012,p75,gbm_histogramas_abs,358.2958333333333,282.82038254302563,307.25
LOMO,long_beach,2013,p75,gbm_histogramas_abs,318.78333333333336,295.64422637132594,307.25
LOMO,long_beach,2014,p75,gbm_histogramas_abs,331.78333333333336,287.24239673553564,307.25
LOMO,long_beach,2015,p75,gbm_histogramas_abs,368.5625,358.2250067360599,307.25
LOMO,long_beach,2016,p75,gbm_histogramas_abs,333.7583333333333,287.66938511924525,307.25
LOMO,long_beach,2017,p75,gbm_histogramas_abs,338.46666666666664,284.3113191491565,307.25
LOMO,long_beach,2018,p75,gbm_histogramas_abs,337.35,282.16892698719283,307.25
LOMO,long_beach,2019,p75,gbm_histogramas_abs,330.2,280.13753531346276,307.25
LOMO,maui,2010,p75,gbm_histogramas_abs,355.19166666666666,384.5975109253532,308.55833333333334
LOMO,maui,2011,p75,gbm_histogramas_abs,351.5333333333333,391.64566014718605,308.55833333333334
LOMO,maui,2012,p75,gbm_histogramas_abs,354.4833333333333,391.49307977602047,308.55833333333334
LOMO,maui,2013,p75,gbm_histogramas_abs,364.3416666666667,397.91311594817137,308.55833333333334
LOMO,maui,2014,p75,gbm_histogramas_abs,366.2875,387.7169814369955,308.55833333333334
LOMO,nyc,2005,p75,gbm_histogramas_abs,314.1666666666667,302.31021346920653,310.95625
LOMO,nyc,2006,p75,gbm_histogramas_abs,294.8833333333333,296.33334920427876,310.95625
LOMO,nyc,2007,p75,gbm_histogramas_abs,296.78333333333336,295.0455503552835,310.95625
LOMO,nyc,2008,p75,gbm_histogramas_abs,293.43333333333334,295.259473758159,310.95625
LOMO,nyc,2009,p75,gbm_histogramas_abs,292.56666666666666,296.2377628169404,310.95625
LOMO,nyc,2010,p75,gbm_histogramas_abs,296.53333333333336,291.92631795654216,310.95625
LOMO,nyc,2011,p75,gbm_histogramas_abs,298.55,298.7109813597718,310.95625
LOMO,nyc,2013,p75,gbm_histogramas_abs,296.9166666666667,295.78594746642904,310.95625
LOMO,nyc,2014,p75,gbm_histogramas_abs,304.43333333333334,296.3930488665941,310.95625
LOMO,nyc,2015,p75,gbm_histogramas_abs,310.53333333333336,303.37688112589916,310.95625
LOMO,nyc,2016,p75,gbm_histogramas_abs,309.01666666666665,294.55983440487654,310.95625
LOMO,nyc,2017,p75,gbm_histogramas_abs,309.35,299.1482330849725,310.95625
LOMO,nyc,2018,p75,gbm_histogramas_abs,312.00416666666666,291.95172227663096,310.95625
LOMO,nyc,2019,p75,gbm_histogramas_abs,309.75416666666666,294.81810977061843,310.95625
LOMO,nyc,2022,p75,gbm_histogramas_abs,327.31666666666666,332.26097783166296,310.95625
LOMO,nyc,2023,p75,gbm_histogramas_abs,315.95,303.22866895304827,310.95625
LOMO,nyc,2024,p75,gbm_histogramas_abs,305.4083333333333,294.5619768871249,310.95625
LOMO,rio,2023,p75,gbm_histogramas_abs,289.15833333333336,417.3375586570792,310.55208333333337
LOMO,rio,2024,p75,gbm_histogramas_abs,284.27916666666664,411.79896745770145,310.55208333333337
LOMO,rio,2025,p75,gbm_histogramas_abs,281.01666666666665,422.32276700497164,310.55208333333337
LOMO,savannah,2011,p75,gbm_histogramas_abs,305.6125,300.9895921035997,308.55833333333334
LOMO,savannah,2012,p75,gbm_histogramas_abs,311.7,306.66378678763607,308.55833333333334
LOMO,savannah,2013,p75,gbm_histogramas_abs,311.76666666666665,303.5681831097213,308.55833333333334
LOMO,savannah,2014,p75,gbm_histogramas_abs,310.5708333333333,306.44694424561914,308.55833333333334
LOMO,savannah,2015,p75,gbm_histogramas_abs,273.6875,378.8373777637667,308.55833333333334
LOMO,savannah,2016,p75,gbm_histogramas_abs,332.31666666666666,304.32460730343695,308.55833333333334
LOMO,savannah,2017,p75,gbm_histogramas_abs,346.31666666666666,308.8276178334963,308.55833333333334
LOMO,savannah,2018,p75,gbm_histogramas_abs,318.85,304.13597228185705,308.55833333333334
LOMO,savannah,2019,p75,gbm_histogramas_abs,320.5,304.0661241426486,308.55833333333334
LOMO,singapore,2014,p75,gbm_histogramas_abs,404.8666666666667,292.7199500277868,307.95
LOMO,singapore,2015,p75,gbm_histogramas_abs,412.1,294.8069090152227,307.95
LOMO,singapore,2016,p75,gbm_histogramas_abs,406.39166666666665,293.4639259643766,307.95
LOMO,singapore,2017,p75,gbm_histogramas_abs,405.14166666666665,295.78037776629395,307.95
LOMO,singapore,2018,p75,gbm_histogramas_abs,395.6833333333333,291.6060089100925,307.95
LOMO,singapore,2019,p75,gbm_histogramas_abs,405.0833333333333,294.5510547659408,307.95
LOMO,singapore,2022,p75,gbm_histogramas_abs,380.2166666666667,295.6267623508053,307.95
LOMO,singapore,2023,p75,gbm_histogramas_abs,381.3083333333333,304.6894177834619,307.95
LOMO,berlin,2005,p75,ridge_dev,277.7,314.9839797611202,311.88541666666663
LOMO,berlin,2006,p75,ridge_dev,284.2791666666667,318.805545426537,311.88541666666663
LOMO,berlin,2007,p75,ridge_dev,271.74583333333334,306.916286046849,311.88541666666663
LOMO,berlin,2008,p75,ridge_dev,272.9,310.3264742528081,311.88541666666663
LOMO,berlin,2009,p75,ridge_dev,280.30833333333334,318.0360349267231,311.88541666666663
LOMO,berlin,2010,p75,ridge_dev,270.56666666666666,302.1311033009496,311.88541666666663
LOMO,berlin,2011,p75,ridge_dev,276.7,315.67457655739685,311.88541666666663
LOMO,berlin,2012,p75,ridge_dev,271.71666666666664,310.09188084223,311.88541666666663
LOMO,berlin,2013,p75,ridge_dev,270.76666666666665,310.0418840365504,311.88541666666663
LOMO,berlin,2014,p75,ridge_dev,274.975,315.22663165652153,311.88541666666663
LOMO,berlin,2015,p75,ridge_dev,274.8875,311.4435941518488,311.88541666666663
LOMO,berlin,2016,p75,ridge_dev,281.81666666666666,318.40020761194654,311.88541666666663
LOMO,berlin,2017,p75,ridge_dev,281.1166666666667,312.3680190493841,311.88541666666663
LOMO,berlin,2018,p75,ridge_dev,291.4,317.34677018618567,311.88541666666663
LOMO,berlin,2019,p75,ridge_dev,269.90416666666664,303.23191580104935,311.88541666666663
LOMO,boston,2005,p75,ridge_dev,259.51666666666665,310.7351161692285,311.88541666666663
LOMO,boston,2006,p75,ridge_dev,249.71666666666667,307.00070933467396,311.88541666666663
LOMO,boston,2007,p75,ridge_dev,254.5,302.9479208045733,311.88541666666663
LOMO,boston,2008,p75,ridge_dev,251.63333333333333,309.30615477285613,311.88541666666663
LOMO,boston,2009,p75,ridge_dev,248.41666666666663,305.1511534552194,311.88541666666663
LOMO,boston,2010,p75,ridge_dev,248.88333333333333,307.98020491463603,311.88541666666663
LOMO,boston,2011,p75,ridge_dev,249.78333333333333,309.82387166058425,311.88541666666663
LOMO,boston,2012,p75,ridge_dev,285.31666666666666,319.24489095221287,311.88541666666663
LOMO,boston,2013,p75,ridge_dev,247.9625,308.81835810866437,311.88541666666663
LOMO,boston,2014,p75,ridge_dev,272.7,314.45613394478596,311.88541666666663
LOMO,boston,2015,p75,ridge_dev,246.41666666666663,297.16427858457274,311.88541666666663
LOMO,boston,2016,p75,ridge_dev,256.71666666666664,312.7865893769138,311.88541666666663
LOMO,boston,2017,p75,ridge_dev,261.8,315.58119314484827,311.88541666666663
LOMO,boston,2018,p75,ridge_dev,262.31666666666666,283.4274536060356,311.88541666666663
LOMO,boston,2019,p75,ridge_dev,259.0,303.21392385060574,311.88541666666663
LOMO,chicago,2005,p75,ridge_dev,295.71666666666664,308.62866664951025,310.14375
LOMO,chicago,2006,p75,ridge_dev,296.06666666666666,297.6530230826867,310.14375
LOMO,chicago,2007,p75,ridge_dev,329.3,318.30235956653274,310.14375
LOMO,chicago,2008,p75,ridge_dev,321.6,319.77084617631795,310.14375
LOMO,chicago,2009,p75,ridge_dev,299.7333333333333,304.0475675159636,310.14375
LOMO,chicago,2010,p75,ridge_dev,321.21666666666664,321.4810518297727,310.14375
LOMO,chicago,2011,p75,ridge_dev,316.875,319.4698568841287,310.14375
LOMO,chicago,2012,p75,ridge_dev,305.09583333333336,306.49536391938284,310.14375
LOMO,chicago,2013,p75,ridge_dev,306.5,312.82942758733634,310.14375
LOMO,chicago,2014,p75,ridge_dev,308.1,313.681729897281,310.14375
LOMO,chicago,2015,p75,ridge_dev,311.24583333333334,318.6685854335442,310.14375
LOMO,chicago,2016,p75,ridge_dev,310.5708333333333,313.4921776696711,310.14375
LOMO,chicago,2017,p75,ridge_dev,328.4166666666667,320.16541753218223,310.14375
LOMO,chicago,2018,p75,ridge_dev,310.6666666666667,308.1169896084194,310.14375
LOMO,chicago,2019,p75,ridge_dev,307.25,309.8149724134718,310.14375
LOMO,chicago,2022,p75,ridge_dev,307.95,318.46560407905946,310.14375
LOMO,chicago,2023,p75,ridge_dev,297.95,311.9766238537751,310.14375
LOMO,durban,2022,p75,ridge_dev,275.09166666666664,313.39257965314863,310.55208333333337
LOMO,durban,2024,p75,ridge_dev,282.71666666666664,316.1679672239349,310.55208333333337
LOMO,durban,2025,p75,ridge_dev,285.7083333333333,315.2216584590139,310.55208333333337
LOMO,honolulu,2005,p75,ridge_dev,403.1333333333333,307.45752479693533,305.51041666666663
LOMO,honolulu,2006,p75,ridge_dev,408.73333333333335,310.39567840344387,305.51041666666663
LOMO,honolulu,2007,p75,ridge_dev,417.2708333333333,306.6538687720543,305.51041666666663
LOMO,honolulu,2008,p75,ridge_dev,411.8333333333333,305.94467130374176,305.51041666666663
LOMO,honolulu,2009,p75,ridge_dev,410.03333333333336,310.3363462989661,305.51041666666663
LOMO,honolulu,2010,p75,ridge_dev,414.975,306.12919597529714,305.51041666666663
LOMO,honolulu,2011,p75,ridge_dev,409.7083333333333,308.5805371795365,305.51041666666663
LOMO,honolulu,2012,p75,ridge_dev,408.28333333333336,308.5480904626484,305.51041666666663
LOMO,honolulu,2013,p75,ridge_dev,437.85,308.1553350645948,305.51041666666663
LOMO,honolulu,2014,p75,ridge_dev,422.675,306.8688306411884,305.51041666666663
LOMO,honolulu,2015,p75,ridge_dev,442.17083333333335,307.5030942591894,305.51041666666663
LOMO,honolulu,2016,p75,ridge_dev,450.45,306.49309230998455,305.51041666666663
LOMO,honolulu,2017,p75,ridge_dev,441.6125,306.86897491040315,305.51041666666663
LOMO,honolulu,2018,p75,ridge_dev,444.3083333333333,311.60265317459397,305.51041666666663
LOMO,honolulu,2019,p75,ridge_dev,456.44166666666666,307.619141207258,305.51041666666663
LOMO,long_beach,2010,p75,ridge_dev,331.2416666666667,306.8063915132973,307.25
LOMO,long_beach,2011,p75,ridge_dev,346.05833333333334,309.42635641412284,307.25
LOMO,long_beach,2012,p75,ridge_dev,358.2958333333333,310.43013637963014,307.25
LOMO,long_beach,2013,p75,ridge_dev,318.78333333333336,307.2016340228338,307.25
LOMO,long_beach,2014,p75,ridge_dev,331.78333333333336,310.6402376515126,307.25
LOMO,long_beach,2015,p75,ridge_dev,368.5625,315.5438297779881,307.25
LOMO,long_beach,2016,p75,ridge_dev,333.7583333333333,312.93544488077515,307.25
LOMO,long_beach,2017,p75,ridge_dev,338.46666666666664,310.6170720683408,307.25
LOMO,long_beach,2018,p75,ridge_dev,337.35,310.0919097994039,307.25
LOMO,long_beach,2019,p75,ridge_dev,330.2,309.1756197539668,307.25
LOMO,maui,2010,p75,ridge_dev,355.19166666666666,309.9636797959897,308.55833333333334
LOMO,maui,2011,p75,ridge_dev,351.5333333333333,313.36970193377124,308.55833333333334
LOMO,maui,2012,p75,ridge_dev,354.4833333333333,313.57325707653825,308.55833333333334
LOMO,maui,2013,p75,ridge_dev,364.3416666666667,312.7651437126008,308.55833333333334
LOMO,maui,2014,p75,ridge_dev,366.2875,308.33710020603206,308.55833333333334
LOMO,nyc,2005,p75,ridge_dev,314.1666666666667,312.4987279072651,310.95625
LOMO,nyc,2006,p75,ridge_dev,294.8833333333333,306.84330548137785,310.95625
LOMO,nyc,2007,p75,ridge_dev,296.78333333333336,307.9599416233541,310.95625
LOMO,nyc,2008,p75,ridge_dev,293.43333333333334,306.04771933311645,310.95625
LOMO,nyc,2009,p75,ridge_dev,292.56666666666666,308.07896173866396,310.95625
LOMO,nyc,2010,p75,ridge_dev,296.53333333333336,306.23595709347666,310.95625
LOMO,nyc,2011,p75,ridge_dev,298.55,309.4287428023245,310.95625
LOMO,nyc,2013,p75,ridge_dev,296.9166666666667,306.76822814222055,310.95625
LOMO,nyc,2014,p75,ridge_dev,304.43333333333334,304.81410119194675,310.95625
LOMO,nyc,2015,p75,ridge_dev,310.53333333333336,312.56524413604626,310.95625
LOMO,nyc,2016,p75,ridge_dev,309.01666666666665,310.2543555520734,310.95625
LOMO,nyc,2017,p75,ridge_dev,309.35,310.9296303101988,310.95625
LOMO,nyc,2018,p75,ridge_dev,312.00416666666666,311.77793313418476,310.95625
LOMO,nyc,2019,p75,ridge_dev,309.75416666666666,310.4098865598362,310.95625
LOMO,nyc,2022,p75,ridge_dev,327.31666666666666,318.46047917992365,310.95625
LOMO,nyc,2023,p75,ridge_dev,315.95,316.32170729658947,310.95625
LOMO,nyc,2024,p75,ridge_dev,305.4083333333333,312.3493229442585,310.95625
LOMO,rio,2023,p75,ridge_dev,289.15833333333336,318.1474947974631,310.55208333333337
LOMO,rio,2024,p75,ridge_dev,284.27916666666664,318.144910440576,310.55208333333337
LOMO,rio,2025,p75,ridge_dev,281.01666666666665,318.37621057989605,310.55208333333337
LOMO,savannah,2011,p75,ridge_dev,305.6125,299.13565722234165,308.55833333333334
LOMO,savannah,2012,p75,ridge_dev,311.7,311.43030704774344,308.55833333333334
LOMO,savannah,2013,p75,ridge_dev,311.76666666666665,309.52429018914415,308.55833333333334
LOMO,savannah,2014,p75,ridge_dev,310.5708333333333,310.8804204492591,308.55833333333334
LOMO,savannah,2015,p75,ridge_dev,273.6875,318.23111981201515,308.55833333333334
LOMO,savannah,2016,p75,ridge_dev,332.31666666666666,307.9156207368366,308.55833333333334
LOMO,savannah,2017,p75,ridge_dev,346.31666666666666,320.9039675717366,308.55833333333334
LOMO,savannah,2018,p75,ridge_dev,318.85,307.67868436951903,308.55833333333334
LOMO,savannah,2019,p75,ridge_dev,320.5,306.07674565664684,308.55833333333334
LOMO,singapore,2014,p75,ridge_dev,404.8666666666667,307.8742095349238,307.95
LOMO,singapore,2015,p75,ridge_dev,412.1,308.21017835126116,307.95
LOMO,singapore,2016,p75,ridge_dev,406.39166666666665,309.1639797956535,307.95
LOMO,singapore,2017,p75,ridge_dev,405.14166666666665,309.0680372126291,307.95
LOMO,singapore,2018,p75,ridge_dev,395.6833333333333,308.749953524086,307.95
LOMO,singapore,2019,p75,ridge_dev,405.0833333333333,314.8585786797322,307.95
LOMO,singapore,2022,p75,ridge_dev,380.2166666666667,309.2171692627338,307.95
LOMO,singapore,2023,p75,ridge_dev,381.3083333333333,309.3928638815402,307.95
LOMO,berlin,2005,p75,gbm_histogramas_dev,277.7,316.0372713484706,311.88541666666663
LOMO,berlin,2006,p75,gbm_histogramas_dev,284.2791666666667,324.60153995129684,311.88541666666663
LOMO,berlin,2007,p75,gbm_histogramas_dev,271.74583333333334,310.28669726105255,311.88541666666663
LOMO,berlin,2008,p75,gbm_histogramas_dev,272.9,310.56479096385146,311.88541666666663
LOMO,berlin,2009,p75,gbm_histogramas_dev,280.30833333333334,318.3309248966107,311.88541666666663
LOMO,berlin,2010,p75,gbm_histogramas_dev,270.56666666666666,303.15077933358225,311.88541666666663
LOMO,berlin,2011,p75,gbm_histogramas_dev,276.7,312.24890252247053,311.88541666666663
LOMO,berlin,2012,p75,gbm_histogramas_dev,271.71666666666664,310.6630426545894,311.88541666666663
LOMO,berlin,2013,p75,gbm_histogramas_dev,270.76666666666665,306.10909537684415,311.88541666666663
LOMO,berlin,2014,p75,gbm_histogramas_dev,274.975,310.47243837197396,311.88541666666663
LOMO,berlin,2015,p75,gbm_histogramas_dev,274.8875,315.31517247775736,311.88541666666663
LOMO,berlin,2016,p75,gbm_histogramas_dev,281.81666666666666,315.24768469693356,311.88541666666663
LOMO,berlin,2017,p75,gbm_histogramas_dev,281.1166666666667,310.0533302815409,311.88541666666663
LOMO,berlin,2018,p75,gbm_histogramas_dev,291.4,314.1265530200305,311.88541666666663
LOMO,berlin,2019,p75,gbm_histogramas_dev,269.90416666666664,305.6917243931522,311.88541666666663
LOMO,boston,2005,p75,gbm_histogramas_dev,259.51666666666665,307.16568235296376,311.88541666666663
LOMO,boston,2006,p75,gbm_histogramas_dev,249.71666666666667,303.26917315368735,311.88541666666663
LOMO,boston,2007,p75,gbm_histogramas_dev,254.5,303.4925622819711,311.88541666666663
LOMO,boston,2008,p75,gbm_histogramas_dev,251.63333333333333,302.83085521507235,311.88541666666663
LOMO,boston,2009,p75,gbm_histogramas_dev,248.41666666666663,305.1923617894788,311.88541666666663
LOMO,boston,2010,p75,gbm_histogramas_dev,248.88333333333333,305.3281269971997,311.88541666666663
LOMO,boston,2011,p75,gbm_histogramas_dev,249.78333333333333,309.58003576018695,311.88541666666663
LOMO,boston,2012,p75,gbm_histogramas_dev,285.31666666666666,326.24245896695294,311.88541666666663
LOMO,boston,2013,p75,gbm_histogramas_dev,247.9625,307.42611476721885,311.88541666666663
LOMO,boston,2014,p75,gbm_histogramas_dev,272.7,315.4514455354328,311.88541666666663
LOMO,boston,2015,p75,gbm_histogramas_dev,246.41666666666663,310.5800565571143,311.88541666666663
LOMO,boston,2016,p75,gbm_histogramas_dev,256.71666666666664,321.03004424933016,311.88541666666663
LOMO,boston,2017,p75,gbm_histogramas_dev,261.8,320.23622460315113,311.88541666666663
LOMO,boston,2018,p75,gbm_histogramas_dev,262.31666666666666,309.095320814592,311.88541666666663
LOMO,boston,2019,p75,gbm_histogramas_dev,259.0,316.76822722841933,311.88541666666663
LOMO,chicago,2005,p75,gbm_histogramas_dev,295.71666666666664,307.2479631892471,310.14375
LOMO,chicago,2006,p75,gbm_histogramas_dev,296.06666666666666,302.5408757713142,310.14375
LOMO,chicago,2007,p75,gbm_histogramas_dev,329.3,334.4449723275161,310.14375
LOMO,chicago,2008,p75,gbm_histogramas_dev,321.6,321.39284135056727,310.14375
LOMO,chicago,2009,p75,gbm_histogramas_dev,299.7333333333333,305.28274973127077,310.14375
LOMO,chicago,2010,p75,gbm_histogramas_dev,321.21666666666664,318.15537198621394,310.14375
LOMO,chicago,2011,p75,gbm_histogramas_dev,316.875,314.3204523063157,310.14375
LOMO,chicago,2012,p75,gbm_histogramas_dev,305.09583333333336,305.803401994697,310.14375
LOMO,chicago,2013,p75,gbm_histogramas_dev,306.5,309.4490222998949,310.14375
LOMO,chicago,2014,p75,gbm_histogramas_dev,308.1,314.79640042363775,310.14375
LOMO,chicago,2015,p75,gbm_histogramas_dev,311.24583333333334,321.5267495581973,310.14375
LOMO,chicago,2016,p75,gbm_histogramas_dev,310.5708333333333,318.8040844233899,310.14375
LOMO,chicago,2017,p75,gbm_histogramas_dev,328.4166666666667,325.250755008918,310.14375
LOMO,chicago,2018,p75,gbm_histogramas_dev,310.6666666666667,315.0163428180817,310.14375
LOMO,chicago,2019,p75,gbm_histogramas_dev,307.25,314.2161015964582,310.14375
LOMO,chicago,2022,p75,gbm_histogramas_dev,307.95,320.10514286932244,310.14375
LOMO,chicago,2023,p75,gbm_histogramas_dev,297.95,313.2408985090859,310.14375
LOMO,durban,2022,p75,gbm_histogramas_dev,275.09166666666664,305.97980886294215,310.55208333333337
LOMO,durban,2024,p75,gbm_histogramas_dev,282.71666666666664,318.59094190670936,310.55208333333337
LOMO,durban,2025,p75,gbm_histogramas_dev,285.7083333333333,313.05668072264945,310.55208333333337
LOMO,honolulu,2005,p75,gbm_histogramas_dev,403.1333333333333,307.7856533105827,305.51041666666663
LOMO,honolulu,2006,p75,gbm_histogramas_dev,408.73333333333335,312.53707082069604,305.51041666666663
LOMO,honolulu,2007,p75,gbm_histogramas_dev,417.2708333333333,303.0197528296661,305.51041666666663
LOMO,honolulu,2008,p75,gbm_histogramas_dev,411.8333333333333,304.308597781197,305.51041666666663
LOMO,honolulu,2009,p75,gbm_histogramas_dev,410.03333333333336,317.56939550826104,305.51041666666663
LOMO,honolulu,2010,p75,gbm_histogramas_dev,414.975,309.63817212111206,305.51041666666663
LOMO,honolulu,2011,p75,gbm_histogramas_dev,409.7083333333333,307.346271046848,305.51041666666663
LOMO,honolulu,2012,p75,gbm_histogramas_dev,408.28333333333336,310.67440821478465,305.51041666666663
LOMO,honolulu,2013,p75,gbm_histogramas_dev,437.85,304.432665717336,305.51041666666663
LOMO,honolulu,2014,p75,gbm_histogramas_dev,422.675,306.4677002892361,305.51041666666663
LOMO,honolulu,2015,p75,gbm_histogramas_dev,442.17083333333335,306.21743964993544,305.51041666666663
LOMO,honolulu,2016,p75,gbm_histogramas_dev,450.45,311.0241911688494,305.51041666666663
LOMO,honolulu,2017,p75,gbm_histogramas_dev,441.6125,306.7555287591025,305.51041666666663
LOMO,honolulu,2018,p75,gbm_histogramas_dev,444.3083333333333,313.8996246587553,305.51041666666663
LOMO,honolulu,2019,p75,gbm_histogramas_dev,456.44166666666666,300.856473136006,305.51041666666663
LOMO,long_beach,2010,p75,gbm_histogramas_dev,331.2416666666667,306.6965210743026,307.25
LOMO,long_beach,2011,p75,gbm_histogramas_dev,346.05833333333334,307.41884190822657,307.25
LOMO,long_beach,2012,p75,gbm_histogramas_dev,358.2958333333333,306.99249706855636,307.25
LOMO,long_beach,2013,p75,gbm_histogramas_dev,318.78333333333336,309.49597778996383,307.25
LOMO,long_beach,2014,p75,gbm_histogramas_dev,331.78333333333336,311.4642330344373,307.25
LOMO,long_beach,2015,p75,gbm_histogramas_dev,368.5625,321.48231872259674,307.25
LOMO,long_beach,2016,p75,gbm_histogramas_dev,333.7583333333333,317.31248132210334,307.25
LOMO,long_beach,2017,p75,gbm_histogramas_dev,338.46666666666664,316.88547716909903,307.25
LOMO,long_beach,2018,p75,gbm_histogramas_dev,337.35,314.0169539643402,307.25
LOMO,long_beach,2019,p75,gbm_histogramas_dev,330.2,316.81965976795584,307.25
LOMO,maui,2010,p75,gbm_histogramas_dev,355.19166666666666,289.722427834325,308.55833333333334
LOMO,maui,2011,p75,gbm_histogramas_dev,351.5333333333333,300.2972919561796,308.55833333333334
LOMO,maui,2012,p75,gbm_histogramas_dev,354.4833333333333,301.31741815402444,308.55833333333334
LOMO,maui,2013,p75,gbm_histogramas_dev,364.3416666666667,310.7859594200289,308.55833333333334
LOMO,maui,2014,p75,gbm_histogramas_dev,366.2875,302.5006586297975,308.55833333333334
LOMO,nyc,2005,p75,gbm_histogramas_dev,314.1666666666667,312.6436469915407,310.95625
LOMO,nyc,2006,p75,gbm_histogramas_dev,294.8833333333333,305.0716971165594,310.95625
LOMO,nyc,2007,p75,gbm_histogramas_dev,296.78333333333336,306.9715506584634,310.95625
LOMO,nyc,2008,p75,gbm_histogramas_dev,293.43333333333334,303.6862462310628,310.95625
LOMO,nyc,2009,p75,gbm_histogramas_dev,292.56666666666666,304.6997364259623,310.95625
LOMO,nyc,2010,p75,gbm_histogramas_dev,296.53333333333336,305.0178907786827,310.95625
LOMO,nyc,2011,p75,gbm_histogramas_dev,298.55,306.99569139417326,310.95625
LOMO,nyc,2013,p75,gbm_histogramas_dev,296.9166666666667,305.685043090962,310.95625
LOMO,nyc,2014,p75,gbm_histogramas_dev,304.43333333333334,308.61310519330635,310.95625
LOMO,nyc,2015,p75,gbm_histogramas_dev,310.53333333333336,302.67694882834724,310.95625
LOMO,nyc,2016,p75,gbm_histogramas_dev,309.01666666666665,310.4654672223556,310.95625
LOMO,nyc,2017,p75,gbm_histogramas_dev,309.35,315.4907003578665,310.95625
LOMO,nyc,2018,p75,gbm_histogramas_dev,312.00416666666666,312.55259765632843,310.95625
LOMO,nyc,2019,p75,gbm_histogramas_dev,309.75416666666666,304.14778050225357,310.95625
LOMO,nyc,2022,p75,gbm_histogramas_dev,327.31666666666666,312.22147758942066,310.95625
LOMO,nyc,2023,p75,gbm_histogramas_dev,315.95,315.43526038432447,310.95625
LOMO,nyc,2024,p75,gbm_histogramas_dev,305.4083333333333,309.1191806818712,310.95625
LOMO,rio,2023,p75,gbm_histogramas_dev,289.15833333333336,329.08522515026397,310.55208333333337
LOMO,rio,2024,p75,gbm_histogramas_dev,284.27916666666664,320.54513607569737,310.55208333333337
LOMO,rio,2025,p75,gbm_histogramas_dev,281.01666666666665,326.9567884043214,310.55208333333337
LOMO,savannah,2011,p75,gbm_histogramas_dev,305.6125,297.8175116442247,308.55833333333334
LOMO,savannah,2012,p75,gbm_histogramas_dev,311.7,303.645200912025,308.55833333333334
LOMO,savannah,2013,p75,gbm_histogramas_dev,311.76666666666665,305.70115171964784,308.55833333333334
LOMO,savannah,2014,p75,gbm_histogramas_dev,310.5708333333333,309.94883088137493,308.55833333333334
LOMO,savannah,2015,p75,gbm_histogramas_dev,273.6875,336.7749197950006,308.55833333333334
LOMO,savannah,2016,p75,gbm_histogramas_dev,332.31666666666666,310.8215142752683,308.55833333333334
LOMO,savannah,2017,p75,gbm_histogramas_dev,346.31666666666666,311.14915016606045,308.55833333333334
LOMO,savannah,2018,p75,gbm_histogramas_dev,318.85,313.03900467208103,308.55833333333334
LOMO,savannah,2019,p75,gbm_histogramas_dev,320.5,311.55216316561496,308.55833333333334
LOMO,singapore,2014,p75,gbm_histogramas_dev,404.8666666666667,307.89896917264826,307.95
LOMO,singapore,2015,p75,gbm_histogramas_dev,412.1,311.67466797720044,307.95
LOMO,singapore,2016,p75,gbm_histogramas_dev,406.39166666666665,313.65963225024683,307.95
LOMO,singapore,2017,p75,gbm_histogramas_dev,405.14166666666665,316.2619722285001,307.95
LOMO,singapore,2018,p75,gbm_histogramas_dev,395.6833333333333,316.69595595952507,307.95
LOMO,singapore,2019,p75,gbm_histogramas_dev,405.0833333333333,331.3054622654646,307.95
LOMO,singapore,2022,p75,gbm_histogramas_dev,380.2166666666667,310.0803456007692,307.95
LOMO,singapore,2023,p75,gbm_histogramas_dev,381.3083333333333,316.1058782278427,307.95
LOMO,berlin,2005,p90,media_global,306.3466666666667,372.38658496732023,354.3166666666667
LOMO,berlin,2006,p90,media_global,312.55,372.38658496732023,354.3166666666667
LOMO,berlin,2007,p90,media_global,300.4083333333333,372.38658496732023,354.3166666666667
LOMO,berlin,2008,p90,media_global,301.46333333333337,372.38658496732023,354.3166666666667
LOMO,berlin,2009,p90,media_global,309.1166666666667,372.38658496732023,354.3166666666667
LOMO,berlin,2010,p90,media_global,298.2583333333333,372.38658496732023,354.3166666666667
LOMO,berlin,2011,p90,media_global,306.71666666666664,372.38658496732023,354.3166666666667
LOMO,berlin,2012,p90,media_global,301.81666666666666,372.38658496732023,354.3166666666667
LOMO,berlin,2013,p90,media_global,299.46666666666664,372.38658496732023,354.3166666666667
LOMO,berlin,2014,p90,media_global,306.74666666666667,372.38658496732023,354.3166666666667
LOMO,berlin,2015,p90,media_global,307.0766666666668,372.38658496732023,354.3166666666667
LOMO,berlin,2016,p90,media_global,316.455,372.38658496732023,354.3166666666667
LOMO,berlin,2017,p90,media_global,314.93333333333334,372.38658496732023,354.3166666666667
LOMO,berlin,2018,p90,media_global,329.15,372.38658496732023,354.3166666666667
LOMO,berlin,2019,p90,media_global,307.05833333333334,372.38658496732023,354.3166666666667
LOMO,boston,2005,p90,media_global,290.3333333333333,374.59423202614374,354.3166666666667
LOMO,boston,2006,p90,media_global,281.1283333333334,374.59423202614374,354.3166666666667
LOMO,boston,2007,p90,media_global,287.8666666666667,374.59423202614374,354.3166666666667
LOMO,boston,2008,p90,media_global,284.54,374.59423202614374,354.3166666666667
LOMO,boston,2009,p90,media_global,280.1066666666667,374.59423202614374,354.3166666666667
LOMO,boston,2010,p90,media_global,280.8833333333333,374.59423202614374,354.3166666666667
LOMO,boston,2011,p90,media_global,281.26166666666666,374.59423202614374,354.3166666666667
LOMO,boston,2012,p90,media_global,326.36333333333334,374.59423202614374,354.3166666666667
LOMO,boston,2013,p90,media_global,284.77166666666665,374.59423202614374,354.3166666666667
LOMO,boston,2014,p90,media_global,317.05,374.59423202614374,354.3166666666667
LOMO,boston,2015,p90,media_global,282.1,374.59423202614374,354.3166666666667
LOMO,boston,2016,p90,media_global,293.1366666666667,374.59423202614374,354.3166666666667
LOMO,boston,2017,p90,media_global,297.75,374.59423202614374,354.3166666666667
LOMO,boston,2018,p90,media_global,307.67499999999995,374.59423202614374,354.3166666666667
LOMO,boston,2019,p90,media_global,297.4166666666667,374.59423202614374,354.3166666666667
LOMO,chicago,2005,p90,media_global,331.8333333333333,366.4437999999999,351.1450000000001
LOMO,chicago,2006,p90,media_global,332.875,366.4437999999999,351.1450000000001
LOMO,chicago,2007,p90,media_global,353.4166666666667,366.4437999999999,351.1450000000001
LOMO,chicago,2008,p90,media_global,358.21666666666664,366.4437999999999,351.1450000000001
LOMO,chicago,2009,p90,media_global,339.1666666666667,366.4437999999999,351.1450000000001
LOMO,chicago,2010,p90,media_global,358.8666666666667,366.4437999999999,351.1450000000001
LOMO,chicago,2011,p90,media_global,354.1,366.4437999999999,351.1450000000001
LOMO,chicago,2012,p90,media_global,346.1666666666667,366.4437999999999,351.1450000000001
LOMO,chicago,2013,p90,media_global,346.09666666666675,366.4437999999999,351.1450000000001
LOMO,chicago,2014,p90,media_global,350.36,366.4437999999999,351.1450000000001
LOMO,chicago,2015,p90,media_global,350.6483333333333,366.4437999999999,351.1450000000001
LOMO,chicago,2016,p90,media_global,352.76666666666665,366.4437999999999,351.1450000000001
LOMO,chicago,2017,p90,media_global,371.3666666666667,366.4437999999999,351.1450000000001
LOMO,chicago,2018,p90,media_global,354.53333333333336,366.4437999999999,351.1450000000001
LOMO,chicago,2019,p90,media_global,353.89166666666665,366.4437999999999,351.1450000000001
LOMO,chicago,2022,p90,media_global,355.51000000000005,366.4437999999999,351.1450000000001
LOMO,chicago,2023,p90,media_global,346.8,366.4437999999999,351.1450000000001
LOMO,durban,2022,p90,media_global,299.9433333333334,365.6320029239766,351.775
LOMO,durban,2024,p90,media_global,309.88666666666666,365.6320029239766,351.775
LOMO,durban,2025,p90,media_global,309.1166666666667,365.6320029239766,351.775
LOMO,honolulu,2005,p90,media_global,468.27333333333337,345.30931372549014,347.1
LOMO,honolulu,2006,p90,media_global,472.5666666666666,345.30931372549014,347.1
LOMO,honolulu,2007,p90,media_global,486.6,345.30931372549014,347.1
LOMO,honolulu,2008,p90,media_global,481.03,345.30931372549014,347.1
LOMO,honolulu,2009,p90,media_global,474.8333333333333,345.30931372549014,347.1
LOMO,honolulu,2010,p90,media_global,481.2166666666666,345.30931372549014,347.1
LOMO,honolulu,2011,p90,media_global,473.62000000000006,345.30931372549014,347.1
LOMO,honolulu,2012,p90,media_global,457.76666666666665,345.30931372549014,347.1
LOMO,honolulu,2013,p90,media_global,506.36,345.30931372549014,347.1
LOMO,honolulu,2014,p90,media_global,492.2366666666667,345.30931372549014,347.1
LOMO,honolulu,2015,p90,media_global,510.0,345.30931372549014,347.1
LOMO,honolulu,2016,p90,media_global,525.2,345.30931372549014,347.1
LOMO,honolulu,2017,p90,media_global,510.5083333333333,345.30931372549014,347.1
LOMO,honolulu,2018,p90,media_global,510.98333333333335,345.30931372549014,347.1
LOMO,honolulu,2019,p90,media_global,528.2499999999999,345.30931372549014,347.1
LOMO,long_beach,2010,p90,media_global,371.4916666666667,362.3809657320872,349.5
LOMO,long_beach,2011,p90,media_global,389.2266666666666,362.3809657320872,349.5
LOMO,long_beach,2012,p90,media_global,402.7183333333333,362.3809657320872,349.5
LOMO,long_beach,2013,p90,media_global,357.7216666666667,362.3809657320872,349.5
LOMO,long_beach,2014,p90,media_global,376.125,362.3809657320872,349.5
LOMO,long_beach,2015,p90,media_global,407.7483333333333,362.3809657320872,349.5
LOMO,long_beach,2016,p90,media_global,381.15,362.3809657320872,349.5
LOMO,long_beach,2017,p90,media_global,381.47333333333336,362.3809657320872,349.5
LOMO,long_beach,2018,p90,media_global,378.7733333333333,362.3809657320872,349.5
LOMO,long_beach,2019,p90,media_global,379.8033333333334,362.3809657320872,349.5
LOMO,maui,2010,p90,media_global,397.995,362.41666666666663,350.79083333333335
LOMO,maui,2011,p90,media_global,395.47,362.41666666666663,350.79083333333335
LOMO,maui,2012,p90,media_global,399.0833333333333,362.41666666666663,350.79083333333335
LOMO,maui,2013,p90,media_global,412.0866666666667,362.41666666666663,350.79083333333335
LOMO,maui,2014,p90,media_global,405.6933333333333,362.41666666666663,350.79083333333335
LOMO,nyc,2005,p90,media_global,351.06666666666666,367.11304999999993,353.0916666666667
LOMO,nyc,2006,p90,media_global,332.6666666666667,367.11304999999993,353.0916666666667
LOMO,nyc,2007,p90,media_global,334.6333333333333,367.11304999999993,353.0916666666667
LOMO,nyc,2008,p90,media_global,333.51666666666665,367.11304999999993,353.0916666666667
LOMO,nyc,2009,p90,media_global,332.14500000000004,367.11304999999993,353.0916666666667
LOMO,nyc,2010,p90,media_global,337.1766666666667,367.11304999999993,353.0916666666667
LOMO,nyc,2011,p90,media_global,336.5,367.11304999999993,353.0916666666667
LOMO,nyc,2013,p90,media_global,337.24333333333334,367.11304999999993,353.0916666666667
LOMO,nyc,2014,p90,media_global,347.4,367.11304999999993,353.0916666666667
LOMO,nyc,2015,p90,media_global,350.93333333333334,367.11304999999993,353.0916666666667
LOMO,nyc,2016,p90,media_global,349.5,367.11304999999993,353.0916666666667
LOMO,nyc,2017,p90,media_global,352.28333333333336,367.11304999999993,353.0916666666667
LOMO,nyc,2018,p90,media_global,355.5,367.11304999999993,353.0916666666667
LOMO,nyc,2019,p90,media_global,354.5833333333333,367.11304999999993,353.0916666666667
LOMO,nyc,2022,p90,media_global,369.965,367.11304999999993,353.0916666666667
LOMO,nyc,2023,p90,media_global,361.55,367.11304999999993,353.0916666666667
LOMO,nyc,2024,p90,media_global,353.02666666666664,367.11304999999993,353.0916666666667
LOMO,rio,2023,p90,media_global,321.08,365.3738304093567,351.775
LOMO,rio,2024,p90,media_global,316.3983333333333,365.3738304093567,351.775
LOMO,rio,2025,p90,media_global,310.9,365.3738304093567,351.775
LOMO,savannah,2011,p90,media_global,345.26166666666666,365.05842592592586,351.0
LOMO,savannah,2012,p90,media_global,348.7,365.05842592592586,351.0
LOMO,savannah,2013,p90,media_global,351.2233333333335,365.05842592592586,351.0
LOMO,savannah,2014,p90,media_global,351.26666666666665,365.05842592592586,351.0
LOMO,savannah,2015,p90,media_global,295.45,365.05842592592586,351.0
LOMO,savannah,2016,p90,media_global,373.2,365.05842592592586,351.0
LOMO,savannah,2017,p90,media_global,389.7633333333333,365.05842592592586,351.0
LOMO,savannah,2018,p90,media_global,360.43,365.05842592592586,351.0
LOMO,savannah,2019,p90,media_global,359.39,365.05842592592586,351.0
LOMO,singapore,2014,p90,media_global,445.6666666666667,358.8464831804281,350.36
LOMO,singapore,2015,p90,media_global,452.0266666666667,358.8464831804281,350.36
LOMO,singapore,2016,p90,media_global,444.565,358.8464831804281,350.36
LOMO,singapore,2017,p90,media_global,443.38666666666666,358.8464831804281,350.36
LOMO,singapore,2018,p90,media_global,424.31666666666666,358.8464831804281,350.36
LOMO,singapore,2019,p90,media_global,437.84,358.8464831804281,350.36
LOMO,singapore,2022,p90,media_global,420.5,358.8464831804281,350.36
LOMO,singapore,2023,p90,media_global,418.4266666666666,358.8464831804281,350.36
LOMO,berlin,2005,p90,referencia_historica,306.3466666666667,354.3166666666667,354.3166666666667
LOMO,berlin,2006,p90,referencia_historica,312.55,354.3166666666667,354.3166666666667
LOMO,berlin,2007,p90,referencia_historica,300.4083333333333,354.3166666666667,354.3166666666667
LOMO,berlin,2008,p90,referencia_historica,301.46333333333337,354.3166666666667,354.3166666666667
LOMO,berlin,2009,p90,referencia_historica,309.1166666666667,354.3166666666667,354.3166666666667
LOMO,berlin,2010,p90,referencia_historica,298.2583333333333,354.3166666666667,354.3166666666667
LOMO,berlin,2011,p90,referencia_historica,306.71666666666664,354.3166666666667,354.3166666666667
LOMO,berlin,2012,p90,referencia_historica,301.81666666666666,354.3166666666667,354.3166666666667
LOMO,berlin,2013,p90,referencia_historica,299.46666666666664,354.3166666666667,354.3166666666667
LOMO,berlin,2014,p90,referencia_historica,306.74666666666667,354.3166666666667,354.3166666666667
LOMO,berlin,2015,p90,referencia_historica,307.0766666666668,354.3166666666667,354.3166666666667
LOMO,berlin,2016,p90,referencia_historica,316.455,354.3166666666667,354.3166666666667
LOMO,berlin,2017,p90,referencia_historica,314.93333333333334,354.3166666666667,354.3166666666667
LOMO,berlin,2018,p90,referencia_historica,329.15,354.3166666666667,354.3166666666667
LOMO,berlin,2019,p90,referencia_historica,307.05833333333334,354.3166666666667,354.3166666666667
LOMO,boston,2005,p90,referencia_historica,290.3333333333333,354.3166666666667,354.3166666666667
LOMO,boston,2006,p90,referencia_historica,281.1283333333334,354.3166666666667,354.3166666666667
LOMO,boston,2007,p90,referencia_historica,287.8666666666667,354.3166666666667,354.3166666666667
LOMO,boston,2008,p90,referencia_historica,284.54,354.3166666666667,354.3166666666667
LOMO,boston,2009,p90,referencia_historica,280.1066666666667,354.3166666666667,354.3166666666667
LOMO,boston,2010,p90,referencia_historica,280.8833333333333,354.3166666666667,354.3166666666667
LOMO,boston,2011,p90,referencia_historica,281.26166666666666,354.3166666666667,354.3166666666667
LOMO,boston,2012,p90,referencia_historica,326.36333333333334,354.3166666666667,354.3166666666667
LOMO,boston,2013,p90,referencia_historica,284.77166666666665,354.3166666666667,354.3166666666667
LOMO,boston,2014,p90,referencia_historica,317.05,354.3166666666667,354.3166666666667
LOMO,boston,2015,p90,referencia_historica,282.1,354.3166666666667,354.3166666666667
LOMO,boston,2016,p90,referencia_historica,293.1366666666667,354.3166666666667,354.3166666666667
LOMO,boston,2017,p90,referencia_historica,297.75,354.3166666666667,354.3166666666667
LOMO,boston,2018,p90,referencia_historica,307.67499999999995,354.3166666666667,354.3166666666667
LOMO,boston,2019,p90,referencia_historica,297.4166666666667,354.3166666666667,354.3166666666667
LOMO,chicago,2005,p90,referencia_historica,331.8333333333333,351.1450000000001,351.1450000000001
LOMO,chicago,2006,p90,referencia_historica,332.875,351.1450000000001,351.1450000000001
LOMO,chicago,2007,p90,referencia_historica,353.4166666666667,351.1450000000001,351.1450000000001
LOMO,chicago,2008,p90,referencia_historica,358.21666666666664,351.1450000000001,351.1450000000001
LOMO,chicago,2009,p90,referencia_historica,339.1666666666667,351.1450000000001,351.1450000000001
LOMO,chicago,2010,p90,referencia_historica,358.8666666666667,351.1450000000001,351.1450000000001
LOMO,chicago,2011,p90,referencia_historica,354.1,351.1450000000001,351.1450000000001
LOMO,chicago,2012,p90,referencia_historica,346.1666666666667,351.1450000000001,351.1450000000001
LOMO,chicago,2013,p90,referencia_historica,346.09666666666675,351.1450000000001,351.1450000000001
LOMO,chicago,2014,p90,referencia_historica,350.36,351.1450000000001,351.1450000000001
LOMO,chicago,2015,p90,referencia_historica,350.6483333333333,351.1450000000001,351.1450000000001
LOMO,chicago,2016,p90,referencia_historica,352.76666666666665,351.1450000000001,351.1450000000001
LOMO,chicago,2017,p90,referencia_historica,371.3666666666667,351.1450000000001,351.1450000000001
LOMO,chicago,2018,p90,referencia_historica,354.53333333333336,351.1450000000001,351.1450000000001
LOMO,chicago,2019,p90,referencia_historica,353.89166666666665,351.1450000000001,351.1450000000001
LOMO,chicago,2022,p90,referencia_historica,355.51000000000005,351.1450000000001,351.1450000000001
LOMO,chicago,2023,p90,referencia_historica,346.8,351.1450000000001,351.1450000000001
LOMO,durban,2022,p90,referencia_historica,299.9433333333334,351.775,351.775
LOMO,durban,2024,p90,referencia_historica,309.88666666666666,351.775,351.775
LOMO,durban,2025,p90,referencia_historica,309.1166666666667,351.775,351.775
LOMO,honolulu,2005,p90,referencia_historica,468.27333333333337,347.1,347.1
LOMO,honolulu,2006,p90,referencia_historica,472.5666666666666,347.1,347.1
LOMO,honolulu,2007,p90,referencia_historica,486.6,347.1,347.1
LOMO,honolulu,2008,p90,referencia_historica,481.03,347.1,347.1
LOMO,honolulu,2009,p90,referencia_historica,474.8333333333333,347.1,347.1
LOMO,honolulu,2010,p90,referencia_historica,481.2166666666666,347.1,347.1
LOMO,honolulu,2011,p90,referencia_historica,473.62000000000006,347.1,347.1
LOMO,honolulu,2012,p90,referencia_historica,457.76666666666665,347.1,347.1
LOMO,honolulu,2013,p90,referencia_historica,506.36,347.1,347.1
LOMO,honolulu,2014,p90,referencia_historica,492.2366666666667,347.1,347.1
LOMO,honolulu,2015,p90,referencia_historica,510.0,347.1,347.1
LOMO,honolulu,2016,p90,referencia_historica,525.2,347.1,347.1
LOMO,honolulu,2017,p90,referencia_historica,510.5083333333333,347.1,347.1
LOMO,honolulu,2018,p90,referencia_historica,510.98333333333335,347.1,347.1
LOMO,honolulu,2019,p90,referencia_historica,528.2499999999999,347.1,347.1
LOMO,long_beach,2010,p90,referencia_historica,371.4916666666667,349.5,349.5
LOMO,long_beach,2011,p90,referencia_historica,389.2266666666666,349.5,349.5
LOMO,long_beach,2012,p90,referencia_historica,402.7183333333333,349.5,349.5
LOMO,long_beach,2013,p90,referencia_historica,357.7216666666667,349.5,349.5
LOMO,long_beach,2014,p90,referencia_historica,376.125,349.5,349.5
LOMO,long_beach,2015,p90,referencia_historica,407.7483333333333,349.5,349.5
LOMO,long_beach,2016,p90,referencia_historica,381.15,349.5,349.5
LOMO,long_beach,2017,p90,referencia_historica,381.47333333333336,349.5,349.5
LOMO,long_beach,2018,p90,referencia_historica,378.7733333333333,349.5,349.5
LOMO,long_beach,2019,p90,referencia_historica,379.8033333333334,349.5,349.5
LOMO,maui,2010,p90,referencia_historica,397.995,350.79083333333335,350.79083333333335
LOMO,maui,2011,p90,referencia_historica,395.47,350.79083333333335,350.79083333333335
LOMO,maui,2012,p90,referencia_historica,399.0833333333333,350.79083333333335,350.79083333333335
LOMO,maui,2013,p90,referencia_historica,412.0866666666667,350.79083333333335,350.79083333333335
LOMO,maui,2014,p90,referencia_historica,405.6933333333333,350.79083333333335,350.79083333333335
LOMO,nyc,2005,p90,referencia_historica,351.06666666666666,353.0916666666667,353.0916666666667
LOMO,nyc,2006,p90,referencia_historica,332.6666666666667,353.0916666666667,353.0916666666667
LOMO,nyc,2007,p90,referencia_historica,334.6333333333333,353.0916666666667,353.0916666666667
LOMO,nyc,2008,p90,referencia_historica,333.51666666666665,353.0916666666667,353.0916666666667
LOMO,nyc,2009,p90,referencia_historica,332.14500000000004,353.0916666666667,353.0916666666667
LOMO,nyc,2010,p90,referencia_historica,337.1766666666667,353.0916666666667,353.0916666666667
LOMO,nyc,2011,p90,referencia_historica,336.5,353.0916666666667,353.0916666666667
LOMO,nyc,2013,p90,referencia_historica,337.24333333333334,353.0916666666667,353.0916666666667
LOMO,nyc,2014,p90,referencia_historica,347.4,353.0916666666667,353.0916666666667
LOMO,nyc,2015,p90,referencia_historica,350.93333333333334,353.0916666666667,353.0916666666667
LOMO,nyc,2016,p90,referencia_historica,349.5,353.0916666666667,353.0916666666667
LOMO,nyc,2017,p90,referencia_historica,352.28333333333336,353.0916666666667,353.0916666666667
LOMO,nyc,2018,p90,referencia_historica,355.5,353.0916666666667,353.0916666666667
LOMO,nyc,2019,p90,referencia_historica,354.5833333333333,353.0916666666667,353.0916666666667
LOMO,nyc,2022,p90,referencia_historica,369.965,353.0916666666667,353.0916666666667
LOMO,nyc,2023,p90,referencia_historica,361.55,353.0916666666667,353.0916666666667
LOMO,nyc,2024,p90,referencia_historica,353.02666666666664,353.0916666666667,353.0916666666667
LOMO,rio,2023,p90,referencia_historica,321.08,351.775,351.775
LOMO,rio,2024,p90,referencia_historica,316.3983333333333,351.775,351.775
LOMO,rio,2025,p90,referencia_historica,310.9,351.775,351.775
LOMO,savannah,2011,p90,referencia_historica,345.26166666666666,351.0,351.0
LOMO,savannah,2012,p90,referencia_historica,348.7,351.0,351.0
LOMO,savannah,2013,p90,referencia_historica,351.2233333333335,351.0,351.0
LOMO,savannah,2014,p90,referencia_historica,351.26666666666665,351.0,351.0
LOMO,savannah,2015,p90,referencia_historica,295.45,351.0,351.0
LOMO,savannah,2016,p90,referencia_historica,373.2,351.0,351.0
LOMO,savannah,2017,p90,referencia_historica,389.7633333333333,351.0,351.0
LOMO,savannah,2018,p90,referencia_historica,360.43,351.0,351.0
LOMO,savannah,2019,p90,referencia_historica,359.39,351.0,351.0
LOMO,singapore,2014,p90,referencia_historica,445.6666666666667,350.36,350.36
LOMO,singapore,2015,p90,referencia_historica,452.0266666666667,350.36,350.36
LOMO,singapore,2016,p90,referencia_historica,444.565,350.36,350.36
LOMO,singapore,2017,p90,referencia_historica,443.38666666666666,350.36,350.36
LOMO,singapore,2018,p90,referencia_historica,424.31666666666666,350.36,350.36
LOMO,singapore,2019,p90,referencia_historica,437.84,350.36,350.36
LOMO,singapore,2022,p90,referencia_historica,420.5,350.36,350.36
LOMO,singapore,2023,p90,referencia_historica,418.4266666666666,350.36,350.36
LOMO,berlin,2005,p90,ridge_abs,306.3466666666667,348.1149756631684,354.3166666666667
LOMO,berlin,2006,p90,ridge_abs,312.55,355.6502437810834,354.3166666666667
LOMO,berlin,2007,p90,ridge_abs,300.4083333333333,341.8053547418575,354.3166666666667
LOMO,berlin,2008,p90,ridge_abs,301.46333333333337,347.41294585032824,354.3166666666667
LOMO,berlin,2009,p90,ridge_abs,309.1166666666667,355.8260581224604,354.3166666666667
LOMO,berlin,2010,p90,ridge_abs,298.2583333333333,340.81164523274674,354.3166666666667
LOMO,berlin,2011,p90,ridge_abs,306.71666666666664,357.834610967213,354.3166666666667
LOMO,berlin,2012,p90,ridge_abs,301.81666666666666,354.2317622425503,354.3166666666667
LOMO,berlin,2013,p90,ridge_abs,299.46666666666664,347.53931350967133,354.3166666666667
LOMO,berlin,2014,p90,ridge_abs,306.74666666666667,355.58780949756994,354.3166666666667
LOMO,berlin,2015,p90,ridge_abs,307.0766666666668,358.5856255226219,354.3166666666667
LOMO,berlin,2016,p90,ridge_abs,316.455,366.28889802633796,354.3166666666667
LOMO,berlin,2017,p90,ridge_abs,314.93333333333334,367.1155965248399,354.3166666666667
LOMO,berlin,2018,p90,ridge_abs,329.15,359.601116947911,354.3166666666667
LOMO,berlin,2019,p90,ridge_abs,307.05833333333334,327.0318237419908,354.3166666666667
LOMO,boston,2005,p90,ridge_abs,290.3333333333333,396.1029859779761,354.3166666666667
LOMO,boston,2006,p90,ridge_abs,281.1283333333334,378.8404449912121,354.3166666666667
LOMO,boston,2007,p90,ridge_abs,287.8666666666667,365.236884007989,354.3166666666667
LOMO,boston,2008,p90,ridge_abs,284.54,402.118421360042,354.3166666666667
LOMO,boston,2009,p90,ridge_abs,280.1066666666667,387.3720923892082,354.3166666666667
LOMO,boston,2010,p90,ridge_abs,280.8833333333333,395.7302638512124,354.3166666666667
LOMO,boston,2011,p90,ridge_abs,281.26166666666666,409.31804451219625,354.3166666666667
LOMO,boston,2012,p90,ridge_abs,326.36333333333334,426.6528145643142,354.3166666666667
LOMO,boston,2013,p90,ridge_abs,284.77166666666665,405.0763895799255,354.3166666666667
LOMO,boston,2014,p90,ridge_abs,317.05,416.002853811642,354.3166666666667
LOMO,boston,2015,p90,ridge_abs,282.1,413.2443528153722,354.3166666666667
LOMO,boston,2016,p90,ridge_abs,293.1366666666667,411.83347856914537,354.3166666666667
LOMO,boston,2017,p90,ridge_abs,297.75,437.56847530291793,354.3166666666667
LOMO,boston,2018,p90,ridge_abs,307.67499999999995,603.5128445795439,354.3166666666667
LOMO,boston,2019,p90,ridge_abs,297.4166666666667,402.9445271430415,354.3166666666667
LOMO,chicago,2005,p90,ridge_abs,331.8333333333333,343.918097750011,351.1450000000001
LOMO,chicago,2006,p90,ridge_abs,332.875,339.339398671567,351.1450000000001
LOMO,chicago,2007,p90,ridge_abs,353.4166666666667,376.91541798440244,351.1450000000001
LOMO,chicago,2008,p90,ridge_abs,358.21666666666664,376.9825688816877,351.1450000000001
LOMO,chicago,2009,p90,ridge_abs,339.1666666666667,352.68199268548204,351.1450000000001
LOMO,chicago,2010,p90,ridge_abs,358.8666666666667,398.20295038859115,351.1450000000001
LOMO,chicago,2011,p90,ridge_abs,354.1,388.73171644269905,351.1450000000001
LOMO,chicago,2012,p90,ridge_abs,346.1666666666667,372.5214231219207,351.1450000000001
LOMO,chicago,2013,p90,ridge_abs,346.09666666666675,367.72933541811625,351.1450000000001
LOMO,chicago,2014,p90,ridge_abs,350.36,371.3347077583297,351.1450000000001
LOMO,chicago,2015,p90,ridge_abs,350.6483333333333,376.36810422007505,351.1450000000001
LOMO,chicago,2016,p90,ridge_abs,352.76666666666665,367.4400958606564,351.1450000000001
LOMO,chicago,2017,p90,ridge_abs,371.3666666666667,389.8732564817401,351.1450000000001
LOMO,chicago,2018,p90,ridge_abs,354.53333333333336,381.0030360970697,351.1450000000001
LOMO,chicago,2019,p90,ridge_abs,353.89166666666665,366.93470386086125,351.1450000000001
LOMO,chicago,2022,p90,ridge_abs,355.51000000000005,384.0357833783765,351.1450000000001
LOMO,chicago,2023,p90,ridge_abs,346.8,399.21407716066676,351.1450000000001
LOMO,durban,2022,p90,ridge_abs,299.9433333333334,378.86243672216506,351.775
LOMO,durban,2024,p90,ridge_abs,309.88666666666666,379.71246088537185,351.775
LOMO,durban,2025,p90,ridge_abs,309.1166666666667,383.1734784512383,351.775
LOMO,honolulu,2005,p90,ridge_abs,468.27333333333337,375.70516454087016,347.1
LOMO,honolulu,2006,p90,ridge_abs,472.5666666666666,380.9918744051826,347.1
LOMO,honolulu,2007,p90,ridge_abs,486.6,365.0885668629419,347.1
LOMO,honolulu,2008,p90,ridge_abs,481.03,367.86662284118955,347.1
LOMO,honolulu,2009,p90,ridge_abs,474.8333333333333,379.04601456519123,347.1
LOMO,honolulu,2010,p90,ridge_abs,481.2166666666666,366.1013487645718,347.1
LOMO,honolulu,2011,p90,ridge_abs,473.62000000000006,387.82806329647053,347.1
LOMO,honolulu,2012,p90,ridge_abs,457.76666666666665,378.4834355286064,347.1
LOMO,honolulu,2013,p90,ridge_abs,506.36,373.74275038205633,347.1
LOMO,honolulu,2014,p90,ridge_abs,492.2366666666667,380.70908143404546,347.1
LOMO,honolulu,2015,p90,ridge_abs,510.0,370.86313948824466,347.1
LOMO,honolulu,2016,p90,ridge_abs,525.2,363.357974876945,347.1
LOMO,honolulu,2017,p90,ridge_abs,510.5083333333333,371.80777268354285,347.1
LOMO,honolulu,2018,p90,ridge_abs,510.98333333333335,391.59900343359595,347.1
LOMO,honolulu,2019,p90,ridge_abs,528.2499999999999,368.8245529169691,347.1
LOMO,long_beach,2010,p90,ridge_abs,371.4916666666667,352.7987545348526,349.5
LOMO,long_beach,2011,p90,ridge_abs,389.2266666666666,357.9102699755174,349.5
LOMO,long_beach,2012,p90,ridge_abs,402.7183333333333,356.1558034686276,349.5
LOMO,long_beach,2013,p90,ridge_abs,357.7216666666667,348.7033625641375,349.5
LOMO,long_beach,2014,p90,ridge_abs,376.125,357.5859723765035,349.5
LOMO,long_beach,2015,p90,ridge_abs,407.7483333333333,371.94461510670135,349.5
LOMO,long_beach,2016,p90,ridge_abs,381.15,367.22916645583643,349.5
LOMO,long_beach,2017,p90,ridge_abs,381.47333333333336,358.40588743914725,349.5
LOMO,long_beach,2018,p90,ridge_abs,378.7733333333333,353.30403146331525,349.5
LOMO,long_beach,2019,p90,ridge_abs,379.8033333333334,359.7346565833607,349.5
LOMO,maui,2010,p90,ridge_abs,397.995,323.81462191182703,350.79083333333335
LOMO,maui,2011,p90,ridge_abs,395.47,364.3916772234757,350.79083333333335
LOMO,maui,2012,p90,ridge_abs,399.0833333333333,354.44494369817005,350.79083333333335
LOMO,maui,2013,p90,ridge_abs,412.0866666666667,361.41754651614934,350.79083333333335
LOMO,maui,2014,p90,ridge_abs,405.6933333333333,251.80532920905614,350.79083333333335
LOMO,nyc,2005,p90,ridge_abs,351.06666666666666,369.7041246650474,353.0916666666667
LOMO,nyc,2006,p90,ridge_abs,332.6666666666667,354.6168885130291,353.0916666666667
LOMO,nyc,2007,p90,ridge_abs,334.6333333333333,361.02098054753117,353.0916666666667
LOMO,nyc,2008,p90,ridge_abs,333.51666666666665,354.7659058053226,353.0916666666667
LOMO,nyc,2009,p90,ridge_abs,332.14500000000004,373.1580722138099,353.0916666666667
LOMO,nyc,2010,p90,ridge_abs,337.1766666666667,353.5085465028975,353.0916666666667
LOMO,nyc,2011,p90,ridge_abs,336.5,358.13879666871384,353.0916666666667
LOMO,nyc,2013,p90,ridge_abs,337.24333333333334,369.6997479561579,353.0916666666667
LOMO,nyc,2014,p90,ridge_abs,347.4,362.4729823356536,353.0916666666667
LOMO,nyc,2015,p90,ridge_abs,350.93333333333334,375.3972802559142,353.0916666666667
LOMO,nyc,2016,p90,ridge_abs,349.5,371.39917993566416,353.0916666666667
LOMO,nyc,2017,p90,ridge_abs,352.28333333333336,379.7628384617967,353.0916666666667
LOMO,nyc,2018,p90,ridge_abs,355.5,374.7412278990898,353.0916666666667
LOMO,nyc,2019,p90,ridge_abs,354.5833333333333,371.71345188440984,353.0916666666667
LOMO,nyc,2022,p90,ridge_abs,369.965,397.3119873119688,353.0916666666667
LOMO,nyc,2023,p90,ridge_abs,361.55,392.703609893282,353.0916666666667
LOMO,nyc,2024,p90,ridge_abs,353.02666666666664,388.82063854038023,353.0916666666667
LOMO,rio,2023,p90,ridge_abs,321.08,418.3300723683779,351.775
LOMO,rio,2024,p90,ridge_abs,316.3983333333333,420.02796448951017,351.775
LOMO,rio,2025,p90,ridge_abs,310.9,424.65460836303623,351.775
LOMO,savannah,2011,p90,ridge_abs,345.26166666666666,351.7630806125886,351.0
LOMO,savannah,2012,p90,ridge_abs,348.7,360.4123622674998,351.0
LOMO,savannah,2013,p90,ridge_abs,351.2233333333335,359.5492895679748,351.0
LOMO,savannah,2014,p90,ridge_abs,351.26666666666665,360.26337583121926,351.0
LOMO,savannah,2015,p90,ridge_abs,295.45,378.7009208418338,351.0
LOMO,savannah,2016,p90,ridge_abs,373.2,363.1289642970688,351.0
LOMO,savannah,2017,p90,ridge_abs,389.7633333333333,370.4148319450461,351.0
LOMO,savannah,2018,p90,ridge_abs,360.43,354.8121259473675,351.0
LOMO,savannah,2019,p90,ridge_abs,359.39,361.6537667381986,351.0
LOMO,singapore,2014,p90,ridge_abs,445.6666666666667,335.61511203044466,350.36
LOMO,singapore,2015,p90,ridge_abs,452.0266666666667,336.21240116813243,350.36
LOMO,singapore,2016,p90,ridge_abs,444.565,338.6183027584893,350.36
LOMO,singapore,2017,p90,ridge_abs,443.38666666666666,341.4013135526932,350.36
LOMO,singapore,2018,p90,ridge_abs,424.31666666666666,336.541675050623,350.36
LOMO,singapore,2019,p90,ridge_abs,437.84,385.89189326823134,350.36
LOMO,singapore,2022,p90,ridge_abs,420.5,342.80155522830836,350.36
LOMO,singapore,2023,p90,ridge_abs,418.4266666666666,352.6524356387357,350.36
LOMO,berlin,2005,p90,gbm_histogramas_abs,306.3466666666667,325.00002729885256,354.3166666666667
LOMO,berlin,2006,p90,gbm_histogramas_abs,312.55,323.4610293215675,354.3166666666667
LOMO,berlin,2007,p90,gbm_histogramas_abs,300.4083333333333,321.4268568817137,354.3166666666667
LOMO,berlin,2008,p90,gbm_histogramas_abs,301.46333333333337,325.41458426993756,354.3166666666667
LOMO,berlin,2009,p90,gbm_histogramas_abs,309.1166666666667,334.6434297642021,354.3166666666667
LOMO,berlin,2010,p90,gbm_histogramas_abs,298.2583333333333,319.04134938184745,354.3166666666667
LOMO,berlin,2011,p90,gbm_histogramas_abs,306.71666666666664,335.24967997681483,354.3166666666667
LOMO,berlin,2012,p90,gbm_histogramas_abs,301.81666666666666,324.0042426856313,354.3166666666667
LOMO,berlin,2013,p90,gbm_histogramas_abs,299.46666666666664,318.19654513111294,354.3166666666667
LOMO,berlin,2014,p90,gbm_histogramas_abs,306.74666666666667,334.66444036708805,354.3166666666667
LOMO,berlin,2015,p90,gbm_histogramas_abs,307.0766666666668,322.4717650784948,354.3166666666667
LOMO,berlin,2016,p90,gbm_histogramas_abs,316.455,326.5442621980447,354.3166666666667
LOMO,berlin,2017,p90,gbm_histogramas_abs,314.93333333333334,322.0024345158537,354.3166666666667
LOMO,berlin,2018,p90,gbm_histogramas_abs,329.15,328.92932421865527,354.3166666666667
LOMO,berlin,2019,p90,gbm_histogramas_abs,307.05833333333334,325.01213019981594,354.3166666666667
LOMO,boston,2005,p90,gbm_histogramas_abs,290.3333333333333,356.48662331455324,354.3166666666667
LOMO,boston,2006,p90,gbm_histogramas_abs,281.1283333333334,336.6000222523708,354.3166666666667
LOMO,boston,2007,p90,gbm_histogramas_abs,287.8666666666667,337.0492287661997,354.3166666666667
LOMO,boston,2008,p90,gbm_histogramas_abs,284.54,345.62497730342295,354.3166666666667
LOMO,boston,2009,p90,gbm_histogramas_abs,280.1066666666667,343.49885187946734,354.3166666666667
LOMO,boston,2010,p90,gbm_histogramas_abs,280.8833333333333,342.95627357265414,354.3166666666667
LOMO,boston,2011,p90,gbm_histogramas_abs,281.26166666666666,349.02768334779955,354.3166666666667
LOMO,boston,2012,p90,gbm_histogramas_abs,326.36333333333334,369.07822912504395,354.3166666666667
LOMO,boston,2013,p90,gbm_histogramas_abs,284.77166666666665,347.864541966026,354.3166666666667
LOMO,boston,2014,p90,gbm_histogramas_abs,317.05,360.81739125030606,354.3166666666667
LOMO,boston,2015,p90,gbm_histogramas_abs,282.1,348.44319974917386,354.3166666666667
LOMO,boston,2016,p90,gbm_histogramas_abs,293.1366666666667,366.60905466006074,354.3166666666667
LOMO,boston,2017,p90,gbm_histogramas_abs,297.75,375.777591859495,354.3166666666667
LOMO,boston,2018,p90,gbm_histogramas_abs,307.67499999999995,340.5049477366676,354.3166666666667
LOMO,boston,2019,p90,gbm_histogramas_abs,297.4166666666667,351.10125963713836,354.3166666666667
LOMO,chicago,2005,p90,gbm_histogramas_abs,331.8333333333333,345.1692822299601,351.1450000000001
LOMO,chicago,2006,p90,gbm_histogramas_abs,332.875,338.28785882181904,351.1450000000001
LOMO,chicago,2007,p90,gbm_histogramas_abs,353.4166666666667,441.835090775564,351.1450000000001
LOMO,chicago,2008,p90,gbm_histogramas_abs,358.21666666666664,369.8757994076499,351.1450000000001
LOMO,chicago,2009,p90,gbm_histogramas_abs,339.1666666666667,345.57513066218274,351.1450000000001
LOMO,chicago,2010,p90,gbm_histogramas_abs,358.8666666666667,370.5460835369467,351.1450000000001
LOMO,chicago,2011,p90,gbm_histogramas_abs,354.1,362.92719711599716,351.1450000000001
LOMO,chicago,2012,p90,gbm_histogramas_abs,346.1666666666667,351.9591324700739,351.1450000000001
LOMO,chicago,2013,p90,gbm_histogramas_abs,346.09666666666675,349.03572905258255,351.1450000000001
LOMO,chicago,2014,p90,gbm_histogramas_abs,350.36,352.30074515172373,351.1450000000001
LOMO,chicago,2015,p90,gbm_histogramas_abs,350.6483333333333,361.87393187351654,351.1450000000001
LOMO,chicago,2016,p90,gbm_histogramas_abs,352.76666666666665,352.2873992700385,351.1450000000001
LOMO,chicago,2017,p90,gbm_histogramas_abs,371.3666666666667,369.18100608653765,351.1450000000001
LOMO,chicago,2018,p90,gbm_histogramas_abs,354.53333333333336,354.78982974803245,351.1450000000001
LOMO,chicago,2019,p90,gbm_histogramas_abs,353.89166666666665,350.6602119174678,351.1450000000001
LOMO,chicago,2022,p90,gbm_histogramas_abs,355.51000000000005,353.26820792058817,351.1450000000001
LOMO,chicago,2023,p90,gbm_histogramas_abs,346.8,355.0325553135057,351.1450000000001
LOMO,durban,2022,p90,gbm_histogramas_abs,299.9433333333334,356.55219229655404,351.775
LOMO,durban,2024,p90,gbm_histogramas_abs,309.88666666666666,378.9132739020808,351.775
LOMO,durban,2025,p90,gbm_histogramas_abs,309.1166666666667,373.0708636395776,351.775
LOMO,honolulu,2005,p90,gbm_histogramas_abs,468.27333333333337,404.3557277726846,347.1
LOMO,honolulu,2006,p90,gbm_histogramas_abs,472.5666666666666,361.00670335311275,347.1
LOMO,honolulu,2007,p90,gbm_histogramas_abs,486.6,357.3573103133532,347.1
LOMO,honolulu,2008,p90,gbm_histogramas_abs,481.03,358.48751477231815,347.1
LOMO,honolulu,2009,p90,gbm_histogramas_abs,474.8333333333333,349.2964411899626,347.1
LOMO,honolulu,2010,p90,gbm_histogramas_abs,481.2166666666666,349.4419223697023,347.1
LOMO,honolulu,2011,p90,gbm_histogramas_abs,473.62000000000006,344.0560897503099,347.1
LOMO,honolulu,2012,p90,gbm_histogramas_abs,457.76666666666665,406.88646988770813,347.1
LOMO,honolulu,2013,p90,gbm_histogramas_abs,506.36,361.5485321825565,347.1
LOMO,honolulu,2014,p90,gbm_histogramas_abs,492.2366666666667,400.9831385218558,347.1
LOMO,honolulu,2015,p90,gbm_histogramas_abs,510.0,362.748707231146,347.1
LOMO,honolulu,2016,p90,gbm_histogramas_abs,525.2,409.58277851582534,347.1
LOMO,honolulu,2017,p90,gbm_histogramas_abs,510.5083333333333,360.91924753421637,347.1
LOMO,honolulu,2018,p90,gbm_histogramas_abs,510.98333333333335,409.9975736130421,347.1
LOMO,honolulu,2019,p90,gbm_histogramas_abs,528.2499999999999,356.2181436652647,347.1
LOMO,long_beach,2010,p90,gbm_histogramas_abs,371.4916666666667,328.5437417051353,349.5
LOMO,long_beach,2011,p90,gbm_histogramas_abs,389.2266666666666,328.8529554914061,349.5
LOMO,long_beach,2012,p90,gbm_histogramas_abs,402.7183333333333,330.62575443949265,349.5
LOMO,long_beach,2013,p90,gbm_histogramas_abs,357.7216666666667,340.32896043205574,349.5
LOMO,long_beach,2014,p90,gbm_histogramas_abs,376.125,332.8510334146814,349.5
LOMO,long_beach,2015,p90,gbm_histogramas_abs,407.7483333333333,396.77182308800116,349.5
LOMO,long_beach,2016,p90,gbm_histogramas_abs,381.15,328.40207325519793,349.5
LOMO,long_beach,2017,p90,gbm_histogramas_abs,381.47333333333336,328.8571056816184,349.5
LOMO,long_beach,2018,p90,gbm_histogramas_abs,378.7733333333333,325.36937232908303,349.5
LOMO,long_beach,2019,p90,gbm_histogramas_abs,379.8033333333334,323.81401308639084,349.5
LOMO,maui,2010,p90,gbm_histogramas_abs,397.995,405.69216302632475,350.79083333333335
LOMO,maui,2011,p90,gbm_histogramas_abs,395.47,411.17770666782997,350.79083333333335
LOMO,maui,2012,p90,gbm_histogramas_abs,399.0833333333333,414.2308810912563,350.79083333333335
LOMO,maui,2013,p90,gbm_histogramas_abs,412.0866666666667,414.78709408106107,350.79083333333335
LOMO,maui,2014,p90,gbm_histogramas_abs,405.6933333333333,412.4642808718889,350.79083333333335
LOMO,nyc,2005,p90,gbm_histogramas_abs,351.06666666666666,347.1687587931554,353.0916666666667
LOMO,nyc,2006,p90,gbm_histogramas_abs,332.6666666666667,343.6745712173509,353.0916666666667
LOMO,nyc,2007,p90,gbm_histogramas_abs,334.6333333333333,341.0458876909545,353.0916666666667
LOMO,nyc,2008,p90,gbm_histogramas_abs,333.51666666666665,340.47485374665126,353.0916666666667
LOMO,nyc,2009,p90,gbm_histogramas_abs,332.14500000000004,340.72695383017833,353.0916666666667
LOMO,nyc,2010,p90,gbm_histogramas_abs,337.1766666666667,334.669962955332,353.0916666666667
LOMO,nyc,2011,p90,gbm_histogramas_abs,336.5,343.1078496586651,353.0916666666667
LOMO,nyc,2013,p90,gbm_histogramas_abs,337.24333333333334,337.0525263307635,353.0916666666667
LOMO,nyc,2014,p90,gbm_histogramas_abs,347.4,340.75786221685985,353.0916666666667
LOMO,nyc,2015,p90,gbm_histogramas_abs,350.93333333333334,346.0637359170758,353.0916666666667
LOMO,nyc,2016,p90,gbm_histogramas_abs,349.5,335.83154461066334,353.0916666666667
LOMO,nyc,2017,p90,gbm_histogramas_abs,352.28333333333336,346.84656968573563,353.0916666666667
LOMO,nyc,2018,p90,gbm_histogramas_abs,355.5,339.1427073211766,353.0916666666667
LOMO,nyc,2019,p90,gbm_histogramas_abs,354.5833333333333,340.5421987224105,353.0916666666667
LOMO,nyc,2022,p90,gbm_histogramas_abs,369.965,358.140834997186,353.0916666666667
LOMO,nyc,2023,p90,gbm_histogramas_abs,361.55,347.9424384643615,353.0916666666667
LOMO,nyc,2024,p90,gbm_histogramas_abs,353.02666666666664,344.9303079971059,353.0916666666667
LOMO,rio,2023,p90,gbm_histogramas_abs,321.08,464.04715433690166,351.775
LOMO,rio,2024,p90,gbm_histogramas_abs,316.3983333333333,461.4444249941679,351.775
LOMO,rio,2025,p90,gbm_histogramas_abs,310.9,466.0712275210269,351.775
LOMO,savannah,2011,p90,gbm_histogramas_abs,345.26166666666666,349.06851833466095,351.0
LOMO,savannah,2012,p90,gbm_histogramas_abs,348.7,356.2571319159873,351.0
LOMO,savannah,2013,p90,gbm_histogramas_abs,351.2233333333335,350.9623249763841,351.0
LOMO,savannah,2014,p90,gbm_histogramas_abs,351.26666666666665,354.13553323779763,351.0
LOMO,savannah,2015,p90,gbm_histogramas_abs,295.45,408.2308609315962,351.0
LOMO,savannah,2016,p90,gbm_histogramas_abs,373.2,353.20457211294746,351.0
LOMO,savannah,2017,p90,gbm_histogramas_abs,389.7633333333333,362.3829308087452,351.0
LOMO,savannah,2018,p90,gbm_histogramas_abs,360.43,354.38165227629037,351.0
LOMO,savannah,2019,p90,gbm_histogramas_abs,359.39,352.1700747734978,351.0
LOMO,singapore,2014,p90,gbm_histogramas_abs,445.6666666666667,303.7394532732121,350.36
LOMO,singapore,2015,p90,gbm_histogramas_abs,452.0266666666667,307.99104416525273,350.36
LOMO,singapore,2016,p90,gbm_histogramas_abs,444.565,309.52035238698454,350.36
LOMO,singapore,2017,p90,gbm_histogramas_abs,443.38666666666666,311.71447450064056,350.36
LOMO,singapore,2018,p90,gbm_histogramas_abs,424.31666666666666,307.38660206188774,350.36
LOMO,singapore,2019,p90,gbm_histogramas_abs,437.84,312.3870425036692,350.36
LOMO,singapore,2022,p90,gbm_histogramas_abs,420.5,312.55178325112394,350.36
LOMO,singapore,2023,p90,gbm_histogramas_abs,418.4266666666666,309.0481015502885,350.36
LOMO,berlin,2005,p90,ridge_dev,306.3466666666667,352.62116861140174,354.3166666666667
LOMO,berlin,2006,p90,ridge_dev,312.55,356.5039150986226,354.3166666666667
LOMO,berlin,2007,p90,ridge_dev,300.4083333333333,344.80067831621403,354.3166666666667
LOMO,berlin,2008,p90,ridge_dev,301.46333333333337,348.862493844312,354.3166666666667
LOMO,berlin,2009,p90,ridge_dev,309.1166666666667,356.7642663321915,354.3166666666667
LOMO,berlin,2010,p90,ridge_dev,298.2583333333333,342.2619469933568,354.3166666666667
LOMO,berlin,2011,p90,ridge_dev,306.71666666666664,354.84980755742896,354.3166666666667
LOMO,berlin,2012,p90,ridge_dev,301.81666666666666,349.58236042110957,354.3166666666667
LOMO,berlin,2013,p90,ridge_dev,299.46666666666664,349.4107236788654,354.3166666666667
LOMO,berlin,2014,p90,ridge_dev,306.74666666666667,355.0174065132052,354.3166666666667
LOMO,berlin,2015,p90,ridge_dev,307.0766666666668,351.3844155492496,354.3166666666667
LOMO,berlin,2016,p90,ridge_dev,316.455,358.02983148453455,354.3166666666667
LOMO,berlin,2017,p90,ridge_dev,314.93333333333334,351.37577496217006,354.3166666666667
LOMO,berlin,2018,p90,ridge_dev,329.15,358.3521848171502,354.3166666666667
LOMO,berlin,2019,p90,ridge_dev,307.05833333333334,344.6681090055642,354.3166666666667
LOMO,boston,2005,p90,ridge_dev,290.3333333333333,350.82693271757677,354.3166666666667
LOMO,boston,2006,p90,ridge_dev,281.1283333333334,347.49665182851805,354.3166666666667
LOMO,boston,2007,p90,ridge_dev,287.8666666666667,341.2030175038721,354.3166666666667
LOMO,boston,2008,p90,ridge_dev,284.54,349.07539903424146,354.3166666666667
LOMO,boston,2009,p90,ridge_dev,280.1066666666667,345.05384276601006,354.3166666666667
LOMO,boston,2010,p90,ridge_dev,280.8833333333333,349.7444417270265,354.3166666666667
LOMO,boston,2011,p90,ridge_dev,281.26166666666666,350.2888481921405,354.3166666666667
LOMO,boston,2012,p90,ridge_dev,326.36333333333334,359.18847222001295,354.3166666666667
LOMO,boston,2013,p90,ridge_dev,284.77166666666665,349.54619105833046,354.3166666666667
LOMO,boston,2014,p90,ridge_dev,317.05,355.22632534539395,354.3166666666667
LOMO,boston,2015,p90,ridge_dev,282.1,340.66377800567375,354.3166666666667
LOMO,boston,2016,p90,ridge_dev,293.1366666666667,354.4713852858368,354.3166666666667
LOMO,boston,2017,p90,ridge_dev,297.75,357.493697408184,354.3166666666667
LOMO,boston,2018,p90,ridge_dev,307.67499999999995,332.528006138196,354.3166666666667
LOMO,boston,2019,p90,ridge_dev,297.4166666666667,346.6723181227139,354.3166666666667
LOMO,chicago,2005,p90,ridge_dev,331.8333333333333,346.8155978276319,351.1450000000001
LOMO,chicago,2006,p90,ridge_dev,332.875,335.1974349342183,351.1450000000001
LOMO,chicago,2007,p90,ridge_dev,353.4166666666667,357.6187118793769,351.1450000000001
LOMO,chicago,2008,p90,ridge_dev,358.21666666666664,359.0758555820268,351.1450000000001
LOMO,chicago,2009,p90,ridge_dev,339.1666666666667,342.9379804927292,351.1450000000001
LOMO,chicago,2010,p90,ridge_dev,358.8666666666667,361.9750228067368,351.1450000000001
LOMO,chicago,2011,p90,ridge_dev,354.1,359.8420554614218,351.1450000000001
LOMO,chicago,2012,p90,ridge_dev,346.1666666666667,345.6567774389856,351.1450000000001
LOMO,chicago,2013,p90,ridge_dev,346.09666666666675,353.1205010090004,351.1450000000001
LOMO,chicago,2014,p90,ridge_dev,350.36,353.6475479925984,351.1450000000001
LOMO,chicago,2015,p90,ridge_dev,350.6483333333333,359.21792550409265,351.1450000000001
LOMO,chicago,2016,p90,ridge_dev,352.76666666666665,353.4175566860992,351.1450000000001
LOMO,chicago,2017,p90,ridge_dev,371.3666666666667,361.1990712622602,351.1450000000001
LOMO,chicago,2018,p90,ridge_dev,354.53333333333336,349.5325011378851,351.1450000000001
LOMO,chicago,2019,p90,ridge_dev,353.89166666666665,350.10883516270246,351.1450000000001
LOMO,chicago,2022,p90,ridge_dev,355.51000000000005,360.3157138528108,351.1450000000001
LOMO,chicago,2023,p90,ridge_dev,346.8,353.35741090171507,351.1450000000001
LOMO,durban,2022,p90,ridge_dev,299.9433333333334,355.1868099366003,351.775
LOMO,durban,2024,p90,ridge_dev,309.88666666666666,358.81489013596405,351.775
LOMO,durban,2025,p90,ridge_dev,309.1166666666667,358.20134905017323,351.775
LOMO,honolulu,2005,p90,ridge_dev,468.27333333333337,345.2764263124942,347.1
LOMO,honolulu,2006,p90,ridge_dev,472.5666666666666,349.1937866208116,347.1
LOMO,honolulu,2007,p90,ridge_dev,486.6,343.8956839466961,347.1
LOMO,honolulu,2008,p90,ridge_dev,481.03,345.10612922481505,347.1
LOMO,honolulu,2009,p90,ridge_dev,474.8333333333333,348.3828718635868,347.1
LOMO,honolulu,2010,p90,ridge_dev,481.2166666666666,344.67276806846655,347.1
LOMO,honolulu,2011,p90,ridge_dev,473.62000000000006,349.17050213545093,347.1
LOMO,honolulu,2012,p90,ridge_dev,457.76666666666665,348.81977665883267,347.1
LOMO,honolulu,2013,p90,ridge_dev,506.36,346.5252315544601,347.1
LOMO,honolulu,2014,p90,ridge_dev,492.2366666666667,348.24007106538033,347.1
LOMO,honolulu,2015,p90,ridge_dev,510.0,346.4009341506753,347.1
LOMO,honolulu,2016,p90,ridge_dev,525.2,345.03984476291566,347.1
LOMO,honolulu,2017,p90,ridge_dev,510.5083333333333,347.24007425837124,347.1
LOMO,honolulu,2018,p90,ridge_dev,510.98333333333335,354.2697378055669,347.1
LOMO,honolulu,2019,p90,ridge_dev,528.2499999999999,346.9899865571833,347.1
LOMO,long_beach,2010,p90,ridge_dev,371.4916666666667,346.9694077873785,349.5
LOMO,long_beach,2011,p90,ridge_dev,389.2266666666666,349.9801141433447,349.5
LOMO,long_beach,2012,p90,ridge_dev,402.7183333333333,351.2430888530235,349.5
LOMO,long_beach,2013,p90,ridge_dev,357.7216666666667,348.2520875523226,349.5
LOMO,long_beach,2014,p90,ridge_dev,376.125,351.7595023276541,349.5
LOMO,long_beach,2015,p90,ridge_dev,407.7483333333333,356.4594343222486,349.5
LOMO,long_beach,2016,p90,ridge_dev,381.15,354.67947084231207,349.5
LOMO,long_beach,2017,p90,ridge_dev,381.47333333333336,352.46627659722094,349.5
LOMO,long_beach,2018,p90,ridge_dev,378.7733333333333,352.5419922646961,349.5
LOMO,long_beach,2019,p90,ridge_dev,379.8033333333334,351.63809993773236,349.5
LOMO,maui,2010,p90,ridge_dev,397.995,348.66307255608984,350.79083333333335
LOMO,maui,2011,p90,ridge_dev,395.47,352.28842577257217,350.79083333333335
LOMO,maui,2012,p90,ridge_dev,399.0833333333333,353.37726729122085,350.79083333333335
LOMO,maui,2013,p90,ridge_dev,412.0866666666667,352.24916130299516,350.79083333333335
LOMO,maui,2014,p90,ridge_dev,405.6933333333333,348.4523669914403,350.79083333333335
LOMO,nyc,2005,p90,ridge_dev,351.06666666666666,350.63698160156576,353.0916666666667
LOMO,nyc,2006,p90,ridge_dev,332.6666666666667,346.70599134182476,353.0916666666667
LOMO,nyc,2007,p90,ridge_dev,334.6333333333333,348.143771197751,353.0916666666667
LOMO,nyc,2008,p90,ridge_dev,333.51666666666665,346.1275344201749,353.0916666666667
LOMO,nyc,2009,p90,ridge_dev,332.14500000000004,347.5966849498082,353.0916666666667
LOMO,nyc,2010,p90,ridge_dev,337.1766666666667,346.55793670782987,353.0916666666667
LOMO,nyc,2011,p90,ridge_dev,336.5,349.51254818902123,353.0916666666667
LOMO,nyc,2013,p90,ridge_dev,337.24333333333334,347.33214563169554,353.0916666666667
LOMO,nyc,2014,p90,ridge_dev,347.4,345.87288165573096,353.0916666666667
LOMO,nyc,2015,p90,ridge_dev,350.93333333333334,352.9882075828458,353.0916666666667
LOMO,nyc,2016,p90,ridge_dev,349.5,351.8787898280554,353.0916666666667
LOMO,nyc,2017,p90,ridge_dev,352.28333333333336,351.2837062473796,353.0916666666667
LOMO,nyc,2018,p90,ridge_dev,355.5,353.70216300066517,353.0916666666667
LOMO,nyc,2019,p90,ridge_dev,354.5833333333333,352.3843058811784,353.0916666666667
LOMO,nyc,2022,p90,ridge_dev,369.965,359.8216498849352,353.0916666666667
LOMO,nyc,2023,p90,ridge_dev,361.55,358.39359846082186,353.0916666666667
LOMO,nyc,2024,p90,ridge_dev,353.02666666666664,355.37433758940654,353.0916666666667
LOMO,rio,2023,p90,ridge_dev,321.08,360.2429470807839,351.775
LOMO,rio,2024,p90,ridge_dev,316.3983333333333,360.3605454968128,351.775
LOMO,rio,2025,p90,ridge_dev,310.9,360.7634934434347,351.775
LOMO,savannah,2011,p90,ridge_dev,345.26166666666666,334.66669664210065,351.0
LOMO,savannah,2012,p90,ridge_dev,348.7,347.7806382454678,351.0
LOMO,savannah,2013,p90,ridge_dev,351.2233333333335,345.382608846928,351.0
LOMO,savannah,2014,p90,ridge_dev,351.26666666666665,347.7130840067285,351.0
LOMO,savannah,2015,p90,ridge_dev,295.45,356.6620808154552,351.0
LOMO,savannah,2016,p90,ridge_dev,373.2,345.68891584219733,351.0
LOMO,savannah,2017,p90,ridge_dev,389.7633333333333,358.3870584359116,351.0
LOMO,savannah,2018,p90,ridge_dev,360.43,346.15572620365595,351.0
LOMO,savannah,2019,p90,ridge_dev,359.39,347.00127436016015,351.0
LOMO,singapore,2014,p90,ridge_dev,445.6666666666667,342.31815696834036,350.36
LOMO,singapore,2015,p90,ridge_dev,452.0266666666667,342.2844540369397,350.36
LOMO,singapore,2016,p90,ridge_dev,444.565,343.7910012750767,350.36
LOMO,singapore,2017,p90,ridge_dev,443.38666666666666,344.2748417466855,350.36
LOMO,singapore,2018,p90,ridge_dev,424.31666666666666,344.0376725566331,350.36
LOMO,singapore,2019,p90,ridge_dev,437.84,361.64033952766994,350.36
LOMO,singapore,2022,p90,ridge_dev,420.5,345.31981471746064,350.36
LOMO,singapore,2023,p90,ridge_dev,418.4266666666666,346.4199192500083,350.36
LOMO,berlin,2005,p90,gbm_histogramas_dev,306.3466666666667,355.20440978505025,354.3166666666667
LOMO,berlin,2006,p90,gbm_histogramas_dev,312.55,361.2883255342226,354.3166666666667
LOMO,berlin,2007,p90,gbm_histogramas_dev,300.4083333333333,341.5541337089283,354.3166666666667
LOMO,berlin,2008,p90,gbm_histogramas_dev,301.46333333333337,354.89013448110654,354.3166666666667
LOMO,berlin,2009,p90,gbm_histogramas_dev,309.1166666666667,357.53368534497173,354.3166666666667
LOMO,berlin,2010,p90,gbm_histogramas_dev,298.2583333333333,338.61798667273,354.3166666666667
LOMO,berlin,2011,p90,gbm_histogramas_dev,306.71666666666664,352.70890072482496,354.3166666666667
LOMO,berlin,2012,p90,gbm_histogramas_dev,301.81666666666666,346.9184589083427,354.3166666666667
LOMO,berlin,2013,p90,gbm_histogramas_dev,299.46666666666664,350.94990179277306,354.3166666666667
LOMO,berlin,2014,p90,gbm_histogramas_dev,306.74666666666667,352.5001455916961,354.3166666666667
LOMO,berlin,2015,p90,gbm_histogramas_dev,307.0766666666668,356.3651062881122,354.3166666666667
LOMO,berlin,2016,p90,gbm_histogramas_dev,316.455,356.79066133412726,354.3166666666667
LOMO,berlin,2017,p90,gbm_histogramas_dev,314.93333333333334,350.6341284832209,354.3166666666667
LOMO,berlin,2018,p90,gbm_histogramas_dev,329.15,351.96238592926284,354.3166666666667
LOMO,berlin,2019,p90,gbm_histogramas_dev,307.05833333333334,346.6488034639946,354.3166666666667
LOMO,boston,2005,p90,gbm_histogramas_dev,290.3333333333333,347.5231970643759,354.3166666666667
LOMO,boston,2006,p90,gbm_histogramas_dev,281.1283333333334,342.16290652805674,354.3166666666667
LOMO,boston,2007,p90,gbm_histogramas_dev,287.8666666666667,337.6734355784449,354.3166666666667
LOMO,boston,2008,p90,gbm_histogramas_dev,284.54,345.52134543649765,354.3166666666667
LOMO,boston,2009,p90,gbm_histogramas_dev,280.1066666666667,341.3194502233555,354.3166666666667
LOMO,boston,2010,p90,gbm_histogramas_dev,280.8833333333333,346.04930042527997,354.3166666666667
LOMO,boston,2011,p90,gbm_histogramas_dev,281.26166666666666,351.8747042901257,354.3166666666667
LOMO,boston,2012,p90,gbm_histogramas_dev,326.36333333333334,363.29620813596176,354.3166666666667
LOMO,boston,2013,p90,gbm_histogramas_dev,284.77166666666665,348.0326950618911,354.3166666666667
LOMO,boston,2014,p90,gbm_histogramas_dev,317.05,361.01289945053844,354.3166666666667
LOMO,boston,2015,p90,gbm_histogramas_dev,282.1,356.1755213316844,354.3166666666667
LOMO,boston,2016,p90,gbm_histogramas_dev,293.1366666666667,369.49699054637324,354.3166666666667
LOMO,boston,2017,p90,gbm_histogramas_dev,297.75,371.4868585866013,354.3166666666667
LOMO,boston,2018,p90,gbm_histogramas_dev,307.67499999999995,357.9997299024985,354.3166666666667
LOMO,boston,2019,p90,gbm_histogramas_dev,297.4166666666667,367.28552293157225,354.3166666666667
LOMO,chicago,2005,p90,gbm_histogramas_dev,331.8333333333333,344.15147910693344,351.1450000000001
LOMO,chicago,2006,p90,gbm_histogramas_dev,332.875,335.22567089941964,351.1450000000001
LOMO,chicago,2007,p90,gbm_histogramas_dev,353.4166666666667,372.1307755485909,351.1450000000001
LOMO,chicago,2008,p90,gbm_histogramas_dev,358.21666666666664,353.7289702967397,351.1450000000001
LOMO,chicago,2009,p90,gbm_histogramas_dev,339.1666666666667,339.6910319813683,351.1450000000001
LOMO,chicago,2010,p90,gbm_histogramas_dev,358.8666666666667,362.5459004324486,351.1450000000001
LOMO,chicago,2011,p90,gbm_histogramas_dev,354.1,354.18818060532004,351.1450000000001
LOMO,chicago,2012,p90,gbm_histogramas_dev,346.1666666666667,342.0625859948794,351.1450000000001
LOMO,chicago,2013,p90,gbm_histogramas_dev,346.09666666666675,345.5748823752063,351.1450000000001
LOMO,chicago,2014,p90,gbm_histogramas_dev,350.36,355.6739332006211,351.1450000000001
LOMO,chicago,2015,p90,gbm_histogramas_dev,350.6483333333333,360.91413258959096,351.1450000000001
LOMO,chicago,2016,p90,gbm_histogramas_dev,352.76666666666665,357.1153458531673,351.1450000000001
LOMO,chicago,2017,p90,gbm_histogramas_dev,371.3666666666667,367.3760899301193,351.1450000000001
LOMO,chicago,2018,p90,gbm_histogramas_dev,354.53333333333336,363.59834149518076,351.1450000000001
LOMO,chicago,2019,p90,gbm_histogramas_dev,353.89166666666665,358.3692378912749,351.1450000000001
LOMO,chicago,2022,p90,gbm_histogramas_dev,355.51000000000005,365.870568742294,351.1450000000001
LOMO,chicago,2023,p90,gbm_histogramas_dev,346.8,358.27475118744195,351.1450000000001
LOMO,durban,2022,p90,gbm_histogramas_dev,299.9433333333334,344.7776709277958,351.775
LOMO,durban,2024,p90,gbm_histogramas_dev,309.88666666666666,359.73057247188444,351.775
LOMO,durban,2025,p90,gbm_histogramas_dev,309.1166666666667,355.1186090920523,351.775
LOMO,honolulu,2005,p90,gbm_histogramas_dev,468.27333333333337,344.0765356061008,347.1
LOMO,honolulu,2006,p90,gbm_histogramas_dev,472.5666666666666,345.3016119610928,347.1
LOMO,honolulu,2007,p90,gbm_histogramas_dev,486.6,345.7087885005877,347.1
LOMO,honolulu,2008,p90,gbm_histogramas_dev,481.03,347.8528303695177,347.1
LOMO,honolulu,2009,p90,gbm_histogramas_dev,474.8333333333333,352.4138658005126,347.1
LOMO,honolulu,2010,p90,gbm_histogramas_dev,481.2166666666666,352.91983685761403,347.1
LOMO,honolulu,2011,p90,gbm_histogramas_dev,473.62000000000006,347.07911668363715,347.1
LOMO,honolulu,2012,p90,gbm_histogramas_dev,457.76666666666665,346.8949348242886,347.1
LOMO,honolulu,2013,p90,gbm_histogramas_dev,506.36,355.4823092426084,347.1
LOMO,honolulu,2014,p90,gbm_histogramas_dev,492.2366666666667,345.2453447263058,347.1
LOMO,honolulu,2015,p90,gbm_histogramas_dev,510.0,352.1929061924359,347.1
LOMO,honolulu,2016,p90,gbm_histogramas_dev,525.2,354.83404178090984,347.1
LOMO,honolulu,2017,p90,gbm_histogramas_dev,510.5083333333333,346.71595798891997,347.1
LOMO,honolulu,2018,p90,gbm_histogramas_dev,510.98333333333335,352.5983896669514,347.1
LOMO,honolulu,2019,p90,gbm_histogramas_dev,528.2499999999999,348.5500173919648,347.1
LOMO,long_beach,2010,p90,gbm_histogramas_dev,371.4916666666667,343.66429120734375,349.5
LOMO,long_beach,2011,p90,gbm_histogramas_dev,389.2266666666666,342.4694056436614,349.5
LOMO,long_beach,2012,p90,gbm_histogramas_dev,402.7183333333333,340.12760971189294,349.5
LOMO,long_beach,2013,p90,gbm_histogramas_dev,357.7216666666667,348.4476913470174,349.5
LOMO,long_beach,2014,p90,gbm_histogramas_dev,376.125,352.106396961225,349.5
LOMO,long_beach,2015,p90,gbm_histogramas_dev,407.7483333333333,353.2595288934598,349.5
LOMO,long_beach,2016,p90,gbm_histogramas_dev,381.15,358.85790534748077,349.5
LOMO,long_beach,2017,p90,gbm_histogramas_dev,381.47333333333336,355.071052106853,349.5
LOMO,long_beach,2018,p90,gbm_histogramas_dev,378.7733333333333,356.30362095240656,349.5
LOMO,long_beach,2019,p90,gbm_histogramas_dev,379.8033333333334,356.66008423248616,349.5
LOMO,maui,2010,p90,gbm_histogramas_dev,397.995,312.34636965064834,350.79083333333335
LOMO,maui,2011,p90,gbm_histogramas_dev,395.47,322.36913280952393,350.79083333333335
LOMO,maui,2012,p90,gbm_histogramas_dev,399.0833333333333,342.10912055314276,350.79083333333335
LOMO,maui,2013,p90,gbm_histogramas_dev,412.0866666666667,341.79406906096756,350.79083333333335
LOMO,maui,2014,p90,gbm_histogramas_dev,405.6933333333333,337.62302435331645,350.79083333333335
LOMO,nyc,2005,p90,gbm_histogramas_dev,351.06666666666666,348.6850407127877,353.0916666666667
LOMO,nyc,2006,p90,gbm_histogramas_dev,332.6666666666667,339.5372127465486,353.0916666666667
LOMO,nyc,2007,p90,gbm_histogramas_dev,334.6333333333333,340.9382532635271,353.0916666666667
LOMO,nyc,2008,p90,gbm_histogramas_dev,333.51666666666665,336.2191801731732,353.0916666666667
LOMO,nyc,2009,p90,gbm_histogramas_dev,332.14500000000004,340.91467512878097,353.0916666666667
LOMO,nyc,2010,p90,gbm_histogramas_dev,337.1766666666667,339.84282461173314,353.0916666666667
LOMO,nyc,2011,p90,gbm_histogramas_dev,336.5,348.0341831825358,353.0916666666667
LOMO,nyc,2013,p90,gbm_histogramas_dev,337.24333333333334,342.911627612744,353.0916666666667
LOMO,nyc,2014,p90,gbm_histogramas_dev,347.4,348.4270541851832,353.0916666666667
LOMO,nyc,2015,p90,gbm_histogramas_dev,350.93333333333334,351.4225134722233,353.0916666666667
LOMO,nyc,2016,p90,gbm_histogramas_dev,349.5,356.19414735622325,353.0916666666667
LOMO,nyc,2017,p90,gbm_histogramas_dev,352.28333333333336,358.1087804920988,353.0916666666667
LOMO,nyc,2018,p90,gbm_histogramas_dev,355.5,359.6574662214473,353.0916666666667
LOMO,nyc,2019,p90,gbm_histogramas_dev,354.5833333333333,350.6021563146754,353.0916666666667
LOMO,nyc,2022,p90,gbm_histogramas_dev,369.965,362.9810409078292,353.0916666666667
LOMO,nyc,2023,p90,gbm_histogramas_dev,361.55,367.9669707332339,353.0916666666667
LOMO,nyc,2024,p90,gbm_histogramas_dev,353.02666666666664,356.85894833146034,353.0916666666667
LOMO,rio,2023,p90,gbm_histogramas_dev,321.08,366.40787007351827,351.775
LOMO,rio,2024,p90,gbm_histogramas_dev,316.3983333333333,356.07974309983683,351.775
LOMO,rio,2025,p90,gbm_histogramas_dev,310.9,366.3482979547688,351.775
LOMO,savannah,2011,p90,gbm_histogramas_dev,345.26166666666666,339.58240530977594,351.0
LOMO,savannah,2012,p90,gbm_histogramas_dev,348.7,344.62896461689746,351.0
LOMO,savannah,2013,p90,gbm_histogramas_dev,351.2233333333335,343.9667031469021,351.0
LOMO,savannah,2014,p90,gbm_histogramas_dev,351.26666666666665,352.1178522699424,351.0
LOMO,savannah,2015,p90,gbm_histogramas_dev,295.45,363.60392699129426,351.0
LOMO,savannah,2016,p90,gbm_histogramas_dev,373.2,352.408231121024,351.0
LOMO,savannah,2017,p90,gbm_histogramas_dev,389.7633333333333,354.23917121927013,351.0
LOMO,savannah,2018,p90,gbm_histogramas_dev,360.43,352.95813827857666,351.0
LOMO,savannah,2019,p90,gbm_histogramas_dev,359.39,350.90449199762435,351.0
LOMO,singapore,2014,p90,gbm_histogramas_dev,445.6666666666667,329.0568372740291,350.36
LOMO,singapore,2015,p90,gbm_histogramas_dev,452.0266666666667,329.60824219078506,350.36
LOMO,singapore,2016,p90,gbm_histogramas_dev,444.565,346.07868581619965,350.36
LOMO,singapore,2017,p90,gbm_histogramas_dev,443.38666666666666,354.330162347387,350.36
LOMO,singapore,2018,p90,gbm_histogramas_dev,424.31666666666666,346.5570675146635,350.36
LOMO,singapore,2019,p90,gbm_histogramas_dev,437.84,366.0740128339712,350.36
LOMO,singapore,2022,p90,gbm_histogramas_dev,420.5,348.68915462614973,350.36
LOMO,singapore,2023,p90,gbm_histogramas_dev,418.4266666666666,347.4337621108314,350.36
TEMPORAL,berlin,2018,p10,media_global,198.165,217.66426136363637,196.81833333333333
TEMPORAL,berlin,2019,p10,media_global,186.31666666666663,217.66426136363637,196.81833333333333
TEMPORAL,boston,2018,p10,media_global,185.35,217.66426136363637,188.58333333333331
TEMPORAL,boston,2019,p10,media_global,180.2333333333333,217.66426136363637,188.58333333333331
TEMPORAL,chicago,2018,p10,media_global,204.05,217.66426136363637,208.26666666666668
TEMPORAL,chicago,2019,p10,media_global,198.275,217.66426136363637,208.26666666666668
TEMPORAL,chicago,2022,p10,media_global,197.0233333333333,217.66426136363637,208.26666666666668
TEMPORAL,chicago,2023,p10,media_global,189.16666666666663,217.66426136363637,208.26666666666668
TEMPORAL,durban,2022,p10,media_global,172.715,217.66426136363637,212.21666666666667
TEMPORAL,durban,2024,p10,media_global,178.435,217.66426136363637,212.21666666666667
TEMPORAL,durban,2025,p10,media_global,190.19666666666663,217.66426136363637,212.21666666666667
TEMPORAL,honolulu,2018,p10,media_global,265.81666666666666,217.66426136363637,252.80666666666667
TEMPORAL,honolulu,2019,p10,media_global,266.63666666666666,217.66426136363637,252.80666666666667
TEMPORAL,long_beach,2018,p10,media_global,220.70666666666668,217.66426136363637,222.55416666666667
TEMPORAL,long_beach,2019,p10,media_global,216.04666666666665,217.66426136363637,222.55416666666667
TEMPORAL,nyc,2018,p10,media_global,209.68833333333333,217.66426136363637,209.70333333333335
TEMPORAL,nyc,2019,p10,media_global,206.81666666666663,217.66426136363637,209.70333333333335
TEMPORAL,nyc,2022,p10,media_global,218.76666666666668,217.66426136363637,209.70333333333335
TEMPORAL,nyc,2023,p10,media_global,207.58333333333331,217.66426136363637,209.70333333333335
TEMPORAL,nyc,2024,p10,media_global,201.9,217.66426136363637,209.70333333333335
TEMPORAL,rio,2023,p10,media_global,203.44333333333333,217.66426136363637,212.21666666666667
TEMPORAL,rio,2024,p10,media_global,201.26833333333332,217.66426136363637,212.21666666666667
TEMPORAL,rio,2025,p10,media_global,204.92666666666668,217.66426136363637,212.21666666666667
TEMPORAL,savannah,2018,p10,media_global,216.58,217.66426136363637,218.7083333333333
TEMPORAL,savannah,2019,p10,media_global,220.29666666666665,217.66426136363637,218.7083333333333
TEMPORAL,singapore,2018,p10,media_global,259.71666666666664,217.66426136363637,265.62
TEMPORAL,singapore,2019,p10,media_global,269.0566666666666,217.66426136363637,265.62
TEMPORAL,singapore,2022,p10,media_global,238.2,217.66426136363637,265.62
TEMPORAL,singapore,2023,p10,media_global,246.69666666666663,217.66426136363637,265.62
TEMPORAL,berlin,2018,p10,referencia_historica,198.165,196.81833333333333,196.81833333333333
TEMPORAL,berlin,2019,p10,referencia_historica,186.31666666666663,196.81833333333333,196.81833333333333
TEMPORAL,boston,2018,p10,referencia_historica,185.35,188.58333333333331,188.58333333333331
TEMPORAL,boston,2019,p10,referencia_historica,180.2333333333333,188.58333333333331,188.58333333333331
TEMPORAL,chicago,2018,p10,referencia_historica,204.05,208.26666666666668,208.26666666666668
TEMPORAL,chicago,2019,p10,referencia_historica,198.275,208.26666666666668,208.26666666666668
TEMPORAL,chicago,2022,p10,referencia_historica,197.0233333333333,208.26666666666668,208.26666666666668
TEMPORAL,chicago,2023,p10,referencia_historica,189.16666666666663,208.26666666666668,208.26666666666668
TEMPORAL,durban,2022,p10,referencia_historica,172.715,212.21666666666667,212.21666666666667
TEMPORAL,durban,2024,p10,referencia_historica,178.435,212.21666666666667,212.21666666666667
TEMPORAL,durban,2025,p10,referencia_historica,190.19666666666663,212.21666666666667,212.21666666666667
TEMPORAL,honolulu,2018,p10,referencia_historica,265.81666666666666,252.80666666666667,252.80666666666667
TEMPORAL,honolulu,2019,p10,referencia_historica,266.63666666666666,252.80666666666667,252.80666666666667
TEMPORAL,long_beach,2018,p10,referencia_historica,220.70666666666668,222.55416666666667,222.55416666666667
TEMPORAL,long_beach,2019,p10,referencia_historica,216.04666666666665,222.55416666666667,222.55416666666667
TEMPORAL,nyc,2018,p10,referencia_historica,209.68833333333333,209.70333333333335,209.70333333333335
TEMPORAL,nyc,2019,p10,referencia_historica,206.81666666666663,209.70333333333335,209.70333333333335
TEMPORAL,nyc,2022,p10,referencia_historica,218.76666666666668,209.70333333333335,209.70333333333335
TEMPORAL,nyc,2023,p10,referencia_historica,207.58333333333331,209.70333333333335,209.70333333333335
TEMPORAL,nyc,2024,p10,referencia_historica,201.9,209.70333333333335,209.70333333333335
TEMPORAL,rio,2023,p10,referencia_historica,203.44333333333333,212.21666666666667,212.21666666666667
TEMPORAL,rio,2024,p10,referencia_historica,201.26833333333332,212.21666666666667,212.21666666666667
TEMPORAL,rio,2025,p10,referencia_historica,204.92666666666668,212.21666666666667,212.21666666666667
TEMPORAL,savannah,2018,p10,referencia_historica,216.58,218.7083333333333,218.7083333333333
TEMPORAL,savannah,2019,p10,referencia_historica,220.29666666666665,218.7083333333333,218.7083333333333
TEMPORAL,singapore,2018,p10,referencia_historica,259.71666666666664,265.62,265.62
TEMPORAL,singapore,2019,p10,referencia_historica,269.0566666666666,265.62,265.62
TEMPORAL,singapore,2022,p10,referencia_historica,238.2,265.62,265.62
TEMPORAL,singapore,2023,p10,referencia_historica,246.69666666666663,265.62,265.62
TEMPORAL,berlin,2018,p10,ridge_abs,198.165,203.19121726923768,196.81833333333333
TEMPORAL,berlin,2019,p10,ridge_abs,186.31666666666663,195.3624532945313,196.81833333333333
TEMPORAL,boston,2018,p10,ridge_abs,185.35,163.50891048998713,188.58333333333331
TEMPORAL,boston,2019,p10,ridge_abs,180.2333333333333,186.11490334995034,188.58333333333331
TEMPORAL,chicago,2018,p10,ridge_abs,204.05,211.88077871470966,208.26666666666668
TEMPORAL,chicago,2019,p10,ridge_abs,198.275,205.67322411031995,208.26666666666668
TEMPORAL,chicago,2022,p10,ridge_abs,197.0233333333333,205.71230621710743,208.26666666666668
TEMPORAL,chicago,2023,p10,ridge_abs,189.16666666666663,216.61685233732155,208.26666666666668
TEMPORAL,durban,2022,p10,ridge_abs,172.715,228.0546530900556,212.21666666666667
TEMPORAL,durban,2024,p10,ridge_abs,178.435,224.82454847408044,212.21666666666667
TEMPORAL,durban,2025,p10,ridge_abs,190.19666666666663,219.41661516452388,212.21666666666667
TEMPORAL,honolulu,2018,p10,ridge_abs,265.81666666666666,252.72084807216987,252.80666666666667
TEMPORAL,honolulu,2019,p10,ridge_abs,266.63666666666666,254.4726307773944,252.80666666666667
TEMPORAL,long_beach,2018,p10,ridge_abs,220.70666666666668,219.16293004153252,222.55416666666667
TEMPORAL,long_beach,2019,p10,ridge_abs,216.04666666666665,219.70573090845681,222.55416666666667
TEMPORAL,nyc,2018,p10,ridge_abs,209.68833333333333,209.16823464924636,209.70333333333335
TEMPORAL,nyc,2019,p10,ridge_abs,206.81666666666663,208.62190743793997,209.70333333333335
TEMPORAL,nyc,2022,p10,ridge_abs,218.76666666666668,223.82983472945995,209.70333333333335
TEMPORAL,nyc,2023,p10,ridge_abs,207.58333333333331,213.01027706226424,209.70333333333335
TEMPORAL,nyc,2024,p10,ridge_abs,201.9,209.70929879007647,209.70333333333335
TEMPORAL,rio,2023,p10,ridge_abs,203.44333333333333,247.4635454197916,212.21666666666667
TEMPORAL,rio,2024,p10,ridge_abs,201.26833333333332,244.79896910097483,212.21666666666667
TEMPORAL,rio,2025,p10,ridge_abs,204.92666666666668,248.28120302386688,212.21666666666667
TEMPORAL,savannah,2018,p10,ridge_abs,216.58,214.0237167535199,218.7083333333333
TEMPORAL,savannah,2019,p10,ridge_abs,220.29666666666665,227.5897211440471,218.7083333333333
TEMPORAL,singapore,2018,p10,ridge_abs,259.71666666666664,260.67875167863434,265.62
TEMPORAL,singapore,2019,p10,ridge_abs,269.0566666666666,270.63493584945184,265.62
TEMPORAL,singapore,2022,p10,ridge_abs,238.2,260.934847473038,265.62
TEMPORAL,singapore,2023,p10,ridge_abs,246.69666666666663,262.75753173969383,265.62
TEMPORAL,berlin,2018,p10,gbm_histogramas_abs,198.165,197.71480482612617,196.81833333333333
TEMPORAL,berlin,2019,p10,gbm_histogramas_abs,186.31666666666663,196.59125728418357,196.81833333333333
TEMPORAL,boston,2018,p10,gbm_histogramas_abs,185.35,189.25716962113728,188.58333333333331
TEMPORAL,boston,2019,p10,gbm_histogramas_abs,180.2333333333333,190.7701181885969,188.58333333333331
TEMPORAL,chicago,2018,p10,gbm_histogramas_abs,204.05,217.50016984661767,208.26666666666668
TEMPORAL,chicago,2019,p10,gbm_histogramas_abs,198.275,207.47278260831024,208.26666666666668
TEMPORAL,chicago,2022,p10,gbm_histogramas_abs,197.0233333333333,208.377512043633,208.26666666666668
TEMPORAL,chicago,2023,p10,gbm_histogramas_abs,189.16666666666663,207.7696299779057,208.26666666666668
TEMPORAL,durban,2022,p10,gbm_histogramas_abs,172.715,223.60427594635257,212.21666666666667
TEMPORAL,durban,2024,p10,gbm_histogramas_abs,178.435,227.974312193028,212.21666666666667
TEMPORAL,durban,2025,p10,gbm_histogramas_abs,190.19666666666663,221.26076770019333,212.21666666666667
TEMPORAL,honolulu,2018,p10,gbm_histogramas_abs,265.81666666666666,262.71133859847635,252.80666666666667
TEMPORAL,honolulu,2019,p10,gbm_histogramas_abs,266.63666666666666,263.88451003543275,252.80666666666667
TEMPORAL,long_beach,2018,p10,gbm_histogramas_abs,220.70666666666668,221.1327792651063,222.55416666666667
TEMPORAL,long_beach,2019,p10,gbm_histogramas_abs,216.04666666666665,222.0758261752159,222.55416666666667
TEMPORAL,nyc,2018,p10,gbm_histogramas_abs,209.68833333333333,210.32953253230846,209.70333333333335
TEMPORAL,nyc,2019,p10,gbm_histogramas_abs,206.81666666666663,210.33155773953436,209.70333333333335
TEMPORAL,nyc,2022,p10,gbm_histogramas_abs,218.76666666666668,226.41915116370254,209.70333333333335
TEMPORAL,nyc,2023,p10,gbm_histogramas_abs,207.58333333333331,210.6674262930181,209.70333333333335
TEMPORAL,nyc,2024,p10,gbm_histogramas_abs,201.9,210.73401684607734,209.70333333333335
TEMPORAL,rio,2023,p10,gbm_histogramas_abs,203.44333333333333,244.5504343201928,212.21666666666667
TEMPORAL,rio,2024,p10,gbm_histogramas_abs,201.26833333333332,239.2688168545777,212.21666666666667
TEMPORAL,rio,2025,p10,gbm_histogramas_abs,204.92666666666668,262.15617995614406,212.21666666666667
TEMPORAL,savannah,2018,p10,gbm_histogramas_abs,216.58,218.56928983418626,218.7083333333333
TEMPORAL,savannah,2019,p10,gbm_histogramas_abs,220.29666666666665,217.91765882935735,218.7083333333333
TEMPORAL,singapore,2018,p10,gbm_histogramas_abs,259.71666666666664,265.8062721334937,265.62
TEMPORAL,singapore,2019,p10,gbm_histogramas_abs,269.0566666666666,256.9113878998664,265.62
TEMPORAL,singapore,2022,p10,gbm_histogramas_abs,238.2,265.64009203999905,265.62
TEMPORAL,singapore,2023,p10,gbm_histogramas_abs,246.69666666666663,262.40008888990354,265.62
TEMPORAL,berlin,2018,p10,ridge_dev,198.165,198.81494627572027,196.81833333333333
TEMPORAL,berlin,2019,p10,ridge_dev,186.31666666666663,193.77512596126954,196.81833333333333
TEMPORAL,boston,2018,p10,ridge_dev,185.35,173.90092993567526,188.58333333333331
TEMPORAL,boston,2019,p10,ridge_dev,180.2333333333333,185.73030816086896,188.58333333333331
TEMPORAL,chicago,2018,p10,ridge_dev,204.05,204.75843916712688,208.26666666666668
TEMPORAL,chicago,2019,p10,ridge_dev,198.275,207.8407720649678,208.26666666666668
TEMPORAL,chicago,2022,p10,ridge_dev,197.0233333333333,211.0258667189718,208.26666666666668
TEMPORAL,chicago,2023,p10,ridge_dev,189.16666666666663,206.9176212233214,208.26666666666668
TEMPORAL,durban,2022,p10,ridge_dev,172.715,213.15972223380012,212.21666666666667
TEMPORAL,durban,2024,p10,ridge_dev,178.435,214.6292317448977,212.21666666666667
TEMPORAL,durban,2025,p10,ridge_dev,190.19666666666663,213.917538264509,212.21666666666667
TEMPORAL,honolulu,2018,p10,ridge_dev,265.81666666666666,254.70010621002555,252.80666666666667
TEMPORAL,honolulu,2019,p10,ridge_dev,266.63666666666666,255.2840521438875,252.80666666666667
TEMPORAL,long_beach,2018,p10,ridge_dev,220.70666666666668,223.0992986893792,222.55416666666667
TEMPORAL,long_beach,2019,p10,ridge_dev,216.04666666666665,222.96264682186595,222.55416666666667
TEMPORAL,nyc,2018,p10,ridge_dev,209.68833333333333,209.3747162003648,209.70333333333335
TEMPORAL,nyc,2019,p10,ridge_dev,206.81666666666663,209.51956116446814,209.70333333333335
TEMPORAL,nyc,2022,p10,ridge_dev,218.76666666666668,212.48537586885428,209.70333333333335
TEMPORAL,nyc,2023,p10,ridge_dev,207.58333333333331,211.134321384661,209.70333333333335
TEMPORAL,nyc,2024,p10,ridge_dev,201.9,209.28775119961315,209.70333333333335
TEMPORAL,rio,2023,p10,ridge_dev,203.44333333333333,214.5486986352471,212.21666666666667
TEMPORAL,rio,2024,p10,ridge_dev,201.26833333333332,213.79049138314883,212.21666666666667
TEMPORAL,rio,2025,p10,ridge_dev,204.92666666666668,213.946737957628,212.21666666666667
TEMPORAL,savannah,2018,p10,ridge_dev,216.58,219.56462622897882,218.7083333333333
TEMPORAL,savannah,2019,p10,ridge_dev,220.29666666666665,217.92329943326337,218.7083333333333
TEMPORAL,singapore,2018,p10,ridge_dev,259.71666666666664,267.0418084893008,265.62
TEMPORAL,singapore,2019,p10,ridge_dev,269.0566666666666,262.95096014387195,265.62
TEMPORAL,singapore,2022,p10,ridge_dev,238.2,266.976912078134,265.62
TEMPORAL,singapore,2023,p10,ridge_dev,246.69666666666663,266.35850346391646,265.62
TEMPORAL,berlin,2018,p10,gbm_histogramas_dev,198.165,196.0662300084296,196.81833333333333
TEMPORAL,berlin,2019,p10,gbm_histogramas_dev,186.31666666666663,197.88948984240758,196.81833333333333
TEMPORAL,boston,2018,p10,gbm_histogramas_dev,185.35,182.43599446743318,188.58333333333331
TEMPORAL,boston,2019,p10,gbm_histogramas_dev,180.2333333333333,189.120600602626,188.58333333333331
TEMPORAL,chicago,2018,p10,gbm_histogramas_dev,204.05,207.3831983733465,208.26666666666668
TEMPORAL,chicago,2019,p10,gbm_histogramas_dev,198.275,207.3950553993071,208.26666666666668
TEMPORAL,chicago,2022,p10,gbm_histogramas_dev,197.0233333333333,208.81487259972116,208.26666666666668
TEMPORAL,chicago,2023,p10,gbm_histogramas_dev,189.16666666666663,206.72832577853737,208.26666666666668
TEMPORAL,durban,2022,p10,gbm_histogramas_dev,172.715,217.7286766873466,212.21666666666667
TEMPORAL,durban,2024,p10,gbm_histogramas_dev,178.435,216.25218373279765,212.21666666666667
TEMPORAL,durban,2025,p10,gbm_histogramas_dev,190.19666666666663,214.32545501701475,212.21666666666667
TEMPORAL,honolulu,2018,p10,gbm_histogramas_dev,265.81666666666666,255.97881707742937,252.80666666666667
TEMPORAL,honolulu,2019,p10,gbm_histogramas_dev,266.63666666666666,253.24901167712727,252.80666666666667
TEMPORAL,long_beach,2018,p10,gbm_histogramas_dev,220.70666666666668,220.79567437421395,222.55416666666667
TEMPORAL,long_beach,2019,p10,gbm_histogramas_dev,216.04666666666665,221.16420312556036,222.55416666666667
TEMPORAL,nyc,2018,p10,gbm_histogramas_dev,209.68833333333333,208.5286918776626,209.70333333333335
TEMPORAL,nyc,2019,p10,gbm_histogramas_dev,206.81666666666663,210.17017185343911,209.70333333333335
TEMPORAL,nyc,2022,p10,gbm_histogramas_dev,218.76666666666668,216.0091672153605,209.70333333333335
TEMPORAL,nyc,2023,p10,gbm_histogramas_dev,207.58333333333331,208.85115587528972,209.70333333333335
TEMPORAL,nyc,2024,p10,gbm_histogramas_dev,201.9,207.79582601776463,209.70333333333335
TEMPORAL,rio,2023,p10,gbm_histogramas_dev,203.44333333333333,219.00465301846071,212.21666666666667
TEMPORAL,rio,2024,p10,gbm_histogramas_dev,201.26833333333332,213.36971938716417,212.21666666666667
TEMPORAL,rio,2025,p10,gbm_histogramas_dev,204.92666666666668,214.0438095044179,212.21666666666667
TEMPORAL,savannah,2018,p10,gbm_histogramas_dev,216.58,219.80745038011614,218.7083333333333
TEMPORAL,savannah,2019,p10,gbm_histogramas_dev,220.29666666666665,219.67406974681646,218.7083333333333
TEMPORAL,singapore,2018,p10,gbm_histogramas_dev,259.71666666666664,264.38680544850524,265.62
TEMPORAL,singapore,2019,p10,gbm_histogramas_dev,269.0566666666666,266.24032475481613,265.62
TEMPORAL,singapore,2022,p10,gbm_histogramas_dev,238.2,263.68431699638114,265.62
TEMPORAL,singapore,2023,p10,gbm_histogramas_dev,246.69666666666663,263.70335055604716,265.62
TEMPORAL,berlin,2018,p25,media_global,223.28333333333333,245.4680871212121,218.9333333333333
TEMPORAL,berlin,2019,p25,media_global,209.13333333333333,245.4680871212121,218.9333333333333
TEMPORAL,boston,2018,p25,media_global,204.77916666666667,245.4680871212121,205.56666666666663
TEMPORAL,boston,2019,p25,media_global,200.4333333333333,245.4680871212121,205.56666666666663
TEMPORAL,chicago,2018,p25,media_global,230.61666666666667,245.4680871212121,233.81666666666663
TEMPORAL,chicago,2019,p25,media_global,225.61666666666667,245.4680871212121,233.81666666666663
TEMPORAL,chicago,2022,p25,media_global,223.9,245.4680871212121,233.81666666666663
TEMPORAL,chicago,2023,p25,media_global,215.2,245.4680871212121,233.81666666666663
TEMPORAL,durban,2022,p25,media_global,200.7625,245.4680871212121,238.03749999999997
TEMPORAL,durban,2024,p25,media_global,210.94166666666663,245.4680871212121,238.03749999999997
TEMPORAL,durban,2025,p25,media_global,220.0583333333333,245.4680871212121,238.03749999999997
TEMPORAL,honolulu,2018,p25,media_global,309.4583333333333,245.4680871212121,294.3416666666667
TEMPORAL,honolulu,2019,p25,media_global,316.0,245.4680871212121,294.3416666666667
TEMPORAL,long_beach,2018,p25,media_global,249.75,245.4680871212121,249.97916666666666
TEMPORAL,long_beach,2019,p25,media_global,245.15833333333333,245.4680871212121,249.97916666666666
TEMPORAL,nyc,2018,p25,media_global,237.16666666666663,245.4680871212121,233.64166666666665
TEMPORAL,nyc,2019,p25,media_global,234.6833333333333,245.4680871212121,233.64166666666665
TEMPORAL,nyc,2022,p25,media_global,247.9958333333333,245.4680871212121,233.64166666666665
TEMPORAL,nyc,2023,p25,media_global,235.91666666666663,245.4680871212121,233.64166666666665
TEMPORAL,nyc,2024,p25,media_global,228.86666666666667,245.4680871212121,233.64166666666665
TEMPORAL,rio,2023,p25,media_global,226.96666666666667,245.4680871212121,238.03749999999997
TEMPORAL,rio,2024,p25,media_global,224.7375,245.4680871212121,238.03749999999997
TEMPORAL,rio,2025,p25,media_global,226.16666666666663,245.4680871212121,238.03749999999997
TEMPORAL,savannah,2018,p25,media_global,241.53333333333333,245.4680871212121,241.7083333333333
TEMPORAL,savannah,2019,p25,media_global,243.03333333333333,245.4680871212121,241.7083333333333
TEMPORAL,singapore,2018,p25,media_global,302.93333333333334,245.4680871212121,308.725
TEMPORAL,singapore,2019,p25,media_global,310.01666666666665,245.4680871212121,308.725
TEMPORAL,singapore,2022,p25,media_global,278.3666666666667,245.4680871212121,308.725
TEMPORAL,singapore,2023,p25,media_global,283.325,245.4680871212121,308.725
TEMPORAL,berlin,2018,p25,referencia_historica,223.28333333333333,218.9333333333333,218.9333333333333
TEMPORAL,berlin,2019,p25,referencia_historica,209.13333333333333,218.9333333333333,218.9333333333333
TEMPORAL,boston,2018,p25,referencia_historica,204.77916666666667,205.56666666666663,205.56666666666663
TEMPORAL,boston,2019,p25,referencia_historica,200.4333333333333,205.56666666666663,205.56666666666663
TEMPORAL,chicago,2018,p25,referencia_historica,230.61666666666667,233.81666666666663,233.81666666666663
TEMPORAL,chicago,2019,p25,referencia_historica,225.61666666666667,233.81666666666663,233.81666666666663
TEMPORAL,chicago,2022,p25,referencia_historica,223.9,233.81666666666663,233.81666666666663
TEMPORAL,chicago,2023,p25,referencia_historica,215.2,233.81666666666663,233.81666666666663
TEMPORAL,durban,2022,p25,referencia_historica,200.7625,238.03749999999997,238.03749999999997
TEMPORAL,durban,2024,p25,referencia_historica,210.94166666666663,238.03749999999997,238.03749999999997
TEMPORAL,durban,2025,p25,referencia_historica,220.0583333333333,238.03749999999997,238.03749999999997
TEMPORAL,honolulu,2018,p25,referencia_historica,309.4583333333333,294.3416666666667,294.3416666666667
TEMPORAL,honolulu,2019,p25,referencia_historica,316.0,294.3416666666667,294.3416666666667
TEMPORAL,long_beach,2018,p25,referencia_historica,249.75,249.97916666666666,249.97916666666666
TEMPORAL,long_beach,2019,p25,referencia_historica,245.15833333333333,249.97916666666666,249.97916666666666
TEMPORAL,nyc,2018,p25,referencia_historica,237.16666666666663,233.64166666666665,233.64166666666665
TEMPORAL,nyc,2019,p25,referencia_historica,234.6833333333333,233.64166666666665,233.64166666666665
TEMPORAL,nyc,2022,p25,referencia_historica,247.9958333333333,233.64166666666665,233.64166666666665
TEMPORAL,nyc,2023,p25,referencia_historica,235.91666666666663,233.64166666666665,233.64166666666665
TEMPORAL,nyc,2024,p25,referencia_historica,228.86666666666667,233.64166666666665,233.64166666666665
TEMPORAL,rio,2023,p25,referencia_historica,226.96666666666667,238.03749999999997,238.03749999999997
TEMPORAL,rio,2024,p25,referencia_historica,224.7375,238.03749999999997,238.03749999999997
TEMPORAL,rio,2025,p25,referencia_historica,226.16666666666663,238.03749999999997,238.03749999999997
TEMPORAL,savannah,2018,p25,referencia_historica,241.53333333333333,241.7083333333333,241.7083333333333
TEMPORAL,savannah,2019,p25,referencia_historica,243.03333333333333,241.7083333333333,241.7083333333333
TEMPORAL,singapore,2018,p25,referencia_historica,302.93333333333334,308.725,308.725
TEMPORAL,singapore,2019,p25,referencia_historica,310.01666666666665,308.725,308.725
TEMPORAL,singapore,2022,p25,referencia_historica,278.3666666666667,308.725,308.725
TEMPORAL,singapore,2023,p25,referencia_historica,283.325,308.725,308.725
TEMPORAL,berlin,2018,p25,ridge_abs,223.28333333333333,229.42801502660484,218.9333333333333
TEMPORAL,berlin,2019,p25,ridge_abs,209.13333333333333,219.52350404391422,218.9333333333333
TEMPORAL,boston,2018,p25,ridge_abs,204.77916666666667,186.1559073017072,205.56666666666663
TEMPORAL,boston,2019,p25,ridge_abs,200.4333333333333,209.52166937010475,205.56666666666663
TEMPORAL,chicago,2018,p25,ridge_abs,230.61666666666667,239.4385569061599,233.81666666666663
TEMPORAL,chicago,2019,p25,ridge_abs,225.61666666666667,231.73145241284357,233.81666666666663
TEMPORAL,chicago,2022,p25,ridge_abs,223.9,231.543421171833,233.81666666666663
TEMPORAL,chicago,2023,p25,ridge_abs,215.2,249.0823754310336,233.81666666666663
TEMPORAL,durban,2022,p25,ridge_abs,200.7625,258.81686500529014,238.03749999999997
TEMPORAL,durban,2024,p25,ridge_abs,210.94166666666663,252.8013328249707,238.03749999999997
TEMPORAL,durban,2025,p25,ridge_abs,220.0583333333333,246.54364211400468,238.03749999999997
TEMPORAL,honolulu,2018,p25,ridge_abs,309.4583333333333,292.7897250974371,294.3416666666667
TEMPORAL,honolulu,2019,p25,ridge_abs,316.0,298.71046915407186,294.3416666666667
TEMPORAL,long_beach,2018,p25,ridge_abs,249.75,247.3919169090984,249.97916666666666
TEMPORAL,long_beach,2019,p25,ridge_abs,245.15833333333333,248.3890172227271,249.97916666666666
TEMPORAL,nyc,2018,p25,ridge_abs,237.16666666666663,235.19081036005943,233.64166666666665
TEMPORAL,nyc,2019,p25,ridge_abs,234.6833333333333,234.44050789468227,233.64166666666665
TEMPORAL,nyc,2022,p25,ridge_abs,247.9958333333333,255.54765848088843,233.64166666666665
TEMPORAL,nyc,2023,p25,ridge_abs,235.91666666666663,241.40726177906956,233.64166666666665
TEMPORAL,nyc,2024,p25,ridge_abs,228.86666666666667,236.3089282806664,233.64166666666665
TEMPORAL,rio,2023,p25,ridge_abs,226.96666666666667,286.7200242259592,238.03749999999997
TEMPORAL,rio,2024,p25,ridge_abs,224.7375,284.0641242922623,238.03749999999997
TEMPORAL,rio,2025,p25,ridge_abs,226.16666666666663,289.15926859256,238.03749999999997
TEMPORAL,savannah,2018,p25,ridge_abs,241.53333333333333,236.8954918713275,241.7083333333333
TEMPORAL,savannah,2019,p25,ridge_abs,243.03333333333333,256.931269604005,241.7083333333333
TEMPORAL,singapore,2018,p25,ridge_abs,302.93333333333334,301.75306625448,308.725
TEMPORAL,singapore,2019,p25,ridge_abs,310.01666666666665,328.727337130431,308.725
TEMPORAL,singapore,2022,p25,ridge_abs,278.3666666666667,302.61473397829434,308.725
TEMPORAL,singapore,2023,p25,ridge_abs,283.325,305.145910333958,308.725
TEMPORAL,berlin,2018,p25,gbm_histogramas_abs,223.28333333333333,219.9455822838066,218.9333333333333
TEMPORAL,berlin,2019,p25,gbm_histogramas_abs,209.13333333333333,218.76447582237267,218.9333333333333
TEMPORAL,boston,2018,p25,gbm_histogramas_abs,204.77916666666667,210.55091752360585,205.56666666666663
TEMPORAL,boston,2019,p25,gbm_histogramas_abs,200.4333333333333,212.08507306142562,205.56666666666663
TEMPORAL,chicago,2018,p25,gbm_histogramas_abs,230.61666666666667,243.44080890638597,233.81666666666663
TEMPORAL,chicago,2019,p25,gbm_histogramas_abs,225.61666666666667,232.18574040721265,233.81666666666663
TEMPORAL,chicago,2022,p25,gbm_histogramas_abs,223.9,234.4051983159231,233.81666666666663
TEMPORAL,chicago,2023,p25,gbm_histogramas_abs,215.2,233.17903115859548,233.81666666666663
TEMPORAL,durban,2022,p25,gbm_histogramas_abs,200.7625,246.60640420686062,238.03749999999997
TEMPORAL,durban,2024,p25,gbm_histogramas_abs,210.94166666666663,261.79840966270154,238.03749999999997
TEMPORAL,durban,2025,p25,gbm_histogramas_abs,220.0583333333333,249.13366443765867,238.03749999999997
TEMPORAL,honolulu,2018,p25,gbm_histogramas_abs,309.4583333333333,305.7062518529294,294.3416666666667
TEMPORAL,honolulu,2019,p25,gbm_histogramas_abs,316.0,307.98796075737494,294.3416666666667
TEMPORAL,long_beach,2018,p25,gbm_histogramas_abs,249.75,251.12558054251977,249.97916666666666
TEMPORAL,long_beach,2019,p25,gbm_histogramas_abs,245.15833333333333,250.21360583565692,249.97916666666666
TEMPORAL,nyc,2018,p25,gbm_histogramas_abs,237.16666666666663,234.12950644441884,233.64166666666665
TEMPORAL,nyc,2019,p25,gbm_histogramas_abs,234.6833333333333,233.89907321319126,233.64166666666665
TEMPORAL,nyc,2022,p25,gbm_histogramas_abs,247.9958333333333,256.97487877816815,233.64166666666665
TEMPORAL,nyc,2023,p25,gbm_histogramas_abs,235.91666666666663,235.74781208548615,233.64166666666665
TEMPORAL,nyc,2024,p25,gbm_histogramas_abs,228.86666666666667,234.74701237132294,233.64166666666665
TEMPORAL,rio,2023,p25,gbm_histogramas_abs,226.96666666666667,269.44405982436683,238.03749999999997
TEMPORAL,rio,2024,p25,gbm_histogramas_abs,224.7375,265.7272462574276,238.03749999999997
TEMPORAL,rio,2025,p25,gbm_histogramas_abs,226.16666666666663,303.027901474951,238.03749999999997
TEMPORAL,savannah,2018,p25,gbm_histogramas_abs,241.53333333333333,237.00434832094692,241.7083333333333
TEMPORAL,savannah,2019,p25,gbm_histogramas_abs,243.03333333333333,241.77808475119807,241.7083333333333
TEMPORAL,singapore,2018,p25,gbm_histogramas_abs,302.93333333333334,302.7960965107754,308.725
TEMPORAL,singapore,2019,p25,gbm_histogramas_abs,310.01666666666665,301.68993372845586,308.725
TEMPORAL,singapore,2022,p25,gbm_histogramas_abs,278.3666666666667,307.0234692143066,308.725
TEMPORAL,singapore,2023,p25,gbm_histogramas_abs,283.325,302.96307436830284,308.725
TEMPORAL,berlin,2018,p25,ridge_dev,223.28333333333333,222.6575848835771,218.9333333333333
TEMPORAL,berlin,2019,p25,ridge_dev,209.13333333333333,215.62434772096483,218.9333333333333
TEMPORAL,boston,2018,p25,ridge_dev,204.77916666666667,191.64443083280725,205.56666666666663
TEMPORAL,boston,2019,p25,ridge_dev,200.4333333333333,205.03461070306255,205.56666666666663
TEMPORAL,chicago,2018,p25,ridge_dev,230.61666666666667,230.048819551964,233.81666666666663
TEMPORAL,chicago,2019,p25,ridge_dev,225.61666666666667,233.84004178765736,233.81666666666663
TEMPORAL,chicago,2022,p25,ridge_dev,223.9,238.51005604724978,233.81666666666663
TEMPORAL,chicago,2023,p25,ridge_dev,215.2,233.54081936610075,233.81666666666663
TEMPORAL,durban,2022,p25,ridge_dev,200.7625,240.2054882968555,238.03749999999997
TEMPORAL,durban,2024,p25,ridge_dev,210.94166666666663,241.73477798610057,238.03749999999997
TEMPORAL,durban,2025,p25,ridge_dev,220.0583333333333,241.4902510343949,238.03749999999997
TEMPORAL,honolulu,2018,p25,ridge_dev,309.4583333333333,296.76106289444454,294.3416666666667
TEMPORAL,honolulu,2019,p25,ridge_dev,316.0,298.9357334551714,294.3416666666667
TEMPORAL,long_beach,2018,p25,ridge_dev,249.75,252.16487057542196,249.97916666666666
TEMPORAL,long_beach,2019,p25,ridge_dev,245.15833333333333,252.00321114852045,249.97916666666666
TEMPORAL,nyc,2018,p25,ridge_dev,237.16666666666663,234.47774587148652,233.64166666666665
TEMPORAL,nyc,2019,p25,ridge_dev,234.6833333333333,234.32995004524633,233.64166666666665
TEMPORAL,nyc,2022,p25,ridge_dev,247.9958333333333,238.45396410383046,233.64166666666665
TEMPORAL,nyc,2023,p25,ridge_dev,235.91666666666663,237.1075213050943,233.64166666666665
TEMPORAL,nyc,2024,p25,ridge_dev,228.86666666666667,234.5414586021987,233.64166666666665
TEMPORAL,rio,2023,p25,ridge_dev,226.96666666666667,241.9786766117489,238.03749999999997
TEMPORAL,rio,2024,p25,ridge_dev,224.7375,241.39627873345762,238.03749999999997
TEMPORAL,rio,2025,p25,ridge_dev,226.16666666666663,241.5976780382972,238.03749999999997
TEMPORAL,savannah,2018,p25,ridge_dev,241.53333333333333,243.80783711527494,241.7083333333333
TEMPORAL,savannah,2019,p25,ridge_dev,243.03333333333333,241.65490493463327,241.7083333333333
TEMPORAL,singapore,2018,p25,ridge_dev,302.93333333333334,310.564402634095,308.725
TEMPORAL,singapore,2019,p25,ridge_dev,310.01666666666665,307.2714397844401,308.725
TEMPORAL,singapore,2022,p25,ridge_dev,278.3666666666667,310.73665164500284,308.725
TEMPORAL,singapore,2023,p25,ridge_dev,283.325,310.0458838778088,308.725
TEMPORAL,berlin,2018,p25,gbm_histogramas_dev,223.28333333333333,220.9173223494829,218.9333333333333
TEMPORAL,berlin,2019,p25,gbm_histogramas_dev,209.13333333333333,221.51349668030238,218.9333333333333
TEMPORAL,boston,2018,p25,gbm_histogramas_dev,204.77916666666667,203.0288586764006,205.56666666666663
TEMPORAL,boston,2019,p25,gbm_histogramas_dev,200.4333333333333,208.73511064924205,205.56666666666663
TEMPORAL,chicago,2018,p25,gbm_histogramas_dev,230.61666666666667,233.5654875922127,233.81666666666663
TEMPORAL,chicago,2019,p25,gbm_histogramas_dev,225.61666666666667,234.96116144068984,233.81666666666663
TEMPORAL,chicago,2022,p25,gbm_histogramas_dev,223.9,236.3986848625073,233.81666666666663
TEMPORAL,chicago,2023,p25,gbm_histogramas_dev,215.2,234.16964340017898,233.81666666666663
TEMPORAL,durban,2022,p25,gbm_histogramas_dev,200.7625,245.28763785745903,238.03749999999997
TEMPORAL,durban,2024,p25,gbm_histogramas_dev,210.94166666666663,245.1584326873801,238.03749999999997
TEMPORAL,durban,2025,p25,gbm_histogramas_dev,220.0583333333333,239.76361009084692,238.03749999999997
TEMPORAL,honolulu,2018,p25,gbm_histogramas_dev,309.4583333333333,300.76728707884166,294.3416666666667
TEMPORAL,honolulu,2019,p25,gbm_histogramas_dev,316.0,298.444785820388,294.3416666666667
TEMPORAL,long_beach,2018,p25,gbm_histogramas_dev,249.75,252.4994257417519,249.97916666666666
TEMPORAL,long_beach,2019,p25,gbm_histogramas_dev,245.15833333333333,250.2255800026987,249.97916666666666
TEMPORAL,nyc,2018,p25,gbm_histogramas_dev,237.16666666666663,236.93708094223226,233.64166666666665
TEMPORAL,nyc,2019,p25,gbm_histogramas_dev,234.6833333333333,236.29249718654793,233.64166666666665
TEMPORAL,nyc,2022,p25,gbm_histogramas_dev,247.9958333333333,242.81542319578418,233.64166666666665
TEMPORAL,nyc,2023,p25,gbm_histogramas_dev,235.91666666666663,235.08733434666718,233.64166666666665
TEMPORAL,nyc,2024,p25,gbm_histogramas_dev,228.86666666666667,236.10694903222463,233.64166666666665
TEMPORAL,rio,2023,p25,gbm_histogramas_dev,226.96666666666667,248.90492211854865,238.03749999999997
TEMPORAL,rio,2024,p25,gbm_histogramas_dev,224.7375,247.51122117683187,238.03749999999997
TEMPORAL,rio,2025,p25,gbm_histogramas_dev,226.16666666666663,248.9156950143624,238.03749999999997
TEMPORAL,savannah,2018,p25,gbm_histogramas_dev,241.53333333333333,245.61314913073483,241.7083333333333
TEMPORAL,savannah,2019,p25,gbm_histogramas_dev,243.03333333333333,244.53856539919093,241.7083333333333
TEMPORAL,singapore,2018,p25,gbm_histogramas_dev,302.93333333333334,308.0506347256429,308.725
TEMPORAL,singapore,2019,p25,gbm_histogramas_dev,310.01666666666665,312.64873347664167,308.725
TEMPORAL,singapore,2022,p25,gbm_histogramas_dev,278.3666666666667,308.0828797333831,308.725
TEMPORAL,singapore,2023,p25,gbm_histogramas_dev,283.325,309.5286745095888,308.725
TEMPORAL,berlin,2018,p50,media_global,253.45,281.4075757575757,242.36666666666667
TEMPORAL,berlin,2019,p50,media_global,236.75833333333333,281.4075757575757,242.36666666666667
TEMPORAL,boston,2018,p50,media_global,228.6,281.4075757575757,226.21666666666667
TEMPORAL,boston,2019,p50,media_global,225.575,281.4075757575757,226.21666666666667
TEMPORAL,chicago,2018,p50,media_global,267.4833333333333,281.4075757575757,268.3833333333333
TEMPORAL,chicago,2019,p50,media_global,262.1083333333333,281.4075757575757,268.3833333333333
TEMPORAL,chicago,2022,p50,media_global,261.76666666666665,281.4075757575757,268.3833333333333
TEMPORAL,chicago,2023,p50,media_global,251.6833333333333,281.4075757575757,268.3833333333333
TEMPORAL,durban,2022,p50,media_global,237.78333333333333,281.4075757575757,270.6
TEMPORAL,durban,2024,p50,media_global,247.49166666666667,281.4075757575757,270.6
TEMPORAL,durban,2025,p50,media_global,252.2083333333333,281.4075757575757,270.6
TEMPORAL,honolulu,2018,p50,media_global,375.26666666666665,281.4075757575757,350.06666666666666
TEMPORAL,honolulu,2019,p50,media_global,381.78333333333336,281.4075757575757,350.06666666666666
TEMPORAL,long_beach,2018,p50,media_global,289.78333333333336,281.4075757575757,288.45416666666665
TEMPORAL,long_beach,2019,p50,media_global,283.95,281.4075757575757,288.45416666666665
TEMPORAL,nyc,2018,p50,media_global,272.03333333333336,281.4075757575757,263.1833333333333
TEMPORAL,nyc,2019,p50,media_global,269.2,281.4075757575757,263.1833333333333
TEMPORAL,nyc,2022,p50,media_global,284.75,281.4075757575757,263.1833333333333
TEMPORAL,nyc,2023,p50,media_global,272.78333333333336,281.4075757575757,263.1833333333333
TEMPORAL,nyc,2024,p50,media_global,263.55,281.4075757575757,263.1833333333333
TEMPORAL,rio,2023,p50,media_global,254.5833333333333,281.4075757575757,270.6
TEMPORAL,rio,2024,p50,media_global,251.4833333333333,281.4075757575757,270.6
TEMPORAL,rio,2025,p50,media_global,250.35,281.4075757575757,270.6
TEMPORAL,savannah,2018,p50,media_global,280.96666666666664,281.4075757575757,274.71666666666664
TEMPORAL,savannah,2019,p50,media_global,279.2,281.4075757575757,274.71666666666664
TEMPORAL,singapore,2018,p50,media_global,353.56666666666666,281.4075757575757,356.68333333333334
TEMPORAL,singapore,2019,p50,media_global,358.06666666666666,281.4075757575757,356.68333333333334
TEMPORAL,singapore,2022,p50,media_global,327.65,281.4075757575757,356.68333333333334
TEMPORAL,singapore,2023,p50,media_global,329.53333333333336,281.4075757575757,356.68333333333334
TEMPORAL,berlin,2018,p50,referencia_historica,253.45,242.36666666666667,242.36666666666667
TEMPORAL,berlin,2019,p50,referencia_historica,236.75833333333333,242.36666666666667,242.36666666666667
TEMPORAL,boston,2018,p50,referencia_historica,228.6,226.21666666666667,226.21666666666667
TEMPORAL,boston,2019,p50,referencia_historica,225.575,226.21666666666667,226.21666666666667
TEMPORAL,chicago,2018,p50,referencia_historica,267.4833333333333,268.3833333333333,268.3833333333333
TEMPORAL,chicago,2019,p50,referencia_historica,262.1083333333333,268.3833333333333,268.3833333333333
TEMPORAL,chicago,2022,p50,referencia_historica,261.76666666666665,268.3833333333333,268.3833333333333
TEMPORAL,chicago,2023,p50,referencia_historica,251.6833333333333,268.3833333333333,268.3833333333333
TEMPORAL,durban,2022,p50,referencia_historica,237.78333333333333,270.6,270.6
TEMPORAL,durban,2024,p50,referencia_historica,247.49166666666667,270.6,270.6
TEMPORAL,durban,2025,p50,referencia_historica,252.2083333333333,270.6,270.6
TEMPORAL,honolulu,2018,p50,referencia_historica,375.26666666666665,350.06666666666666,350.06666666666666
TEMPORAL,honolulu,2019,p50,referencia_historica,381.78333333333336,350.06666666666666,350.06666666666666
TEMPORAL,long_beach,2018,p50,referencia_historica,289.78333333333336,288.45416666666665,288.45416666666665
TEMPORAL,long_beach,2019,p50,referencia_historica,283.95,288.45416666666665,288.45416666666665
TEMPORAL,nyc,2018,p50,referencia_historica,272.03333333333336,263.1833333333333,263.1833333333333
TEMPORAL,nyc,2019,p50,referencia_historica,269.2,263.1833333333333,263.1833333333333
TEMPORAL,nyc,2022,p50,referencia_historica,284.75,263.1833333333333,263.1833333333333
TEMPORAL,nyc,2023,p50,referencia_historica,272.78333333333336,263.1833333333333,263.1833333333333
TEMPORAL,nyc,2024,p50,referencia_historica,263.55,263.1833333333333,263.1833333333333
TEMPORAL,rio,2023,p50,referencia_historica,254.5833333333333,270.6,270.6
TEMPORAL,rio,2024,p50,referencia_historica,251.4833333333333,270.6,270.6
TEMPORAL,rio,2025,p50,referencia_historica,250.35,270.6,270.6
TEMPORAL,savannah,2018,p50,referencia_historica,280.96666666666664,274.71666666666664,274.71666666666664
TEMPORAL,savannah,2019,p50,referencia_historica,279.2,274.71666666666664,274.71666666666664
TEMPORAL,singapore,2018,p50,referencia_historica,353.56666666666666,356.68333333333334,356.68333333333334
TEMPORAL,singapore,2019,p50,referencia_historica,358.06666666666666,356.68333333333334,356.68333333333334
TEMPORAL,singapore,2022,p50,referencia_historica,327.65,356.68333333333334,356.68333333333334
TEMPORAL,singapore,2023,p50,referencia_historica,329.53333333333336,356.68333333333334,356.68333333333334
TEMPORAL,berlin,2018,p50,ridge_abs,253.45,261.98203636956555,242.36666666666667
TEMPORAL,berlin,2019,p50,ridge_abs,236.75833333333333,243.3117656363949,242.36666666666667
TEMPORAL,boston,2018,p50,ridge_abs,228.6,206.9477933043303,226.21666666666667
TEMPORAL,boston,2019,p50,ridge_abs,225.575,236.14674318047062,226.21666666666667
TEMPORAL,chicago,2018,p50,ridge_abs,267.4833333333333,277.5511592140126,268.3833333333333
TEMPORAL,chicago,2019,p50,ridge_abs,262.1083333333333,267.2867151585249,268.3833333333333
TEMPORAL,chicago,2022,p50,ridge_abs,261.76666666666665,266.7031449531103,268.3833333333333
TEMPORAL,chicago,2023,p50,ridge_abs,251.6833333333333,293.81611430892656,268.3833333333333
TEMPORAL,durban,2022,p50,ridge_abs,237.78333333333333,297.0337838449386,270.6
TEMPORAL,durban,2024,p50,ridge_abs,247.49166666666667,287.5176883820451,270.6
TEMPORAL,durban,2025,p50,ridge_abs,252.2083333333333,281.2618035835157,270.6
TEMPORAL,honolulu,2018,p50,ridge_abs,375.26666666666665,348.68453140534126,350.06666666666666
TEMPORAL,honolulu,2019,p50,ridge_abs,381.78333333333336,358.32215419178124,350.06666666666666
TEMPORAL,long_beach,2018,p50,ridge_abs,289.78333333333336,285.49289115185064,288.45416666666665
TEMPORAL,long_beach,2019,p50,ridge_abs,283.95,287.2232926776971,288.45416666666665
TEMPORAL,nyc,2018,p50,ridge_abs,272.03333333333336,269.6697141877479,263.1833333333333
TEMPORAL,nyc,2019,p50,ridge_abs,269.2,268.4443699760867,263.1833333333333
TEMPORAL,nyc,2022,p50,ridge_abs,284.75,296.531693259117,263.1833333333333
TEMPORAL,nyc,2023,p50,ridge_abs,272.78333333333336,279.03929078383425,263.1833333333333
TEMPORAL,nyc,2024,p50,ridge_abs,263.55,272.25963582072814,263.1833333333333
TEMPORAL,rio,2023,p50,ridge_abs,254.5833333333333,339.2618726686578,270.6
TEMPORAL,rio,2024,p50,ridge_abs,251.4833333333333,337.68240747860995,270.6
TEMPORAL,rio,2025,p50,ridge_abs,250.35,343.80270973438763,270.6
TEMPORAL,savannah,2018,p50,ridge_abs,280.96666666666664,269.6648274107585,274.71666666666664
TEMPORAL,savannah,2019,p50,ridge_abs,279.2,299.745286263883,274.71666666666664
TEMPORAL,singapore,2018,p50,ridge_abs,353.56666666666666,350.15708436431987,356.68333333333334
TEMPORAL,singapore,2019,p50,ridge_abs,358.06666666666666,392.9735031548291,356.68333333333334
TEMPORAL,singapore,2022,p50,ridge_abs,327.65,351.29548050192625,356.68333333333334
TEMPORAL,singapore,2023,p50,ridge_abs,329.53333333333336,355.8301488372431,356.68333333333334
TEMPORAL,berlin,2018,p50,gbm_histogramas_abs,253.45,245.78377073737454,242.36666666666667
TEMPORAL,berlin,2019,p50,gbm_histogramas_abs,236.75833333333333,243.56201986463338,242.36666666666667
TEMPORAL,boston,2018,p50,gbm_histogramas_abs,228.6,232.92856347915776,226.21666666666667
TEMPORAL,boston,2019,p50,gbm_histogramas_abs,225.575,236.83536845146838,226.21666666666667
TEMPORAL,chicago,2018,p50,gbm_histogramas_abs,267.4833333333333,275.38462091946417,268.3833333333333
TEMPORAL,chicago,2019,p50,gbm_histogramas_abs,262.1083333333333,264.5604556818364,268.3833333333333
TEMPORAL,chicago,2022,p50,gbm_histogramas_abs,261.76666666666665,267.6015698750505,268.3833333333333
TEMPORAL,chicago,2023,p50,gbm_histogramas_abs,251.6833333333333,264.65943129614953,268.3833333333333
TEMPORAL,durban,2022,p50,gbm_histogramas_abs,237.78333333333333,272.6296318104118,270.6
TEMPORAL,durban,2024,p50,gbm_histogramas_abs,247.49166666666667,289.2973045093738,270.6
TEMPORAL,durban,2025,p50,gbm_histogramas_abs,252.2083333333333,282.433894796243,270.6
TEMPORAL,honolulu,2018,p50,gbm_histogramas_abs,375.26666666666665,364.62875518840224,350.06666666666666
TEMPORAL,honolulu,2019,p50,gbm_histogramas_abs,381.78333333333336,364.35685824427475,350.06666666666666
TEMPORAL,long_beach,2018,p50,gbm_histogramas_abs,289.78333333333336,295.8539920112229,288.45416666666665
TEMPORAL,long_beach,2019,p50,gbm_histogramas_abs,283.95,289.170299661472,288.45416666666665
TEMPORAL,nyc,2018,p50,gbm_histogramas_abs,272.03333333333336,262.6771130222599,263.1833333333333
TEMPORAL,nyc,2019,p50,gbm_histogramas_abs,269.2,264.6491652857326,263.1833333333333
TEMPORAL,nyc,2022,p50,gbm_histogramas_abs,284.75,287.3849315346055,263.1833333333333
TEMPORAL,nyc,2023,p50,gbm_histogramas_abs,272.78333333333336,268.2863606343079,263.1833333333333
TEMPORAL,nyc,2024,p50,gbm_histogramas_abs,263.55,265.0718516615081,263.1833333333333
TEMPORAL,rio,2023,p50,gbm_histogramas_abs,254.5833333333333,353.20177077805357,270.6
TEMPORAL,rio,2024,p50,gbm_histogramas_abs,251.4833333333333,349.9273528989472,270.6
TEMPORAL,rio,2025,p50,gbm_histogramas_abs,250.35,363.9198756098516,270.6
TEMPORAL,savannah,2018,p50,gbm_histogramas_abs,280.96666666666664,281.45998221792115,274.71666666666664
TEMPORAL,savannah,2019,p50,gbm_histogramas_abs,279.2,280.927325610055,274.71666666666664
TEMPORAL,singapore,2018,p50,gbm_histogramas_abs,353.56666666666666,352.75994814242415,356.68333333333334
TEMPORAL,singapore,2019,p50,gbm_histogramas_abs,358.06666666666666,346.8406249392596,356.68333333333334
TEMPORAL,singapore,2022,p50,gbm_histogramas_abs,327.65,354.09289625800926,356.68333333333334
TEMPORAL,singapore,2023,p50,gbm_histogramas_abs,329.53333333333336,353.1077185310304,356.68333333333334
TEMPORAL,berlin,2018,p50,ridge_dev,253.45,249.30146417077563,242.36666666666667
TEMPORAL,berlin,2019,p50,ridge_dev,236.75833333333333,240.82940394235303,242.36666666666667
TEMPORAL,boston,2018,p50,ridge_dev,228.6,212.35128299836987,226.21666666666667
TEMPORAL,boston,2019,p50,ridge_dev,225.575,228.08982278709504,226.21666666666667
TEMPORAL,chicago,2018,p50,ridge_dev,267.4833333333333,265.63221170947094,268.3833333333333
TEMPORAL,chicago,2019,p50,ridge_dev,262.1083333333333,269.6187040785371,268.3833333333333
TEMPORAL,chicago,2022,p50,ridge_dev,261.76666666666665,276.3192778806432,268.3833333333333
TEMPORAL,chicago,2023,p50,ridge_dev,251.6833333333333,270.6603802735437,268.3833333333333
TEMPORAL,durban,2022,p50,ridge_dev,237.78333333333333,274.93158861568963,270.6
TEMPORAL,durban,2024,p50,ridge_dev,247.49166666666667,277.1442899909622,270.6
TEMPORAL,durban,2025,p50,ridge_dev,252.2083333333333,277.46113844006425,270.6
TEMPORAL,honolulu,2018,p50,ridge_dev,375.26666666666665,354.9365208566366,350.06666666666666
TEMPORAL,honolulu,2019,p50,ridge_dev,381.78333333333336,358.2334304056551,350.06666666666666
TEMPORAL,long_beach,2018,p50,ridge_dev,289.78333333333336,293.0988538754339,288.45416666666665
TEMPORAL,long_beach,2019,p50,ridge_dev,283.95,293.00412465102823,288.45416666666665
TEMPORAL,nyc,2018,p50,ridge_dev,272.03333333333336,266.0556554180959,263.1833333333333
TEMPORAL,nyc,2019,p50,ridge_dev,269.2,265.49760382147537,263.1833333333333
TEMPORAL,nyc,2022,p50,ridge_dev,284.75,271.3061102876612,263.1833333333333
TEMPORAL,nyc,2023,p50,ridge_dev,272.78333333333336,270.085462721467,263.1833333333333
TEMPORAL,nyc,2024,p50,ridge_dev,263.55,266.4930351277527,263.1833333333333
TEMPORAL,rio,2023,p50,ridge_dev,254.5833333333333,278.8132666915054,270.6
TEMPORAL,rio,2024,p50,ridge_dev,251.4833333333333,278.32640909127224,270.6
TEMPORAL,rio,2025,p50,ridge_dev,250.35,278.5949714898296,270.6
TEMPORAL,savannah,2018,p50,ridge_dev,280.96666666666664,278.3988826827035,274.71666666666664
TEMPORAL,savannah,2019,p50,ridge_dev,279.2,276.7993798308099,274.71666666666664
TEMPORAL,singapore,2018,p50,ridge_dev,353.56666666666666,360.3537184240467,356.68333333333334
TEMPORAL,singapore,2019,p50,ridge_dev,358.06666666666666,360.0700777379208,356.68333333333334
TEMPORAL,singapore,2022,p50,ridge_dev,327.65,360.8207264707884,356.68333333333334
TEMPORAL,singapore,2023,p50,ridge_dev,329.53333333333336,360.2160705855691,356.68333333333334
TEMPORAL,berlin,2018,p50,gbm_histogramas_dev,253.45,245.1689990112822,242.36666666666667
TEMPORAL,berlin,2019,p50,gbm_histogramas_dev,236.75833333333333,248.82675447654105,242.36666666666667
TEMPORAL,boston,2018,p50,gbm_histogramas_dev,228.6,223.9926686798171,226.21666666666667
TEMPORAL,boston,2019,p50,gbm_histogramas_dev,225.575,230.69117817198145,226.21666666666667
TEMPORAL,chicago,2018,p50,gbm_histogramas_dev,267.4833333333333,273.75939519067595,268.3833333333333
TEMPORAL,chicago,2019,p50,gbm_histogramas_dev,262.1083333333333,268.5133220004999,268.3833333333333
TEMPORAL,chicago,2022,p50,gbm_histogramas_dev,261.76666666666665,270.6300072588904,268.3833333333333
TEMPORAL,chicago,2023,p50,gbm_histogramas_dev,251.6833333333333,268.5643430818149,268.3833333333333
TEMPORAL,durban,2022,p50,gbm_histogramas_dev,237.78333333333333,271.90844875151726,270.6
TEMPORAL,durban,2024,p50,gbm_histogramas_dev,247.49166666666667,283.01344245055583,270.6
TEMPORAL,durban,2025,p50,gbm_histogramas_dev,252.2083333333333,274.57308994032917,270.6
TEMPORAL,honolulu,2018,p50,gbm_histogramas_dev,375.26666666666665,362.7892148809679,350.06666666666666
TEMPORAL,honolulu,2019,p50,gbm_histogramas_dev,381.78333333333336,358.9331049402374,350.06666666666666
TEMPORAL,long_beach,2018,p50,gbm_histogramas_dev,289.78333333333336,288.81062702420587,288.45416666666665
TEMPORAL,long_beach,2019,p50,gbm_histogramas_dev,283.95,288.8255079260112,288.45416666666665
TEMPORAL,nyc,2018,p50,gbm_histogramas_dev,272.03333333333336,264.7592752647079,263.1833333333333
TEMPORAL,nyc,2019,p50,gbm_histogramas_dev,269.2,263.98950083510726,263.1833333333333
TEMPORAL,nyc,2022,p50,gbm_histogramas_dev,284.75,272.7806774597667,263.1833333333333
TEMPORAL,nyc,2023,p50,gbm_histogramas_dev,272.78333333333336,266.24703608928996,263.1833333333333
TEMPORAL,nyc,2024,p50,gbm_histogramas_dev,263.55,264.8294234264944,263.1833333333333
TEMPORAL,rio,2023,p50,gbm_histogramas_dev,254.5833333333333,293.1169117323341,270.6
TEMPORAL,rio,2024,p50,gbm_histogramas_dev,251.4833333333333,283.3248231590649,270.6
TEMPORAL,rio,2025,p50,gbm_histogramas_dev,250.35,279.5695488807905,270.6
TEMPORAL,savannah,2018,p50,gbm_histogramas_dev,280.96666666666664,281.0013607446241,274.71666666666664
TEMPORAL,savannah,2019,p50,gbm_histogramas_dev,279.2,282.69633115643654,274.71666666666664
TEMPORAL,singapore,2018,p50,gbm_histogramas_dev,353.56666666666666,364.2389364993466,356.68333333333334
TEMPORAL,singapore,2019,p50,gbm_histogramas_dev,358.06666666666666,364.1743771359384,356.68333333333334
TEMPORAL,singapore,2022,p50,gbm_histogramas_dev,327.65,367.0167628121043,356.68333333333334
TEMPORAL,singapore,2023,p50,gbm_histogramas_dev,329.53333333333336,360.82346496310913,356.68333333333334
TEMPORAL,berlin,2018,p75,media_global,291.4,322.82310606060605,274.975
TEMPORAL,berlin,2019,p75,media_global,269.90416666666664,322.82310606060605,274.975
TEMPORAL,boston,2018,p75,media_global,262.31666666666666,322.82310606060605,251.63333333333333
TEMPORAL,boston,2019,p75,media_global,259.0,322.82310606060605,251.63333333333333
TEMPORAL,chicago,2018,p75,media_global,310.6666666666667,322.82310606060605,310.5708333333333
TEMPORAL,chicago,2019,p75,media_global,307.25,322.82310606060605,310.5708333333333
TEMPORAL,chicago,2022,p75,media_global,307.95,322.82310606060605,310.5708333333333
TEMPORAL,chicago,2023,p75,media_global,297.95,322.82310606060605,310.5708333333333
TEMPORAL,durban,2022,p75,media_global,275.09166666666664,322.82310606060605,309.9416666666667
TEMPORAL,durban,2024,p75,media_global,282.71666666666664,322.82310606060605,309.9416666666667
TEMPORAL,durban,2025,p75,media_global,285.7083333333333,322.82310606060605,309.9416666666667
TEMPORAL,honolulu,2018,p75,media_global,444.3083333333333,322.82310606060605,414.975
TEMPORAL,honolulu,2019,p75,media_global,456.44166666666666,322.82310606060605,414.975
TEMPORAL,long_beach,2018,p75,media_global,337.35,322.82310606060605,336.11249999999995
TEMPORAL,long_beach,2019,p75,media_global,330.2,322.82310606060605,336.11249999999995
TEMPORAL,nyc,2018,p75,media_global,312.00416666666666,322.82310606060605,297.73333333333335
TEMPORAL,nyc,2019,p75,media_global,309.75416666666666,322.82310606060605,297.73333333333335
TEMPORAL,nyc,2022,p75,media_global,327.31666666666666,322.82310606060605,297.73333333333335
TEMPORAL,nyc,2023,p75,media_global,315.95,322.82310606060605,297.73333333333335
TEMPORAL,nyc,2024,p75,media_global,305.4083333333333,322.82310606060605,297.73333333333335
TEMPORAL,rio,2023,p75,media_global,289.15833333333336,322.82310606060605,309.9416666666667
TEMPORAL,rio,2024,p75,media_global,284.27916666666664,322.82310606060605,309.9416666666667
TEMPORAL,rio,2025,p75,media_global,281.01666666666665,322.82310606060605,309.9416666666667
TEMPORAL,savannah,2018,p75,media_global,318.85,322.82310606060605,311.7
TEMPORAL,savannah,2019,p75,media_global,320.5,322.82310606060605,311.7
TEMPORAL,singapore,2018,p75,media_global,395.6833333333333,322.82310606060605,405.76666666666665
TEMPORAL,singapore,2019,p75,media_global,405.0833333333333,322.82310606060605,405.76666666666665
TEMPORAL,singapore,2022,p75,media_global,380.2166666666667,322.82310606060605,405.76666666666665
TEMPORAL,singapore,2023,p75,media_global,381.3083333333333,322.82310606060605,405.76666666666665
TEMPORAL,berlin,2018,p75,referencia_historica,291.4,274.975,274.975
TEMPORAL,berlin,2019,p75,referencia_historica,269.90416666666664,274.975,274.975
TEMPORAL,boston,2018,p75,referencia_historica,262.31666666666666,251.63333333333333,251.63333333333333
TEMPORAL,boston,2019,p75,referencia_historica,259.0,251.63333333333333,251.63333333333333
TEMPORAL,chicago,2018,p75,referencia_historica,310.6666666666667,310.5708333333333,310.5708333333333
TEMPORAL,chicago,2019,p75,referencia_historica,307.25,310.5708333333333,310.5708333333333
TEMPORAL,chicago,2022,p75,referencia_historica,307.95,310.5708333333333,310.5708333333333
TEMPORAL,chicago,2023,p75,referencia_historica,297.95,310.5708333333333,310.5708333333333
TEMPORAL,durban,2022,p75,referencia_historica,275.09166666666664,309.9416666666667,309.9416666666667
TEMPORAL,durban,2024,p75,referencia_historica,282.71666666666664,309.9416666666667,309.9416666666667
TEMPORAL,durban,2025,p75,referencia_historica,285.7083333333333,309.9416666666667,309.9416666666667
TEMPORAL,honolulu,2018,p75,referencia_historica,444.3083333333333,414.975,414.975
TEMPORAL,honolulu,2019,p75,referencia_historica,456.44166666666666,414.975,414.975
TEMPORAL,long_beach,2018,p75,referencia_historica,337.35,336.11249999999995,336.11249999999995
TEMPORAL,long_beach,2019,p75,referencia_historica,330.2,336.11249999999995,336.11249999999995
TEMPORAL,nyc,2018,p75,referencia_historica,312.00416666666666,297.73333333333335,297.73333333333335
TEMPORAL,nyc,2019,p75,referencia_historica,309.75416666666666,297.73333333333335,297.73333333333335
TEMPORAL,nyc,2022,p75,referencia_historica,327.31666666666666,297.73333333333335,297.73333333333335
TEMPORAL,nyc,2023,p75,referencia_historica,315.95,297.73333333333335,297.73333333333335
TEMPORAL,nyc,2024,p75,referencia_historica,305.4083333333333,297.73333333333335,297.73333333333335
TEMPORAL,rio,2023,p75,referencia_historica,289.15833333333336,309.9416666666667,309.9416666666667
TEMPORAL,rio,2024,p75,referencia_historica,284.27916666666664,309.9416666666667,309.9416666666667
TEMPORAL,rio,2025,p75,referencia_historica,281.01666666666665,309.9416666666667,309.9416666666667
TEMPORAL,savannah,2018,p75,referencia_historica,318.85,311.7,311.7
TEMPORAL,savannah,2019,p75,referencia_historica,320.5,311.7,311.7
TEMPORAL,singapore,2018,p75,referencia_historica,395.6833333333333,405.76666666666665,405.76666666666665
TEMPORAL,singapore,2019,p75,referencia_historica,405.0833333333333,405.76666666666665,405.76666666666665
TEMPORAL,singapore,2022,p75,referencia_historica,380.2166666666667,405.76666666666665,405.76666666666665
TEMPORAL,singapore,2023,p75,referencia_historica,381.3083333333333,405.76666666666665,405.76666666666665
TEMPORAL,berlin,2018,p75,ridge_abs,291.4,302.1716320828112,274.975
TEMPORAL,berlin,2019,p75,ridge_abs,269.90416666666664,274.36327779874773,274.975
TEMPORAL,boston,2018,p75,ridge_abs,262.31666666666666,232.9246715296954,251.63333333333333
TEMPORAL,boston,2019,p75,ridge_abs,259.0,269.4397132657794,251.63333333333333
TEMPORAL,chicago,2018,p75,ridge_abs,310.6666666666667,322.4451672330511,310.5708333333333
TEMPORAL,chicago,2019,p75,ridge_abs,307.25,309.0897045416337,310.5708333333333
TEMPORAL,chicago,2022,p75,ridge_abs,307.95,307.0972216252455,310.5708333333333
TEMPORAL,chicago,2023,p75,ridge_abs,297.95,346.3877733947174,310.5708333333333
TEMPORAL,durban,2022,p75,ridge_abs,275.09166666666664,344.83029197496535,309.9416666666667
TEMPORAL,durban,2024,p75,ridge_abs,282.71666666666664,330.5378600884004,309.9416666666667
TEMPORAL,durban,2025,p75,ridge_abs,285.7083333333333,323.51009015616404,309.9416666666667
TEMPORAL,honolulu,2018,p75,ridge_abs,444.3083333333333,414.41983304668656,414.975
TEMPORAL,honolulu,2019,p75,ridge_abs,456.44166666666666,427.4795664723849,414.975
TEMPORAL,long_beach,2018,p75,ridge_abs,337.35,330.28543554684444,336.11249999999995
TEMPORAL,long_beach,2019,p75,ridge_abs,330.2,332.6218370577162,336.11249999999995
TEMPORAL,nyc,2018,p75,ridge_abs,312.00416666666666,310.3244018886726,297.73333333333335
TEMPORAL,nyc,2019,p75,ridge_abs,309.75416666666666,309.27726498559036,297.73333333333335
TEMPORAL,nyc,2022,p75,ridge_abs,327.31666666666666,346.2224276220954,297.73333333333335
TEMPORAL,nyc,2023,p75,ridge_abs,315.95,324.0187357509924,297.73333333333335
TEMPORAL,nyc,2024,p75,ridge_abs,305.4083333333333,316.04154158300435,297.73333333333335
TEMPORAL,rio,2023,p75,ridge_abs,289.15833333333336,399.5070880860993,309.9416666666667
TEMPORAL,rio,2024,p75,ridge_abs,284.27916666666664,399.639373143302,309.9416666666667
TEMPORAL,rio,2025,p75,ridge_abs,281.01666666666665,407.8123834592177,309.9416666666667
TEMPORAL,savannah,2018,p75,ridge_abs,318.85,307.634245053953,311.7
TEMPORAL,savannah,2019,p75,ridge_abs,320.5,349.00452671980565,311.7
TEMPORAL,singapore,2018,p75,ridge_abs,395.6833333333333,401.0447576147519,405.76666666666665
TEMPORAL,singapore,2019,p75,ridge_abs,405.0833333333333,458.6752272029843,405.76666666666665
TEMPORAL,singapore,2022,p75,ridge_abs,380.2166666666667,402.938386779708,405.76666666666665
TEMPORAL,singapore,2023,p75,ridge_abs,381.3083333333333,410.0654162111046,405.76666666666665
TEMPORAL,berlin,2018,p75,gbm_histogramas_abs,291.4,283.7433198805718,274.975
TEMPORAL,berlin,2019,p75,gbm_histogramas_abs,269.90416666666664,280.24513410098245,274.975
TEMPORAL,boston,2018,p75,gbm_histogramas_abs,262.31666666666666,261.47604136849134,251.63333333333333
TEMPORAL,boston,2019,p75,gbm_histogramas_abs,259.0,272.6761733636049,251.63333333333333
TEMPORAL,chicago,2018,p75,gbm_histogramas_abs,310.6666666666667,315.7132179659905,310.5708333333333
TEMPORAL,chicago,2019,p75,gbm_histogramas_abs,307.25,302.5485956943016,310.5708333333333
TEMPORAL,chicago,2022,p75,gbm_histogramas_abs,307.95,309.1342465965287,310.5708333333333
TEMPORAL,chicago,2023,p75,gbm_histogramas_abs,297.95,302.00730053008687,310.5708333333333
TEMPORAL,durban,2022,p75,gbm_histogramas_abs,275.09166666666664,312.4353400925279,309.9416666666667
TEMPORAL,durban,2024,p75,gbm_histogramas_abs,282.71666666666664,328.49193248531105,309.9416666666667
TEMPORAL,durban,2025,p75,gbm_histogramas_abs,285.7083333333333,323.74435580295886,309.9416666666667
TEMPORAL,honolulu,2018,p75,gbm_histogramas_abs,444.3083333333333,418.81562717438106,414.975
TEMPORAL,honolulu,2019,p75,gbm_histogramas_abs,456.44166666666666,420.09862074261827,414.975
TEMPORAL,long_beach,2018,p75,gbm_histogramas_abs,337.35,345.76635596464064,336.11249999999995
TEMPORAL,long_beach,2019,p75,gbm_histogramas_abs,330.2,333.6965817860135,336.11249999999995
TEMPORAL,nyc,2018,p75,gbm_histogramas_abs,312.00416666666666,299.52452258841777,297.73333333333335
TEMPORAL,nyc,2019,p75,gbm_histogramas_abs,309.75416666666666,301.91101977637555,297.73333333333335
TEMPORAL,nyc,2022,p75,gbm_histogramas_abs,327.31666666666666,323.7394091799069,297.73333333333335
TEMPORAL,nyc,2023,p75,gbm_histogramas_abs,315.95,308.89295989635553,297.73333333333335
TEMPORAL,nyc,2024,p75,gbm_histogramas_abs,305.4083333333333,304.1974323950659,297.73333333333335
TEMPORAL,rio,2023,p75,gbm_histogramas_abs,289.15833333333336,417.78311305870307,309.9416666666667
TEMPORAL,rio,2024,p75,gbm_histogramas_abs,284.27916666666664,412.2038216127527,309.9416666666667
TEMPORAL,rio,2025,p75,gbm_histogramas_abs,281.01666666666665,417.3846271403666,309.9416666666667
TEMPORAL,savannah,2018,p75,gbm_histogramas_abs,318.85,322.18005809137617,311.7
TEMPORAL,savannah,2019,p75,gbm_histogramas_abs,320.5,313.9238955645522,311.7
TEMPORAL,singapore,2018,p75,gbm_histogramas_abs,395.6833333333333,411.85454659825353,405.76666666666665
TEMPORAL,singapore,2019,p75,gbm_histogramas_abs,405.0833333333333,409.1890578086362,405.76666666666665
TEMPORAL,singapore,2022,p75,gbm_histogramas_abs,380.2166666666667,411.19017543116576,405.76666666666665
TEMPORAL,singapore,2023,p75,gbm_histogramas_abs,381.3083333333333,409.60727274648536,405.76666666666665
TEMPORAL,berlin,2018,p75,ridge_dev,291.4,283.45926981900885,274.975
TEMPORAL,berlin,2019,p75,ridge_dev,269.90416666666664,274.0500959463838,274.975
TEMPORAL,boston,2018,p75,ridge_dev,262.31666666666666,239.8715375071707,251.63333333333333
TEMPORAL,boston,2019,p75,ridge_dev,259.0,257.0089188024221,251.63333333333333
TEMPORAL,chicago,2018,p75,ridge_dev,310.6666666666667,308.1005609360229,310.5708333333333
TEMPORAL,chicago,2019,p75,ridge_dev,307.25,312.07242821985,310.5708333333333
TEMPORAL,chicago,2022,p75,ridge_dev,307.95,320.04403730446035,310.5708333333333
TEMPORAL,chicago,2023,p75,ridge_dev,297.95,315.0182638674933,310.5708333333333
TEMPORAL,durban,2022,p75,ridge_dev,275.09166666666664,316.476793272823,309.9416666666667
TEMPORAL,durban,2024,p75,ridge_dev,282.71666666666664,319.2889597122327,309.9416666666667
TEMPORAL,durban,2025,p75,ridge_dev,285.7083333333333,319.5415242441731,309.9416666666667
TEMPORAL,honolulu,2018,p75,ridge_dev,444.3083333333333,423.50213382501005,414.975
TEMPORAL,honolulu,2019,p75,ridge_dev,456.44166666666666,426.1918439048105,414.975
TEMPORAL,long_beach,2018,p75,ridge_dev,337.35,341.81488145577555,336.11249999999995
TEMPORAL,long_beach,2019,p75,ridge_dev,330.2,341.581754946068,336.11249999999995
TEMPORAL,nyc,2018,p75,ridge_dev,312.00416666666666,301.9372480729123,297.73333333333335
TEMPORAL,nyc,2019,p75,ridge_dev,309.75416666666666,301.37196471119387,297.73333333333335
TEMPORAL,nyc,2022,p75,ridge_dev,327.31666666666666,309.1475760930178,297.73333333333335
TEMPORAL,nyc,2023,p75,ridge_dev,315.95,307.5797277044128,297.73333333333335
TEMPORAL,nyc,2024,p75,ridge_dev,305.4083333333333,303.7851852397709,297.73333333333335
TEMPORAL,rio,2023,p75,ridge_dev,289.15833333333336,321.16016865064796,309.9416666666667
TEMPORAL,rio,2024,p75,ridge_dev,284.27916666666664,320.86669794241703,309.9416666666667
TEMPORAL,rio,2025,p75,ridge_dev,281.01666666666665,321.8268396317597,309.9416666666667
TEMPORAL,savannah,2018,p75,ridge_dev,318.85,316.4634143594928,311.7
TEMPORAL,savannah,2019,p75,ridge_dev,320.5,314.97915258674317,311.7
TEMPORAL,singapore,2018,p75,ridge_dev,395.6833333333333,410.49166523919973,405.76666666666665
TEMPORAL,singapore,2019,p75,ridge_dev,405.0833333333333,415.2412172798005,405.76666666666665
TEMPORAL,singapore,2022,p75,ridge_dev,380.2166666666667,411.68696422224366,405.76666666666665
TEMPORAL,singapore,2023,p75,ridge_dev,381.3083333333333,411.2724383061708,405.76666666666665
TEMPORAL,berlin,2018,p75,gbm_histogramas_dev,291.4,280.83574129673883,274.975
TEMPORAL,berlin,2019,p75,gbm_histogramas_dev,269.90416666666664,279.0748993583177,274.975
TEMPORAL,boston,2018,p75,gbm_histogramas_dev,262.31666666666666,249.34032450098653,251.63333333333333
TEMPORAL,boston,2019,p75,gbm_histogramas_dev,259.0,257.7675080985489,251.63333333333333
TEMPORAL,chicago,2018,p75,gbm_histogramas_dev,310.6666666666667,315.4074858859512,310.5708333333333
TEMPORAL,chicago,2019,p75,gbm_histogramas_dev,307.25,311.1688757703444,310.5708333333333
TEMPORAL,chicago,2022,p75,gbm_histogramas_dev,307.95,317.926332752125,310.5708333333333
TEMPORAL,chicago,2023,p75,gbm_histogramas_dev,297.95,313.70602714371927,310.5708333333333
TEMPORAL,durban,2022,p75,gbm_histogramas_dev,275.09166666666664,311.3076292079761,309.9416666666667
TEMPORAL,durban,2024,p75,gbm_histogramas_dev,282.71666666666664,326.78140206425684,309.9416666666667
TEMPORAL,durban,2025,p75,gbm_histogramas_dev,285.7083333333333,315.72159411095697,309.9416666666667
TEMPORAL,honolulu,2018,p75,gbm_histogramas_dev,444.3083333333333,424.7241457129934,414.975
TEMPORAL,honolulu,2019,p75,gbm_histogramas_dev,456.44166666666666,427.2540755657873,414.975
TEMPORAL,long_beach,2018,p75,gbm_histogramas_dev,337.35,336.8657778955571,336.11249999999995
TEMPORAL,long_beach,2019,p75,gbm_histogramas_dev,330.2,337.14514634709394,336.11249999999995
TEMPORAL,nyc,2018,p75,gbm_histogramas_dev,312.00416666666666,303.45989952085284,297.73333333333335
TEMPORAL,nyc,2019,p75,gbm_histogramas_dev,309.75416666666666,303.3271612349747,297.73333333333335
TEMPORAL,nyc,2022,p75,gbm_histogramas_dev,327.31666666666666,311.7738303465222,297.73333333333335
TEMPORAL,nyc,2023,p75,gbm_histogramas_dev,315.95,302.2703201371527,297.73333333333335
TEMPORAL,nyc,2024,p75,gbm_histogramas_dev,305.4083333333333,303.7826993779289,297.73333333333335
TEMPORAL,rio,2023,p75,gbm_histogramas_dev,289.15833333333336,327.3605476687775,309.9416666666667
TEMPORAL,rio,2024,p75,gbm_histogramas_dev,284.27916666666664,318.50197608864687,309.9416666666667
TEMPORAL,rio,2025,p75,gbm_histogramas_dev,281.01666666666665,323.6819707971333,309.9416666666667
TEMPORAL,savannah,2018,p75,gbm_histogramas_dev,318.85,325.88022635237814,311.7
TEMPORAL,savannah,2019,p75,gbm_histogramas_dev,320.5,323.48433194220763,311.7
TEMPORAL,singapore,2018,p75,gbm_histogramas_dev,395.6833333333333,406.52477077646654,405.76666666666665
TEMPORAL,singapore,2019,p75,gbm_histogramas_dev,405.0833333333333,418.8429012546973,405.76666666666665
TEMPORAL,singapore,2022,p75,gbm_histogramas_dev,380.2166666666667,405.5975210839708,405.76666666666665
TEMPORAL,singapore,2023,p75,gbm_histogramas_dev,381.3083333333333,407.56805662360017,405.76666666666665
TEMPORAL,berlin,2018,p90,media_global,329.15,364.4124621212121,306.71666666666664
TEMPORAL,berlin,2019,p90,media_global,307.05833333333334,364.4124621212121,306.71666666666664
TEMPORAL,boston,2018,p90,media_global,307.67499999999995,364.4124621212121,284.77166666666665
TEMPORAL,boston,2019,p90,media_global,297.4166666666667,364.4124621212121,284.77166666666665
TEMPORAL,chicago,2018,p90,media_global,354.53333333333336,364.4124621212121,350.6483333333333
TEMPORAL,chicago,2019,p90,media_global,353.89166666666665,364.4124621212121,350.6483333333333
TEMPORAL,chicago,2022,p90,media_global,355.51000000000005,364.4124621212121,350.6483333333333
TEMPORAL,chicago,2023,p90,media_global,346.8,364.4124621212121,350.6483333333333
TEMPORAL,durban,2022,p90,media_global,299.9433333333334,364.4124621212121,350.50416666666666
TEMPORAL,durban,2024,p90,media_global,309.88666666666666,364.4124621212121,350.50416666666666
TEMPORAL,durban,2025,p90,media_global,309.1166666666667,364.4124621212121,350.50416666666666
TEMPORAL,honolulu,2018,p90,media_global,510.98333333333335,364.4124621212121,481.2166666666666
TEMPORAL,honolulu,2019,p90,media_global,528.2499999999999,364.4124621212121,481.2166666666666
TEMPORAL,long_beach,2018,p90,media_global,378.7733333333333,364.4124621212121,381.31166666666667
TEMPORAL,long_beach,2019,p90,media_global,379.8033333333334,364.4124621212121,381.31166666666667
TEMPORAL,nyc,2018,p90,media_global,355.5,364.4124621212121,337.21000000000004
TEMPORAL,nyc,2019,p90,media_global,354.5833333333333,364.4124621212121,337.21000000000004
TEMPORAL,nyc,2022,p90,media_global,369.965,364.4124621212121,337.21000000000004
TEMPORAL,nyc,2023,p90,media_global,361.55,364.4124621212121,337.21000000000004
TEMPORAL,nyc,2024,p90,media_global,353.02666666666664,364.4124621212121,337.21000000000004
TEMPORAL,rio,2023,p90,media_global,321.08,364.4124621212121,350.50416666666666
TEMPORAL,rio,2024,p90,media_global,316.3983333333333,364.4124621212121,350.50416666666666
TEMPORAL,rio,2025,p90,media_global,310.9,364.4124621212121,350.50416666666666
TEMPORAL,savannah,2018,p90,media_global,360.43,364.4124621212121,351.2233333333335
TEMPORAL,savannah,2019,p90,media_global,359.39,364.4124621212121,351.2233333333335
TEMPORAL,singapore,2018,p90,media_global,424.31666666666666,364.4124621212121,445.11583333333334
TEMPORAL,singapore,2019,p90,media_global,437.84,364.4124621212121,445.11583333333334
TEMPORAL,singapore,2022,p90,media_global,420.5,364.4124621212121,445.11583333333334
TEMPORAL,singapore,2023,p90,media_global,418.4266666666666,364.4124621212121,445.11583333333334
TEMPORAL,berlin,2018,p90,referencia_historica,329.15,306.71666666666664,306.71666666666664
TEMPORAL,berlin,2019,p90,referencia_historica,307.05833333333334,306.71666666666664,306.71666666666664
TEMPORAL,boston,2018,p90,referencia_historica,307.67499999999995,284.77166666666665,284.77166666666665
TEMPORAL,boston,2019,p90,referencia_historica,297.4166666666667,284.77166666666665,284.77166666666665
TEMPORAL,chicago,2018,p90,referencia_historica,354.53333333333336,350.6483333333333,350.6483333333333
TEMPORAL,chicago,2019,p90,referencia_historica,353.89166666666665,350.6483333333333,350.6483333333333
TEMPORAL,chicago,2022,p90,referencia_historica,355.51000000000005,350.6483333333333,350.6483333333333
TEMPORAL,chicago,2023,p90,referencia_historica,346.8,350.6483333333333,350.6483333333333
TEMPORAL,durban,2022,p90,referencia_historica,299.9433333333334,350.50416666666666,350.50416666666666
TEMPORAL,durban,2024,p90,referencia_historica,309.88666666666666,350.50416666666666,350.50416666666666
TEMPORAL,durban,2025,p90,referencia_historica,309.1166666666667,350.50416666666666,350.50416666666666
TEMPORAL,honolulu,2018,p90,referencia_historica,510.98333333333335,481.2166666666666,481.2166666666666
TEMPORAL,honolulu,2019,p90,referencia_historica,528.2499999999999,481.2166666666666,481.2166666666666
TEMPORAL,long_beach,2018,p90,referencia_historica,378.7733333333333,381.31166666666667,381.31166666666667
TEMPORAL,long_beach,2019,p90,referencia_historica,379.8033333333334,381.31166666666667,381.31166666666667
TEMPORAL,nyc,2018,p90,referencia_historica,355.5,337.21000000000004,337.21000000000004
TEMPORAL,nyc,2019,p90,referencia_historica,354.5833333333333,337.21000000000004,337.21000000000004
TEMPORAL,nyc,2022,p90,referencia_historica,369.965,337.21000000000004,337.21000000000004
TEMPORAL,nyc,2023,p90,referencia_historica,361.55,337.21000000000004,337.21000000000004
TEMPORAL,nyc,2024,p90,referencia_historica,353.02666666666664,337.21000000000004,337.21000000000004
TEMPORAL,rio,2023,p90,referencia_historica,321.08,350.50416666666666,350.50416666666666
TEMPORAL,rio,2024,p90,referencia_historica,316.3983333333333,350.50416666666666,350.50416666666666
TEMPORAL,rio,2025,p90,referencia_historica,310.9,350.50416666666666,350.50416666666666
TEMPORAL,savannah,2018,p90,referencia_historica,360.43,351.2233333333335,351.2233333333335
TEMPORAL,savannah,2019,p90,referencia_historica,359.39,351.2233333333335,351.2233333333335
TEMPORAL,singapore,2018,p90,referencia_historica,424.31666666666666,445.11583333333334,445.11583333333334
TEMPORAL,singapore,2019,p90,referencia_historica,437.84,445.11583333333334,445.11583333333334
TEMPORAL,singapore,2022,p90,referencia_historica,420.5,445.11583333333334,445.11583333333334
TEMPORAL,singapore,2023,p90,referencia_historica,418.4266666666666,445.11583333333334,445.11583333333334
TEMPORAL,berlin,2018,p90,ridge_abs,329.15,340.54785136217555,306.71666666666664
TEMPORAL,berlin,2019,p90,ridge_abs,307.05833333333334,304.395809483744,306.71666666666664
TEMPORAL,boston,2018,p90,ridge_abs,307.67499999999995,264.38689374796206,284.77166666666665
TEMPORAL,boston,2019,p90,ridge_abs,297.4166666666667,310.1353408898665,284.77166666666665
TEMPORAL,chicago,2018,p90,ridge_abs,354.53333333333336,369.1988729454767,350.6483333333333
TEMPORAL,chicago,2019,p90,ridge_abs,353.89166666666665,352.25752968131076,350.6483333333333
TEMPORAL,chicago,2022,p90,ridge_abs,355.51000000000005,346.8998427246757,350.6483333333333
TEMPORAL,chicago,2023,p90,ridge_abs,346.8,400.1136500455732,350.6483333333333
TEMPORAL,durban,2022,p90,ridge_abs,299.9433333333334,385.58037115997206,350.50416666666666
TEMPORAL,durban,2024,p90,ridge_abs,309.88666666666666,366.3133045117566,350.50416666666666
TEMPORAL,durban,2025,p90,ridge_abs,309.1166666666667,361.0971720664521,350.50416666666666
TEMPORAL,honolulu,2018,p90,ridge_abs,510.98333333333335,477.2679646936299,481.2166666666666
TEMPORAL,honolulu,2019,p90,ridge_abs,528.2499999999999,493.9260267869529,481.2166666666666
TEMPORAL,long_beach,2018,p90,ridge_abs,378.7733333333333,371.16627188387173,381.31166666666667
TEMPORAL,long_beach,2019,p90,ridge_abs,379.8033333333334,374.22036005445426,381.31166666666667
TEMPORAL,nyc,2018,p90,ridge_abs,355.5,355.0492262399076,337.21000000000004
TEMPORAL,nyc,2019,p90,ridge_abs,354.5833333333333,353.5736208827825,337.21000000000004
TEMPORAL,nyc,2022,p90,ridge_abs,369.965,394.29280432143366,337.21000000000004
TEMPORAL,nyc,2023,p90,ridge_abs,361.55,371.61774413771764,337.21000000000004
TEMPORAL,nyc,2024,p90,ridge_abs,353.02666666666664,363.32717320636914,337.21000000000004
TEMPORAL,rio,2023,p90,ridge_abs,321.08,454.9660641450869,350.50416666666666
TEMPORAL,rio,2024,p90,ridge_abs,316.3983333333333,457.2138167781395,350.50416666666666
TEMPORAL,rio,2025,p90,ridge_abs,310.9,467.6075038497772,350.50416666666666
TEMPORAL,savannah,2018,p90,ridge_abs,360.43,347.4921798669603,351.2233333333335
TEMPORAL,savannah,2019,p90,ridge_abs,359.39,399.6077050425817,351.2233333333335
TEMPORAL,singapore,2018,p90,ridge_abs,424.31666666666666,442.86119725328996,445.11583333333334
TEMPORAL,singapore,2019,p90,ridge_abs,437.84,525.8223611141465,445.11583333333334
TEMPORAL,singapore,2022,p90,ridge_abs,420.5,443.58416962901555,445.11583333333334
TEMPORAL,singapore,2023,p90,ridge_abs,418.4266666666666,454.06803374335004,445.11583333333334
TEMPORAL,berlin,2018,p90,gbm_histogramas_abs,329.15,312.6883817933125,306.71666666666664
TEMPORAL,berlin,2019,p90,gbm_histogramas_abs,307.05833333333334,311.3331015761877,306.71666666666664
TEMPORAL,boston,2018,p90,gbm_histogramas_abs,307.67499999999995,291.7360036813681,284.77166666666665
TEMPORAL,boston,2019,p90,gbm_histogramas_abs,297.4166666666667,304.6817923289682,284.77166666666665
TEMPORAL,chicago,2018,p90,gbm_histogramas_abs,354.53333333333336,358.89751522473415,350.6483333333333
TEMPORAL,chicago,2019,p90,gbm_histogramas_abs,353.89166666666665,345.824695864256,350.6483333333333
TEMPORAL,chicago,2022,p90,gbm_histogramas_abs,355.51000000000005,351.8770684486024,350.6483333333333
TEMPORAL,chicago,2023,p90,gbm_histogramas_abs,346.8,343.16937611872487,350.6483333333333
TEMPORAL,durban,2022,p90,gbm_histogramas_abs,299.9433333333334,346.77520627115535,350.50416666666666
TEMPORAL,durban,2024,p90,gbm_histogramas_abs,309.88666666666666,372.99247785430487,350.50416666666666
TEMPORAL,durban,2025,p90,gbm_histogramas_abs,309.1166666666667,365.3645227490305,350.50416666666666
TEMPORAL,honolulu,2018,p90,gbm_histogramas_abs,510.98333333333335,464.7800298022849,481.2166666666666
TEMPORAL,honolulu,2019,p90,gbm_histogramas_abs,528.2499999999999,502.90200261222054,481.2166666666666
TEMPORAL,long_beach,2018,p90,gbm_histogramas_abs,378.7733333333333,384.3028574227687,381.31166666666667
TEMPORAL,long_beach,2019,p90,gbm_histogramas_abs,379.8033333333334,377.52595514619145,381.31166666666667
TEMPORAL,nyc,2018,p90,gbm_histogramas_abs,355.5,337.99283832175837,337.21000000000004
TEMPORAL,nyc,2019,p90,gbm_histogramas_abs,354.5833333333333,342.5052460210005,337.21000000000004
TEMPORAL,nyc,2022,p90,gbm_histogramas_abs,369.965,362.15507892054416,337.21000000000004
TEMPORAL,nyc,2023,p90,gbm_histogramas_abs,361.55,349.89428530305514,337.21000000000004
TEMPORAL,nyc,2024,p90,gbm_histogramas_abs,353.02666666666664,344.8025120346627,337.21000000000004
TEMPORAL,rio,2023,p90,gbm_histogramas_abs,321.08,491.3891385346471,350.50416666666666
TEMPORAL,rio,2024,p90,gbm_histogramas_abs,316.3983333333333,481.5986987311323,350.50416666666666
TEMPORAL,rio,2025,p90,gbm_histogramas_abs,310.9,491.52367910150764,350.50416666666666
TEMPORAL,savannah,2018,p90,gbm_histogramas_abs,360.43,365.22441986173,351.2233333333335
TEMPORAL,savannah,2019,p90,gbm_histogramas_abs,359.39,358.92682468703134,351.2233333333335
TEMPORAL,singapore,2018,p90,gbm_histogramas_abs,424.31666666666666,451.6395562321084,445.11583333333334
TEMPORAL,singapore,2019,p90,gbm_histogramas_abs,437.84,448.50677625599167,445.11583333333334
TEMPORAL,singapore,2022,p90,gbm_histogramas_abs,420.5,444.4006052848342,445.11583333333334
TEMPORAL,singapore,2023,p90,gbm_histogramas_abs,418.4266666666666,442.0897659349991,445.11583333333334
TEMPORAL,berlin,2018,p90,ridge_dev,329.15,315.73982014211504,306.71666666666664
TEMPORAL,berlin,2019,p90,ridge_dev,307.05833333333334,307.7651837652625,306.71666666666664
TEMPORAL,boston,2018,p90,ridge_dev,307.67499999999995,279.33397309684784,284.77166666666665
TEMPORAL,boston,2019,p90,ridge_dev,297.4166666666667,294.166102450392,284.77166666666665
TEMPORAL,chicago,2018,p90,ridge_dev,354.53333333333336,349.7520142859857,350.6483333333333
TEMPORAL,chicago,2019,p90,ridge_dev,353.89166666666665,353.0808349801898,350.6483333333333
TEMPORAL,chicago,2022,p90,ridge_dev,355.51000000000005,361.38107277924223,350.6483333333333
TEMPORAL,chicago,2023,p90,ridge_dev,346.8,358.27535728702924,350.6483333333333
TEMPORAL,durban,2022,p90,ridge_dev,299.9433333333334,356.631974286298,350.50416666666666
TEMPORAL,durban,2024,p90,ridge_dev,309.88666666666666,360.335982947635,350.50416666666666
TEMPORAL,durban,2025,p90,ridge_dev,309.1166666666667,361.17130638313694,350.50416666666666
TEMPORAL,honolulu,2018,p90,ridge_dev,510.98333333333335,490.8554249954893,481.2166666666666
TEMPORAL,honolulu,2019,p90,ridge_dev,528.2499999999999,493.29018927360625,481.2166666666666
TEMPORAL,long_beach,2018,p90,ridge_dev,378.7733333333333,386.73753970006453,381.31166666666667
TEMPORAL,long_beach,2019,p90,ridge_dev,379.8033333333334,386.73961508714734,381.31166666666667
TEMPORAL,nyc,2018,p90,ridge_dev,355.5,342.9333794764561,337.21000000000004
TEMPORAL,nyc,2019,p90,ridge_dev,354.5833333333333,342.4019875336598,337.21000000000004
TEMPORAL,nyc,2022,p90,ridge_dev,369.965,349.4705032300005,337.21000000000004
TEMPORAL,nyc,2023,p90,ridge_dev,361.55,349.6458137547483,337.21000000000004
TEMPORAL,nyc,2024,p90,ridge_dev,353.02666666666664,346.11967029633985,337.21000000000004
TEMPORAL,rio,2023,p90,ridge_dev,321.08,363.19226932324926,350.50416666666666
TEMPORAL,rio,2024,p90,ridge_dev,316.3983333333333,363.2757846324888,350.50416666666666
TEMPORAL,rio,2025,p90,ridge_dev,310.9,364.475311820771,350.50416666666666
TEMPORAL,savannah,2018,p90,ridge_dev,360.43,356.97093800740475,351.2233333333335
TEMPORAL,savannah,2019,p90,ridge_dev,359.39,355.80035438212957,351.2233333333335
TEMPORAL,singapore,2018,p90,ridge_dev,424.31666666666666,448.7663808594013,445.11583333333334
TEMPORAL,singapore,2019,p90,ridge_dev,437.84,463.834189189912,445.11583333333334
TEMPORAL,singapore,2022,p90,ridge_dev,420.5,450.50956999784614,445.11583333333334
TEMPORAL,singapore,2023,p90,ridge_dev,418.4266666666666,450.775604676019,445.11583333333334
TEMPORAL,berlin,2018,p90,gbm_histogramas_dev,329.15,314.2027800470809,306.71666666666664
TEMPORAL,berlin,2019,p90,gbm_histogramas_dev,307.05833333333334,312.0235286201633,306.71666666666664
TEMPORAL,boston,2018,p90,gbm_histogramas_dev,307.67499999999995,282.4275005122648,284.77166666666665
TEMPORAL,boston,2019,p90,gbm_histogramas_dev,297.4166666666667,281.7924099233334,284.77166666666665
TEMPORAL,chicago,2018,p90,gbm_histogramas_dev,354.53333333333336,364.10057912350203,350.6483333333333
TEMPORAL,chicago,2019,p90,gbm_histogramas_dev,353.89166666666665,358.64244401015685,350.6483333333333
TEMPORAL,chicago,2022,p90,gbm_histogramas_dev,355.51000000000005,355.0012821910649,350.6483333333333
TEMPORAL,chicago,2023,p90,gbm_histogramas_dev,346.8,356.76712953877444,350.6483333333333
TEMPORAL,durban,2022,p90,gbm_histogramas_dev,299.9433333333334,353.20611246946316,350.50416666666666
TEMPORAL,durban,2024,p90,gbm_histogramas_dev,309.88666666666666,360.9293558083699,350.50416666666666
TEMPORAL,durban,2025,p90,gbm_histogramas_dev,309.1166666666667,356.7988557038572,350.50416666666666
TEMPORAL,honolulu,2018,p90,gbm_histogramas_dev,510.98333333333335,489.9979407628375,481.2166666666666
TEMPORAL,honolulu,2019,p90,gbm_histogramas_dev,528.2499999999999,491.4586366637215,481.2166666666666
TEMPORAL,long_beach,2018,p90,gbm_histogramas_dev,378.7733333333333,378.6785814785461,381.31166666666667
TEMPORAL,long_beach,2019,p90,gbm_histogramas_dev,379.8033333333334,381.41016255257443,381.31166666666667
TEMPORAL,nyc,2018,p90,gbm_histogramas_dev,355.5,344.9274198664033,337.21000000000004
TEMPORAL,nyc,2019,p90,gbm_histogramas_dev,354.5833333333333,345.5743962482256,337.21000000000004
TEMPORAL,nyc,2022,p90,gbm_histogramas_dev,369.965,353.1652421338665,337.21000000000004
TEMPORAL,nyc,2023,p90,gbm_histogramas_dev,361.55,347.6247675581625,337.21000000000004
TEMPORAL,nyc,2024,p90,gbm_histogramas_dev,353.02666666666664,345.04117086036996,337.21000000000004
TEMPORAL,rio,2023,p90,gbm_histogramas_dev,321.08,366.1663283647062,350.50416666666666
TEMPORAL,rio,2024,p90,gbm_histogramas_dev,316.3983333333333,350.4242754274653,350.50416666666666
TEMPORAL,rio,2025,p90,gbm_histogramas_dev,310.9,350.6352770111924,350.50416666666666
TEMPORAL,savannah,2018,p90,gbm_histogramas_dev,360.43,364.55344658168013,351.2233333333335
TEMPORAL,savannah,2019,p90,gbm_histogramas_dev,359.39,370.42342972170513,351.2233333333335
TEMPORAL,singapore,2018,p90,gbm_histogramas_dev,424.31666666666666,439.87560821785377,445.11583333333334
TEMPORAL,singapore,2019,p90,gbm_histogramas_dev,437.84,445.0080096684185,445.11583333333334
TEMPORAL,singapore,2022,p90,gbm_histogramas_dev,420.5,446.6917525787357,445.11583333333334
TEMPORAL,singapore,2023,p90,gbm_histogramas_dev,418.4266666666666,439.3898618306264,445.11583333333334
