maratona,ano,alvo,familia,celula,real_min,pred_min,ref_min
boston,2005,p10,ridge,E,194.045,190.6836333974153,187.51
boston,2006,p10,ridge,E,188.60166666666663,190.7378958109441,187.51
boston,2007,p10,ridge,E,191.035,190.0495235552965,187.51
boston,2008,p10,ridge,E,188.58333333333331,189.64586562769733,187.51
boston,2009,p10,ridge,E,187.4333333333333,189.3233492777359,188.08499999999998
boston,2010,p10,ridge,E,187.58666666666667,188.84331053077565,188.00833333333333
boston,2011,p10,ridge,E,186.8,188.44526581006483,188.08499999999998
boston,2012,p10,ridge,E,203.03333333333333,186.89039859685502,187.51
boston,2013,p10,ridge,E,181.22833333333327,187.92245478171753,188.08499999999998
boston,2014,p10,ridge,E,184.78333333333333,187.10027736257408,188.08499999999998
boston,2015,p10,ridge,E,180.06166666666667,186.99399070533883,188.08499999999998
boston,2016,p10,ridge,E,188.6833333333333,185.848305583413,187.51
boston,2017,p10,ridge,E,189.18166666666667,185.35105881763255,187.51
boston,2018,p10,ridge,E,185.35,185.2577630846449,188.08499999999998
boston,2019,p10,ridge,E,180.2333333333333,185.28573682521838,188.08499999999998
chicago,2005,p10,ridge,E,208.26666666666668,212.14446266585574,207.3
chicago,2006,p10,ridge,E,204.55,212.3276699758772,207.825
chicago,2007,p10,ridge,E,230.4833333333333,209.3847821248172,207.3
chicago,2008,p10,ridge,E,219.47333333333333,210.02233146301646,207.3
chicago,2009,p10,ridge,E,206.08,210.43689432948761,207.825
chicago,2010,p10,ridge,E,214.95,209.31292278863688,207.3
chicago,2011,p10,ridge,E,213.9833333333333,208.88315789082932,207.3
chicago,2012,p10,ridge,E,208.13333333333333,208.67412019042317,207.3
chicago,2013,p10,ridge,E,208.6,208.273701276084,207.3
chicago,2014,p10,ridge,E,206.61666666666667,208.0704288062437,207.825
chicago,2015,p10,ridge,E,207.51666666666668,207.4698986917189,207.60833333333332
chicago,2016,p10,ridge,E,207.08333333333331,207.07884465613552,207.825
chicago,2017,p10,ridge,E,211.21666666666667,206.15697604418276,207.3
chicago,2018,p10,ridge,E,204.05,206.24201993487867,207.825
chicago,2019,p10,ridge,E,198.275,206.2362777551001,207.825
chicago,2022,p10,ridge,E,197.0233333333333,205.05520109285965,207.825
chicago,2023,p10,ridge,E,189.16666666666663,205.5306241402251,207.825
nyc,2005,p10,ridge,E,217.06166666666667,213.20084935041197,208.43666666666667
nyc,2006,p10,ridge,E,208.05,213.76975413342396,209.24416666666667
nyc,2007,p10,ridge,E,208.8,213.0417310719589,208.88083333333333
nyc,2008,p10,ridge,E,205.88333333333333,212.80269297753975,209.24416666666667
nyc,2009,p10,ridge,E,206.47166666666664,212.20585780657152,209.24416666666667
nyc,2010,p10,ridge,E,208.07333333333332,211.72009939988092,209.24416666666667
nyc,2011,p10,ridge,E,207.0283333333333,211.274145647939,209.24416666666667
nyc,2013,p10,ridge,E,210.60666666666668,209.88783609526877,208.43666666666667
nyc,2014,p10,ridge,E,213.27166666666668,209.29242320645707,208.43666666666667
nyc,2015,p10,ridge,E,214.6,208.7552808783225,208.43666666666667
nyc,2016,p10,ridge,E,213.21666666666667,208.4103212292269,208.43666666666667
nyc,2017,p10,ridge,E,211.06666666666663,208.0215461006575,208.43666666666667
nyc,2018,p10,ridge,E,209.68833333333333,207.5977036895506,208.43666666666667
nyc,2019,p10,ridge,E,206.81666666666663,207.48703266199414,209.24416666666667
nyc,2022,p10,ridge,E,218.76666666666668,204.6609905525272,208.43666666666667
nyc,2023,p10,ridge,E,207.58333333333331,205.41636886337596,209.24416666666667
nyc,2024,p10,ridge,E,201.9,205.56562027075128,209.24416666666667
boston,2005,p10,ridge,E+C,194.045,192.78849970426862,187.51
boston,2006,p10,ridge,E+C,188.60166666666663,189.30307678602682,187.51
boston,2007,p10,ridge,E+C,191.035,185.44418832552722,187.51
boston,2008,p10,ridge,E+C,188.58333333333331,189.1051888008887,187.51
boston,2009,p10,ridge,E+C,187.4333333333333,187.34406618197895,188.08499999999998
boston,2010,p10,ridge,E+C,187.58666666666667,181.05109272231243,188.00833333333333
boston,2011,p10,ridge,E+C,186.8,186.96956788561332,188.08499999999998
boston,2012,p10,ridge,E+C,203.03333333333333,194.05141975137184,187.51
boston,2013,p10,ridge,E+C,181.22833333333327,185.66073293297322,188.08499999999998
boston,2014,p10,ridge,E+C,184.78333333333333,186.84531924427378,188.08499999999998
boston,2015,p10,ridge,E+C,180.06166666666667,183.8060218584895,188.08499999999998
boston,2016,p10,ridge,E+C,188.6833333333333,190.34841723013753,187.51
boston,2017,p10,ridge,E+C,189.18166666666667,193.56848397151327,187.51
boston,2018,p10,ridge,E+C,185.35,168.11507365144234,188.08499999999998
boston,2019,p10,ridge,E+C,180.2333333333333,188.69274411002468,188.08499999999998
chicago,2005,p10,ridge,E+C,208.26666666666668,212.36733729326062,207.3
chicago,2006,p10,ridge,E+C,204.55,206.11316591219904,207.825
chicago,2007,p10,ridge,E+C,230.4833333333333,224.2919172621167,207.3
chicago,2008,p10,ridge,E+C,219.47333333333333,216.95454024071557,207.3
chicago,2009,p10,ridge,E+C,206.08,200.47451656357103,207.825
chicago,2010,p10,ridge,E+C,214.95,214.62196028716838,207.3
chicago,2011,p10,ridge,E+C,213.9833333333333,213.31717808878128,207.3
chicago,2012,p10,ridge,E+C,208.13333333333333,200.93011144305112,207.3
chicago,2013,p10,ridge,E+C,208.6,208.22916411544213,207.3
chicago,2014,p10,ridge,E+C,206.61666666666667,205.9447906950479,207.825
chicago,2015,p10,ridge,E+C,207.51666666666668,210.5922603973579,207.60833333333332
chicago,2016,p10,ridge,E+C,207.08333333333331,208.24590963891333,207.825
chicago,2017,p10,ridge,E+C,211.21666666666667,209.2597135298453,207.3
chicago,2018,p10,ridge,E+C,204.05,207.22534159572263,207.825
chicago,2019,p10,ridge,E+C,198.275,200.25924786309133,207.825
chicago,2022,p10,ridge,E+C,197.0233333333333,204.95201351677753,207.825
chicago,2023,p10,ridge,E+C,189.16666666666663,201.69722764920115,207.825
nyc,2005,p10,ridge,E+C,217.06166666666667,215.8754407383475,208.43666666666667
nyc,2006,p10,ridge,E+C,208.05,207.50871869243326,209.24416666666667
nyc,2007,p10,ridge,E+C,208.8,212.81524212413203,208.88083333333333
nyc,2008,p10,ridge,E+C,205.88333333333333,212.0335468576997,209.24416666666667
nyc,2009,p10,ridge,E+C,206.47166666666664,212.61183129190434,209.24416666666667
nyc,2010,p10,ridge,E+C,208.07333333333332,208.76361103698787,209.24416666666667
nyc,2011,p10,ridge,E+C,207.0283333333333,207.89492460772283,209.24416666666667
nyc,2013,p10,ridge,E+C,210.60666666666668,208.49542238316357,208.43666666666667
nyc,2014,p10,ridge,E+C,213.27166666666668,207.06097512445893,208.43666666666667
nyc,2015,p10,ridge,E+C,214.6,210.10721106763123,208.43666666666667
nyc,2016,p10,ridge,E+C,213.21666666666667,210.57699269121144,208.43666666666667
nyc,2017,p10,ridge,E+C,211.06666666666663,210.5522663189318,208.43666666666667
nyc,2018,p10,ridge,E+C,209.68833333333333,204.98902917130278,208.43666666666667
nyc,2019,p10,ridge,E+C,206.81666666666663,205.19466134012637,209.24416666666667
nyc,2022,p10,ridge,E+C,218.76666666666668,217.75929506672222,208.43666666666667
nyc,2023,p10,ridge,E+C,207.58333333333331,205.6599849045637,209.24416666666667
nyc,2024,p10,ridge,E+C,201.9,203.90903859914675,209.24416666666667
boston,2005,p10,ridge,E+S,194.045,191.66135428899088,187.51
boston,2006,p10,ridge,E+S,188.60166666666663,191.29353867529287,187.51
boston,2007,p10,ridge,E+S,191.035,190.54393756066705,187.51
boston,2008,p10,ridge,E+S,188.58333333333331,189.6051820991761,187.51
boston,2009,p10,ridge,E+S,187.4333333333333,189.22999215287174,188.08499999999998
boston,2010,p10,ridge,E+S,187.58666666666667,189.03191069690308,188.00833333333333
boston,2011,p10,ridge,E+S,186.8,188.4441823426742,188.08499999999998
boston,2012,p10,ridge,E+S,203.03333333333333,187.39441266413036,187.51
boston,2013,p10,ridge,E+S,181.22833333333327,188.44689771505963,188.08499999999998
boston,2014,p10,ridge,E+S,184.78333333333333,185.85221998038796,188.08499999999998
boston,2015,p10,ridge,E+S,180.06166666666667,186.84769929136255,188.08499999999998
boston,2016,p10,ridge,E+S,188.6833333333333,185.81663033327266,187.51
boston,2017,p10,ridge,E+S,189.18166666666667,185.52246424879252,187.51
boston,2018,p10,ridge,E+S,185.35,185.63808778881068,188.08499999999998
boston,2019,p10,ridge,E+S,180.2333333333333,185.65515214946873,188.08499999999998
chicago,2005,p10,ridge,E+S,208.26666666666668,212.40724390897378,207.3
chicago,2006,p10,ridge,E+S,204.55,225.386592662868,207.825
chicago,2007,p10,ridge,E+S,230.4833333333333,209.4610516251054,207.3
chicago,2008,p10,ridge,E+S,219.47333333333333,210.6065686447628,207.3
chicago,2009,p10,ridge,E+S,206.08,210.83292492621612,207.825
chicago,2010,p10,ridge,E+S,214.95,209.3477818979447,207.3
chicago,2011,p10,ridge,E+S,213.9833333333333,208.98302918442582,207.3
chicago,2012,p10,ridge,E+S,208.13333333333333,208.67251166464604,207.3
chicago,2013,p10,ridge,E+S,208.6,208.36154305576443,207.3
chicago,2014,p10,ridge,E+S,206.61666666666667,207.94360757529222,207.825
chicago,2015,p10,ridge,E+S,207.51666666666668,207.88106793669925,207.60833333333332
chicago,2016,p10,ridge,E+S,207.08333333333331,207.05378004496725,207.825
chicago,2017,p10,ridge,E+S,211.21666666666667,205.70574269094166,207.3
chicago,2018,p10,ridge,E+S,204.05,205.7914189998536,207.825
chicago,2019,p10,ridge,E+S,198.275,206.00278438988582,207.825
chicago,2022,p10,ridge,E+S,197.0233333333333,206.43126264116813,207.825
chicago,2023,p10,ridge,E+S,189.16666666666663,207.1065605382308,207.825
nyc,2005,p10,ridge,E+S,217.06166666666667,213.0213666451236,208.43666666666667
nyc,2006,p10,ridge,E+S,208.05,213.65542472479513,209.24416666666667
nyc,2007,p10,ridge,E+S,208.8,212.95357704818966,208.88083333333333
nyc,2008,p10,ridge,E+S,205.88333333333333,212.89475010045518,209.24416666666667
nyc,2009,p10,ridge,E+S,206.47166666666664,211.53841061352384,209.24416666666667
nyc,2010,p10,ridge,E+S,208.07333333333332,211.1192108485669,209.24416666666667
nyc,2011,p10,ridge,E+S,207.0283333333333,210.50723182066451,209.24416666666667
nyc,2013,p10,ridge,E+S,210.60666666666668,209.05268751046256,208.43666666666667
nyc,2014,p10,ridge,E+S,213.27166666666668,208.52154610096596,208.43666666666667
nyc,2015,p10,ridge,E+S,214.6,208.20337406299177,208.43666666666667
nyc,2016,p10,ridge,E+S,213.21666666666667,207.94274695569436,208.43666666666667
nyc,2017,p10,ridge,E+S,211.06666666666663,207.66041648134745,208.43666666666667
nyc,2018,p10,ridge,E+S,209.68833333333333,207.0868370680871,208.43666666666667
nyc,2019,p10,ridge,E+S,206.81666666666663,206.93053778133122,209.24416666666667
nyc,2022,p10,ridge,E+S,218.76666666666668,205.14983295725548,208.43666666666667
nyc,2023,p10,ridge,E+S,207.58333333333331,205.70139724146543,209.24416666666667
nyc,2024,p10,ridge,E+S,201.9,205.42175625116218,209.24416666666667
boston,2005,p10,gbm_histogramas,E,194.045,182.75367616939727,187.51
boston,2006,p10,gbm_histogramas,E,188.60166666666663,196.9943374729144,187.51
boston,2007,p10,gbm_histogramas,E,191.035,196.47571929725865,187.51
boston,2008,p10,gbm_histogramas,E,188.58333333333331,193.6450354667592,187.51
boston,2009,p10,gbm_histogramas,E,187.4333333333333,184.44016981955127,188.08499999999998
boston,2010,p10,gbm_histogramas,E,187.58666666666667,190.05358937266487,188.00833333333333
boston,2011,p10,gbm_histogramas,E,186.8,196.43479520715312,188.08499999999998
boston,2012,p10,gbm_histogramas,E,203.03333333333333,183.88285062301827,187.51
boston,2013,p10,gbm_histogramas,E,181.22833333333327,194.7668295475015,188.08499999999998
boston,2014,p10,gbm_histogramas,E,184.78333333333333,181.50987602779563,188.08499999999998
boston,2015,p10,gbm_histogramas,E,180.06166666666667,187.64443077426583,188.08499999999998
boston,2016,p10,gbm_histogramas,E,188.6833333333333,183.1006850385307,187.51
boston,2017,p10,gbm_histogramas,E,189.18166666666667,196.62898317806838,187.51
boston,2018,p10,gbm_histogramas,E,185.35,184.22761392556598,188.08499999999998
boston,2019,p10,gbm_histogramas,E,180.2333333333333,179.78281190734216,188.08499999999998
chicago,2005,p10,gbm_histogramas,E,208.26666666666668,221.00076493223935,207.3
chicago,2006,p10,gbm_histogramas,E,204.55,211.53573870568525,207.825
chicago,2007,p10,gbm_histogramas,E,230.4833333333333,210.15133739686033,207.3
chicago,2008,p10,gbm_histogramas,E,219.47333333333333,206.12876465631598,207.3
chicago,2009,p10,gbm_histogramas,E,206.08,213.90611124522096,207.825
chicago,2010,p10,gbm_histogramas,E,214.95,207.5052760596133,207.3
chicago,2011,p10,gbm_histogramas,E,213.9833333333333,208.7704385945586,207.3
chicago,2012,p10,gbm_histogramas,E,208.13333333333333,213.5120655010637,207.3
chicago,2013,p10,gbm_histogramas,E,208.6,208.6682431016393,207.3
chicago,2014,p10,gbm_histogramas,E,206.61666666666667,208.50868720389647,207.825
chicago,2015,p10,gbm_histogramas,E,207.51666666666668,206.67552514635094,207.60833333333332
chicago,2016,p10,gbm_histogramas,E,207.08333333333331,212.24089893174812,207.825
chicago,2017,p10,gbm_histogramas,E,211.21666666666667,205.02842027904484,207.3
chicago,2018,p10,gbm_histogramas,E,204.05,211.43520204891163,207.825
chicago,2019,p10,gbm_histogramas,E,198.275,206.19680058723276,207.825
chicago,2022,p10,gbm_histogramas,E,197.0233333333333,194.7014599369473,207.825
chicago,2023,p10,gbm_histogramas,E,189.16666666666663,200.1689869397153,207.825
nyc,2005,p10,gbm_histogramas,E,217.06166666666667,207.16050130069823,208.43666666666667
nyc,2006,p10,gbm_histogramas,E,208.05,205.82823038597658,209.24416666666667
nyc,2007,p10,gbm_histogramas,E,208.8,211.40793982315222,208.88083333333333
nyc,2008,p10,gbm_histogramas,E,205.88333333333333,212.56276434318298,209.24416666666667
nyc,2009,p10,gbm_histogramas,E,206.47166666666664,209.5990820019962,209.24416666666667
nyc,2010,p10,gbm_histogramas,E,208.07333333333332,209.5199818469282,209.24416666666667
nyc,2011,p10,gbm_histogramas,E,207.0283333333333,214.27284159456707,209.24416666666667
nyc,2013,p10,gbm_histogramas,E,210.60666666666668,208.40016533172513,208.43666666666667
nyc,2014,p10,gbm_histogramas,E,213.27166666666668,211.20720990325526,208.43666666666667
nyc,2015,p10,gbm_histogramas,E,214.6,209.8412526740617,208.43666666666667
nyc,2016,p10,gbm_histogramas,E,213.21666666666667,217.8782771397711,208.43666666666667
nyc,2017,p10,gbm_histogramas,E,211.06666666666663,212.289943302176,208.43666666666667
nyc,2018,p10,gbm_histogramas,E,209.68833333333333,207.04588593754815,208.43666666666667
nyc,2019,p10,gbm_histogramas,E,206.81666666666663,205.27886236753739,209.24416666666667
nyc,2022,p10,gbm_histogramas,E,218.76666666666668,206.15936063356585,208.43666666666667
nyc,2023,p10,gbm_histogramas,E,207.58333333333331,206.39983185272044,209.24416666666667
nyc,2024,p10,gbm_histogramas,E,201.9,206.87974511324754,209.24416666666667
boston,2005,p10,gbm_histogramas,E+C,194.045,188.26797090273777,187.51
boston,2006,p10,gbm_histogramas,E+C,188.60166666666663,188.9229578593137,187.51
boston,2007,p10,gbm_histogramas,E+C,191.035,184.24960792375694,187.51
boston,2008,p10,gbm_histogramas,E+C,188.58333333333331,186.10354893852013,187.51
boston,2009,p10,gbm_histogramas,E+C,187.4333333333333,184.99148802651368,188.08499999999998
boston,2010,p10,gbm_histogramas,E+C,187.58666666666667,187.13250947362152,188.00833333333333
boston,2011,p10,gbm_histogramas,E+C,186.8,185.96460646592425,188.08499999999998
boston,2012,p10,gbm_histogramas,E+C,203.03333333333333,200.94854557150916,187.51
boston,2013,p10,gbm_histogramas,E+C,181.22833333333327,188.46377616407358,188.08499999999998
boston,2014,p10,gbm_histogramas,E+C,184.78333333333333,188.0190501530854,188.08499999999998
boston,2015,p10,gbm_histogramas,E+C,180.06166666666667,186.35432471144816,188.08499999999998
boston,2016,p10,gbm_histogramas,E+C,188.6833333333333,190.0346948818283,187.51
boston,2017,p10,gbm_histogramas,E+C,189.18166666666667,199.5738815975502,187.51
boston,2018,p10,gbm_histogramas,E+C,185.35,181.73433658499386,188.08499999999998
boston,2019,p10,gbm_histogramas,E+C,180.2333333333333,187.51066012834707,188.08499999999998
chicago,2005,p10,gbm_histogramas,E+C,208.26666666666668,209.2034738008686,207.3
chicago,2006,p10,gbm_histogramas,E+C,204.55,206.556639928414,207.825
chicago,2007,p10,gbm_histogramas,E+C,230.4833333333333,216.0333325586589,207.3
chicago,2008,p10,gbm_histogramas,E+C,219.47333333333333,222.6634840666178,207.3
chicago,2009,p10,gbm_histogramas,E+C,206.08,205.48868154525408,207.825
chicago,2010,p10,gbm_histogramas,E+C,214.95,220.76941317934666,207.3
chicago,2011,p10,gbm_histogramas,E+C,213.9833333333333,212.46528585951125,207.3
chicago,2012,p10,gbm_histogramas,E+C,208.13333333333333,202.36462172055727,207.3
chicago,2013,p10,gbm_histogramas,E+C,208.6,208.20590815811613,207.3
chicago,2014,p10,gbm_histogramas,E+C,206.61666666666667,204.87165801427878,207.825
chicago,2015,p10,gbm_histogramas,E+C,207.51666666666668,209.74219876813518,207.60833333333332
chicago,2016,p10,gbm_histogramas,E+C,207.08333333333331,208.7003646681605,207.825
chicago,2017,p10,gbm_histogramas,E+C,211.21666666666667,209.95720237477562,207.3
chicago,2018,p10,gbm_histogramas,E+C,204.05,208.18710772047908,207.825
chicago,2019,p10,gbm_histogramas,E+C,198.275,202.79560883150734,207.825
chicago,2022,p10,gbm_histogramas,E+C,197.0233333333333,199.12288337846962,207.825
chicago,2023,p10,gbm_histogramas,E+C,189.16666666666663,201.36507106222155,207.825
nyc,2005,p10,gbm_histogramas,E+C,217.06166666666667,214.34340063904583,208.43666666666667
nyc,2006,p10,gbm_histogramas,E+C,208.05,210.11648952064718,209.24416666666667
nyc,2007,p10,gbm_histogramas,E+C,208.8,209.36548098352532,208.88083333333333
nyc,2008,p10,gbm_histogramas,E+C,205.88333333333333,208.44201243211702,209.24416666666667
nyc,2009,p10,gbm_histogramas,E+C,206.47166666666664,210.21594350303604,209.24416666666667
nyc,2010,p10,gbm_histogramas,E+C,208.07333333333332,209.2101791464643,209.24416666666667
nyc,2011,p10,gbm_histogramas,E+C,207.0283333333333,206.7923710001031,209.24416666666667
nyc,2013,p10,gbm_histogramas,E+C,210.60666666666668,209.7061019034451,208.43666666666667
nyc,2014,p10,gbm_histogramas,E+C,213.27166666666668,207.15490574742483,208.43666666666667
nyc,2015,p10,gbm_histogramas,E+C,214.6,208.92464161728176,208.43666666666667
nyc,2016,p10,gbm_histogramas,E+C,213.21666666666667,210.32314821900758,208.43666666666667
nyc,2017,p10,gbm_histogramas,E+C,211.06666666666663,208.27645247449766,208.43666666666667
nyc,2018,p10,gbm_histogramas,E+C,209.68833333333333,209.7851177122236,208.43666666666667
nyc,2019,p10,gbm_histogramas,E+C,206.81666666666663,199.56871414095662,209.24416666666667
nyc,2022,p10,gbm_histogramas,E+C,218.76666666666668,224.60023254052498,208.43666666666667
nyc,2023,p10,gbm_histogramas,E+C,207.58333333333331,199.37798877916052,209.24416666666667
nyc,2024,p10,gbm_histogramas,E+C,201.9,198.26760716430388,209.24416666666667
boston,2005,p10,gbm_histogramas,E+S,194.045,188.90868160450944,187.51
boston,2006,p10,gbm_histogramas,E+S,188.60166666666663,197.49498011355823,187.51
boston,2007,p10,gbm_histogramas,E+S,191.035,193.54034562283888,187.51
boston,2008,p10,gbm_histogramas,E+S,188.58333333333331,195.09578154567583,187.51
boston,2009,p10,gbm_histogramas,E+S,187.4333333333333,189.36172416394658,188.08499999999998
boston,2010,p10,gbm_histogramas,E+S,187.58666666666667,188.66444473331504,188.00833333333333
boston,2011,p10,gbm_histogramas,E+S,186.8,187.63777001454412,188.08499999999998
boston,2012,p10,gbm_histogramas,E+S,203.03333333333333,184.26837309163267,187.51
boston,2013,p10,gbm_histogramas,E+S,181.22833333333327,197.74539436260582,188.08499999999998
boston,2014,p10,gbm_histogramas,E+S,184.78333333333333,181.57303787102947,188.08499999999998
boston,2015,p10,gbm_histogramas,E+S,180.06166666666667,189.788584096175,188.08499999999998
boston,2016,p10,gbm_histogramas,E+S,188.6833333333333,187.55888857625075,187.51
boston,2017,p10,gbm_histogramas,E+S,189.18166666666667,188.30282985164337,187.51
boston,2018,p10,gbm_histogramas,E+S,185.35,184.8172999385858,188.08499999999998
boston,2019,p10,gbm_histogramas,E+S,180.2333333333333,180.53091422287974,188.08499999999998
chicago,2005,p10,gbm_histogramas,E+S,208.26666666666668,211.18401990738246,207.3
chicago,2006,p10,gbm_histogramas,E+S,204.55,213.57051788908973,207.825
chicago,2007,p10,gbm_histogramas,E+S,230.4833333333333,209.3442942267284,207.3
chicago,2008,p10,gbm_histogramas,E+S,219.47333333333333,204.18390592132494,207.3
chicago,2009,p10,gbm_histogramas,E+S,206.08,214.83410791422637,207.825
chicago,2010,p10,gbm_histogramas,E+S,214.95,206.39086285215512,207.3
chicago,2011,p10,gbm_histogramas,E+S,213.9833333333333,211.04727900209045,207.3
chicago,2012,p10,gbm_histogramas,E+S,208.13333333333333,215.07832361405744,207.3
chicago,2013,p10,gbm_histogramas,E+S,208.6,211.70573910260092,207.3
chicago,2014,p10,gbm_histogramas,E+S,206.61666666666667,207.66130432161404,207.825
chicago,2015,p10,gbm_histogramas,E+S,207.51666666666668,205.2202608200665,207.60833333333332
chicago,2016,p10,gbm_histogramas,E+S,207.08333333333331,210.35750162129605,207.825
chicago,2017,p10,gbm_histogramas,E+S,211.21666666666667,202.76755891299644,207.3
chicago,2018,p10,gbm_histogramas,E+S,204.05,208.0058883104301,207.825
chicago,2019,p10,gbm_histogramas,E+S,198.275,202.49889797514396,207.825
chicago,2022,p10,gbm_histogramas,E+S,197.0233333333333,200.64828596662662,207.825
chicago,2023,p10,gbm_histogramas,E+S,189.16666666666663,204.44223920309165,207.825
nyc,2005,p10,gbm_histogramas,E+S,217.06166666666667,207.6652089293029,208.43666666666667
nyc,2006,p10,gbm_histogramas,E+S,208.05,207.86567743504892,209.24416666666667
nyc,2007,p10,gbm_histogramas,E+S,208.8,206.72535106123914,208.88083333333333
nyc,2008,p10,gbm_histogramas,E+S,205.88333333333333,209.06345238240124,209.24416666666667
nyc,2009,p10,gbm_histogramas,E+S,206.47166666666664,205.4381224853584,209.24416666666667
nyc,2010,p10,gbm_histogramas,E+S,208.07333333333332,208.50101612219035,209.24416666666667
nyc,2011,p10,gbm_histogramas,E+S,207.0283333333333,212.41602242184607,209.24416666666667
nyc,2013,p10,gbm_histogramas,E+S,210.60666666666668,207.6837618287399,208.43666666666667
nyc,2014,p10,gbm_histogramas,E+S,213.27166666666668,212.99394100054184,208.43666666666667
nyc,2015,p10,gbm_histogramas,E+S,214.6,209.7079341372293,208.43666666666667
nyc,2016,p10,gbm_histogramas,E+S,213.21666666666667,216.02196044629733,208.43666666666667
nyc,2017,p10,gbm_histogramas,E+S,211.06666666666663,215.73967946916483,208.43666666666667
nyc,2018,p10,gbm_histogramas,E+S,209.68833333333333,208.309275365523,208.43666666666667
nyc,2019,p10,gbm_histogramas,E+S,206.81666666666663,207.19979638071723,209.24416666666667
nyc,2022,p10,gbm_histogramas,E+S,218.76666666666668,203.10734873559963,208.43666666666667
nyc,2023,p10,gbm_histogramas,E+S,207.58333333333331,202.07112513786305,209.24416666666667
nyc,2024,p10,gbm_histogramas,E+S,201.9,207.30960074882285,209.24416666666667
boston,2005,p25,ridge,E,211.6833333333333,207.0695233038361,205.15625
boston,2006,p25,ridge,E,205.53333333333333,207.28627311726999,205.17291666666665
boston,2007,p25,ridge,E,208.35,206.98907053320406,205.15625
boston,2008,p25,ridge,E,205.58333333333331,207.0075862599693,205.15625
boston,2009,p25,ridge,E,204.58333333333331,207.05995855457533,205.54999999999998
boston,2010,p25,ridge,E,204.74166666666667,206.91503136174836,205.54999999999998
boston,2011,p25,ridge,E,204.1125,206.8083760493033,205.54999999999998
boston,2012,p25,ridge,E,224.7,205.63495253960417,205.15625
boston,2013,p25,ridge,E,199.58333333333331,206.73266426670187,205.54999999999998
boston,2014,p25,ridge,E,205.56666666666663,206.20894696024345,205.15625
boston,2015,p25,ridge,E,198.63333333333333,206.5501987939401,205.54999999999998
boston,2016,p25,ridge,E,206.4333333333333,205.90151366069796,205.15625
boston,2017,p25,ridge,E,208.31666666666663,205.67303599065843,205.15625
boston,2018,p25,ridge,E,204.77916666666667,205.87098434179362,205.54999999999998
boston,2019,p25,ridge,E,200.4333333333333,205.96597197270236,205.54999999999998
chicago,2005,p25,ridge,E,231.3625,235.18891839477138,232.825
chicago,2006,p25,ridge,E,229.29583333333332,235.11030801032913,232.825
chicago,2007,p25,ridge,E,260.05,233.80378167249444,232.74166666666667
chicago,2008,p25,ridge,E,248.3,234.14690307568392,232.74166666666667
chicago,2009,p25,ridge,E,230.58333333333331,234.6207270953939,232.825
chicago,2010,p25,ridge,E,243.81666666666663,234.06576404065044,232.74166666666667
chicago,2011,p25,ridge,E,240.81666666666663,234.02873679721836,232.74166666666667
chicago,2012,p25,ridge,E,232.88333333333333,234.1123180894758,232.74166666666667
chicago,2013,p25,ridge,E,233.81666666666663,233.95946822158808,232.74166666666667
chicago,2014,p25,ridge,E,232.71666666666667,233.9105958234647,232.825
chicago,2015,p25,ridge,E,234.21666666666667,233.69576097416873,232.74166666666667
chicago,2016,p25,ridge,E,232.76666666666668,233.64147522830646,232.8
chicago,2017,p25,ridge,E,240.35,233.25683665610094,232.74166666666667
chicago,2018,p25,ridge,E,230.61666666666667,233.46783680536296,232.825
chicago,2019,p25,ridge,E,225.61666666666667,233.50345126870212,232.825
chicago,2022,p25,ridge,E,223.9,233.257636945548,232.825
chicago,2023,p25,ridge,E,215.2,233.60765979176608,232.825
nyc,2005,p25,ridge,E,243.9375,236.27068132437776,234.1833333333333
nyc,2006,p25,ridge,E,232.53333333333333,237.2778641042426,235.29999999999995
nyc,2007,p25,ridge,E,233.6833333333333,237.0753431401608,235.29999999999995
nyc,2008,p25,ridge,E,229.53333333333333,237.08711746352444,235.29999999999995
nyc,2009,p25,ridge,E,229.88333333333333,236.9234358596089,235.29999999999995
nyc,2010,p25,ridge,E,231.7083333333333,236.71127881760418,235.29999999999995
nyc,2011,p25,ridge,E,231.85,236.56978410865963,235.29999999999995
nyc,2013,p25,ridge,E,233.6,236.25709676129833,235.29999999999995
nyc,2014,p25,ridge,E,236.75,235.46020636497136,234.1833333333333
nyc,2015,p25,ridge,E,239.81666666666663,235.24144734522704,234.1833333333333
nyc,2016,p25,ridge,E,238.89166666666665,235.13241773748933,234.1833333333333
nyc,2017,p25,ridge,E,237.1833333333333,235.05898296390748,234.1833333333333
nyc,2018,p25,ridge,E,237.16666666666663,234.92449632961947,234.1833333333333
nyc,2019,p25,ridge,E,234.6833333333333,235.19214370330818,234.79999999999995
nyc,2022,p25,ridge,E,247.9958333333333,231.38259362070946,234.1833333333333
nyc,2023,p25,ridge,E,235.91666666666663,234.24716376183426,234.1833333333333
nyc,2024,p25,ridge,E,228.86666666666667,235.07613350777552,235.29999999999995
boston,2005,p25,ridge,E+C,211.6833333333333,210.34648767278554,205.15625
boston,2006,p25,ridge,E+C,205.53333333333333,206.04891615780687,205.17291666666665
boston,2007,p25,ridge,E+C,208.35,202.7232830991418,205.15625
boston,2008,p25,ridge,E+C,205.58333333333331,207.5952911029612,205.15625
boston,2009,p25,ridge,E+C,204.58333333333331,204.10508227627756,205.54999999999998
boston,2010,p25,ridge,E+C,204.74166666666667,198.6787638443557,205.54999999999998
boston,2011,p25,ridge,E+C,204.1125,205.72307530629416,205.54999999999998
boston,2012,p25,ridge,E+C,224.7,214.32747857460163,205.15625
boston,2013,p25,ridge,E+C,199.58333333333331,203.34785789661473,205.54999999999998
boston,2014,p25,ridge,E+C,205.56666666666663,205.98973248621877,205.15625
boston,2015,p25,ridge,E+C,198.63333333333333,201.4559639823095,205.54999999999998
boston,2016,p25,ridge,E+C,206.4333333333333,208.66992331258103,205.15625
boston,2017,p25,ridge,E+C,208.31666666666663,213.03690416954055,205.15625
boston,2018,p25,ridge,E+C,204.77916666666667,188.29492885106734,205.54999999999998
boston,2019,p25,ridge,E+C,200.4333333333333,210.32575512288744,205.54999999999998
chicago,2005,p25,ridge,E+C,231.3625,236.9172080869162,232.825
chicago,2006,p25,ridge,E+C,229.29583333333332,227.51494829954777,232.825
chicago,2007,p25,ridge,E+C,260.05,246.25926529828993,232.74166666666667
chicago,2008,p25,ridge,E+C,248.3,244.10179733607248,232.74166666666667
chicago,2009,p25,ridge,E+C,230.58333333333331,224.15097318480107,232.825
chicago,2010,p25,ridge,E+C,243.81666666666663,242.05557611389779,232.74166666666667
chicago,2011,p25,ridge,E+C,240.81666666666663,241.14777054385692,232.74166666666667
chicago,2012,p25,ridge,E+C,232.88333333333333,225.26886276717016,232.74166666666667
chicago,2013,p25,ridge,E+C,233.81666666666663,234.1279782988935,232.74166666666667
chicago,2014,p25,ridge,E+C,232.71666666666667,232.32874811932476,232.825
chicago,2015,p25,ridge,E+C,234.21666666666667,238.4182348622759,232.74166666666667
chicago,2016,p25,ridge,E+C,232.76666666666668,234.0410911031204,232.8
chicago,2017,p25,ridge,E+C,240.35,237.10997562582082,232.74166666666667
chicago,2018,p25,ridge,E+C,230.61666666666667,233.65863025399705,232.825
chicago,2019,p25,ridge,E+C,225.61666666666667,225.6546918849285,232.825
chicago,2022,p25,ridge,E+C,223.9,232.85746707997302,232.825
chicago,2023,p25,ridge,E+C,215.2,228.10455383508003,232.825
nyc,2005,p25,ridge,E+C,243.9375,241.89151014239803,234.1833333333333
nyc,2006,p25,ridge,E+C,232.53333333333333,232.1504271931174,235.29999999999995
nyc,2007,p25,ridge,E+C,233.6833333333333,237.85175674307692,235.29999999999995
nyc,2008,p25,ridge,E+C,229.53333333333333,234.246080874127,235.29999999999995
nyc,2009,p25,ridge,E+C,229.88333333333333,237.74793774355604,235.29999999999995
nyc,2010,p25,ridge,E+C,231.7083333333333,233.68930620599136,235.29999999999995
nyc,2011,p25,ridge,E+C,231.85,234.25702139723322,235.29999999999995
nyc,2013,p25,ridge,E+C,233.6,233.3146411184439,235.29999999999995
nyc,2014,p25,ridge,E+C,236.75,230.99056694384052,234.1833333333333
nyc,2015,p25,ridge,E+C,239.81666666666663,237.12856709105043,234.1833333333333
nyc,2016,p25,ridge,E+C,238.89166666666665,235.27684515595917,234.1833333333333
nyc,2017,p25,ridge,E+C,237.1833333333333,236.8622151537538,234.1833333333333
nyc,2018,p25,ridge,E+C,237.16666666666663,231.0405685269315,234.1833333333333
nyc,2019,p25,ridge,E+C,234.6833333333333,231.2088189405444,234.79999999999995
nyc,2022,p25,ridge,E+C,247.9958333333333,247.54111820428616,234.1833333333333
nyc,2023,p25,ridge,E+C,235.91666666666663,232.8608419685774,234.1833333333333
nyc,2024,p25,ridge,E+C,228.86666666666667,230.30466237059858,235.29999999999995
boston,2005,p25,ridge,E+S,211.6833333333333,207.70410554789933,205.15625
boston,2006,p25,ridge,E+S,205.53333333333333,207.85256613298992,205.17291666666665
boston,2007,p25,ridge,E+S,208.35,207.47933476000276,205.15625
boston,2008,p25,ridge,E+S,205.58333333333331,207.367554977255,205.15625
boston,2009,p25,ridge,E+S,204.58333333333331,207.3643602136696,205.54999999999998
boston,2010,p25,ridge,E+S,204.74166666666667,207.2432406033445,205.54999999999998
boston,2011,p25,ridge,E+S,204.1125,207.0661057250973,205.54999999999998
boston,2012,p25,ridge,E+S,224.7,205.64075367292318,205.15625
boston,2013,p25,ridge,E+S,199.58333333333331,207.09261121859402,205.54999999999998
boston,2014,p25,ridge,E+S,205.56666666666663,206.0547363611708,205.15625
boston,2015,p25,ridge,E+S,198.63333333333333,206.68957472158306,205.54999999999998
boston,2016,p25,ridge,E+S,206.4333333333333,206.03673436949165,205.15625
boston,2017,p25,ridge,E+S,208.31666666666663,205.84050976350719,205.15625
boston,2018,p25,ridge,E+S,204.77916666666667,206.0809075925004,205.54999999999998
boston,2019,p25,ridge,E+S,200.4333333333333,206.17324461210936,205.54999999999998
chicago,2005,p25,ridge,E+S,231.3625,238.26940333540074,232.825
chicago,2006,p25,ridge,E+S,229.29583333333332,251.7651758010104,232.825
chicago,2007,p25,ridge,E+S,260.05,234.01440171905458,232.74166666666667
chicago,2008,p25,ridge,E+S,248.3,234.23863914548073,232.74166666666667
chicago,2009,p25,ridge,E+S,230.58333333333331,236.74953816195804,232.825
chicago,2010,p25,ridge,E+S,243.81666666666663,233.98280002388424,232.74166666666667
chicago,2011,p25,ridge,E+S,240.81666666666663,234.01642393622194,232.74166666666667
chicago,2012,p25,ridge,E+S,232.88333333333333,234.04250238993882,232.74166666666667
chicago,2013,p25,ridge,E+S,233.81666666666663,233.87027453024353,232.74166666666667
chicago,2014,p25,ridge,E+S,232.71666666666667,233.76569001482818,232.825
chicago,2015,p25,ridge,E+S,234.21666666666667,233.6588822625338,232.74166666666667
chicago,2016,p25,ridge,E+S,232.76666666666668,233.51316064734235,232.8
chicago,2017,p25,ridge,E+S,240.35,232.85518967700244,232.74166666666667
chicago,2018,p25,ridge,E+S,230.61666666666667,233.23269885033764,232.825
chicago,2019,p25,ridge,E+S,225.61666666666667,233.30486364270928,232.825
chicago,2022,p25,ridge,E+S,223.9,233.67981625805984,232.825
chicago,2023,p25,ridge,E+S,215.2,233.44204800737702,232.825
nyc,2005,p25,ridge,E+S,243.9375,236.21377025146003,234.1833333333333
nyc,2006,p25,ridge,E+S,232.53333333333333,238.0074926359401,235.29999999999995
nyc,2007,p25,ridge,E+S,233.6833333333333,237.2724527396712,235.29999999999995
nyc,2008,p25,ridge,E+S,229.53333333333333,237.75368807399266,235.29999999999995
nyc,2009,p25,ridge,E+S,229.88333333333333,236.8161147650589,235.29999999999995
nyc,2010,p25,ridge,E+S,231.7083333333333,236.20348031061573,235.29999999999995
nyc,2011,p25,ridge,E+S,231.85,236.31524835112933,235.29999999999995
nyc,2013,p25,ridge,E+S,233.6,234.92087168520416,235.29999999999995
nyc,2014,p25,ridge,E+S,236.75,235.1686865243171,234.1833333333333
nyc,2015,p25,ridge,E+S,239.81666666666663,234.94904187141958,234.1833333333333
nyc,2016,p25,ridge,E+S,238.89166666666665,234.82184781823855,234.1833333333333
nyc,2017,p25,ridge,E+S,237.1833333333333,234.7874348901505,234.1833333333333
nyc,2018,p25,ridge,E+S,237.16666666666663,234.60074445085243,234.1833333333333
nyc,2019,p25,ridge,E+S,234.6833333333333,234.8269507013943,234.79999999999995
nyc,2022,p25,ridge,E+S,247.9958333333333,232.08978283086546,234.1833333333333
nyc,2023,p25,ridge,E+S,235.91666666666663,233.99695317406142,234.1833333333333
nyc,2024,p25,ridge,E+S,228.86666666666667,234.73805487905668,235.29999999999995
boston,2005,p25,gbm_histogramas,E,211.6833333333333,196.21493648039782,205.15625
boston,2006,p25,gbm_histogramas,E,205.53333333333333,215.28217442002483,205.17291666666665
boston,2007,p25,gbm_histogramas,E,208.35,215.37952938224862,205.15625
boston,2008,p25,gbm_histogramas,E,205.58333333333331,209.11222177880725,205.15625
boston,2009,p25,gbm_histogramas,E,204.58333333333331,202.6276472817662,205.54999999999998
boston,2010,p25,gbm_histogramas,E,204.74166666666667,207.46239499962718,205.54999999999998
boston,2011,p25,gbm_histogramas,E,204.1125,216.57188272324925,205.54999999999998
boston,2012,p25,gbm_histogramas,E,224.7,200.49709028736135,205.15625
boston,2013,p25,gbm_histogramas,E,199.58333333333331,216.74353115147733,205.54999999999998
boston,2014,p25,gbm_histogramas,E,205.56666666666663,200.26955402287655,205.15625
boston,2015,p25,gbm_histogramas,E,198.63333333333333,206.39588607509117,205.54999999999998
boston,2016,p25,gbm_histogramas,E,206.4333333333333,201.25425521617007,205.15625
boston,2017,p25,gbm_histogramas,E,208.31666666666663,217.97334863875307,205.15625
boston,2018,p25,gbm_histogramas,E,204.77916666666667,204.03469634364947,205.54999999999998
boston,2019,p25,gbm_histogramas,E,200.4333333333333,199.88980798079527,205.54999999999998
chicago,2005,p25,gbm_histogramas,E,231.3625,249.27343286576095,232.825
chicago,2006,p25,gbm_histogramas,E,229.29583333333332,234.54890781233755,232.825
chicago,2007,p25,gbm_histogramas,E,260.05,235.80162228499847,232.74166666666667
chicago,2008,p25,gbm_histogramas,E,248.3,229.22632036381015,232.74166666666667
chicago,2009,p25,gbm_histogramas,E,230.58333333333331,242.67791970100822,232.825
chicago,2010,p25,gbm_histogramas,E,243.81666666666663,232.17298124853534,232.74166666666667
chicago,2011,p25,gbm_histogramas,E,240.81666666666663,234.62317712191094,232.74166666666667
chicago,2012,p25,gbm_histogramas,E,232.88333333333333,241.97324814260145,232.74166666666667
chicago,2013,p25,gbm_histogramas,E,233.81666666666663,234.25585836698824,232.74166666666667
chicago,2014,p25,gbm_histogramas,E,232.71666666666667,233.69780018326685,232.825
chicago,2015,p25,gbm_histogramas,E,234.21666666666667,232.8453837126627,232.74166666666667
chicago,2016,p25,gbm_histogramas,E,232.76666666666668,239.14735942571454,232.8
chicago,2017,p25,gbm_histogramas,E,240.35,227.05567317107045,232.74166666666667
chicago,2018,p25,gbm_histogramas,E,230.61666666666667,239.93468988482275,232.825
chicago,2019,p25,gbm_histogramas,E,225.61666666666667,233.76493687110735,232.825
chicago,2022,p25,gbm_histogramas,E,223.9,221.61302130595212,232.825
chicago,2023,p25,gbm_histogramas,E,215.2,231.67634528123125,232.825
nyc,2005,p25,gbm_histogramas,E,243.9375,230.93992944753776,234.1833333333333
nyc,2006,p25,gbm_histogramas,E,232.53333333333333,230.8994863278786,235.29999999999995
nyc,2007,p25,gbm_histogramas,E,233.6833333333333,236.00173630430874,235.29999999999995
nyc,2008,p25,gbm_histogramas,E,229.53333333333333,238.51904663866614,235.29999999999995
nyc,2009,p25,gbm_histogramas,E,229.88333333333333,233.4956293512362,235.29999999999995
nyc,2010,p25,gbm_histogramas,E,231.7083333333333,235.16040911053062,235.29999999999995
nyc,2011,p25,gbm_histogramas,E,231.85,238.90588191422887,235.29999999999995
nyc,2013,p25,gbm_histogramas,E,233.6,233.58523060917847,235.29999999999995
nyc,2014,p25,gbm_histogramas,E,236.75,235.62903083147302,234.1833333333333
nyc,2015,p25,gbm_histogramas,E,239.81666666666663,234.31241727287681,234.1833333333333
nyc,2016,p25,gbm_histogramas,E,238.89166666666665,243.18993677526612,234.1833333333333
nyc,2017,p25,gbm_histogramas,E,237.1833333333333,239.83044692272134,234.1833333333333
nyc,2018,p25,gbm_histogramas,E,237.16666666666663,234.18506135397848,234.1833333333333
nyc,2019,p25,gbm_histogramas,E,234.6833333333333,232.2561251890632,234.79999999999995
nyc,2022,p25,gbm_histogramas,E,247.9958333333333,234.53537066062322,234.1833333333333
nyc,2023,p25,gbm_histogramas,E,235.91666666666663,234.06722951240477,234.1833333333333
nyc,2024,p25,gbm_histogramas,E,228.86666666666667,234.96421738431815,235.29999999999995
boston,2005,p25,gbm_histogramas,E+C,211.6833333333333,206.49268895162982,205.15625
boston,2006,p25,gbm_histogramas,E+C,205.53333333333333,205.29515338344424,205.17291666666665
boston,2007,p25,gbm_histogramas,E+C,208.35,202.1516023071798,205.15625
boston,2008,p25,gbm_histogramas,E+C,205.58333333333331,205.4379181422948,205.15625
boston,2009,p25,gbm_histogramas,E+C,204.58333333333331,201.66367748044732,205.54999999999998
boston,2010,p25,gbm_histogramas,E+C,204.74166666666667,204.0876423524968,205.54999999999998
boston,2011,p25,gbm_histogramas,E+C,204.1125,204.31363575651767,205.54999999999998
boston,2012,p25,gbm_histogramas,E+C,224.7,224.3421553718008,205.15625
boston,2013,p25,gbm_histogramas,E+C,199.58333333333331,205.47108240488177,205.54999999999998
boston,2014,p25,gbm_histogramas,E+C,205.56666666666663,207.2006186337346,205.15625
boston,2015,p25,gbm_histogramas,E+C,198.63333333333333,205.84759958152966,205.54999999999998
boston,2016,p25,gbm_histogramas,E+C,206.4333333333333,208.11973310991976,205.15625
boston,2017,p25,gbm_histogramas,E+C,208.31666666666663,216.43722819792305,205.15625
boston,2018,p25,gbm_histogramas,E+C,204.77916666666667,199.16400025775525,205.54999999999998
boston,2019,p25,gbm_histogramas,E+C,200.4333333333333,210.0914870629374,205.54999999999998
chicago,2005,p25,gbm_histogramas,E+C,231.3625,232.83988619197623,232.825
chicago,2006,p25,gbm_histogramas,E+C,229.29583333333332,229.88341031353812,232.825
chicago,2007,p25,gbm_histogramas,E+C,260.05,247.1312253340119,232.74166666666667
chicago,2008,p25,gbm_histogramas,E+C,248.3,251.37793402057062,232.74166666666667
chicago,2009,p25,gbm_histogramas,E+C,230.58333333333331,229.12547832565699,232.825
chicago,2010,p25,gbm_histogramas,E+C,243.81666666666663,250.3758897900173,232.74166666666667
chicago,2011,p25,gbm_histogramas,E+C,240.81666666666663,239.81843737975808,232.74166666666667
chicago,2012,p25,gbm_histogramas,E+C,232.88333333333333,226.2936267656586,232.74166666666667
chicago,2013,p25,gbm_histogramas,E+C,233.81666666666663,233.2969652498639,232.74166666666667
chicago,2014,p25,gbm_histogramas,E+C,232.71666666666667,231.79866802306984,232.825
chicago,2015,p25,gbm_histogramas,E+C,234.21666666666667,234.78601615495307,232.74166666666667
chicago,2016,p25,gbm_histogramas,E+C,232.76666666666668,233.87791285484226,232.8
chicago,2017,p25,gbm_histogramas,E+C,240.35,237.31071782378203,232.74166666666667
chicago,2018,p25,gbm_histogramas,E+C,230.61666666666667,229.69346481473093,232.825
chicago,2019,p25,gbm_histogramas,E+C,225.61666666666667,226.73926269253573,232.825
chicago,2022,p25,gbm_histogramas,E+C,223.9,227.47421669842365,232.825
chicago,2023,p25,gbm_histogramas,E+C,215.2,229.16297593511547,232.825
nyc,2005,p25,gbm_histogramas,E+C,243.9375,239.5222430439672,234.1833333333333
nyc,2006,p25,gbm_histogramas,E+C,232.53333333333333,236.1538831495573,235.29999999999995
nyc,2007,p25,gbm_histogramas,E+C,233.6833333333333,235.24794729022702,235.29999999999995
nyc,2008,p25,gbm_histogramas,E+C,229.53333333333333,233.40664635228612,235.29999999999995
nyc,2009,p25,gbm_histogramas,E+C,229.88333333333333,235.91193701477982,235.29999999999995
nyc,2010,p25,gbm_histogramas,E+C,231.7083333333333,231.05970646178028,235.29999999999995
nyc,2011,p25,gbm_histogramas,E+C,231.85,234.4227736549785,235.29999999999995
nyc,2013,p25,gbm_histogramas,E+C,233.6,232.36779062757523,235.29999999999995
nyc,2014,p25,gbm_histogramas,E+C,236.75,232.17593758627513,234.1833333333333
nyc,2015,p25,gbm_histogramas,E+C,239.81666666666663,234.71333435285308,234.1833333333333
nyc,2016,p25,gbm_histogramas,E+C,238.89166666666665,233.7874575479662,234.1833333333333
nyc,2017,p25,gbm_histogramas,E+C,237.1833333333333,235.79520300318686,234.1833333333333
nyc,2018,p25,gbm_histogramas,E+C,237.16666666666663,233.53901041527158,234.1833333333333
nyc,2019,p25,gbm_histogramas,E+C,234.6833333333333,225.89032800169002,234.79999999999995
nyc,2022,p25,gbm_histogramas,E+C,247.9958333333333,252.43859836782156,234.1833333333333
nyc,2023,p25,gbm_histogramas,E+C,235.91666666666663,227.7502672480943,234.1833333333333
nyc,2024,p25,gbm_histogramas,E+C,228.86666666666667,226.73209297511397,235.29999999999995
boston,2005,p25,gbm_histogramas,E+S,211.6833333333333,200.59384611932646,205.15625
boston,2006,p25,gbm_histogramas,E+S,205.53333333333333,221.10934570716736,205.17291666666665
boston,2007,p25,gbm_histogramas,E+S,208.35,214.28010548896356,205.15625
boston,2008,p25,gbm_histogramas,E+S,205.58333333333331,211.71080277353616,205.15625
boston,2009,p25,gbm_histogramas,E+S,204.58333333333331,204.9548337318747,205.54999999999998
boston,2010,p25,gbm_histogramas,E+S,204.74166666666667,207.35957631320682,205.54999999999998
boston,2011,p25,gbm_histogramas,E+S,204.1125,205.84003765500964,205.54999999999998
boston,2012,p25,gbm_histogramas,E+S,224.7,200.08424433591523,205.15625
boston,2013,p25,gbm_histogramas,E+S,199.58333333333331,218.39493781194733,205.54999999999998
boston,2014,p25,gbm_histogramas,E+S,205.56666666666663,200.28839283096204,205.15625
boston,2015,p25,gbm_histogramas,E+S,198.63333333333333,209.7051647634224,205.54999999999998
boston,2016,p25,gbm_histogramas,E+S,206.4333333333333,206.18573067404324,205.15625
boston,2017,p25,gbm_histogramas,E+S,208.31666666666663,206.9499851761354,205.15625
boston,2018,p25,gbm_histogramas,E+S,204.77916666666667,200.8489647094043,205.54999999999998
boston,2019,p25,gbm_histogramas,E+S,200.4333333333333,202.55411550419052,205.54999999999998
chicago,2005,p25,gbm_histogramas,E+S,231.3625,239.25449275651184,232.825
chicago,2006,p25,gbm_histogramas,E+S,229.29583333333332,237.9852799053679,232.825
chicago,2007,p25,gbm_histogramas,E+S,260.05,236.11650752376093,232.74166666666667
chicago,2008,p25,gbm_histogramas,E+S,248.3,229.89990911289084,232.74166666666667
chicago,2009,p25,gbm_histogramas,E+S,230.58333333333331,243.06962302444884,232.825
chicago,2010,p25,gbm_histogramas,E+S,243.81666666666663,231.5430260393786,232.74166666666667
chicago,2011,p25,gbm_histogramas,E+S,240.81666666666663,236.16775564016532,232.74166666666667
chicago,2012,p25,gbm_histogramas,E+S,232.88333333333333,243.1085608380371,232.74166666666667
chicago,2013,p25,gbm_histogramas,E+S,233.81666666666663,238.85654711781152,232.74166666666667
chicago,2014,p25,gbm_histogramas,E+S,232.71666666666667,232.98040534512572,232.825
chicago,2015,p25,gbm_histogramas,E+S,234.21666666666667,232.58026828372056,232.74166666666667
chicago,2016,p25,gbm_histogramas,E+S,232.76666666666668,234.8865120308899,232.8
chicago,2017,p25,gbm_histogramas,E+S,240.35,228.77228706348689,232.74166666666667
chicago,2018,p25,gbm_histogramas,E+S,230.61666666666667,236.39667204640546,232.825
chicago,2019,p25,gbm_histogramas,E+S,225.61666666666667,226.7573634546924,232.825
chicago,2022,p25,gbm_histogramas,E+S,223.9,228.0798168077914,232.825
chicago,2023,p25,gbm_histogramas,E+S,215.2,233.54121885737402,232.825
nyc,2005,p25,gbm_histogramas,E+S,243.9375,231.33079404243517,234.1833333333333
nyc,2006,p25,gbm_histogramas,E+S,232.53333333333333,234.20303024609126,235.29999999999995
nyc,2007,p25,gbm_histogramas,E+S,233.6833333333333,230.49916773850316,235.29999999999995
nyc,2008,p25,gbm_histogramas,E+S,229.53333333333333,234.4745252104072,235.29999999999995
nyc,2009,p25,gbm_histogramas,E+S,229.88333333333333,228.6559839916071,235.29999999999995
nyc,2010,p25,gbm_histogramas,E+S,231.7083333333333,233.07440520757126,235.29999999999995
nyc,2011,p25,gbm_histogramas,E+S,231.85,236.62842082828718,235.29999999999995
nyc,2013,p25,gbm_histogramas,E+S,233.6,232.69916397202962,235.29999999999995
nyc,2014,p25,gbm_histogramas,E+S,236.75,236.4525853495662,234.1833333333333
nyc,2015,p25,gbm_histogramas,E+S,239.81666666666663,234.22313661836685,234.1833333333333
nyc,2016,p25,gbm_histogramas,E+S,238.89166666666665,240.7600745993382,234.1833333333333
nyc,2017,p25,gbm_histogramas,E+S,237.1833333333333,239.95037953876096,234.1833333333333
nyc,2018,p25,gbm_histogramas,E+S,237.16666666666663,235.67593424624965,234.1833333333333
nyc,2019,p25,gbm_histogramas,E+S,234.6833333333333,233.152918148259,234.79999999999995
nyc,2022,p25,gbm_histogramas,E+S,247.9958333333333,232.02080579206444,234.1833333333333
nyc,2023,p25,gbm_histogramas,E+S,235.91666666666663,229.68173965003655,234.1833333333333
nyc,2024,p25,gbm_histogramas,E+S,228.86666666666667,235.59359049309782,235.29999999999995
boston,2005,p50,ridge,E,233.05,227.9765880759078,225.89583333333331
boston,2006,p50,ridge,E,224.78333333333333,228.883655036443,227.14999999999998
boston,2007,p50,ridge,E,228.66666666666663,228.14254938534233,225.89583333333331
boston,2008,p50,ridge,E,226.21666666666667,228.67994279326015,226.82916666666665
boston,2009,p50,ridge,E,224.08333333333331,228.84166849354955,227.14999999999998
boston,2010,p50,ridge,E,224.28333333333333,228.78400546805622,227.14999999999998
boston,2011,p50,ridge,E,224.9833333333333,228.70792725695622,227.14999999999998
boston,2012,p50,ridge,E,251.06666666666663,227.050198674183,225.89583333333331
boston,2013,p50,ridge,E,220.88333333333333,228.7856836958516,227.14999999999998
boston,2014,p50,ridge,E,232.2333333333333,227.85502775403586,225.89583333333331
boston,2015,p50,ridge,E,219.66666666666663,228.87737964129755,227.14999999999998
boston,2016,p50,ridge,E,228.08333333333331,227.95357659086355,225.89583333333331
boston,2017,p50,ridge,E,231.65833333333333,227.71865981233898,225.89583333333331
boston,2018,p50,ridge,E,228.6,227.8170428558397,225.89583333333331
boston,2019,p50,ridge,E,225.575,228.45657534641333,227.14999999999998
chicago,2005,p50,ridge,E,262.85,269.54312660190817,267.4583333333333
chicago,2006,p50,ridge,E,261.05,269.37160511173425,267.4583333333333
chicago,2007,p50,ridge,E,295.01666666666665,268.28757316845326,267.425
chicago,2008,p50,ridge,E,283.7,268.6378426254989,267.425
chicago,2009,p50,ridge,E,263.43333333333334,269.28944769398856,267.4583333333333
chicago,2010,p50,ridge,E,280.64166666666665,268.7658498409536,267.425
chicago,2011,p50,ridge,E,277.875,268.83910988604254,267.425
chicago,2012,p50,ridge,E,267.4,269.1236028913833,267.4583333333333
chicago,2013,p50,ridge,E,267.43333333333334,269.016083072407,267.45
chicago,2014,p50,ridge,E,267.4166666666667,269.00795987526107,267.4583333333333
chicago,2015,p50,ridge,E,270.75,268.8892414363573,267.425
chicago,2016,p50,ridge,E,268.3833333333333,268.93697173624287,267.425
chicago,2017,p50,ridge,E,282.71666666666664,268.51813985072806,267.425
chicago,2018,p50,ridge,E,267.4833333333333,268.9537670110165,267.425
chicago,2019,p50,ridge,E,262.1083333333333,269.0380076767464,267.4583333333333
chicago,2022,p50,ridge,E,261.76666666666665,269.1034684523011,267.4583333333333
chicago,2023,p50,ridge,E,251.6833333333333,269.6444147404113,267.4583333333333
nyc,2005,p50,ridge,E,278.55,267.7286846610777,265.7583333333333
nyc,2006,p50,ridge,E,262.28333333333336,269.96724120619155,268.5333333333333
nyc,2007,p50,ridge,E,263.65,269.8626406694705,268.5333333333333
nyc,2008,p50,ridge,E,259.25,269.99056208431875,268.5333333333333
nyc,2009,p50,ridge,E,259.05,269.96137756234236,268.5333333333333
nyc,2010,p50,ridge,E,261.3333333333333,269.7693325171107,268.5333333333333
nyc,2011,p50,ridge,E,262.71666666666664,269.6912748642072,268.5333333333333
nyc,2013,p50,ridge,E,262.3333333333333,269.6696712788951,268.5333333333333
nyc,2014,p50,ridge,E,267.8666666666667,268.39768636819673,266.42499999999995
nyc,2015,p50,ridge,E,273.1333333333333,267.8751242303845,265.7583333333333
nyc,2016,p50,ridge,E,271.46666666666664,267.8722468083549,265.7583333333333
nyc,2017,p50,ridge,E,270.45,267.886369631584,265.7583333333333
nyc,2018,p50,ridge,E,272.03333333333336,267.8032075970361,265.7583333333333
nyc,2019,p50,ridge,E,269.2,267.8798062184173,265.7583333333333
nyc,2022,p50,ridge,E,284.75,266.97463797909825,265.7583333333333
nyc,2023,p50,ridge,E,272.78333333333336,267.5444431940355,265.7583333333333
nyc,2024,p50,ridge,E,263.55,269.44571563736935,268.5333333333333
boston,2005,p50,ridge,E+C,233.05,229.33942531662714,225.89583333333331
boston,2006,p50,ridge,E+C,224.78333333333333,225.84193923550305,227.14999999999998
boston,2007,p50,ridge,E+C,228.66666666666663,224.10053737714748,225.89583333333331
boston,2008,p50,ridge,E+C,226.21666666666667,229.027082795146,226.82916666666665
boston,2009,p50,ridge,E+C,224.08333333333331,224.34552468740128,227.14999999999998
boston,2010,p50,ridge,E+C,224.28333333333333,224.53082387182366,227.14999999999998
boston,2011,p50,ridge,E+C,224.9833333333333,227.41124131977068,227.14999999999998
boston,2012,p50,ridge,E+C,251.06666666666663,236.7954773494946,225.89583333333331
boston,2013,p50,ridge,E+C,220.88333333333333,226.09056735317932,227.14999999999998
boston,2014,p50,ridge,E+C,232.2333333333333,228.80269533856745,225.89583333333331
boston,2015,p50,ridge,E+C,219.66666666666663,224.35047954224612,227.14999999999998
boston,2016,p50,ridge,E+C,228.08333333333331,229.30751336226874,225.89583333333331
boston,2017,p50,ridge,E+C,231.65833333333333,233.2155549143286,225.89583333333331
boston,2018,p50,ridge,E+C,228.6,216.46719067632077,225.89583333333331
boston,2019,p50,ridge,E+C,225.575,234.01719912688222,227.14999999999998
chicago,2005,p50,ridge,E+C,262.85,268.89398008601137,267.4583333333333
chicago,2006,p50,ridge,E+C,261.05,259.0739255767064,267.4583333333333
chicago,2007,p50,ridge,E+C,295.01666666666665,284.642969751678,267.425
chicago,2008,p50,ridge,E+C,283.7,278.7049974393402,267.425
chicago,2009,p50,ridge,E+C,263.43333333333334,259.1229039572255,267.4583333333333
chicago,2010,p50,ridge,E+C,280.64166666666665,277.7748503397276,267.425
chicago,2011,p50,ridge,E+C,277.875,277.3155389503153,267.425
chicago,2012,p50,ridge,E+C,267.4,261.0615469462114,267.4583333333333
chicago,2013,p50,ridge,E+C,267.43333333333334,268.901721441721,267.45
chicago,2014,p50,ridge,E+C,267.4166666666667,269.12118663077246,267.4583333333333
chicago,2015,p50,ridge,E+C,270.75,274.87365504933086,267.425
chicago,2016,p50,ridge,E+C,268.3833333333333,270.0779575699322,267.425
chicago,2017,p50,ridge,E+C,282.71666666666664,274.9145184571217,267.425
chicago,2018,p50,ridge,E+C,267.4833333333333,269.5294874061089,267.425
chicago,2019,p50,ridge,E+C,262.1083333333333,263.47332649643346,267.4583333333333
chicago,2022,p50,ridge,E+C,261.76666666666665,270.72386296175614,267.4583333333333
chicago,2023,p50,ridge,E+C,251.6833333333333,266.23907956507435,267.4583333333333
nyc,2005,p50,ridge,E+C,278.55,272.62279069078943,265.7583333333333
nyc,2006,p50,ridge,E+C,262.28333333333336,264.6391654755119,268.5333333333333
nyc,2007,p50,ridge,E+C,263.65,268.43870344347323,268.5333333333333
nyc,2008,p50,ridge,E+C,259.25,264.62417340624864,268.5333333333333
nyc,2009,p50,ridge,E+C,259.05,268.34170642828263,268.5333333333333
nyc,2010,p50,ridge,E+C,261.3333333333333,264.61512249423544,268.5333333333333
nyc,2011,p50,ridge,E+C,262.71666666666664,267.5911366456724,268.5333333333333
nyc,2013,p50,ridge,E+C,262.3333333333333,264.9260952127333,268.5333333333333
nyc,2014,p50,ridge,E+C,267.8666666666667,260.74228199551294,266.42499999999995
nyc,2015,p50,ridge,E+C,273.1333333333333,270.3920016581231,265.7583333333333
nyc,2016,p50,ridge,E+C,271.46666666666664,265.9627855076591,265.7583333333333
nyc,2017,p50,ridge,E+C,270.45,269.97504014135114,265.7583333333333
nyc,2018,p50,ridge,E+C,272.03333333333336,265.3806152995684,265.7583333333333
nyc,2019,p50,ridge,E+C,269.2,264.7952069357835,265.7583333333333
nyc,2022,p50,ridge,E+C,284.75,278.353329414791,265.7583333333333
nyc,2023,p50,ridge,E+C,272.78333333333336,269.4782545588968,265.7583333333333
nyc,2024,p50,ridge,E+C,263.55,265.8355894245358,268.5333333333333
boston,2005,p50,ridge,E+S,233.05,228.256197124626,225.89583333333331
boston,2006,p50,ridge,E+S,224.78333333333333,229.09849201710733,227.14999999999998
boston,2007,p50,ridge,E+S,228.66666666666663,228.40526919450008,225.89583333333331
boston,2008,p50,ridge,E+S,226.21666666666667,228.8784566028673,226.82916666666665
boston,2009,p50,ridge,E+S,224.08333333333331,228.9854183296133,227.14999999999998
boston,2010,p50,ridge,E+S,224.28333333333333,229.08028649691965,227.14999999999998
boston,2011,p50,ridge,E+S,224.9833333333333,228.93509633533264,227.14999999999998
boston,2012,p50,ridge,E+S,251.06666666666663,227.26179169446135,225.89583333333331
boston,2013,p50,ridge,E+S,220.88333333333333,229.14983580997605,227.14999999999998
boston,2014,p50,ridge,E+S,232.2333333333333,227.9101095384441,225.89583333333331
boston,2015,p50,ridge,E+S,219.66666666666663,229.2590698989465,227.14999999999998
boston,2016,p50,ridge,E+S,228.08333333333331,228.3958783108121,225.89583333333331
boston,2017,p50,ridge,E+S,231.65833333333333,228.13549055608866,225.89583333333331
boston,2018,p50,ridge,E+S,228.6,228.260642830679,225.89583333333331
boston,2019,p50,ridge,E+S,225.575,228.8061293263613,227.14999999999998
chicago,2005,p50,ridge,E+S,262.85,269.8860643907212,267.4583333333333
chicago,2006,p50,ridge,E+S,261.05,280.36232250755745,267.4583333333333
chicago,2007,p50,ridge,E+S,295.01666666666665,268.38674817861136,267.425
chicago,2008,p50,ridge,E+S,283.7,269.00721199180487,267.425
chicago,2009,p50,ridge,E+S,263.43333333333334,269.60273856770925,267.4583333333333
chicago,2010,p50,ridge,E+S,280.64166666666665,269.0187421617655,267.425
chicago,2011,p50,ridge,E+S,277.875,268.98573786798386,267.425
chicago,2012,p50,ridge,E+S,267.4,269.36238887470364,267.4583333333333
chicago,2013,p50,ridge,E+S,267.43333333333334,269.22592902868917,267.45
chicago,2014,p50,ridge,E+S,267.4166666666667,269.2053296189631,267.4583333333333
chicago,2015,p50,ridge,E+S,270.75,269.2591242607753,267.425
chicago,2016,p50,ridge,E+S,268.3833333333333,269.1475429672026,267.425
chicago,2017,p50,ridge,E+S,282.71666666666664,268.6412471305566,267.425
chicago,2018,p50,ridge,E+S,267.4833333333333,269.07100162070896,267.425
chicago,2019,p50,ridge,E+S,262.1083333333333,269.20247507001085,267.4583333333333
chicago,2022,p50,ridge,E+S,261.76666666666665,269.50195328816295,267.4583333333333
chicago,2023,p50,ridge,E+S,251.6833333333333,269.7777700784064,267.4583333333333
nyc,2005,p50,ridge,E+S,278.55,266.9434833960543,265.7583333333333
nyc,2006,p50,ridge,E+S,262.28333333333336,269.1446762330726,268.5333333333333
nyc,2007,p50,ridge,E+S,263.65,268.9381243931758,268.5333333333333
nyc,2008,p50,ridge,E+S,259.25,269.3407329044547,268.5333333333333
nyc,2009,p50,ridge,E+S,259.05,269.18338206223314,268.5333333333333
nyc,2010,p50,ridge,E+S,261.3333333333333,269.0115697790329,268.5333333333333
nyc,2011,p50,ridge,E+S,262.71666666666664,268.9000855347318,268.5333333333333
nyc,2013,p50,ridge,E+S,262.3333333333333,269.02102031972817,268.5333333333333
nyc,2014,p50,ridge,E+S,267.8666666666667,268.0271618462271,266.42499999999995
nyc,2015,p50,ridge,E+S,273.1333333333333,267.6265907206731,265.7583333333333
nyc,2016,p50,ridge,E+S,271.46666666666664,267.61276276105946,265.7583333333333
nyc,2017,p50,ridge,E+S,270.45,267.62453567507276,265.7583333333333
nyc,2018,p50,ridge,E+S,272.03333333333336,267.5051419098917,265.7583333333333
nyc,2019,p50,ridge,E+S,269.2,267.6027440577964,265.7583333333333
nyc,2022,p50,ridge,E+S,284.75,266.9138978627199,265.7583333333333
nyc,2023,p50,ridge,E+S,272.78333333333336,267.42831427217266,265.7583333333333
nyc,2024,p50,ridge,E+S,263.55,269.20852372851914,268.5333333333333
boston,2005,p50,gbm_histogramas,E,233.05,217.31037377201227,225.89583333333331
boston,2006,p50,gbm_histogramas,E,224.78333333333333,235.46637356994012,227.14999999999998
boston,2007,p50,gbm_histogramas,E,228.66666666666663,233.59781170761062,225.89583333333331
boston,2008,p50,gbm_histogramas,E,226.21666666666667,231.5476986329151,226.82916666666665
boston,2009,p50,gbm_histogramas,E,224.08333333333331,220.72829901161214,227.14999999999998
boston,2010,p50,gbm_histogramas,E,224.28333333333333,228.15434164537803,227.14999999999998
boston,2011,p50,gbm_histogramas,E,224.9833333333333,242.36556248888195,227.14999999999998
boston,2012,p50,gbm_histogramas,E,251.06666666666663,220.88495916956236,225.89583333333331
boston,2013,p50,gbm_histogramas,E,220.88333333333333,243.01745479667298,227.14999999999998
boston,2014,p50,gbm_histogramas,E,232.2333333333333,223.26559153175546,225.89583333333331
boston,2015,p50,gbm_histogramas,E,219.66666666666663,231.45431036832088,227.14999999999998
boston,2016,p50,gbm_histogramas,E,228.08333333333331,222.38777693782544,225.89583333333331
boston,2017,p50,gbm_histogramas,E,231.65833333333333,240.13521028052614,225.89583333333331
boston,2018,p50,gbm_histogramas,E,228.6,227.28651816918492,225.89583333333331
boston,2019,p50,gbm_histogramas,E,225.575,225.24772638795656,227.14999999999998
chicago,2005,p50,gbm_histogramas,E,262.85,286.16015838865496,267.4583333333333
chicago,2006,p50,gbm_histogramas,E,261.05,268.7140831492358,267.4583333333333
chicago,2007,p50,gbm_histogramas,E,295.01666666666665,269.7698198809718,267.425
chicago,2008,p50,gbm_histogramas,E,283.7,260.9557563795026,267.425
chicago,2009,p50,gbm_histogramas,E,263.43333333333334,278.2378179653397,267.4583333333333
chicago,2010,p50,gbm_histogramas,E,280.64166666666665,265.86815945023795,267.425
chicago,2011,p50,gbm_histogramas,E,277.875,272.92695290962433,267.425
chicago,2012,p50,gbm_histogramas,E,267.4,279.9651777514173,267.4583333333333
chicago,2013,p50,gbm_histogramas,E,267.43333333333334,270.20516883843885,267.45
chicago,2014,p50,gbm_histogramas,E,267.4166666666667,269.7871907849334,267.4583333333333
chicago,2015,p50,gbm_histogramas,E,270.75,266.7957447635975,267.425
chicago,2016,p50,gbm_histogramas,E,268.3833333333333,276.9779784828598,267.425
chicago,2017,p50,gbm_histogramas,E,282.71666666666664,260.97140442655024,267.425
chicago,2018,p50,gbm_histogramas,E,267.4833333333333,279.64284857087443,267.425
chicago,2019,p50,gbm_histogramas,E,262.1083333333333,268.11495648329003,267.4583333333333
chicago,2022,p50,gbm_histogramas,E,261.76666666666665,256.32872845469524,267.4583333333333
chicago,2023,p50,gbm_histogramas,E,251.6833333333333,270.12404153359853,267.4583333333333
nyc,2005,p50,gbm_histogramas,E,278.55,261.207308952607,265.7583333333333
nyc,2006,p50,gbm_histogramas,E,262.28333333333336,262.7006986118403,268.5333333333333
nyc,2007,p50,gbm_histogramas,E,263.65,266.8494345182284,268.5333333333333
nyc,2008,p50,gbm_histogramas,E,259.25,267.9580918811002,268.5333333333333
nyc,2009,p50,gbm_histogramas,E,259.05,264.729704927473,268.5333333333333
nyc,2010,p50,gbm_histogramas,E,261.3333333333333,265.45399342588865,268.5333333333333
nyc,2011,p50,gbm_histogramas,E,262.71666666666664,269.3973234240595,268.5333333333333
nyc,2013,p50,gbm_histogramas,E,262.3333333333333,262.70685092237846,268.5333333333333
nyc,2014,p50,gbm_histogramas,E,267.8666666666667,266.14495625415213,266.42499999999995
nyc,2015,p50,gbm_histogramas,E,273.1333333333333,265.90543052145483,265.7583333333333
nyc,2016,p50,gbm_histogramas,E,271.46666666666664,276.87542324899096,265.7583333333333
nyc,2017,p50,gbm_histogramas,E,270.45,278.5590664293777,265.7583333333333
nyc,2018,p50,gbm_histogramas,E,272.03333333333336,268.32184073362924,265.7583333333333
nyc,2019,p50,gbm_histogramas,E,269.2,266.6665866431707,265.7583333333333
nyc,2022,p50,gbm_histogramas,E,284.75,271.713211243473,265.7583333333333
nyc,2023,p50,gbm_histogramas,E,272.78333333333336,265.67479846584297,265.7583333333333
nyc,2024,p50,gbm_histogramas,E,263.55,269.7233328168509,268.5333333333333
boston,2005,p50,gbm_histogramas,E+C,233.05,227.78979834326404,225.89583333333331
boston,2006,p50,gbm_histogramas,E+C,224.78333333333333,221.95800836235549,227.14999999999998
boston,2007,p50,gbm_histogramas,E+C,228.66666666666663,222.6327050924331,225.89583333333331
boston,2008,p50,gbm_histogramas,E+C,226.21666666666667,226.975331695552,226.82916666666665
boston,2009,p50,gbm_histogramas,E+C,224.08333333333331,222.6561055321691,227.14999999999998
boston,2010,p50,gbm_histogramas,E+C,224.28333333333333,225.02771033502347,227.14999999999998
boston,2011,p50,gbm_histogramas,E+C,224.9833333333333,223.41302396432314,227.14999999999998
boston,2012,p50,gbm_histogramas,E+C,251.06666666666663,245.8138448990825,225.89583333333331
boston,2013,p50,gbm_histogramas,E+C,220.88333333333333,225.4433814763802,227.14999999999998
boston,2014,p50,gbm_histogramas,E+C,232.2333333333333,229.43776780433112,225.89583333333331
boston,2015,p50,gbm_histogramas,E+C,219.66666666666663,226.85536287895752,227.14999999999998
boston,2016,p50,gbm_histogramas,E+C,228.08333333333331,230.94943188171825,225.89583333333331
boston,2017,p50,gbm_histogramas,E+C,231.65833333333333,232.86367123257878,225.89583333333331
boston,2018,p50,gbm_histogramas,E+C,228.6,221.78419011452843,225.89583333333331
boston,2019,p50,gbm_histogramas,E+C,225.575,232.5081714702245,227.14999999999998
chicago,2005,p50,gbm_histogramas,E+C,262.85,264.1469365428612,267.4583333333333
chicago,2006,p50,gbm_histogramas,E+C,261.05,262.57230256742315,267.4583333333333
chicago,2007,p50,gbm_histogramas,E+C,295.01666666666665,285.21144929041,267.425
chicago,2008,p50,gbm_histogramas,E+C,283.7,287.2683730930844,267.425
chicago,2009,p50,gbm_histogramas,E+C,263.43333333333334,262.1401900230436,267.4583333333333
chicago,2010,p50,gbm_histogramas,E+C,280.64166666666665,284.7047272970858,267.425
chicago,2011,p50,gbm_histogramas,E+C,277.875,279.3111842549438,267.425
chicago,2012,p50,gbm_histogramas,E+C,267.4,261.7831025658816,267.4583333333333
chicago,2013,p50,gbm_histogramas,E+C,267.43333333333334,269.8552073298408,267.45
chicago,2014,p50,gbm_histogramas,E+C,267.4166666666667,264.88699805166954,267.4583333333333
chicago,2015,p50,gbm_histogramas,E+C,270.75,271.27194713410967,267.425
chicago,2016,p50,gbm_histogramas,E+C,268.3833333333333,267.9216864424596,267.425
chicago,2017,p50,gbm_histogramas,E+C,282.71666666666664,276.53999240740706,267.425
chicago,2018,p50,gbm_histogramas,E+C,267.4833333333333,267.43681634722003,267.425
chicago,2019,p50,gbm_histogramas,E+C,262.1083333333333,264.18495960345984,267.4583333333333
chicago,2022,p50,gbm_histogramas,E+C,261.76666666666665,270.35027249223276,267.4583333333333
chicago,2023,p50,gbm_histogramas,E+C,251.6833333333333,264.9050010522184,267.4583333333333
nyc,2005,p50,gbm_histogramas,E+C,278.55,270.02592016023306,265.7583333333333
nyc,2006,p50,gbm_histogramas,E+C,262.28333333333336,267.70086910115947,268.5333333333333
nyc,2007,p50,gbm_histogramas,E+C,263.65,267.2530861091459,268.5333333333333
nyc,2008,p50,gbm_histogramas,E+C,259.25,264.45785978758573,268.5333333333333
nyc,2009,p50,gbm_histogramas,E+C,259.05,265.5658483595931,268.5333333333333
nyc,2010,p50,gbm_histogramas,E+C,261.3333333333333,262.1722695299671,268.5333333333333
nyc,2011,p50,gbm_histogramas,E+C,262.71666666666664,267.75365923709063,268.5333333333333
nyc,2013,p50,gbm_histogramas,E+C,262.3333333333333,263.42725930813907,268.5333333333333
nyc,2014,p50,gbm_histogramas,E+C,267.8666666666667,265.45523705879106,266.42499999999995
nyc,2015,p50,gbm_histogramas,E+C,273.1333333333333,266.4270061843011,265.7583333333333
nyc,2016,p50,gbm_histogramas,E+C,271.46666666666664,265.7087342976863,265.7583333333333
nyc,2017,p50,gbm_histogramas,E+C,270.45,272.4500785233771,265.7583333333333
nyc,2018,p50,gbm_histogramas,E+C,272.03333333333336,264.9891845994076,265.7583333333333
nyc,2019,p50,gbm_histogramas,E+C,269.2,259.3959357225306,265.7583333333333
nyc,2022,p50,gbm_histogramas,E+C,284.75,289.02765233258,265.7583333333333
nyc,2023,p50,gbm_histogramas,E+C,272.78333333333336,267.0585462696025,265.7583333333333
nyc,2024,p50,gbm_histogramas,E+C,263.55,262.86510484235595,268.5333333333333
boston,2005,p50,gbm_histogramas,E+S,233.05,221.20199520438095,225.89583333333331
boston,2006,p50,gbm_histogramas,E+S,224.78333333333333,241.29523023934476,227.14999999999998
boston,2007,p50,gbm_histogramas,E+S,228.66666666666663,234.29460471937415,225.89583333333331
boston,2008,p50,gbm_histogramas,E+S,226.21666666666667,233.86318566241977,226.82916666666665
boston,2009,p50,gbm_histogramas,E+S,224.08333333333331,224.35326011660442,227.14999999999998
boston,2010,p50,gbm_histogramas,E+S,224.28333333333333,231.08913003459045,227.14999999999998
boston,2011,p50,gbm_histogramas,E+S,224.9833333333333,231.29587514719168,227.14999999999998
boston,2012,p50,gbm_histogramas,E+S,251.06666666666663,220.4691785846821,225.89583333333331
boston,2013,p50,gbm_histogramas,E+S,220.88333333333333,240.98018160778338,227.14999999999998
boston,2014,p50,gbm_histogramas,E+S,232.2333333333333,220.376975890609,225.89583333333331
boston,2015,p50,gbm_histogramas,E+S,219.66666666666663,228.49751602348715,227.14999999999998
boston,2016,p50,gbm_histogramas,E+S,228.08333333333331,226.4716630664841,225.89583333333331
boston,2017,p50,gbm_histogramas,E+S,231.65833333333333,233.80027504185438,225.89583333333331
boston,2018,p50,gbm_histogramas,E+S,228.6,225.428583084489,225.89583333333331
boston,2019,p50,gbm_histogramas,E+S,225.575,227.11459852527375,227.14999999999998
chicago,2005,p50,gbm_histogramas,E+S,262.85,272.4966484014176,267.4583333333333
chicago,2006,p50,gbm_histogramas,E+S,261.05,272.18851502016196,267.4583333333333
chicago,2007,p50,gbm_histogramas,E+S,295.01666666666665,265.08013290048564,267.425
chicago,2008,p50,gbm_histogramas,E+S,283.7,262.85845264997783,267.425
chicago,2009,p50,gbm_histogramas,E+S,263.43333333333334,275.8431625028179,267.4583333333333
chicago,2010,p50,gbm_histogramas,E+S,280.64166666666665,265.5098681595347,267.425
chicago,2011,p50,gbm_histogramas,E+S,277.875,269.9541723150132,267.425
chicago,2012,p50,gbm_histogramas,E+S,267.4,281.6330677424087,267.4583333333333
chicago,2013,p50,gbm_histogramas,E+S,267.43333333333334,272.2878735391016,267.45
chicago,2014,p50,gbm_histogramas,E+S,267.4166666666667,268.10196412305874,267.4583333333333
chicago,2015,p50,gbm_histogramas,E+S,270.75,267.0064528533125,267.425
chicago,2016,p50,gbm_histogramas,E+S,268.3833333333333,272.27168841964146,267.425
chicago,2017,p50,gbm_histogramas,E+S,282.71666666666664,263.31975172084947,267.425
chicago,2018,p50,gbm_histogramas,E+S,267.4833333333333,278.9921331945167,267.425
chicago,2019,p50,gbm_histogramas,E+S,262.1083333333333,264.20068806207564,267.4583333333333
chicago,2022,p50,gbm_histogramas,E+S,261.76666666666665,274.3887339586871,267.4583333333333
chicago,2023,p50,gbm_histogramas,E+S,251.6833333333333,271.85892869979074,267.4583333333333
nyc,2005,p50,gbm_histogramas,E+S,278.55,261.1588640928449,265.7583333333333
nyc,2006,p50,gbm_histogramas,E+S,262.28333333333336,263.0589785739196,268.5333333333333
nyc,2007,p50,gbm_histogramas,E+S,263.65,261.41145377055335,268.5333333333333
nyc,2008,p50,gbm_histogramas,E+S,259.25,263.5269836434486,268.5333333333333
nyc,2009,p50,gbm_histogramas,E+S,259.05,258.1312930229047,268.5333333333333
nyc,2010,p50,gbm_histogramas,E+S,261.3333333333333,263.32196715886045,268.5333333333333
nyc,2011,p50,gbm_histogramas,E+S,262.71666666666664,265.2920926376754,268.5333333333333
nyc,2013,p50,gbm_histogramas,E+S,262.3333333333333,262.28370114454856,268.5333333333333
nyc,2014,p50,gbm_histogramas,E+S,267.8666666666667,268.2999807799084,266.42499999999995
nyc,2015,p50,gbm_histogramas,E+S,273.1333333333333,266.51959043164777,265.7583333333333
nyc,2016,p50,gbm_histogramas,E+S,271.46666666666664,277.60420593775007,265.7583333333333
nyc,2017,p50,gbm_histogramas,E+S,270.45,273.4311274289906,265.7583333333333
nyc,2018,p50,gbm_histogramas,E+S,272.03333333333336,269.251078107967,265.7583333333333
nyc,2019,p50,gbm_histogramas,E+S,269.2,266.98397632889976,265.7583333333333
nyc,2022,p50,gbm_histogramas,E+S,284.75,266.84616389216563,265.7583333333333
nyc,2023,p50,gbm_histogramas,E+S,272.78333333333336,264.17555751240116,265.7583333333333
nyc,2024,p50,gbm_histogramas,E+S,263.55,271.1720189789812,268.5333333333333
boston,2005,p75,ridge,E,259.51666666666665,254.4375175816165,253.06666666666666
boston,2006,p75,ridge,E,249.71666666666667,256.1375505253362,255.60833333333332
boston,2007,p75,ridge,E,254.5,255.4889333143644,254.17499999999998
boston,2008,p75,ridge,E,251.63333333333333,256.4813449113415,255.60833333333332
boston,2009,p75,ridge,E,248.41666666666663,256.7743879729673,255.60833333333332
boston,2010,p75,ridge,E,248.88333333333333,256.9027349287972,255.60833333333332
boston,2011,p75,ridge,E,249.78333333333333,257.01589625582665,255.60833333333332
boston,2012,p75,ridge,E,285.31666666666666,254.64275459150954,253.06666666666666
boston,2013,p75,ridge,E,247.9625,257.3895772265146,255.60833333333332
boston,2014,p75,ridge,E,272.7,255.5907203855485,253.06666666666666
boston,2015,p75,ridge,E,246.41666666666663,257.9399897230452,255.60833333333332
boston,2016,p75,ridge,E,256.71666666666664,256.62438400016526,253.06666666666666
boston,2017,p75,ridge,E,261.8,256.50515707065864,253.06666666666666
boston,2018,p75,ridge,E,262.31666666666666,256.6229101697112,253.06666666666666
boston,2019,p75,ridge,E,259.0,256.94047786628676,253.06666666666666
chicago,2005,p75,ridge,E,295.71666666666664,309.2984023401824,309.3354166666667
chicago,2006,p75,ridge,E,296.06666666666666,309.19974853632635,309.3354166666667
chicago,2007,p75,ridge,E,329.3,305.42799865008675,308.025
chicago,2008,p75,ridge,E,321.6,308.0229425327864,308.025
chicago,2009,p75,ridge,E,299.7333333333333,309.70800809263113,309.3354166666667
chicago,2010,p75,ridge,E,321.21666666666664,308.5035555919815,308.025
chicago,2011,p75,ridge,E,316.875,308.8300523755692,308.025
chicago,2012,p75,ridge,E,305.09583333333336,310.1170017341858,309.3354166666667
chicago,2013,p75,ridge,E,306.5,310.1610514430653,309.3354166666667
chicago,2014,p75,ridge,E,308.1,310.26847249387725,309.26041666666663
chicago,2015,p75,ridge,E,311.24583333333334,309.64056716681154,308.025
chicago,2016,p75,ridge,E,310.5708333333333,309.85255686346073,308.025
chicago,2017,p75,ridge,E,328.4166666666667,309.5458567639959,308.025
chicago,2018,p75,ridge,E,310.6666666666667,310.26541017131655,308.025
chicago,2019,p75,ridge,E,307.25,311.2371300856643,309.3354166666667
chicago,2022,p75,ridge,E,307.95,311.9060262265122,309.3354166666667
chicago,2023,p75,ridge,E,297.95,316.5921212771758,309.3354166666667
nyc,2005,p75,ridge,E,314.1666666666667,300.0899055484305,304.92083333333335
nyc,2006,p75,ridge,E,294.8833333333333,306.44714318053997,307.2125
nyc,2007,p75,ridge,E,296.78333333333336,306.53102233884044,307.2125
nyc,2008,p75,ridge,E,293.43333333333334,306.82883705150937,307.2125
nyc,2009,p75,ridge,E,292.56666666666666,307.04074419062914,307.2125
nyc,2010,p75,ridge,E,296.53333333333336,306.9432753855168,307.2125
nyc,2011,p75,ridge,E,298.55,307.0527452227233,307.2125
nyc,2013,p75,ridge,E,296.9166666666667,307.4946368710511,307.2125
nyc,2014,p75,ridge,E,304.43333333333334,307.4644252224023,307.2125
nyc,2015,p75,ridge,E,310.53333333333336,306.28831466662433,304.92083333333335
nyc,2016,p75,ridge,E,309.01666666666665,306.4146523930899,304.92083333333335
nyc,2017,p75,ridge,E,309.35,306.6097899169933,304.92083333333335
nyc,2018,p75,ridge,E,312.00416666666666,306.7063314558291,304.92083333333335
nyc,2019,p75,ridge,E,309.75416666666666,306.9807232153963,304.92083333333335
nyc,2022,p75,ridge,E,327.31666666666666,306.58014583229914,304.92083333333335
nyc,2023,p75,ridge,E,315.95,307.3490463188333,304.92083333333335
nyc,2024,p75,ridge,E,305.4083333333333,309.0836315490429,306.725
boston,2005,p75,ridge,E+C,259.51666666666665,256.3133154716654,253.06666666666666
boston,2006,p75,ridge,E+C,249.71666666666667,252.1520929634006,255.60833333333332
boston,2007,p75,ridge,E+C,254.5,250.64197815267016,254.17499999999998
boston,2008,p75,ridge,E+C,251.63333333333333,257.0529100203524,255.60833333333332
boston,2009,p75,ridge,E+C,248.41666666666663,251.60594319182422,255.60833333333332
boston,2010,p75,ridge,E+C,248.88333333333333,253.15705192330032,255.60833333333332
boston,2011,p75,ridge,E+C,249.78333333333333,256.6867044188629,255.60833333333332
boston,2012,p75,ridge,E+C,285.31666666666666,266.2701233231859,253.06666666666666
boston,2013,p75,ridge,E+C,247.9625,253.82297292840832,255.60833333333332
boston,2014,p75,ridge,E+C,272.7,256.7935924363891,253.06666666666666
boston,2015,p75,ridge,E+C,246.41666666666663,253.4495921028654,255.60833333333332
boston,2016,p75,ridge,E+C,256.71666666666664,258.03491163416516,253.06666666666666
boston,2017,p75,ridge,E+C,261.8,262.7623159060042,253.06666666666666
boston,2018,p75,ridge,E+C,262.31666666666666,246.47946858677327,253.06666666666666
boston,2019,p75,ridge,E+C,259.0,270.974965823551,253.06666666666666
chicago,2005,p75,ridge,E+C,295.71666666666664,308.2641030170491,309.3354166666667
chicago,2006,p75,ridge,E+C,296.06666666666666,297.5398290050225,309.3354166666667
chicago,2007,p75,ridge,E+C,329.3,327.5401109764966,308.025
chicago,2008,p75,ridge,E+C,321.6,319.99866803119187,308.025
chicago,2009,p75,ridge,E+C,299.7333333333333,298.6271209015429,309.3354166666667
chicago,2010,p75,ridge,E+C,321.21666666666664,319.9248965019216,308.025
chicago,2011,p75,ridge,E+C,316.875,319.4505394784511,308.025
chicago,2012,p75,ridge,E+C,305.09583333333336,301.25846122030197,309.3354166666667
chicago,2013,p75,ridge,E+C,306.5,310.1717939802012,309.3354166666667
chicago,2014,p75,ridge,E+C,308.1,310.73955304685705,309.26041666666663
chicago,2015,p75,ridge,E+C,311.24583333333334,317.73967823704777,308.025
chicago,2016,p75,ridge,E+C,310.5708333333333,310.500483844593,308.025
chicago,2017,p75,ridge,E+C,328.4166666666667,317.34758477073257,308.025
chicago,2018,p75,ridge,E+C,310.6666666666667,310.6812073726755,308.025
chicago,2019,p75,ridge,E+C,307.25,305.1789249094736,309.3354166666667
chicago,2022,p75,ridge,E+C,307.95,313.8989825871674,309.3354166666667
chicago,2023,p75,ridge,E+C,297.95,308.11568633361145,309.3354166666667
nyc,2005,p75,ridge,E+C,314.1666666666667,309.7757460291846,304.92083333333335
nyc,2006,p75,ridge,E+C,294.8833333333333,300.2177512089202,307.2125
nyc,2007,p75,ridge,E+C,296.78333333333336,304.906704614982,307.2125
nyc,2008,p75,ridge,E+C,293.43333333333334,300.8389563956814,307.2125
nyc,2009,p75,ridge,E+C,292.56666666666666,303.98113472267585,307.2125
nyc,2010,p75,ridge,E+C,296.53333333333336,301.26494131100964,307.2125
nyc,2011,p75,ridge,E+C,298.55,305.2209090736554,307.2125
nyc,2013,p75,ridge,E+C,296.9166666666667,301.088412152599,307.2125
nyc,2014,p75,ridge,E+C,304.43333333333334,298.2082057953243,307.2125
nyc,2015,p75,ridge,E+C,310.53333333333336,309.39497593766305,304.92083333333335
nyc,2016,p75,ridge,E+C,309.01666666666665,303.10084789065576,304.92083333333335
nyc,2017,p75,ridge,E+C,309.35,307.86337539639453,304.92083333333335
nyc,2018,p75,ridge,E+C,312.00416666666666,303.7151090012457,304.92083333333335
nyc,2019,p75,ridge,E+C,309.75416666666666,303.50571999121274,304.92083333333335
nyc,2022,p75,ridge,E+C,327.31666666666666,317.65472123488763,304.92083333333335
nyc,2023,p75,ridge,E+C,315.95,308.54312789503194,304.92083333333335
nyc,2024,p75,ridge,E+C,305.4083333333333,304.72226296322305,306.725
boston,2005,p75,ridge,E+S,259.51666666666665,253.98396743469547,253.06666666666666
boston,2006,p75,ridge,E+S,249.71666666666667,255.7074939418312,255.60833333333332
boston,2007,p75,ridge,E+S,254.5,255.1762425078651,254.17499999999998
boston,2008,p75,ridge,E+S,251.63333333333333,256.30527675616156,255.60833333333332
boston,2009,p75,ridge,E+S,248.41666666666663,256.5776313054743,255.60833333333332
boston,2010,p75,ridge,E+S,248.88333333333333,256.9828343518063,255.60833333333332
boston,2011,p75,ridge,E+S,249.78333333333333,257.0702505178439,255.60833333333332
boston,2012,p75,ridge,E+S,285.31666666666666,254.51512858652328,253.06666666666666
boston,2013,p75,ridge,E+S,247.9625,257.57080262056047,255.60833333333332
boston,2014,p75,ridge,E+S,272.7,248.05033344752204,253.06666666666666
boston,2015,p75,ridge,E+S,246.41666666666663,258.5195065033188,255.60833333333332
boston,2016,p75,ridge,E+S,256.71666666666664,257.3334452749067,253.06666666666666
boston,2017,p75,ridge,E+S,261.8,257.10835219677216,253.06666666666666
boston,2018,p75,ridge,E+S,262.31666666666666,257.1856080153653,253.06666666666666
boston,2019,p75,ridge,E+S,259.0,257.4209369512529,253.06666666666666
chicago,2005,p75,ridge,E+S,295.71666666666664,309.8934557831561,309.3354166666667
chicago,2006,p75,ridge,E+S,296.06666666666666,309.94164002015356,309.3354166666667
chicago,2007,p75,ridge,E+S,329.3,307.3397191978273,308.025
chicago,2008,p75,ridge,E+S,321.6,308.59570438586195,308.025
chicago,2009,p75,ridge,E+S,299.7333333333333,310.1950077382375,309.3354166666667
chicago,2010,p75,ridge,E+S,321.21666666666664,309.15661748772806,308.025
chicago,2011,p75,ridge,E+S,316.875,309.1566121589415,308.025
chicago,2012,p75,ridge,E+S,305.09583333333336,310.680738989544,309.3354166666667
chicago,2013,p75,ridge,E+S,306.5,310.6899298175146,309.3354166666667
chicago,2014,p75,ridge,E+S,308.1,310.8596466172755,309.26041666666663
chicago,2015,p75,ridge,E+S,311.24583333333334,310.48687186132634,308.025
chicago,2016,p75,ridge,E+S,310.5708333333333,310.516211586182,308.025
chicago,2017,p75,ridge,E+S,328.4166666666667,310.49396264684395,308.025
chicago,2018,p75,ridge,E+S,310.6666666666667,310.93797438067884,308.025
chicago,2019,p75,ridge,E+S,307.25,311.8631430946876,309.3354166666667
chicago,2022,p75,ridge,E+S,307.95,312.45529265915627,309.3354166666667
chicago,2023,p75,ridge,E+S,297.95,313.2246876224684,309.3354166666667
nyc,2005,p75,ridge,E+S,314.1666666666667,301.99901211777365,304.92083333333335
nyc,2006,p75,ridge,E+S,294.8833333333333,304.44910010428526,307.2125
nyc,2007,p75,ridge,E+S,296.78333333333336,304.3624044116327,307.2125
nyc,2008,p75,ridge,E+S,293.43333333333334,305.1165367840903,307.2125
nyc,2009,p75,ridge,E+S,292.56666666666666,305.4514549630966,307.2125
nyc,2010,p75,ridge,E+S,296.53333333333336,305.50032182476394,307.2125
nyc,2011,p75,ridge,E+S,298.55,305.6811918575242,307.2125
nyc,2013,p75,ridge,E+S,296.9166666666667,306.6347063755674,307.2125
nyc,2014,p75,ridge,E+S,304.43333333333334,306.897675955403,307.2125
nyc,2015,p75,ridge,E+S,310.53333333333336,306.13642213658704,304.92083333333335
nyc,2016,p75,ridge,E+S,309.01666666666665,306.26003082389997,304.92083333333335
nyc,2017,p75,ridge,E+S,309.35,306.36701232965197,304.92083333333335
nyc,2018,p75,ridge,E+S,312.00416666666666,306.47308573963767,304.92083333333335
nyc,2019,p75,ridge,E+S,309.75416666666666,306.81599189675677,304.92083333333335
nyc,2022,p75,ridge,E+S,327.31666666666666,306.7964190879766,304.92083333333335
nyc,2023,p75,ridge,E+S,315.95,307.5226527816708,304.92083333333335
nyc,2024,p75,ridge,E+S,305.4083333333333,309.1819979034199,306.725
boston,2005,p75,gbm_histogramas,E,259.51666666666665,247.13617994885723,253.06666666666666
boston,2006,p75,gbm_histogramas,E,249.71666666666667,263.20691515197626,255.60833333333332
boston,2007,p75,gbm_histogramas,E,254.5,258.17468722866965,254.17499999999998
boston,2008,p75,gbm_histogramas,E,251.63333333333333,260.98386564180896,255.60833333333332
boston,2009,p75,gbm_histogramas,E,248.41666666666663,247.23625418603834,255.60833333333332
boston,2010,p75,gbm_histogramas,E,248.88333333333333,254.20817801626396,255.60833333333332
boston,2011,p75,gbm_histogramas,E,249.78333333333333,272.8145392728522,255.60833333333332
boston,2012,p75,gbm_histogramas,E,285.31666666666666,246.3241937170944,253.06666666666666
boston,2013,p75,gbm_histogramas,E,247.9625,274.4476104025465,255.60833333333332
boston,2014,p75,gbm_histogramas,E,272.7,247.77508940827948,253.06666666666666
boston,2015,p75,gbm_histogramas,E,246.41666666666663,267.84132499103885,255.60833333333332
boston,2016,p75,gbm_histogramas,E,256.71666666666664,250.9687884668392,253.06666666666666
boston,2017,p75,gbm_histogramas,E,261.8,275.96968064451073,253.06666666666666
boston,2018,p75,gbm_histogramas,E,262.31666666666666,255.98613955799775,253.06666666666666
boston,2019,p75,gbm_histogramas,E,259.0,257.11479681234863,253.06666666666666
chicago,2005,p75,gbm_histogramas,E,295.71666666666664,320.9076918938641,309.3354166666667
chicago,2006,p75,gbm_histogramas,E,296.06666666666666,305.7319701575156,309.3354166666667
chicago,2007,p75,gbm_histogramas,E,329.3,300.07230053503173,308.025
chicago,2008,p75,gbm_histogramas,E,321.6,298.66021460708697,308.025
chicago,2009,p75,gbm_histogramas,E,299.7333333333333,318.35713138263526,309.3354166666667
chicago,2010,p75,gbm_histogramas,E,321.21666666666664,302.9233057437155,308.025
chicago,2011,p75,gbm_histogramas,E,316.875,310.9387885293809,308.025
chicago,2012,p75,gbm_histogramas,E,305.09583333333336,317.0131924288728,309.3354166666667
chicago,2013,p75,gbm_histogramas,E,306.5,309.0599620686687,309.3354166666667
chicago,2014,p75,gbm_histogramas,E,308.1,307.5718192774704,309.26041666666663
chicago,2015,p75,gbm_histogramas,E,311.24583333333334,307.02143581224067,308.025
chicago,2016,p75,gbm_histogramas,E,310.5708333333333,317.36521850038986,308.025
chicago,2017,p75,gbm_histogramas,E,328.4166666666667,304.07078703337663,308.025
chicago,2018,p75,gbm_histogramas,E,310.6666666666667,322.515799064243,308.025
chicago,2019,p75,gbm_histogramas,E,307.25,313.62775477595824,309.3354166666667
chicago,2022,p75,gbm_histogramas,E,307.95,302.0813901100582,309.3354166666667
chicago,2023,p75,gbm_histogramas,E,297.95,313.2440296187831,309.3354166666667
nyc,2005,p75,gbm_histogramas,E,314.1666666666667,295.4545991643009,304.92083333333335
nyc,2006,p75,gbm_histogramas,E,294.8833333333333,299.40434007063936,307.2125
nyc,2007,p75,gbm_histogramas,E,296.78333333333336,295.7538462237101,307.2125
nyc,2008,p75,gbm_histogramas,E,293.43333333333334,298.8995496458307,307.2125
nyc,2009,p75,gbm_histogramas,E,292.56666666666666,296.56062279584984,307.2125
nyc,2010,p75,gbm_histogramas,E,296.53333333333336,298.77870411675224,307.2125
nyc,2011,p75,gbm_histogramas,E,298.55,313.55940537035747,307.2125
nyc,2013,p75,gbm_histogramas,E,296.9166666666667,301.8061281068592,307.2125
nyc,2014,p75,gbm_histogramas,E,304.43333333333334,304.1725505993757,307.2125
nyc,2015,p75,gbm_histogramas,E,310.53333333333336,301.9712646501512,304.92083333333335
nyc,2016,p75,gbm_histogramas,E,309.01666666666665,312.5657234762333,304.92083333333335
nyc,2017,p75,gbm_histogramas,E,309.35,318.25450252644526,304.92083333333335
nyc,2018,p75,gbm_histogramas,E,312.00416666666666,308.9515442397183,304.92083333333335
nyc,2019,p75,gbm_histogramas,E,309.75416666666666,307.8673464638964,304.92083333333335
nyc,2022,p75,gbm_histogramas,E,327.31666666666666,312.84222822007337,304.92083333333335
nyc,2023,p75,gbm_histogramas,E,315.95,307.31707783747976,304.92083333333335
nyc,2024,p75,gbm_histogramas,E,305.4083333333333,312.95715106384546,306.725
boston,2005,p75,gbm_histogramas,E+C,259.51666666666665,263.52439277125865,253.06666666666666
boston,2006,p75,gbm_histogramas,E+C,249.71666666666667,248.5665646354481,255.60833333333332
boston,2007,p75,gbm_histogramas,E+C,254.5,249.7538182121136,254.17499999999998
boston,2008,p75,gbm_histogramas,E+C,251.63333333333333,250.83613952517754,255.60833333333332
boston,2009,p75,gbm_histogramas,E+C,248.41666666666663,247.49934613388572,255.60833333333332
boston,2010,p75,gbm_histogramas,E+C,248.88333333333333,251.56188923226486,255.60833333333332
boston,2011,p75,gbm_histogramas,E+C,249.78333333333333,253.88704055616762,255.60833333333332
boston,2012,p75,gbm_histogramas,E+C,285.31666666666666,274.15130553672935,253.06666666666666
boston,2013,p75,gbm_histogramas,E+C,247.9625,252.46993722945314,255.60833333333332
boston,2014,p75,gbm_histogramas,E+C,272.7,256.6208938835143,253.06666666666666
boston,2015,p75,gbm_histogramas,E+C,246.41666666666663,258.4526399413974,255.60833333333332
boston,2016,p75,gbm_histogramas,E+C,256.71666666666664,264.94038101229137,253.06666666666666
boston,2017,p75,gbm_histogramas,E+C,261.8,266.5198576273028,253.06666666666666
boston,2018,p75,gbm_histogramas,E+C,262.31666666666666,248.96949784265485,253.06666666666666
boston,2019,p75,gbm_histogramas,E+C,259.0,265.22837059034464,253.06666666666666
chicago,2005,p75,gbm_histogramas,E+C,295.71666666666664,305.19896462436117,309.3354166666667
chicago,2006,p75,gbm_histogramas,E+C,296.06666666666666,303.8506063049205,309.3354166666667
chicago,2007,p75,gbm_histogramas,E+C,329.3,323.557697560539,308.025
chicago,2008,p75,gbm_histogramas,E+C,321.6,323.9555011796415,308.025
chicago,2009,p75,gbm_histogramas,E+C,299.7333333333333,300.1081183290739,309.3354166666667
chicago,2010,p75,gbm_histogramas,E+C,321.21666666666664,321.658465719765,308.025
chicago,2011,p75,gbm_histogramas,E+C,316.875,320.3044619205329,308.025
chicago,2012,p75,gbm_histogramas,E+C,305.09583333333336,299.5676486880469,309.3354166666667
chicago,2013,p75,gbm_histogramas,E+C,306.5,302.2135827204687,309.3354166666667
chicago,2014,p75,gbm_histogramas,E+C,308.1,308.8814087858042,309.26041666666663
chicago,2015,p75,gbm_histogramas,E+C,311.24583333333334,322.25735995626167,308.025
chicago,2016,p75,gbm_histogramas,E+C,310.5708333333333,312.1732252582719,308.025
chicago,2017,p75,gbm_histogramas,E+C,328.4166666666667,313.3376165542607,308.025
chicago,2018,p75,gbm_histogramas,E+C,310.6666666666667,308.36200731993665,308.025
chicago,2019,p75,gbm_histogramas,E+C,307.25,304.9225075066975,309.3354166666667
chicago,2022,p75,gbm_histogramas,E+C,307.95,317.09045241134646,309.3354166666667
chicago,2023,p75,gbm_histogramas,E+C,297.95,310.43607882096114,309.3354166666667
nyc,2005,p75,gbm_histogramas,E+C,314.1666666666667,311.7835781237369,304.92083333333335
nyc,2006,p75,gbm_histogramas,E+C,294.8833333333333,298.486970041763,307.2125
nyc,2007,p75,gbm_histogramas,E+C,296.78333333333336,298.14526933882644,307.2125
nyc,2008,p75,gbm_histogramas,E+C,293.43333333333334,297.2729830450162,307.2125
nyc,2009,p75,gbm_histogramas,E+C,292.56666666666666,297.99051902802404,307.2125
nyc,2010,p75,gbm_histogramas,E+C,296.53333333333336,296.4364120233506,307.2125
nyc,2011,p75,gbm_histogramas,E+C,298.55,295.75782070175023,307.2125
nyc,2013,p75,gbm_histogramas,E+C,296.9166666666667,300.8012897495074,307.2125
nyc,2014,p75,gbm_histogramas,E+C,304.43333333333334,301.8613785208006,307.2125
nyc,2015,p75,gbm_histogramas,E+C,310.53333333333336,308.10920939229237,304.92083333333335
nyc,2016,p75,gbm_histogramas,E+C,309.01666666666665,306.3904034468738,304.92083333333335
nyc,2017,p75,gbm_histogramas,E+C,309.35,312.9180713039691,304.92083333333335
nyc,2018,p75,gbm_histogramas,E+C,312.00416666666666,305.88616823718434,304.92083333333335
nyc,2019,p75,gbm_histogramas,E+C,309.75416666666666,303.56757521020717,304.92083333333335
nyc,2022,p75,gbm_histogramas,E+C,327.31666666666666,327.8079512336232,304.92083333333335
nyc,2023,p75,gbm_histogramas,E+C,315.95,313.06349784118134,304.92083333333335
nyc,2024,p75,gbm_histogramas,E+C,305.4083333333333,305.4735668004093,306.725
boston,2005,p75,gbm_histogramas,E+S,259.51666666666665,244.6185962612545,253.06666666666666
boston,2006,p75,gbm_histogramas,E+S,249.71666666666667,262.25951977503183,255.60833333333332
boston,2007,p75,gbm_histogramas,E+S,254.5,258.9812299176393,254.17499999999998
boston,2008,p75,gbm_histogramas,E+S,251.63333333333333,261.09234223730766,255.60833333333332
boston,2009,p75,gbm_histogramas,E+S,248.41666666666663,244.8222996066923,255.60833333333332
boston,2010,p75,gbm_histogramas,E+S,248.88333333333333,260.1842434015251,255.60833333333332
boston,2011,p75,gbm_histogramas,E+S,249.78333333333333,259.9787389151898,255.60833333333332
boston,2012,p75,gbm_histogramas,E+S,285.31666666666666,247.82788254453692,253.06666666666666
boston,2013,p75,gbm_histogramas,E+S,247.9625,271.1986826572697,255.60833333333332
boston,2014,p75,gbm_histogramas,E+S,272.7,246.87526519517337,253.06666666666666
boston,2015,p75,gbm_histogramas,E+S,246.41666666666663,265.3949221755991,255.60833333333332
boston,2016,p75,gbm_histogramas,E+S,256.71666666666664,252.62885574821019,253.06666666666666
boston,2017,p75,gbm_histogramas,E+S,261.8,266.6468884779095,253.06666666666666
boston,2018,p75,gbm_histogramas,E+S,262.31666666666666,256.09557747241405,253.06666666666666
boston,2019,p75,gbm_histogramas,E+S,259.0,265.93752705002566,253.06666666666666
chicago,2005,p75,gbm_histogramas,E+S,295.71666666666664,300.1373124393643,309.3354166666667
chicago,2006,p75,gbm_histogramas,E+S,296.06666666666666,303.2360307861676,309.3354166666667
chicago,2007,p75,gbm_histogramas,E+S,329.3,298.63676777912934,308.025
chicago,2008,p75,gbm_histogramas,E+S,321.6,302.41069762645816,308.025
chicago,2009,p75,gbm_histogramas,E+S,299.7333333333333,315.4400626452704,309.3354166666667
chicago,2010,p75,gbm_histogramas,E+S,321.21666666666664,300.69326592211644,308.025
chicago,2011,p75,gbm_histogramas,E+S,316.875,312.19867367876896,308.025
chicago,2012,p75,gbm_histogramas,E+S,305.09583333333336,318.1940129451461,309.3354166666667
chicago,2013,p75,gbm_histogramas,E+S,306.5,312.51055274718254,309.3354166666667
chicago,2014,p75,gbm_histogramas,E+S,308.1,307.9572587710332,309.26041666666663
chicago,2015,p75,gbm_histogramas,E+S,311.24583333333334,307.5310849983282,308.025
chicago,2016,p75,gbm_histogramas,E+S,310.5708333333333,315.75479196243117,308.025
chicago,2017,p75,gbm_histogramas,E+S,328.4166666666667,308.50684729896625,308.025
chicago,2018,p75,gbm_histogramas,E+S,310.6666666666667,324.7388117283727,308.025
chicago,2019,p75,gbm_histogramas,E+S,307.25,308.21886100438246,309.3354166666667
chicago,2022,p75,gbm_histogramas,E+S,307.95,316.4344631744642,309.3354166666667
chicago,2023,p75,gbm_histogramas,E+S,297.95,313.71667378614666,309.3354166666667
nyc,2005,p75,gbm_histogramas,E+S,314.1666666666667,296.2738971293708,304.92083333333335
nyc,2006,p75,gbm_histogramas,E+S,294.8833333333333,302.14313586012065,307.2125
nyc,2007,p75,gbm_histogramas,E+S,296.78333333333336,293.358321793602,307.2125
nyc,2008,p75,gbm_histogramas,E+S,293.43333333333334,296.73065152978216,307.2125
nyc,2009,p75,gbm_histogramas,E+S,292.56666666666666,297.43767052988875,307.2125
nyc,2010,p75,gbm_histogramas,E+S,296.53333333333336,299.2160619513616,307.2125
nyc,2011,p75,gbm_histogramas,E+S,298.55,302.66183929324933,307.2125
nyc,2013,p75,gbm_histogramas,E+S,296.9166666666667,301.1992246592845,307.2125
nyc,2014,p75,gbm_histogramas,E+S,304.43333333333334,309.66512393897574,307.2125
nyc,2015,p75,gbm_histogramas,E+S,310.53333333333336,304.02565009350485,304.92083333333335
nyc,2016,p75,gbm_histogramas,E+S,309.01666666666665,318.540767274396,304.92083333333335
nyc,2017,p75,gbm_histogramas,E+S,309.35,316.7495939742492,304.92083333333335
nyc,2018,p75,gbm_histogramas,E+S,312.00416666666666,310.5646180557955,304.92083333333335
nyc,2019,p75,gbm_histogramas,E+S,309.75416666666666,306.2564683850811,304.92083333333335
nyc,2022,p75,gbm_histogramas,E+S,327.31666666666666,308.39263862743076,304.92083333333335
nyc,2023,p75,gbm_histogramas,E+S,315.95,306.2395799063783,304.92083333333335
nyc,2024,p75,gbm_histogramas,E+S,305.4083333333333,314.3937855527219,306.725
boston,2005,p90,ridge,E,290.3333333333333,284.54680190190345,286.31916666666666
boston,2006,p90,ridge,E,281.1283333333334,286.69825535019896,289.1
boston,2007,p90,ridge,E,287.8666666666667,286.9621613771133,287.5525
boston,2008,p90,ridge,E,284.54,288.8964910837714,289.1
boston,2009,p90,ridge,E,280.1066666666667,290.1208866473814,289.1
boston,2010,p90,ridge,E,280.8833333333333,291.01383109504116,289.1
boston,2011,p90,ridge,E,281.26166666666666,291.943788798134,289.1
boston,2012,p90,ridge,E,326.36333333333334,289.7390666266741,286.31916666666666
boston,2013,p90,ridge,E,284.77166666666665,293.5841424446733,289.1
boston,2014,p90,ridge,E,317.05,292.6386507271717,286.31916666666666
boston,2015,p90,ridge,E,282.1,296.3414309365523,289.1
boston,2016,p90,ridge,E,293.1366666666667,296.29488730090213,286.31916666666666
boston,2017,p90,ridge,E,297.75,296.82860542500407,286.31916666666666
boston,2018,p90,ridge,E,307.67499999999995,296.9347545115151,286.31916666666666
boston,2019,p90,ridge,E,297.4166666666667,298.8503740510558,286.31916666666666
chicago,2005,p90,ridge,E,331.8333333333333,343.8751522618812,353.0916666666667
chicago,2006,p90,ridge,E,332.875,343.6304599718297,353.0916666666667
chicago,2007,p90,ridge,E,353.4166666666667,343.9698488032328,351.7075
chicago,2008,p90,ridge,E,358.21666666666664,344.31373497544035,351.7075
chicago,2009,p90,ridge,E,339.1666666666667,347.1055925626699,353.0916666666667
chicago,2010,p90,ridge,E,358.8666666666667,346.7574961241641,351.7075
chicago,2011,p90,ridge,E,354.1,348.13984450626526,351.7075
chicago,2012,p90,ridge,E,346.1666666666667,350.09213219235784,353.0916666666667
chicago,2013,p90,ridge,E,346.09666666666675,350.6806302202422,353.0916666666667
chicago,2014,p90,ridge,E,350.36,351.6294153400602,353.0916666666667
chicago,2015,p90,ridge,E,350.6483333333333,352.7287138483906,353.0916666666667
chicago,2016,p90,ridge,E,352.76666666666665,353.37802226346633,352.0325
chicago,2017,p90,ridge,E,371.3666666666667,353.50002429827265,351.7075
chicago,2018,p90,ridge,E,354.53333333333336,355.583668043613,351.7075
chicago,2019,p90,ridge,E,353.89166666666665,356.0449602542062,351.7075
chicago,2022,p90,ridge,E,355.51000000000005,359.7070922966817,351.7075
chicago,2023,p90,ridge,E,346.8,362.50126255560355,353.0916666666667
nyc,2005,p90,ridge,E,351.06666666666666,335.91213369517567,348.45
nyc,2006,p90,ridge,E,332.6666666666667,339.4068695548124,350.2166666666667
nyc,2007,p90,ridge,E,334.6333333333333,340.3236036961055,350.2166666666667
nyc,2008,p90,ridge,E,333.51666666666665,341.47228086889817,350.2166666666667
nyc,2009,p90,ridge,E,332.14500000000004,342.65297271285687,350.2166666666667
nyc,2010,p90,ridge,E,337.1766666666667,343.0599975227229,350.2166666666667
nyc,2011,p90,ridge,E,336.5,344.1666354647128,350.2166666666667
nyc,2013,p90,ridge,E,337.24333333333334,346.30774481114355,350.2166666666667
nyc,2014,p90,ridge,E,347.4,346.9609402828315,350.2166666666667
nyc,2015,p90,ridge,E,350.93333333333334,347.3594250423173,348.45
nyc,2016,p90,ridge,E,349.5,348.37022840091595,349.16666666666663
nyc,2017,p90,ridge,E,352.28333333333336,349.1875894007505,348.45
nyc,2018,p90,ridge,E,355.5,350.07914890696986,348.45
nyc,2019,p90,ridge,E,354.5833333333333,351.2125194087662,348.45
nyc,2022,p90,ridge,E,369.965,352.7807351920709,348.45
nyc,2023,p90,ridge,E,361.55,354.7190171670954,348.45
nyc,2024,p90,ridge,E,353.02666666666664,356.89060782518584,348.45
boston,2005,p90,ridge,E+C,290.3333333333333,288.5345133400118,286.31916666666666
boston,2006,p90,ridge,E+C,281.1283333333334,278.3761417793195,289.1
boston,2007,p90,ridge,E+C,287.8666666666667,278.69173956207237,287.5525
boston,2008,p90,ridge,E+C,284.54,290.0074022077591,289.1
boston,2009,p90,ridge,E+C,280.1066666666667,285.4533322547806,289.1
boston,2010,p90,ridge,E+C,280.8833333333333,283.7300862919592,289.1
boston,2011,p90,ridge,E+C,281.26166666666666,294.2014163472792,289.1
boston,2012,p90,ridge,E+C,326.36333333333334,302.8324500826183,286.31916666666666
boston,2013,p90,ridge,E+C,284.77166666666665,289.0591105910071,289.1
boston,2014,p90,ridge,E+C,317.05,293.47311557350235,286.31916666666666
boston,2015,p90,ridge,E+C,282.1,290.9989124865007,289.1
boston,2016,p90,ridge,E+C,293.1366666666667,299.49169288283156,286.31916666666666
boston,2017,p90,ridge,E+C,297.75,317.6841389439801,286.31916666666666
boston,2018,p90,ridge,E+C,307.67499999999995,278.7796684213001,286.31916666666666
boston,2019,p90,ridge,E+C,297.4166666666667,311.20778608541025,286.31916666666666
chicago,2005,p90,ridge,E+C,331.8333333333333,343.25416098234473,353.0916666666667
chicago,2006,p90,ridge,E+C,332.875,328.6173894983031,353.0916666666667
chicago,2007,p90,ridge,E+C,353.4166666666667,367.21041569905105,351.7075
chicago,2008,p90,ridge,E+C,358.21666666666664,358.04318651752743,351.7075
chicago,2009,p90,ridge,E+C,339.1666666666667,333.6606332754734,353.0916666666667
chicago,2010,p90,ridge,E+C,358.8666666666667,360.55134841166387,351.7075
chicago,2011,p90,ridge,E+C,354.1,360.2432832630129,351.7075
chicago,2012,p90,ridge,E+C,346.1666666666667,337.6280148047525,353.0916666666667
chicago,2013,p90,ridge,E+C,346.09666666666675,351.0316751817452,353.0916666666667
chicago,2014,p90,ridge,E+C,350.36,352.43437583433195,353.0916666666667
chicago,2015,p90,ridge,E+C,350.6483333333333,363.7003897350913,353.0916666666667
chicago,2016,p90,ridge,E+C,352.76666666666665,353.5913227882433,352.0325
chicago,2017,p90,ridge,E+C,371.3666666666667,361.2131532323049,351.7075
chicago,2018,p90,ridge,E+C,354.53333333333336,355.05536510624194,351.7075
chicago,2019,p90,ridge,E+C,353.89166666666665,348.17204912468327,351.7075
chicago,2022,p90,ridge,E+C,355.51000000000005,361.0693559508629,351.7075
chicago,2023,p90,ridge,E+C,346.8,353.09172470775854,353.0916666666667
nyc,2005,p90,ridge,E+C,351.06666666666666,344.31175155537403,348.45
nyc,2006,p90,ridge,E+C,332.6666666666667,336.02230475799104,350.2166666666667
nyc,2007,p90,ridge,E+C,334.6333333333333,342.25897963058867,350.2166666666667
nyc,2008,p90,ridge,E+C,333.51666666666665,338.31753365269105,350.2166666666667
nyc,2009,p90,ridge,E+C,332.14500000000004,339.67443215376295,350.2166666666667
nyc,2010,p90,ridge,E+C,337.1766666666667,338.81737076443846,350.2166666666667
nyc,2011,p90,ridge,E+C,336.5,347.20165140714,350.2166666666667
nyc,2013,p90,ridge,E+C,337.24333333333334,339.84932414161904,350.2166666666667
nyc,2014,p90,ridge,E+C,347.4,335.5990521360272,350.2166666666667
nyc,2015,p90,ridge,E+C,350.93333333333334,351.24122866535856,348.45
nyc,2016,p90,ridge,E+C,349.5,347.2689635614071,349.16666666666663
nyc,2017,p90,ridge,E+C,352.28333333333336,347.85461532270216,348.45
nyc,2018,p90,ridge,E+C,355.5,347.0581456265909,348.45
nyc,2019,p90,ridge,E+C,354.5833333333333,348.1426354259516,348.45
nyc,2022,p90,ridge,E+C,369.965,364.0051573159921,348.45
nyc,2023,p90,ridge,E+C,361.55,354.3573128590758,348.45
nyc,2024,p90,ridge,E+C,353.02666666666664,352.41848667820574,348.45
boston,2005,p90,ridge,E+S,290.3333333333333,284.06664368900545,286.31916666666666
boston,2006,p90,ridge,E+S,281.1283333333334,286.29264819206975,289.1
boston,2007,p90,ridge,E+S,287.8666666666667,286.63284556841427,287.5525
boston,2008,p90,ridge,E+S,284.54,288.46700674030774,289.1
boston,2009,p90,ridge,E+S,280.1066666666667,289.5992964937678,289.1
boston,2010,p90,ridge,E+S,280.8833333333333,291.1103168110868,289.1
boston,2011,p90,ridge,E+S,281.26166666666666,291.88339039553085,289.1
boston,2012,p90,ridge,E+S,326.36333333333334,289.2028174047932,286.31916666666666
boston,2013,p90,ridge,E+S,284.77166666666665,293.8335804187882,289.1
boston,2014,p90,ridge,E+S,317.05,285.93651791581203,286.31916666666666
boston,2015,p90,ridge,E+S,282.1,296.8094935734573,289.1
boston,2016,p90,ridge,E+S,293.1366666666667,296.8694280186005,286.31916666666666
boston,2017,p90,ridge,E+S,297.75,297.2369207915613,286.31916666666666
boston,2018,p90,ridge,E+S,307.67499999999995,297.21468383217854,286.31916666666666
boston,2019,p90,ridge,E+S,297.4166666666667,298.88934956529994,286.31916666666666
chicago,2005,p90,ridge,E+S,331.8333333333333,346.084711267614,353.0916666666667
chicago,2006,p90,ridge,E+S,332.875,347.20103572897546,353.0916666666667
chicago,2007,p90,ridge,E+S,353.4166666666667,343.8048439553461,351.7075
chicago,2008,p90,ridge,E+S,358.21666666666664,346.10438979254593,351.7075
chicago,2009,p90,ridge,E+S,339.1666666666667,348.5102328159575,353.0916666666667
chicago,2010,p90,ridge,E+S,358.8666666666667,348.26737713588386,351.7075
chicago,2011,p90,ridge,E+S,354.1,348.71394687516243,351.7075
chicago,2012,p90,ridge,E+S,346.1666666666667,351.0448054450402,353.0916666666667
chicago,2013,p90,ridge,E+S,346.09666666666675,351.7258431767384,353.0916666666667
chicago,2014,p90,ridge,E+S,350.36,352.5928292089665,353.0916666666667
chicago,2015,p90,ridge,E+S,350.6483333333333,354.074740050143,353.0916666666667
chicago,2016,p90,ridge,E+S,352.76666666666665,354.1222044534672,352.0325
chicago,2017,p90,ridge,E+S,371.3666666666667,354.83267180964,351.7075
chicago,2018,p90,ridge,E+S,354.53333333333336,355.80981491712646,351.7075
chicago,2019,p90,ridge,E+S,353.89166666666665,356.5958594360302,351.7075
chicago,2022,p90,ridge,E+S,355.51000000000005,359.86501454408216,351.7075
chicago,2023,p90,ridge,E+S,346.8,361.92833458072994,353.0916666666667
nyc,2005,p90,ridge,E+S,351.06666666666666,333.57328890787295,348.45
nyc,2006,p90,ridge,E+S,332.6666666666667,336.99117163542405,350.2166666666667
nyc,2007,p90,ridge,E+S,334.6333333333333,337.43803695266575,350.2166666666667
nyc,2008,p90,ridge,E+S,333.51666666666665,339.30802696987075,350.2166666666667
nyc,2009,p90,ridge,E+S,332.14500000000004,340.46538607698216,350.2166666666667
nyc,2010,p90,ridge,E+S,337.1766666666667,341.3771484895718,350.2166666666667
nyc,2011,p90,ridge,E+S,336.5,342.52503446826074,350.2166666666667
nyc,2013,p90,ridge,E+S,337.24333333333334,345.29850284464527,350.2166666666667
nyc,2014,p90,ridge,E+S,347.4,346.39143111423255,350.2166666666667
nyc,2015,p90,ridge,E+S,350.93333333333334,347.34477277513633,348.45
nyc,2016,p90,ridge,E+S,349.5,348.5291733073921,349.16666666666663
nyc,2017,p90,ridge,E+S,352.28333333333336,348.9826447283186,348.45
nyc,2018,p90,ridge,E+S,355.5,349.7293453504231,348.45
nyc,2019,p90,ridge,E+S,354.5833333333333,350.8373004999546,348.45
nyc,2022,p90,ridge,E+S,369.965,353.2179344464232,348.45
nyc,2023,p90,ridge,E+S,361.55,354.9307824294922,348.45
nyc,2024,p90,ridge,E+S,353.02666666666664,356.7298450060562,348.45
boston,2005,p90,gbm_histogramas,E,290.3333333333333,268.8115702439996,286.31916666666666
boston,2006,p90,gbm_histogramas,E,281.1283333333334,296.40135470741035,289.1
boston,2007,p90,gbm_histogramas,E,287.8666666666667,291.8401809135223,287.5525
boston,2008,p90,gbm_histogramas,E,284.54,292.65897372973507,289.1
boston,2009,p90,gbm_histogramas,E,280.1066666666667,280.6736702192993,289.1
boston,2010,p90,gbm_histogramas,E,280.8833333333333,283.2295264836124,289.1
boston,2011,p90,gbm_histogramas,E,281.26166666666666,302.28712336755626,289.1
boston,2012,p90,gbm_histogramas,E,326.36333333333334,278.06914117313397,286.31916666666666
boston,2013,p90,gbm_histogramas,E,284.77166666666665,311.2065479889479,289.1
boston,2014,p90,gbm_histogramas,E,317.05,283.09394121310584,286.31916666666666
boston,2015,p90,gbm_histogramas,E,282.1,304.96166855437417,289.1
boston,2016,p90,gbm_histogramas,E,293.1366666666667,286.57319299965513,286.31916666666666
boston,2017,p90,gbm_histogramas,E,297.75,313.41815483331453,286.31916666666666
boston,2018,p90,gbm_histogramas,E,307.67499999999995,292.5087256962101,286.31916666666666
boston,2019,p90,gbm_histogramas,E,297.4166666666667,295.24835916597505,286.31916666666666
chicago,2005,p90,gbm_histogramas,E,331.8333333333333,352.87881309420607,353.0916666666667
chicago,2006,p90,gbm_histogramas,E,332.875,346.82836460618654,353.0916666666667
chicago,2007,p90,gbm_histogramas,E,353.4166666666667,340.0120735861301,351.7075
chicago,2008,p90,gbm_histogramas,E,358.21666666666664,335.91789485858214,351.7075
chicago,2009,p90,gbm_histogramas,E,339.1666666666667,355.40102305650026,353.0916666666667
chicago,2010,p90,gbm_histogramas,E,358.8666666666667,342.02858254377935,351.7075
chicago,2011,p90,gbm_histogramas,E,354.1,351.8540389459326,351.7075
chicago,2012,p90,gbm_histogramas,E,346.1666666666667,356.5914906382508,353.0916666666667
chicago,2013,p90,gbm_histogramas,E,346.09666666666675,347.3796125491016,353.0916666666667
chicago,2014,p90,gbm_histogramas,E,350.36,348.4461708573045,353.0916666666667
chicago,2015,p90,gbm_histogramas,E,350.6483333333333,350.07007646997687,353.0916666666667
chicago,2016,p90,gbm_histogramas,E,352.76666666666665,357.0494239551621,352.0325
chicago,2017,p90,gbm_histogramas,E,371.3666666666667,348.2471665061547,351.7075
chicago,2018,p90,gbm_histogramas,E,354.53333333333336,364.43045294640274,351.7075
chicago,2019,p90,gbm_histogramas,E,353.89166666666665,359.1154783319572,351.7075
chicago,2022,p90,gbm_histogramas,E,355.51000000000005,348.8405989827196,351.7075
chicago,2023,p90,gbm_histogramas,E,346.8,362.2587015740486,353.0916666666667
nyc,2005,p90,gbm_histogramas,E,351.06666666666666,332.5532537176346,348.45
nyc,2006,p90,gbm_histogramas,E,332.6666666666667,334.0260920164621,350.2166666666667
nyc,2007,p90,gbm_histogramas,E,334.6333333333333,334.00627321030044,350.2166666666667
nyc,2008,p90,gbm_histogramas,E,333.51666666666665,338.61893680820816,350.2166666666667
nyc,2009,p90,gbm_histogramas,E,332.14500000000004,336.36261216240047,350.2166666666667
nyc,2010,p90,gbm_histogramas,E,337.1766666666667,338.98162141275793,350.2166666666667
nyc,2011,p90,gbm_histogramas,E,336.5,344.3155473069152,350.2166666666667
nyc,2013,p90,gbm_histogramas,E,337.24333333333334,343.33929199828987,350.2166666666667
nyc,2014,p90,gbm_histogramas,E,347.4,349.3118182361462,350.2166666666667
nyc,2015,p90,gbm_histogramas,E,350.93333333333334,343.70559137407713,348.45
nyc,2016,p90,gbm_histogramas,E,349.5,361.5876778203873,349.16666666666663
nyc,2017,p90,gbm_histogramas,E,352.28333333333336,362.1069639467057,348.45
nyc,2018,p90,gbm_histogramas,E,355.5,354.6412258640774,348.45
nyc,2019,p90,gbm_histogramas,E,354.5833333333333,352.17893639754124,348.45
nyc,2022,p90,gbm_histogramas,E,369.965,358.65318397220267,348.45
nyc,2023,p90,gbm_histogramas,E,361.55,354.33834002487777,348.45
nyc,2024,p90,gbm_histogramas,E,353.02666666666664,358.2138985297622,348.45
boston,2005,p90,gbm_histogramas,E+C,290.3333333333333,298.02627244809645,286.31916666666666
boston,2006,p90,gbm_histogramas,E+C,281.1283333333334,287.89746021981966,289.1
boston,2007,p90,gbm_histogramas,E+C,287.8666666666667,285.40363624630385,287.5525
boston,2008,p90,gbm_histogramas,E+C,284.54,284.8133139156237,289.1
boston,2009,p90,gbm_histogramas,E+C,280.1066666666667,279.3074927064197,289.1
boston,2010,p90,gbm_histogramas,E+C,280.8833333333333,275.86575491729076,289.1
boston,2011,p90,gbm_histogramas,E+C,281.26166666666666,294.81839247312143,289.1
boston,2012,p90,gbm_histogramas,E+C,326.36333333333334,296.9168762696376,286.31916666666666
boston,2013,p90,gbm_histogramas,E+C,284.77166666666665,290.5078830331493,289.1
boston,2014,p90,gbm_histogramas,E+C,317.05,291.60053851021615,286.31916666666666
boston,2015,p90,gbm_histogramas,E+C,282.1,294.78849461171706,289.1
boston,2016,p90,gbm_histogramas,E+C,293.1366666666667,298.334644572611,286.31916666666666
boston,2017,p90,gbm_histogramas,E+C,297.75,299.4502129028286,286.31916666666666
boston,2018,p90,gbm_histogramas,E+C,307.67499999999995,285.1116418215193,286.31916666666666
boston,2019,p90,gbm_histogramas,E+C,297.4166666666667,307.47864760774405,286.31916666666666
chicago,2005,p90,gbm_histogramas,E+C,331.8333333333333,347.0047882534543,353.0916666666667
chicago,2006,p90,gbm_histogramas,E+C,332.875,340.8517462116505,353.0916666666667
chicago,2007,p90,gbm_histogramas,E+C,353.4166666666667,364.0743553420698,351.7075
chicago,2008,p90,gbm_histogramas,E+C,358.21666666666664,356.5273918553525,351.7075
chicago,2009,p90,gbm_histogramas,E+C,339.1666666666667,341.2110224201832,353.0916666666667
chicago,2010,p90,gbm_histogramas,E+C,358.8666666666667,358.5427420613153,351.7075
chicago,2011,p90,gbm_histogramas,E+C,354.1,353.2845225016509,351.7075
chicago,2012,p90,gbm_histogramas,E+C,346.1666666666667,341.8731650009688,353.0916666666667
chicago,2013,p90,gbm_histogramas,E+C,346.09666666666675,348.1737712676824,353.0916666666667
chicago,2014,p90,gbm_histogramas,E+C,350.36,354.1256875148922,353.0916666666667
chicago,2015,p90,gbm_histogramas,E+C,350.6483333333333,371.12912646844455,353.0916666666667
chicago,2016,p90,gbm_histogramas,E+C,352.76666666666665,354.9059745411554,352.0325
chicago,2017,p90,gbm_histogramas,E+C,371.3666666666667,353.9200657498691,351.7075
chicago,2018,p90,gbm_histogramas,E+C,354.53333333333336,353.3963946695378,351.7075
chicago,2019,p90,gbm_histogramas,E+C,353.89166666666665,349.3947663022256,351.7075
chicago,2022,p90,gbm_histogramas,E+C,355.51000000000005,358.2176643023438,351.7075
chicago,2023,p90,gbm_histogramas,E+C,346.8,357.2188052809724,353.0916666666667
nyc,2005,p90,gbm_histogramas,E+C,351.06666666666666,347.1674521679867,348.45
nyc,2006,p90,gbm_histogramas,E+C,332.6666666666667,335.05083611661934,350.2166666666667
nyc,2007,p90,gbm_histogramas,E+C,334.6333333333333,334.8985289028692,350.2166666666667
nyc,2008,p90,gbm_histogramas,E+C,333.51666666666665,336.41117848745444,350.2166666666667
nyc,2009,p90,gbm_histogramas,E+C,332.14500000000004,335.2847394293613,350.2166666666667
nyc,2010,p90,gbm_histogramas,E+C,337.1766666666667,336.8055615808644,350.2166666666667
nyc,2011,p90,gbm_histogramas,E+C,336.5,340.6736770585951,350.2166666666667
nyc,2013,p90,gbm_histogramas,E+C,337.24333333333334,343.24162905923754,350.2166666666667
nyc,2014,p90,gbm_histogramas,E+C,347.4,343.42046004413254,350.2166666666667
nyc,2015,p90,gbm_histogramas,E+C,350.93333333333334,348.74264396306427,348.45
nyc,2016,p90,gbm_histogramas,E+C,349.5,351.6832430764912,349.16666666666663
nyc,2017,p90,gbm_histogramas,E+C,352.28333333333336,356.9327044665214,348.45
nyc,2018,p90,gbm_histogramas,E+C,355.5,352.8732629172315,348.45
nyc,2019,p90,gbm_histogramas,E+C,354.5833333333333,348.28933478461846,348.45
nyc,2022,p90,gbm_histogramas,E+C,369.965,365.34525118986676,348.45
nyc,2023,p90,gbm_histogramas,E+C,361.55,352.89128176989715,348.45
nyc,2024,p90,gbm_histogramas,E+C,353.02666666666664,355.09911494717016,348.45
boston,2005,p90,gbm_histogramas,E+S,290.3333333333333,277.71430005827165,286.31916666666666
boston,2006,p90,gbm_histogramas,E+S,281.1283333333334,293.306873597416,289.1
boston,2007,p90,gbm_histogramas,E+S,287.8666666666667,289.33590906090717,287.5525
boston,2008,p90,gbm_histogramas,E+S,284.54,291.0661396407528,289.1
boston,2009,p90,gbm_histogramas,E+S,280.1066666666667,274.13352843273964,289.1
boston,2010,p90,gbm_histogramas,E+S,280.8833333333333,288.19030074666,289.1
boston,2011,p90,gbm_histogramas,E+S,281.26166666666666,285.40976518748755,289.1
boston,2012,p90,gbm_histogramas,E+S,326.36333333333334,281.8340087635143,286.31916666666666
boston,2013,p90,gbm_histogramas,E+S,284.77166666666665,305.5452003654804,289.1
boston,2014,p90,gbm_histogramas,E+S,317.05,282.1267655518893,286.31916666666666
boston,2015,p90,gbm_histogramas,E+S,282.1,307.2318539535667,289.1
boston,2016,p90,gbm_histogramas,E+S,293.1366666666667,285.8747281940164,286.31916666666666
boston,2017,p90,gbm_histogramas,E+S,297.75,306.6569379923897,286.31916666666666
boston,2018,p90,gbm_histogramas,E+S,307.67499999999995,290.08236318283593,286.31916666666666
boston,2019,p90,gbm_histogramas,E+S,297.4166666666667,311.42075153957904,286.31916666666666
chicago,2005,p90,gbm_histogramas,E+S,331.8333333333333,340.1991703370542,353.0916666666667
chicago,2006,p90,gbm_histogramas,E+S,332.875,344.52084631191696,353.0916666666667
chicago,2007,p90,gbm_histogramas,E+S,353.4166666666667,339.3859093514441,351.7075
chicago,2008,p90,gbm_histogramas,E+S,358.21666666666664,338.17502035721867,351.7075
chicago,2009,p90,gbm_histogramas,E+S,339.1666666666667,352.4893740938388,353.0916666666667
chicago,2010,p90,gbm_histogramas,E+S,358.8666666666667,337.971403073467,351.7075
chicago,2011,p90,gbm_histogramas,E+S,354.1,349.62016671632693,351.7075
chicago,2012,p90,gbm_histogramas,E+S,346.1666666666667,353.40537157726214,353.0916666666667
chicago,2013,p90,gbm_histogramas,E+S,346.09666666666675,349.57889931906163,353.0916666666667
chicago,2014,p90,gbm_histogramas,E+S,350.36,350.02720925999193,353.0916666666667
chicago,2015,p90,gbm_histogramas,E+S,350.6483333333333,351.6096343324736,353.0916666666667
chicago,2016,p90,gbm_histogramas,E+S,352.76666666666665,355.1557075738432,352.0325
chicago,2017,p90,gbm_histogramas,E+S,371.3666666666667,350.178375343976,351.7075
chicago,2018,p90,gbm_histogramas,E+S,354.53333333333336,367.0571910683664,351.7075
chicago,2019,p90,gbm_histogramas,E+S,353.89166666666665,355.27555255149593,351.7075
chicago,2022,p90,gbm_histogramas,E+S,355.51000000000005,366.2345737581531,351.7075
chicago,2023,p90,gbm_histogramas,E+S,346.8,359.7550961306402,353.0916666666667
nyc,2005,p90,gbm_histogramas,E+S,351.06666666666666,331.78862200961964,348.45
nyc,2006,p90,gbm_histogramas,E+S,332.6666666666667,336.1281793286623,350.2166666666667
nyc,2007,p90,gbm_histogramas,E+S,334.6333333333333,334.1523481797704,350.2166666666667
nyc,2008,p90,gbm_histogramas,E+S,333.51666666666665,334.39828767857114,350.2166666666667
nyc,2009,p90,gbm_histogramas,E+S,332.14500000000004,336.10115782765433,350.2166666666667
nyc,2010,p90,gbm_histogramas,E+S,337.1766666666667,336.59737474254445,350.2166666666667
nyc,2011,p90,gbm_histogramas,E+S,336.5,338.3675489597524,350.2166666666667
nyc,2013,p90,gbm_histogramas,E+S,337.24333333333334,344.1770706851817,350.2166666666667
nyc,2014,p90,gbm_histogramas,E+S,347.4,346.60107856920837,350.2166666666667
nyc,2015,p90,gbm_histogramas,E+S,350.93333333333334,344.1478104061985,348.45
nyc,2016,p90,gbm_histogramas,E+S,349.5,364.4842851940748,349.16666666666663
nyc,2017,p90,gbm_histogramas,E+S,352.28333333333336,365.03717248696057,348.45
nyc,2018,p90,gbm_histogramas,E+S,355.5,351.85300243249577,348.45
nyc,2019,p90,gbm_histogramas,E+S,354.5833333333333,353.6461491632536,348.45
nyc,2022,p90,gbm_histogramas,E+S,369.965,359.70774766260035,348.45
nyc,2023,p90,gbm_histogramas,E+S,361.55,352.2011790068672,348.45
nyc,2024,p90,gbm_histogramas,E+S,353.02666666666664,358.68056016797556,348.45
