maratona,ano,alvo,formulacao,familia,real_min,pred_min,ref_min
boston,2005,p10,referencia,media_global,194.045,202.64475694444445,187.51
boston,2006,p10,referencia,media_global,188.60166666666663,202.75815972222222,187.51
boston,2007,p10,referencia,media_global,191.035,202.70746527777774,187.51
boston,2008,p10,referencia,media_global,188.58333333333331,202.75854166666667,187.51
boston,2009,p10,referencia,media_global,187.4333333333333,202.7825,188.08499999999998
boston,2010,p10,referencia,media_global,187.58666666666667,202.77930555555554,188.00833333333333
boston,2011,p10,referencia,media_global,186.8,202.79569444444442,188.08499999999998
boston,2012,p10,referencia,media_global,203.03333333333333,202.45749999999998,187.51
boston,2013,p10,referencia,media_global,181.22833333333327,202.91177083333332,188.08499999999998
boston,2014,p10,referencia,media_global,184.78333333333333,202.83770833333332,188.08499999999998
boston,2015,p10,referencia,media_global,180.06166666666667,202.93607638888886,188.08499999999998
boston,2016,p10,referencia,media_global,188.6833333333333,202.7564583333333,187.51
boston,2017,p10,referencia,media_global,189.18166666666667,202.7460763888889,187.51
boston,2018,p10,referencia,media_global,185.35,202.82590277777777,188.08499999999998
boston,2019,p10,referencia,media_global,180.2333333333333,202.9325,188.08499999999998
chicago,2005,p10,referencia,media_global,208.26666666666668,202.34847222222223,207.3
chicago,2006,p10,referencia,media_global,204.55,202.42590277777776,207.825
chicago,2007,p10,referencia,media_global,230.4833333333333,201.88562499999998,207.3
chicago,2008,p10,referencia,media_global,219.47333333333333,202.115,207.3
chicago,2009,p10,referencia,media_global,206.08,202.39402777777778,207.825
chicago,2010,p10,referencia,media_global,214.95,202.2092361111111,207.3
chicago,2011,p10,referencia,media_global,213.9833333333333,202.22937499999998,207.3
chicago,2012,p10,referencia,media_global,208.13333333333333,202.35125000000002,207.3
chicago,2013,p10,referencia,media_global,208.6,202.34152777777777,207.3
chicago,2014,p10,referencia,media_global,206.61666666666667,202.38284722222224,207.825
chicago,2015,p10,referencia,media_global,207.51666666666668,202.3640972222222,207.60833333333332
chicago,2016,p10,referencia,media_global,207.08333333333331,202.373125,207.825
chicago,2017,p10,referencia,media_global,211.21666666666667,202.28701388888888,207.3
chicago,2018,p10,referencia,media_global,204.05,202.43631944444442,207.825
chicago,2019,p10,referencia,media_global,198.275,202.55663194444446,207.825
chicago,2022,p10,referencia,media_global,197.0233333333333,202.58270833333336,207.825
chicago,2023,p10,referencia,media_global,189.16666666666663,202.7463888888889,207.825
nyc,2005,p10,referencia,media_global,217.06166666666667,202.16524305555558,208.43666666666667
nyc,2006,p10,referencia,media_global,208.05,202.3529861111111,209.24416666666667
nyc,2007,p10,referencia,media_global,208.8,202.3373611111111,208.88083333333333
nyc,2008,p10,referencia,media_global,205.88333333333333,202.39812499999996,209.24416666666667
nyc,2009,p10,referencia,media_global,206.47166666666664,202.38586805555553,209.24416666666667
nyc,2010,p10,referencia,media_global,208.07333333333332,202.35249999999996,209.24416666666667
nyc,2011,p10,referencia,media_global,207.0283333333333,202.3742708333333,209.24416666666667
nyc,2013,p10,referencia,media_global,210.60666666666668,202.2997222222222,208.43666666666667
nyc,2014,p10,referencia,media_global,213.27166666666668,202.24420138888888,208.43666666666667
nyc,2015,p10,referencia,media_global,214.6,202.21652777777777,208.43666666666667
nyc,2016,p10,referencia,media_global,213.21666666666667,202.24534722222222,208.43666666666667
nyc,2017,p10,referencia,media_global,211.06666666666663,202.2901388888889,208.43666666666667
nyc,2018,p10,referencia,media_global,209.68833333333333,202.31885416666668,208.43666666666667
nyc,2019,p10,referencia,media_global,206.81666666666663,202.37868055555555,209.24416666666667
nyc,2022,p10,referencia,media_global,218.76666666666668,202.1297222222222,208.43666666666667
nyc,2023,p10,referencia,media_global,207.58333333333331,202.36270833333333,209.24416666666667
nyc,2024,p10,referencia,media_global,201.9,202.48111111111112,209.24416666666667
boston,2005,p10,referencia,referencia_historica,194.045,187.51,187.51
boston,2006,p10,referencia,referencia_historica,188.60166666666663,187.51,187.51
boston,2007,p10,referencia,referencia_historica,191.035,187.51,187.51
boston,2008,p10,referencia,referencia_historica,188.58333333333331,187.51,187.51
boston,2009,p10,referencia,referencia_historica,187.4333333333333,188.08499999999998,188.08499999999998
boston,2010,p10,referencia,referencia_historica,187.58666666666667,188.00833333333333,188.00833333333333
boston,2011,p10,referencia,referencia_historica,186.8,188.08499999999998,188.08499999999998
boston,2012,p10,referencia,referencia_historica,203.03333333333333,187.51,187.51
boston,2013,p10,referencia,referencia_historica,181.22833333333327,188.08499999999998,188.08499999999998
boston,2014,p10,referencia,referencia_historica,184.78333333333333,188.08499999999998,188.08499999999998
boston,2015,p10,referencia,referencia_historica,180.06166666666667,188.08499999999998,188.08499999999998
boston,2016,p10,referencia,referencia_historica,188.6833333333333,187.51,187.51
boston,2017,p10,referencia,referencia_historica,189.18166666666667,187.51,187.51
boston,2018,p10,referencia,referencia_historica,185.35,188.08499999999998,188.08499999999998
boston,2019,p10,referencia,referencia_historica,180.2333333333333,188.08499999999998,188.08499999999998
chicago,2005,p10,referencia,referencia_historica,208.26666666666668,207.3,207.3
chicago,2006,p10,referencia,referencia_historica,204.55,207.825,207.825
chicago,2007,p10,referencia,referencia_historica,230.4833333333333,207.3,207.3
chicago,2008,p10,referencia,referencia_historica,219.47333333333333,207.3,207.3
chicago,2009,p10,referencia,referencia_historica,206.08,207.825,207.825
chicago,2010,p10,referencia,referencia_historica,214.95,207.3,207.3
chicago,2011,p10,referencia,referencia_historica,213.9833333333333,207.3,207.3
chicago,2012,p10,referencia,referencia_historica,208.13333333333333,207.3,207.3
chicago,2013,p10,referencia,referencia_historica,208.6,207.3,207.3
chicago,2014,p10,referencia,referencia_historica,206.61666666666667,207.825,207.825
chicago,2015,p10,referencia,referencia_historica,207.51666666666668,207.60833333333332,207.60833333333332
chicago,2016,p10,referencia,referencia_historica,207.08333333333331,207.825,207.825
chicago,2017,p10,referencia,referencia_historica,211.21666666666667,207.3,207.3
chicago,2018,p10,referencia,referencia_historica,204.05,207.825,207.825
chicago,2019,p10,referencia,referencia_historica,198.275,207.825,207.825
chicago,2022,p10,referencia,referencia_historica,197.0233333333333,207.825,207.825
chicago,2023,p10,referencia,referencia_historica,189.16666666666663,207.825,207.825
nyc,2005,p10,referencia,referencia_historica,217.06166666666667,208.43666666666667,208.43666666666667
nyc,2006,p10,referencia,referencia_historica,208.05,209.24416666666667,209.24416666666667
nyc,2007,p10,referencia,referencia_historica,208.8,208.88083333333333,208.88083333333333
nyc,2008,p10,referencia,referencia_historica,205.88333333333333,209.24416666666667,209.24416666666667
nyc,2009,p10,referencia,referencia_historica,206.47166666666664,209.24416666666667,209.24416666666667
nyc,2010,p10,referencia,referencia_historica,208.07333333333332,209.24416666666667,209.24416666666667
nyc,2011,p10,referencia,referencia_historica,207.0283333333333,209.24416666666667,209.24416666666667
nyc,2013,p10,referencia,referencia_historica,210.60666666666668,208.43666666666667,208.43666666666667
nyc,2014,p10,referencia,referencia_historica,213.27166666666668,208.43666666666667,208.43666666666667
nyc,2015,p10,referencia,referencia_historica,214.6,208.43666666666667,208.43666666666667
nyc,2016,p10,referencia,referencia_historica,213.21666666666667,208.43666666666667,208.43666666666667
nyc,2017,p10,referencia,referencia_historica,211.06666666666663,208.43666666666667,208.43666666666667
nyc,2018,p10,referencia,referencia_historica,209.68833333333333,208.43666666666667,208.43666666666667
nyc,2019,p10,referencia,referencia_historica,206.81666666666663,209.24416666666667,209.24416666666667
nyc,2022,p10,referencia,referencia_historica,218.76666666666668,208.43666666666667,208.43666666666667
nyc,2023,p10,referencia,referencia_historica,207.58333333333331,209.24416666666667,209.24416666666667
nyc,2024,p10,referencia,referencia_historica,201.9,209.24416666666667,209.24416666666667
boston,2005,p10,absoluto,linear,194.045,192.11620667670397,187.51
boston,2006,p10,absoluto,linear,188.60166666666663,179.18260766553382,187.51
boston,2007,p10,absoluto,linear,191.035,196.7193213929379,187.51
boston,2008,p10,absoluto,linear,188.58333333333331,186.55800557283843,187.51
boston,2009,p10,absoluto,linear,187.4333333333333,191.13116491728775,188.08499999999998
boston,2010,p10,absoluto,linear,187.58666666666667,182.60199113763144,188.00833333333333
boston,2011,p10,absoluto,linear,186.8,190.75668844710844,188.08499999999998
boston,2012,p10,absoluto,linear,203.03333333333333,187.9149556486568,187.51
boston,2013,p10,absoluto,linear,181.22833333333327,192.98724124273414,188.08499999999998
boston,2014,p10,absoluto,linear,184.78333333333333,187.2234006775035,188.08499999999998
boston,2015,p10,absoluto,linear,180.06166666666667,168.07588365117414,188.08499999999998
boston,2016,p10,absoluto,linear,188.6833333333333,167.31590646472745,187.51
boston,2017,p10,absoluto,linear,189.18166666666667,184.86574548577786,187.51
boston,2018,p10,absoluto,linear,185.35,319.0383389308372,188.08499999999998
boston,2019,p10,absoluto,linear,180.2333333333333,202.02935962944014,188.08499999999998
chicago,2005,p10,absoluto,linear,208.26666666666668,219.73827925847763,207.3
chicago,2006,p10,absoluto,linear,204.55,206.5244558719616,207.825
chicago,2007,p10,absoluto,linear,230.4833333333333,221.99345023250152,207.3
chicago,2008,p10,absoluto,linear,219.47333333333333,214.18619222190165,207.3
chicago,2009,p10,absoluto,linear,206.08,200.286785997717,207.825
chicago,2010,p10,absoluto,linear,214.95,218.74757554948516,207.3
chicago,2011,p10,absoluto,linear,213.9833333333333,219.24457629692506,207.3
chicago,2012,p10,absoluto,linear,208.13333333333333,203.77310324195255,207.3
chicago,2013,p10,absoluto,linear,208.6,207.61497799186174,207.3
chicago,2014,p10,absoluto,linear,206.61666666666667,199.6683774242253,207.825
chicago,2015,p10,absoluto,linear,207.51666666666668,216.98703632649725,207.60833333333332
chicago,2016,p10,absoluto,linear,207.08333333333331,202.9706668032914,207.825
chicago,2017,p10,absoluto,linear,211.21666666666667,205.22989329748214,207.3
chicago,2018,p10,absoluto,linear,204.05,213.2796103514116,207.825
chicago,2019,p10,absoluto,linear,198.275,201.09489086541342,207.825
chicago,2022,p10,absoluto,linear,197.0233333333333,187.36424817033986,207.825
chicago,2023,p10,absoluto,linear,189.16666666666663,194.15134219644003,207.825
nyc,2005,p10,absoluto,linear,217.06166666666667,212.66896559778527,208.43666666666667
nyc,2006,p10,absoluto,linear,208.05,203.88400007550956,209.24416666666667
nyc,2007,p10,absoluto,linear,208.8,210.71948689677114,208.88083333333333
nyc,2008,p10,absoluto,linear,205.88333333333333,211.31534824835398,209.24416666666667
nyc,2009,p10,absoluto,linear,206.47166666666664,213.46490971318553,209.24416666666667
nyc,2010,p10,absoluto,linear,208.07333333333332,211.59773477205636,209.24416666666667
nyc,2011,p10,absoluto,linear,207.0283333333333,206.3595584038067,209.24416666666667
nyc,2013,p10,absoluto,linear,210.60666666666668,207.69537215807637,208.43666666666667
nyc,2014,p10,absoluto,linear,213.27166666666668,206.32798494328816,208.43666666666667
nyc,2015,p10,absoluto,linear,214.6,213.6815531882158,208.43666666666667
nyc,2016,p10,absoluto,linear,213.21666666666667,217.5609524780729,208.43666666666667
nyc,2017,p10,absoluto,linear,211.06666666666663,212.2318371442047,208.43666666666667
nyc,2018,p10,absoluto,linear,209.68833333333333,203.22463705479927,208.43666666666667
nyc,2019,p10,absoluto,linear,206.81666666666663,206.32382348117878,209.24416666666667
nyc,2022,p10,absoluto,linear,218.76666666666668,231.984519455513,208.43666666666667
nyc,2023,p10,absoluto,linear,207.58333333333331,210.2008759542304,209.24416666666667
nyc,2024,p10,absoluto,linear,201.9,211.08617415312216,209.24416666666667
boston,2005,p10,absoluto,ridge,194.045,193.94631744034547,187.51
boston,2006,p10,absoluto,ridge,188.60166666666663,190.00134906095957,187.51
boston,2007,p10,absoluto,ridge,191.035,183.26078616202653,187.51
boston,2008,p10,absoluto,ridge,188.58333333333331,188.4193820461158,187.51
boston,2009,p10,absoluto,ridge,187.4333333333333,187.7252772826812,188.08499999999998
boston,2010,p10,absoluto,ridge,187.58666666666667,181.67246215547763,188.00833333333333
boston,2011,p10,absoluto,ridge,186.8,188.2462930551037,188.08499999999998
boston,2012,p10,absoluto,ridge,203.03333333333333,193.2946105318339,187.51
boston,2013,p10,absoluto,ridge,181.22833333333327,184.75545848960616,188.08499999999998
boston,2014,p10,absoluto,ridge,184.78333333333333,189.78495195204175,188.08499999999998
boston,2015,p10,absoluto,ridge,180.06166666666667,183.7016443824794,188.08499999999998
boston,2016,p10,absoluto,ridge,188.6833333333333,191.1429681858997,187.51
boston,2017,p10,absoluto,ridge,189.18166666666667,191.28826028649772,187.51
boston,2018,p10,absoluto,ridge,185.35,164.98534598346055,188.08499999999998
boston,2019,p10,absoluto,ridge,180.2333333333333,185.7561393702367,188.08499999999998
chicago,2005,p10,absoluto,ridge,208.26666666666668,217.36552260647727,207.3
chicago,2006,p10,absoluto,ridge,204.55,212.91144391508163,207.825
chicago,2007,p10,absoluto,ridge,230.4833333333333,223.22211706572614,207.3
chicago,2008,p10,absoluto,ridge,219.47333333333333,217.85253865882558,207.3
chicago,2009,p10,absoluto,ridge,206.08,198.962836367664,207.825
chicago,2010,p10,absoluto,ridge,214.95,219.69500953956555,207.3
chicago,2011,p10,absoluto,ridge,213.9833333333333,213.52252116330413,207.3
chicago,2012,p10,absoluto,ridge,208.13333333333333,199.414803634564,207.3
chicago,2013,p10,absoluto,ridge,208.6,207.43178786611043,207.3
chicago,2014,p10,absoluto,ridge,206.61666666666667,205.83591758863582,207.825
chicago,2015,p10,absoluto,ridge,207.51666666666668,211.07030538452594,207.60833333333332
chicago,2016,p10,absoluto,ridge,207.08333333333331,205.36018884573627,207.825
chicago,2017,p10,absoluto,ridge,211.21666666666667,208.28865586949982,207.3
chicago,2018,p10,absoluto,ridge,204.05,201.47370792077206,207.825
chicago,2019,p10,absoluto,ridge,198.275,198.8188693521542,207.825
chicago,2022,p10,absoluto,ridge,197.0233333333333,201.6681712213696,207.825
chicago,2023,p10,absoluto,ridge,189.16666666666663,198.3868955978651,207.825
nyc,2005,p10,absoluto,ridge,217.06166666666667,213.88335701445365,208.43666666666667
nyc,2006,p10,absoluto,ridge,208.05,204.05320689852084,209.24416666666667
nyc,2007,p10,absoluto,ridge,208.8,211.60007847085896,208.88083333333333
nyc,2008,p10,absoluto,ridge,205.88333333333333,212.01879094344,209.24416666666667
nyc,2009,p10,absoluto,ridge,206.47166666666664,212.3593509194419,209.24416666666667
nyc,2010,p10,absoluto,ridge,208.07333333333332,206.98797639447633,209.24416666666667
nyc,2011,p10,absoluto,ridge,207.0283333333333,208.76880187298437,209.24416666666667
nyc,2013,p10,absoluto,ridge,210.60666666666668,209.07497226730624,208.43666666666667
nyc,2014,p10,absoluto,ridge,213.27166666666668,206.23242785966627,208.43666666666667
nyc,2015,p10,absoluto,ridge,214.6,211.60431933311753,208.43666666666667
nyc,2016,p10,absoluto,ridge,213.21666666666667,214.4539554008198,208.43666666666667
nyc,2017,p10,absoluto,ridge,211.06666666666663,211.46754274512216,208.43666666666667
nyc,2018,p10,absoluto,ridge,209.68833333333333,205.6757369009883,208.43666666666667
nyc,2019,p10,absoluto,ridge,206.81666666666663,206.59741301261082,209.24416666666667
nyc,2022,p10,absoluto,ridge,218.76666666666668,222.77787419152816,208.43666666666667
nyc,2023,p10,absoluto,ridge,207.58333333333331,204.75510493072215,209.24416666666667
nyc,2024,p10,absoluto,ridge,201.9,208.1480401379055,209.24416666666667
boston,2005,p10,absoluto,floresta_aleatoria,194.045,190.1371091468252,187.51
boston,2006,p10,absoluto,floresta_aleatoria,188.60166666666663,191.7014532142855,187.51
boston,2007,p10,absoluto,floresta_aleatoria,191.035,186.96038210978833,187.51
boston,2008,p10,absoluto,floresta_aleatoria,188.58333333333331,190.02406110119043,187.51
boston,2009,p10,absoluto,floresta_aleatoria,187.4333333333333,186.9953003835977,188.08499999999998
boston,2010,p10,absoluto,floresta_aleatoria,187.58666666666667,187.64773606150786,188.00833333333333
boston,2011,p10,absoluto,floresta_aleatoria,186.8,186.53997884093914,188.08499999999998
boston,2012,p10,absoluto,floresta_aleatoria,203.03333333333333,187.11067322255286,187.51
boston,2013,p10,absoluto,floresta_aleatoria,181.22833333333327,188.15643280303019,188.08499999999998
boston,2014,p10,absoluto,floresta_aleatoria,184.78333333333333,190.22668822961757,188.08499999999998
boston,2015,p10,absoluto,floresta_aleatoria,180.06166666666667,187.75436287202388,188.08499999999998
boston,2016,p10,absoluto,floresta_aleatoria,188.6833333333333,187.63791552083327,187.51
boston,2017,p10,absoluto,floresta_aleatoria,189.18166666666667,192.2365851984127,187.51
boston,2018,p10,absoluto,floresta_aleatoria,185.35,185.04686349702374,188.08499999999998
boston,2019,p10,absoluto,floresta_aleatoria,180.2333333333333,191.87524677744685,188.08499999999998
chicago,2005,p10,absoluto,floresta_aleatoria,208.26666666666668,205.983608245701,207.3
chicago,2006,p10,absoluto,floresta_aleatoria,204.55,208.19444567460312,207.825
chicago,2007,p10,absoluto,floresta_aleatoria,230.4833333333333,209.201670808532,207.3
chicago,2008,p10,absoluto,floresta_aleatoria,219.47333333333333,215.9859216468255,207.3
chicago,2009,p10,absoluto,floresta_aleatoria,206.08,207.39970165013216,207.825
chicago,2010,p10,absoluto,floresta_aleatoria,214.95,217.44736492559514,207.3
chicago,2011,p10,absoluto,floresta_aleatoria,213.9833333333333,217.05332837466904,207.3
chicago,2012,p10,absoluto,floresta_aleatoria,208.13333333333333,202.70877033068768,207.3
chicago,2013,p10,absoluto,floresta_aleatoria,208.6,207.19101115079363,207.3
chicago,2014,p10,absoluto,floresta_aleatoria,206.61666666666667,206.7348471329365,207.825
chicago,2015,p10,absoluto,floresta_aleatoria,207.51666666666668,210.4376414070767,207.60833333333332
chicago,2016,p10,absoluto,floresta_aleatoria,207.08333333333331,205.98498583333338,207.825
chicago,2017,p10,absoluto,floresta_aleatoria,211.21666666666667,208.67274310846568,207.3
chicago,2018,p10,absoluto,floresta_aleatoria,204.05,211.1483049289022,207.825
chicago,2019,p10,absoluto,floresta_aleatoria,198.275,204.67683829695778,207.825
chicago,2022,p10,absoluto,floresta_aleatoria,197.0233333333333,205.27852602347878,207.825
chicago,2023,p10,absoluto,floresta_aleatoria,189.16666666666663,204.2958811755952,207.825
nyc,2005,p10,absoluto,floresta_aleatoria,217.06166666666667,212.48034853174588,208.43666666666667
nyc,2006,p10,absoluto,floresta_aleatoria,208.05,207.92960510747378,209.24416666666667
nyc,2007,p10,absoluto,floresta_aleatoria,208.8,208.62988951554246,208.88083333333333
nyc,2008,p10,absoluto,floresta_aleatoria,205.88333333333333,207.54574636904775,209.24416666666667
nyc,2009,p10,absoluto,floresta_aleatoria,206.47166666666664,208.94599651455027,209.24416666666667
nyc,2010,p10,absoluto,floresta_aleatoria,208.07333333333332,207.70663819444445,209.24416666666667
nyc,2011,p10,absoluto,floresta_aleatoria,207.0283333333333,208.4752212003971,209.24416666666667
nyc,2013,p10,absoluto,floresta_aleatoria,210.60666666666668,209.1186381894842,208.43666666666667
nyc,2014,p10,absoluto,floresta_aleatoria,213.27166666666668,206.9766139236113,208.43666666666667
nyc,2015,p10,absoluto,floresta_aleatoria,214.6,210.3117193287039,208.43666666666667
nyc,2016,p10,absoluto,floresta_aleatoria,213.21666666666667,210.2052953670636,208.43666666666667
nyc,2017,p10,absoluto,floresta_aleatoria,211.06666666666663,211.5506240476192,208.43666666666667
nyc,2018,p10,absoluto,floresta_aleatoria,209.68833333333333,206.5979197933202,208.43666666666667
nyc,2019,p10,absoluto,floresta_aleatoria,206.81666666666663,205.3863010813492,209.24416666666667
nyc,2022,p10,absoluto,floresta_aleatoria,218.76666666666668,213.96860462301575,208.43666666666667
nyc,2023,p10,absoluto,floresta_aleatoria,207.58333333333331,203.76062932208987,209.24416666666667
nyc,2024,p10,absoluto,floresta_aleatoria,201.9,205.12102212136247,209.24416666666667
boston,2005,p10,absoluto,gbm_histogramas,194.045,192.23286099220175,187.51
boston,2006,p10,absoluto,gbm_histogramas,188.60166666666663,189.9371787604302,187.51
boston,2007,p10,absoluto,gbm_histogramas,191.035,190.2780368128943,187.51
boston,2008,p10,absoluto,gbm_histogramas,188.58333333333331,191.02182656311587,187.51
boston,2009,p10,absoluto,gbm_histogramas,187.4333333333333,183.6128353896634,188.08499999999998
boston,2010,p10,absoluto,gbm_histogramas,187.58666666666667,188.1391809678795,188.00833333333333
boston,2011,p10,absoluto,gbm_histogramas,186.8,186.6818598869286,188.08499999999998
boston,2012,p10,absoluto,gbm_histogramas,203.03333333333333,191.2735301439026,187.51
boston,2013,p10,absoluto,gbm_histogramas,181.22833333333327,187.6048342458154,188.08499999999998
boston,2014,p10,absoluto,gbm_histogramas,184.78333333333333,184.8073570049916,188.08499999999998
boston,2015,p10,absoluto,gbm_histogramas,180.06166666666667,185.92429582710824,188.08499999999998
boston,2016,p10,absoluto,gbm_histogramas,188.6833333333333,188.47340707120566,187.51
boston,2017,p10,absoluto,gbm_histogramas,189.18166666666667,188.22807668245812,187.51
boston,2018,p10,absoluto,gbm_histogramas,185.35,182.44510777918558,188.08499999999998
boston,2019,p10,absoluto,gbm_histogramas,180.2333333333333,191.02826314642255,188.08499999999998
chicago,2005,p10,absoluto,gbm_histogramas,208.26666666666668,207.72786345344002,207.3
chicago,2006,p10,absoluto,gbm_histogramas,204.55,208.16851543861955,207.825
chicago,2007,p10,absoluto,gbm_histogramas,230.4833333333333,217.1048378242408,207.3
chicago,2008,p10,absoluto,gbm_histogramas,219.47333333333333,219.40811435935356,207.3
chicago,2009,p10,absoluto,gbm_histogramas,206.08,205.29555298791814,207.825
chicago,2010,p10,absoluto,gbm_histogramas,214.95,220.51792797296395,207.3
chicago,2011,p10,absoluto,gbm_histogramas,213.9833333333333,218.43148700279392,207.3
chicago,2012,p10,absoluto,gbm_histogramas,208.13333333333333,200.52529602097815,207.3
chicago,2013,p10,absoluto,gbm_histogramas,208.6,208.1030506417519,207.3
chicago,2014,p10,absoluto,gbm_histogramas,206.61666666666667,207.83849843174326,207.825
chicago,2015,p10,absoluto,gbm_histogramas,207.51666666666668,209.35815468467263,207.60833333333332
chicago,2016,p10,absoluto,gbm_histogramas,207.08333333333331,208.1113875611523,207.825
chicago,2017,p10,absoluto,gbm_histogramas,211.21666666666667,209.94965624639767,207.3
chicago,2018,p10,absoluto,gbm_histogramas,204.05,210.47115674205918,207.825
chicago,2019,p10,absoluto,gbm_histogramas,198.275,200.75616681445152,207.825
chicago,2022,p10,absoluto,gbm_histogramas,197.0233333333333,200.73471656328215,207.825
chicago,2023,p10,absoluto,gbm_histogramas,189.16666666666663,202.37638549144387,207.825
nyc,2005,p10,absoluto,gbm_histogramas,217.06166666666667,212.57669360075465,208.43666666666667
nyc,2006,p10,absoluto,gbm_histogramas,208.05,208.36852735117307,209.24416666666667
nyc,2007,p10,absoluto,gbm_histogramas,208.8,207.50444365031066,208.88083333333333
nyc,2008,p10,absoluto,gbm_histogramas,205.88333333333333,208.15179509160268,209.24416666666667
nyc,2009,p10,absoluto,gbm_histogramas,206.47166666666664,208.61990551108659,209.24416666666667
nyc,2010,p10,absoluto,gbm_histogramas,208.07333333333332,206.73627381028973,209.24416666666667
nyc,2011,p10,absoluto,gbm_histogramas,207.0283333333333,209.81809278507313,209.24416666666667
nyc,2013,p10,absoluto,gbm_histogramas,210.60666666666668,211.06613555727745,208.43666666666667
nyc,2014,p10,absoluto,gbm_histogramas,213.27166666666668,208.15890282817008,208.43666666666667
nyc,2015,p10,absoluto,gbm_histogramas,214.6,210.6477517139849,208.43666666666667
nyc,2016,p10,absoluto,gbm_histogramas,213.21666666666667,211.42308059975656,208.43666666666667
nyc,2017,p10,absoluto,gbm_histogramas,211.06666666666663,212.75965006362418,208.43666666666667
nyc,2018,p10,absoluto,gbm_histogramas,209.68833333333333,209.25222977023174,208.43666666666667
nyc,2019,p10,absoluto,gbm_histogramas,206.81666666666663,202.57884783917262,209.24416666666667
nyc,2022,p10,absoluto,gbm_histogramas,218.76666666666668,222.74903859763435,208.43666666666667
nyc,2023,p10,absoluto,gbm_histogramas,207.58333333333331,202.66147796912614,209.24416666666667
nyc,2024,p10,absoluto,gbm_histogramas,201.9,204.60732853321227,209.24416666666667
boston,2005,p10,absoluto,perceptron_multicamadas,194.045,238.39143953759873,187.51
boston,2006,p10,absoluto,perceptron_multicamadas,188.60166666666663,111.03737861230393,187.51
boston,2007,p10,absoluto,perceptron_multicamadas,191.035,257.65998924009824,187.51
boston,2008,p10,absoluto,perceptron_multicamadas,188.58333333333331,166.35344723885976,187.51
boston,2009,p10,absoluto,perceptron_multicamadas,187.4333333333333,179.55583078428032,188.08499999999998
boston,2010,p10,absoluto,perceptron_multicamadas,187.58666666666667,172.56312435190043,188.00833333333333
boston,2011,p10,absoluto,perceptron_multicamadas,186.8,171.56797064774577,188.08499999999998
boston,2012,p10,absoluto,perceptron_multicamadas,203.03333333333333,145.28921576805675,187.51
boston,2013,p10,absoluto,perceptron_multicamadas,181.22833333333327,170.86122957233206,188.08499999999998
boston,2014,p10,absoluto,perceptron_multicamadas,184.78333333333333,183.99911961855005,188.08499999999998
boston,2015,p10,absoluto,perceptron_multicamadas,180.06166666666667,138.51943227942172,188.08499999999998
boston,2016,p10,absoluto,perceptron_multicamadas,188.6833333333333,196.8033851462199,187.51
boston,2017,p10,absoluto,perceptron_multicamadas,189.18166666666667,187.96355755131404,187.51
boston,2018,p10,absoluto,perceptron_multicamadas,185.35,340.97781556602695,188.08499999999998
boston,2019,p10,absoluto,perceptron_multicamadas,180.2333333333333,135.0880318215484,188.08499999999998
chicago,2005,p10,absoluto,perceptron_multicamadas,208.26666666666668,160.54765317006755,207.3
chicago,2006,p10,absoluto,perceptron_multicamadas,204.55,255.62061904127432,207.825
chicago,2007,p10,absoluto,perceptron_multicamadas,230.4833333333333,211.02690610037115,207.3
chicago,2008,p10,absoluto,perceptron_multicamadas,219.47333333333333,214.39827859857303,207.3
chicago,2009,p10,absoluto,perceptron_multicamadas,206.08,264.28757703875874,207.825
chicago,2010,p10,absoluto,perceptron_multicamadas,214.95,238.81069367197307,207.3
chicago,2011,p10,absoluto,perceptron_multicamadas,213.9833333333333,225.99596732585675,207.3
chicago,2012,p10,absoluto,perceptron_multicamadas,208.13333333333333,197.7778854006444,207.3
chicago,2013,p10,absoluto,perceptron_multicamadas,208.6,128.55881378611144,207.3
chicago,2014,p10,absoluto,perceptron_multicamadas,206.61666666666667,149.1706134912167,207.825
chicago,2015,p10,absoluto,perceptron_multicamadas,207.51666666666668,208.6829515086113,207.60833333333332
chicago,2016,p10,absoluto,perceptron_multicamadas,207.08333333333331,169.9723723712177,207.825
chicago,2017,p10,absoluto,perceptron_multicamadas,211.21666666666667,232.9068065786844,207.3
chicago,2018,p10,absoluto,perceptron_multicamadas,204.05,179.34537371569243,207.825
chicago,2019,p10,absoluto,perceptron_multicamadas,198.275,217.35941215911717,207.825
chicago,2022,p10,absoluto,perceptron_multicamadas,197.0233333333333,216.41754841689757,207.825
chicago,2023,p10,absoluto,perceptron_multicamadas,189.16666666666663,188.62649812782317,207.825
nyc,2005,p10,absoluto,perceptron_multicamadas,217.06166666666667,205.35790394275088,208.43666666666667
nyc,2006,p10,absoluto,perceptron_multicamadas,208.05,223.65515833919318,209.24416666666667
nyc,2007,p10,absoluto,perceptron_multicamadas,208.8,195.46483069751113,208.88083333333333
nyc,2008,p10,absoluto,perceptron_multicamadas,205.88333333333333,209.1214181149337,209.24416666666667
nyc,2009,p10,absoluto,perceptron_multicamadas,206.47166666666664,234.64427982851487,209.24416666666667
nyc,2010,p10,absoluto,perceptron_multicamadas,208.07333333333332,217.59992185485567,209.24416666666667
nyc,2011,p10,absoluto,perceptron_multicamadas,207.0283333333333,183.21574735106597,209.24416666666667
nyc,2013,p10,absoluto,perceptron_multicamadas,210.60666666666668,197.89744577480894,208.43666666666667
nyc,2014,p10,absoluto,perceptron_multicamadas,213.27166666666668,233.92216945664924,208.43666666666667
nyc,2015,p10,absoluto,perceptron_multicamadas,214.6,142.46662698318613,208.43666666666667
nyc,2016,p10,absoluto,perceptron_multicamadas,213.21666666666667,183.8804890712927,208.43666666666667
nyc,2017,p10,absoluto,perceptron_multicamadas,211.06666666666663,275.28043780566134,208.43666666666667
nyc,2018,p10,absoluto,perceptron_multicamadas,209.68833333333333,208.81153955840836,208.43666666666667
nyc,2019,p10,absoluto,perceptron_multicamadas,206.81666666666663,200.25165992796613,209.24416666666667
nyc,2022,p10,absoluto,perceptron_multicamadas,218.76666666666668,222.1357350538681,208.43666666666667
nyc,2023,p10,absoluto,perceptron_multicamadas,207.58333333333331,210.507050132308,209.24416666666667
nyc,2024,p10,absoluto,perceptron_multicamadas,201.9,215.42125083656848,209.24416666666667
boston,2005,p10,desvio,linear,194.045,191.98157436734442,187.51
boston,2006,p10,desvio,linear,188.60166666666663,180.99688520298142,187.51
boston,2007,p10,desvio,linear,191.035,195.69625613310217,187.51
boston,2008,p10,desvio,linear,188.58333333333331,186.76084694397633,187.51
boston,2009,p10,desvio,linear,187.4333333333333,191.00438379985852,188.08499999999998
boston,2010,p10,desvio,linear,187.58666666666667,183.20968692588136,188.00833333333333
boston,2011,p10,desvio,linear,186.8,190.6366543098181,188.08499999999998
boston,2012,p10,desvio,linear,203.03333333333333,188.9563523050316,187.51
boston,2013,p10,desvio,linear,181.22833333333327,190.84535049811888,188.08499999999998
boston,2014,p10,desvio,linear,184.78333333333333,187.24371898263155,188.08499999999998
boston,2015,p10,desvio,linear,180.06166666666667,169.26191974429543,188.08499999999998
boston,2016,p10,desvio,linear,188.6833333333333,175.75132851163602,187.51
boston,2017,p10,desvio,linear,189.18166666666667,185.50292617968034,187.51
boston,2018,p10,desvio,linear,185.35,285.439775325916,188.08499999999998
boston,2019,p10,desvio,linear,180.2333333333333,201.6958841814862,188.08499999999998
chicago,2005,p10,desvio,linear,208.26666666666668,216.97868217603641,207.3
chicago,2006,p10,desvio,linear,204.55,206.52898791788297,207.825
chicago,2007,p10,desvio,linear,230.4833333333333,221.69531584595103,207.3
chicago,2008,p10,desvio,linear,219.47333333333333,215.57340930702128,207.3
chicago,2009,p10,desvio,linear,206.08,200.3735761923818,207.825
chicago,2010,p10,desvio,linear,214.95,218.27278581014198,207.3
chicago,2011,p10,desvio,linear,213.9833333333333,218.35784545299106,207.3
chicago,2012,p10,desvio,linear,208.13333333333333,204.24856873339928,207.3
chicago,2013,p10,desvio,linear,208.6,208.08919095162378,207.3
chicago,2014,p10,desvio,linear,206.61666666666667,201.37547088385963,207.825
chicago,2015,p10,desvio,linear,207.51666666666668,216.61016775057735,207.60833333333332
chicago,2016,p10,desvio,linear,207.08333333333331,203.163144061787,207.825
chicago,2017,p10,desvio,linear,211.21666666666667,206.3162111474705,207.3
chicago,2018,p10,desvio,linear,204.05,213.15305043660535,207.825
chicago,2019,p10,desvio,linear,198.275,200.98949488457848,207.825
chicago,2022,p10,desvio,linear,197.0233333333333,190.71135523990083,207.825
chicago,2023,p10,desvio,linear,189.16666666666663,193.58499680153423,207.825
nyc,2005,p10,desvio,linear,217.06166666666667,212.6543678221916,208.43666666666667
nyc,2006,p10,desvio,linear,208.05,204.1360164474917,209.24416666666667
nyc,2007,p10,desvio,linear,208.8,210.76314139138452,208.88083333333333
nyc,2008,p10,desvio,linear,205.88333333333333,210.51236230374369,209.24416666666667
nyc,2009,p10,desvio,linear,206.47166666666664,212.76768234103432,209.24416666666667
nyc,2010,p10,desvio,linear,208.07333333333332,209.46434797660655,209.24416666666667
nyc,2011,p10,desvio,linear,207.0283333333333,206.2422508978189,209.24416666666667
nyc,2013,p10,desvio,linear,210.60666666666668,207.72879545121143,208.43666666666667
nyc,2014,p10,desvio,linear,213.27166666666668,207.01757541794177,208.43666666666667
nyc,2015,p10,desvio,linear,214.6,213.5804687348379,208.43666666666667
nyc,2016,p10,desvio,linear,213.21666666666667,215.01562775409332,208.43666666666667
nyc,2017,p10,desvio,linear,211.06666666666663,212.4114443260794,208.43666666666667
nyc,2018,p10,desvio,linear,209.68833333333333,203.34216377105673,208.43666666666667
nyc,2019,p10,desvio,linear,206.81666666666663,206.34065882406827,209.24416666666667
nyc,2022,p10,desvio,linear,218.76666666666668,228.42080984314438,208.43666666666667
nyc,2023,p10,desvio,linear,207.58333333333331,209.8142361508993,209.24416666666667
nyc,2024,p10,desvio,linear,201.9,209.85196330029473,209.24416666666667
boston,2005,p10,desvio,ridge,194.045,192.88786993713597,187.51
boston,2006,p10,desvio,ridge,188.60166666666663,189.49802547746484,187.51
boston,2007,p10,desvio,ridge,191.035,182.13623747517065,187.51
boston,2008,p10,desvio,ridge,188.58333333333331,189.1801333872402,187.51
boston,2009,p10,desvio,ridge,187.4333333333333,187.36095118920807,188.08499999999998
boston,2010,p10,desvio,ridge,187.58666666666667,181.12604759187272,188.00833333333333
boston,2011,p10,desvio,ridge,186.8,186.98652046383575,188.08499999999998
boston,2012,p10,desvio,ridge,203.03333333333333,194.07362732995165,187.51
boston,2013,p10,desvio,ridge,181.22833333333327,185.69515652682128,188.08499999999998
boston,2014,p10,desvio,ridge,184.78333333333333,188.37704120121407,188.08499999999998
boston,2015,p10,desvio,ridge,180.06166666666667,183.7566162320936,188.08499999999998
boston,2016,p10,desvio,ridge,188.6833333333333,192.01393215091002,187.51
boston,2017,p10,desvio,ridge,189.18166666666667,193.55564679617282,187.51
boston,2018,p10,desvio,ridge,185.35,168.1862875831621,188.08499999999998
boston,2019,p10,desvio,ridge,180.2333333333333,188.8362697527325,188.08499999999998
chicago,2005,p10,desvio,ridge,208.26666666666668,212.36116457123856,207.3
chicago,2006,p10,desvio,ridge,204.55,213.17093833240673,207.825
chicago,2007,p10,desvio,ridge,230.4833333333333,224.4798113260974,207.3
chicago,2008,p10,desvio,ridge,219.47333333333333,216.89001472320513,207.3
chicago,2009,p10,desvio,ridge,206.08,199.74002567148065,207.825
chicago,2010,p10,desvio,ridge,214.95,217.21791291536167,207.3
chicago,2011,p10,desvio,ridge,213.9833333333333,213.3542270342675,207.3
chicago,2012,p10,desvio,ridge,208.13333333333333,200.0874877000647,207.3
chicago,2013,p10,desvio,ridge,208.6,208.20564637199018,207.3
chicago,2014,p10,desvio,ridge,206.61666666666667,205.83199445647958,207.825
chicago,2015,p10,desvio,ridge,207.51666666666668,210.56982125997115,207.60833333333332
chicago,2016,p10,desvio,ridge,207.08333333333331,203.66764232624314,207.825
chicago,2017,p10,desvio,ridge,211.21666666666667,208.89049017131163,207.3
chicago,2018,p10,desvio,ridge,204.05,207.1458580150179,207.825
chicago,2019,p10,desvio,ridge,198.275,200.16080830969923,207.825
chicago,2022,p10,desvio,ridge,197.0233333333333,205.61139510561344,207.825
chicago,2023,p10,desvio,ridge,189.16666666666663,201.7487173723177,207.825
nyc,2005,p10,desvio,ridge,217.06166666666667,216.12528555132556,208.43666666666667
nyc,2006,p10,desvio,ridge,208.05,207.54510263057813,209.24416666666667
nyc,2007,p10,desvio,ridge,208.8,213.17402270915215,208.88083333333333
nyc,2008,p10,desvio,ridge,205.88333333333333,210.92021559349212,209.24416666666667
nyc,2009,p10,desvio,ridge,206.47166666666664,212.77057373105907,209.24416666666667
nyc,2010,p10,desvio,ridge,208.07333333333332,208.86917881411208,209.24416666666667
nyc,2011,p10,desvio,ridge,207.0283333333333,207.89757793504705,209.24416666666667
nyc,2013,p10,desvio,ridge,210.60666666666668,208.46016959755767,208.43666666666667
nyc,2014,p10,desvio,ridge,213.27166666666668,206.45357221592621,208.43666666666667
nyc,2015,p10,desvio,ridge,214.6,210.91101729891017,208.43666666666667
nyc,2016,p10,desvio,ridge,213.21666666666667,210.33122675529748,208.43666666666667
nyc,2017,p10,desvio,ridge,211.06666666666663,210.49691108580527,208.43666666666667
nyc,2018,p10,desvio,ridge,209.68833333333333,204.8333744963863,208.43666666666667
nyc,2019,p10,desvio,ridge,206.81666666666663,205.11696386567212,209.24416666666667
nyc,2022,p10,desvio,ridge,218.76666666666668,217.73448016282865,208.43666666666667
nyc,2023,p10,desvio,ridge,207.58333333333331,203.67878660629623,209.24416666666667
nyc,2024,p10,desvio,ridge,201.9,205.3628317399961,209.24416666666667
boston,2005,p10,desvio,floresta_aleatoria,194.045,188.95353741071426,187.51
boston,2006,p10,desvio,floresta_aleatoria,188.60166666666663,186.75398832431455,187.51
boston,2007,p10,desvio,floresta_aleatoria,191.035,185.47957584911615,187.51
boston,2008,p10,desvio,floresta_aleatoria,188.58333333333331,186.67164848304472,187.51
boston,2009,p10,desvio,floresta_aleatoria,187.4333333333333,186.4277454447751,188.08499999999998
boston,2010,p10,desvio,floresta_aleatoria,187.58666666666667,187.51829319609786,188.00833333333333
boston,2011,p10,desvio,floresta_aleatoria,186.8,186.35871191964284,188.08499999999998
boston,2012,p10,desvio,floresta_aleatoria,203.03333333333333,198.04664175685423,187.51
boston,2013,p10,desvio,floresta_aleatoria,181.22833333333327,187.33619943783066,188.08499999999998
boston,2014,p10,desvio,floresta_aleatoria,184.78333333333333,187.1081329695767,188.08499999999998
boston,2015,p10,desvio,floresta_aleatoria,180.06166666666667,186.82276976190474,188.08499999999998
boston,2016,p10,desvio,floresta_aleatoria,188.6833333333333,187.93107601190474,187.51
boston,2017,p10,desvio,floresta_aleatoria,189.18166666666667,194.84467426752641,187.51
boston,2018,p10,desvio,floresta_aleatoria,185.35,184.58209626984123,188.08499999999998
boston,2019,p10,desvio,floresta_aleatoria,180.2333333333333,189.1622246263227,188.08499999999998
chicago,2005,p10,desvio,floresta_aleatoria,208.26666666666668,206.4821335681217,207.3
chicago,2006,p10,desvio,floresta_aleatoria,204.55,207.1848879315476,207.825
chicago,2007,p10,desvio,floresta_aleatoria,230.4833333333333,218.20796331349206,207.3
chicago,2008,p10,desvio,floresta_aleatoria,219.47333333333333,217.79269615410053,207.3
chicago,2009,p10,desvio,floresta_aleatoria,206.08,206.15357831349203,207.825
chicago,2010,p10,desvio,floresta_aleatoria,214.95,217.68427373677247,207.3
chicago,2011,p10,desvio,floresta_aleatoria,213.9833333333333,217.50525479662699,207.3
chicago,2012,p10,desvio,floresta_aleatoria,208.13333333333333,204.71964806878307,207.3
chicago,2013,p10,desvio,floresta_aleatoria,208.6,206.61645580522486,207.3
chicago,2014,p10,desvio,floresta_aleatoria,206.61666666666667,206.1364453472222,207.825
chicago,2015,p10,desvio,floresta_aleatoria,207.51666666666668,209.5261350892857,207.60833333333332
chicago,2016,p10,desvio,floresta_aleatoria,207.08333333333331,206.74005530257935,207.825
chicago,2017,p10,desvio,floresta_aleatoria,211.21666666666667,213.62078962301587,207.3
chicago,2018,p10,desvio,floresta_aleatoria,204.05,208.1990881349206,207.825
chicago,2019,p10,desvio,floresta_aleatoria,198.275,201.47522063326718,207.825
chicago,2022,p10,desvio,floresta_aleatoria,197.0233333333333,203.19889238095237,207.825
chicago,2023,p10,desvio,floresta_aleatoria,189.16666666666663,202.72127203373014,207.825
nyc,2005,p10,desvio,floresta_aleatoria,217.06166666666667,212.72754256613754,208.43666666666667
nyc,2006,p10,desvio,floresta_aleatoria,208.05,207.87597003968253,209.24416666666667
nyc,2007,p10,desvio,floresta_aleatoria,208.8,208.9413129315476,208.88083333333333
nyc,2008,p10,desvio,floresta_aleatoria,205.88333333333333,208.6282787797619,209.24416666666667
nyc,2009,p10,desvio,floresta_aleatoria,206.47166666666664,209.66118226686507,209.24416666666667
nyc,2010,p10,desvio,floresta_aleatoria,208.07333333333332,208.1455365583664,209.24416666666667
nyc,2011,p10,desvio,floresta_aleatoria,207.0283333333333,208.72816352430556,209.24416666666667
nyc,2013,p10,desvio,floresta_aleatoria,210.60666666666668,209.7347462847222,208.43666666666667
nyc,2014,p10,desvio,floresta_aleatoria,213.27166666666668,207.90363988425923,208.43666666666667
nyc,2015,p10,desvio,floresta_aleatoria,214.6,209.66974481316137,208.43666666666667
nyc,2016,p10,desvio,floresta_aleatoria,213.21666666666667,209.6814212549603,208.43666666666667
nyc,2017,p10,desvio,floresta_aleatoria,211.06666666666663,209.8590476273148,208.43666666666667
nyc,2018,p10,desvio,floresta_aleatoria,209.68833333333333,207.8645929613095,208.43666666666667
nyc,2019,p10,desvio,floresta_aleatoria,206.81666666666663,203.91979269593253,209.24416666666667
nyc,2022,p10,desvio,floresta_aleatoria,218.76666666666668,219.0360382275132,208.43666666666667
nyc,2023,p10,desvio,floresta_aleatoria,207.58333333333331,202.59294774718913,209.24416666666667
nyc,2024,p10,desvio,floresta_aleatoria,201.9,203.88184904806997,209.24416666666667
boston,2005,p10,desvio,gbm_histogramas,194.045,190.45557038811535,187.51
boston,2006,p10,desvio,gbm_histogramas,188.60166666666663,186.1263634085369,187.51
boston,2007,p10,desvio,gbm_histogramas,191.035,185.867568070572,187.51
boston,2008,p10,desvio,gbm_histogramas,188.58333333333331,187.31933462999922,187.51
boston,2009,p10,desvio,gbm_histogramas,187.4333333333333,184.57925201016695,188.08499999999998
boston,2010,p10,desvio,gbm_histogramas,187.58666666666667,187.1785440856097,188.00833333333333
boston,2011,p10,desvio,gbm_histogramas,186.8,186.50138162184828,188.08499999999998
boston,2012,p10,desvio,gbm_histogramas,203.03333333333333,200.41535635703758,187.51
boston,2013,p10,desvio,gbm_histogramas,181.22833333333327,187.19196959159348,188.08499999999998
boston,2014,p10,desvio,gbm_histogramas,184.78333333333333,187.3598733938905,188.08499999999998
boston,2015,p10,desvio,gbm_histogramas,180.06166666666667,186.3440268603592,188.08499999999998
boston,2016,p10,desvio,gbm_histogramas,188.6833333333333,185.98324701683293,187.51
boston,2017,p10,desvio,gbm_histogramas,189.18166666666667,197.5795333992019,187.51
boston,2018,p10,desvio,gbm_histogramas,185.35,180.44876184305758,188.08499999999998
boston,2019,p10,desvio,gbm_histogramas,180.2333333333333,189.74237801294794,188.08499999999998
chicago,2005,p10,desvio,gbm_histogramas,208.26666666666668,210.37939318426515,207.3
chicago,2006,p10,desvio,gbm_histogramas,204.55,206.7736581350265,207.825
chicago,2007,p10,desvio,gbm_histogramas,230.4833333333333,217.90526126445502,207.3
chicago,2008,p10,desvio,gbm_histogramas,219.47333333333333,221.94006104843953,207.3
chicago,2009,p10,desvio,gbm_histogramas,206.08,205.45974230731593,207.825
chicago,2010,p10,desvio,gbm_histogramas,214.95,220.53326139566883,207.3
chicago,2011,p10,desvio,gbm_histogramas,213.9833333333333,213.69433640193492,207.3
chicago,2012,p10,desvio,gbm_histogramas,208.13333333333333,203.4109978957258,207.3
chicago,2013,p10,desvio,gbm_histogramas,208.6,206.87258487520668,207.3
chicago,2014,p10,desvio,gbm_histogramas,206.61666666666667,206.84388223175947,207.825
chicago,2015,p10,desvio,gbm_histogramas,207.51666666666668,205.61853093246918,207.60833333333332
chicago,2016,p10,desvio,gbm_histogramas,207.08333333333331,208.41759884629434,207.825
chicago,2017,p10,desvio,gbm_histogramas,211.21666666666667,207.36889191256896,207.3
chicago,2018,p10,desvio,gbm_histogramas,204.05,207.5378819221483,207.825
chicago,2019,p10,desvio,gbm_histogramas,198.275,197.3426310297288,207.825
chicago,2022,p10,desvio,gbm_histogramas,197.0233333333333,201.04531505604166,207.825
chicago,2023,p10,desvio,gbm_histogramas,189.16666666666663,201.77524070150477,207.825
nyc,2005,p10,desvio,gbm_histogramas,217.06166666666667,214.66023638248294,208.43666666666667
nyc,2006,p10,desvio,gbm_histogramas,208.05,208.53222246259392,209.24416666666667
nyc,2007,p10,desvio,gbm_histogramas,208.8,209.0437870509198,208.88083333333333
nyc,2008,p10,desvio,gbm_histogramas,205.88333333333333,208.24536788030827,209.24416666666667
nyc,2009,p10,desvio,gbm_histogramas,206.47166666666664,209.64738808294825,209.24416666666667
nyc,2010,p10,desvio,gbm_histogramas,208.07333333333332,208.13920243808326,209.24416666666667
nyc,2011,p10,desvio,gbm_histogramas,207.0283333333333,209.604057623301,209.24416666666667
nyc,2013,p10,desvio,gbm_histogramas,210.60666666666668,210.8295058048308,208.43666666666667
nyc,2014,p10,desvio,gbm_histogramas,213.27166666666668,208.5661902662256,208.43666666666667
nyc,2015,p10,desvio,gbm_histogramas,214.6,210.06084264987666,208.43666666666667
nyc,2016,p10,desvio,gbm_histogramas,213.21666666666667,211.23864320494357,208.43666666666667
nyc,2017,p10,desvio,gbm_histogramas,211.06666666666663,212.8070871462195,208.43666666666667
nyc,2018,p10,desvio,gbm_histogramas,209.68833333333333,210.702723979726,208.43666666666667
nyc,2019,p10,desvio,gbm_histogramas,206.81666666666663,201.3502856312942,209.24416666666667
nyc,2022,p10,desvio,gbm_histogramas,218.76666666666668,223.49565069936511,208.43666666666667
nyc,2023,p10,desvio,gbm_histogramas,207.58333333333331,198.54944558239097,209.24416666666667
nyc,2024,p10,desvio,gbm_histogramas,201.9,201.33635433069477,209.24416666666667
boston,2005,p10,desvio,perceptron_multicamadas,194.045,192.13534683540414,187.51
boston,2006,p10,desvio,perceptron_multicamadas,188.60166666666663,188.28394039695536,187.51
boston,2007,p10,desvio,perceptron_multicamadas,191.035,184.04294506720834,187.51
boston,2008,p10,desvio,perceptron_multicamadas,188.58333333333331,191.27033188158165,187.51
boston,2009,p10,desvio,perceptron_multicamadas,187.4333333333333,187.60719305881187,188.08499999999998
boston,2010,p10,desvio,perceptron_multicamadas,187.58666666666667,179.66313985973994,188.00833333333333
boston,2011,p10,desvio,perceptron_multicamadas,186.8,186.00038630256802,188.08499999999998
boston,2012,p10,desvio,perceptron_multicamadas,203.03333333333333,194.9826055088388,187.51
boston,2013,p10,desvio,perceptron_multicamadas,181.22833333333327,184.3205214715621,188.08499999999998
boston,2014,p10,desvio,perceptron_multicamadas,184.78333333333333,185.2360063198185,188.08499999999998
boston,2015,p10,desvio,perceptron_multicamadas,180.06166666666667,186.6673492380177,188.08499999999998
boston,2016,p10,desvio,perceptron_multicamadas,188.6833333333333,188.59181207222167,187.51
boston,2017,p10,desvio,perceptron_multicamadas,189.18166666666667,194.5639438908166,187.51
boston,2018,p10,desvio,perceptron_multicamadas,185.35,168.03632157981187,188.08499999999998
boston,2019,p10,desvio,perceptron_multicamadas,180.2333333333333,187.6051280581117,188.08499999999998
chicago,2005,p10,desvio,perceptron_multicamadas,208.26666666666668,209.04337439063596,207.3
chicago,2006,p10,desvio,perceptron_multicamadas,204.55,208.63147903245326,207.825
chicago,2007,p10,desvio,perceptron_multicamadas,230.4833333333333,223.2518261735373,207.3
chicago,2008,p10,desvio,perceptron_multicamadas,219.47333333333333,216.20738952444225,207.3
chicago,2009,p10,desvio,perceptron_multicamadas,206.08,205.77533964104015,207.825
chicago,2010,p10,desvio,perceptron_multicamadas,214.95,213.98942778010465,207.3
chicago,2011,p10,desvio,perceptron_multicamadas,213.9833333333333,217.10406105648423,207.3
chicago,2012,p10,desvio,perceptron_multicamadas,208.13333333333333,203.17091924218224,207.3
chicago,2013,p10,desvio,perceptron_multicamadas,208.6,205.75029519264376,207.3
chicago,2014,p10,desvio,perceptron_multicamadas,206.61666666666667,202.05932824275175,207.825
chicago,2015,p10,desvio,perceptron_multicamadas,207.51666666666668,211.03739480513926,207.60833333333332
chicago,2016,p10,desvio,perceptron_multicamadas,207.08333333333331,207.80705586661583,207.825
chicago,2017,p10,desvio,perceptron_multicamadas,211.21666666666667,209.32672100977578,207.3
chicago,2018,p10,desvio,perceptron_multicamadas,204.05,200.75206847420418,207.825
chicago,2019,p10,desvio,perceptron_multicamadas,198.275,198.22163567484282,207.825
chicago,2022,p10,desvio,perceptron_multicamadas,197.0233333333333,201.31688823032897,207.825
chicago,2023,p10,desvio,perceptron_multicamadas,189.16666666666663,200.7894211693583,207.825
nyc,2005,p10,desvio,perceptron_multicamadas,217.06166666666667,213.61404997458973,208.43666666666667
nyc,2006,p10,desvio,perceptron_multicamadas,208.05,206.43272732118126,209.24416666666667
nyc,2007,p10,desvio,perceptron_multicamadas,208.8,211.0943952584769,208.88083333333333
nyc,2008,p10,desvio,perceptron_multicamadas,205.88333333333333,207.7206033268322,209.24416666666667
nyc,2009,p10,desvio,perceptron_multicamadas,206.47166666666664,209.8762450480578,209.24416666666667
nyc,2010,p10,desvio,perceptron_multicamadas,208.07333333333332,207.56964054912555,209.24416666666667
nyc,2011,p10,desvio,perceptron_multicamadas,207.0283333333333,208.768140275367,209.24416666666667
nyc,2013,p10,desvio,perceptron_multicamadas,210.60666666666668,209.55097096422938,208.43666666666667
nyc,2014,p10,desvio,perceptron_multicamadas,213.27166666666668,210.2133557760943,208.43666666666667
nyc,2015,p10,desvio,perceptron_multicamadas,214.6,210.89344317626504,208.43666666666667
nyc,2016,p10,desvio,perceptron_multicamadas,213.21666666666667,210.71594299951533,208.43666666666667
nyc,2017,p10,desvio,perceptron_multicamadas,211.06666666666663,213.70826565286143,208.43666666666667
nyc,2018,p10,desvio,perceptron_multicamadas,209.68833333333333,204.98207529011682,208.43666666666667
nyc,2019,p10,desvio,perceptron_multicamadas,206.81666666666663,206.24789678831425,209.24416666666667
nyc,2022,p10,desvio,perceptron_multicamadas,218.76666666666668,219.25688743698225,208.43666666666667
nyc,2023,p10,desvio,perceptron_multicamadas,207.58333333333331,207.1734397462885,209.24416666666667
nyc,2024,p10,desvio,perceptron_multicamadas,201.9,205.572677623264,209.24416666666667
boston,2005,p25,referencia,media_global,211.6833333333333,226.49288194444443,205.15625
boston,2006,p25,referencia,media_global,205.53333333333333,226.62100694444447,205.17291666666665
boston,2007,p25,referencia,media_global,208.35,226.5623263888889,205.15625
boston,2008,p25,referencia,media_global,205.58333333333331,226.61996527777777,205.15625
boston,2009,p25,referencia,media_global,204.58333333333331,226.6407986111111,205.54999999999998
boston,2010,p25,referencia,media_global,204.74166666666667,226.63750000000002,205.54999999999998
boston,2011,p25,referencia,media_global,204.1125,226.6506076388889,205.54999999999998
boston,2012,p25,referencia,media_global,224.7,226.22170138888887,205.15625
boston,2013,p25,referencia,media_global,199.58333333333331,226.74496527777777,205.54999999999998
boston,2014,p25,referencia,media_global,205.56666666666663,226.62031249999998,205.15625
boston,2015,p25,referencia,media_global,198.63333333333333,226.76475694444443,205.54999999999998
boston,2016,p25,referencia,media_global,206.4333333333333,226.60225694444443,205.15625
boston,2017,p25,referencia,media_global,208.31666666666663,226.56302083333333,205.15625
boston,2018,p25,referencia,media_global,204.77916666666667,226.63671875,205.54999999999998
boston,2019,p25,referencia,media_global,200.4333333333333,226.72725694444443,205.54999999999998
chicago,2005,p25,referencia,media_global,231.3625,226.08289930555554,232.825
chicago,2006,p25,referencia,media_global,229.29583333333332,226.12595486111113,232.825
chicago,2007,p25,referencia,media_global,260.05,225.48524305555557,232.74166666666667
chicago,2008,p25,referencia,media_global,248.3,225.73003472222226,232.74166666666667
chicago,2009,p25,referencia,media_global,230.58333333333331,226.09913194444448,232.825
chicago,2010,p25,referencia,media_global,243.81666666666663,225.82343750000004,232.74166666666667
chicago,2011,p25,referencia,media_global,240.81666666666663,225.88593750000004,232.74166666666667
chicago,2012,p25,referencia,media_global,232.88333333333333,226.05121527777774,232.74166666666667
chicago,2013,p25,referencia,media_global,233.81666666666663,226.03177083333335,232.74166666666667
chicago,2014,p25,referencia,media_global,232.71666666666667,226.0546875,232.825
chicago,2015,p25,referencia,media_global,234.21666666666667,226.0234375,232.74166666666667
chicago,2016,p25,referencia,media_global,232.76666666666668,226.05364583333335,232.8
chicago,2017,p25,referencia,media_global,240.35,225.89565972222218,232.74166666666667
chicago,2018,p25,referencia,media_global,230.61666666666667,226.09843749999996,232.825
chicago,2019,p25,referencia,media_global,225.61666666666667,226.20260416666665,232.825
chicago,2022,p25,referencia,media_global,223.9,226.23836805555553,232.825
chicago,2023,p25,referencia,media_global,215.2,226.41961805555556,232.825
nyc,2005,p25,referencia,media_global,243.9375,225.82092013888885,234.1833333333333
nyc,2006,p25,referencia,media_global,232.53333333333333,226.05850694444442,235.29999999999995
nyc,2007,p25,referencia,media_global,233.6833333333333,226.0345486111111,235.29999999999995
nyc,2008,p25,referencia,media_global,229.53333333333333,226.12100694444442,235.29999999999995
nyc,2009,p25,referencia,media_global,229.88333333333333,226.11371527777774,235.29999999999995
nyc,2010,p25,referencia,media_global,231.7083333333333,226.07569444444445,235.29999999999995
nyc,2011,p25,referencia,media_global,231.85,226.07274305555555,235.29999999999995
nyc,2013,p25,referencia,media_global,233.6,226.03628472222223,235.29999999999995
nyc,2014,p25,referencia,media_global,236.75,225.97065972222222,234.1833333333333
nyc,2015,p25,referencia,media_global,239.81666666666663,225.90677083333333,234.1833333333333
nyc,2016,p25,referencia,media_global,238.89166666666665,225.9260416666667,234.1833333333333
nyc,2017,p25,referencia,media_global,237.1833333333333,225.96163194444443,234.1833333333333
nyc,2018,p25,referencia,media_global,237.16666666666663,225.96197916666665,234.1833333333333
nyc,2019,p25,referencia,media_global,234.6833333333333,226.01371527777778,234.79999999999995
nyc,2022,p25,referencia,media_global,247.9958333333333,225.73637152777778,234.1833333333333
nyc,2023,p25,referencia,media_global,235.91666666666663,225.9880208333333,234.1833333333333
nyc,2024,p25,referencia,media_global,228.86666666666667,226.13489583333333,235.29999999999995
boston,2005,p25,referencia,referencia_historica,211.6833333333333,205.15625,205.15625
boston,2006,p25,referencia,referencia_historica,205.53333333333333,205.17291666666665,205.17291666666665
boston,2007,p25,referencia,referencia_historica,208.35,205.15625,205.15625
boston,2008,p25,referencia,referencia_historica,205.58333333333331,205.15625,205.15625
boston,2009,p25,referencia,referencia_historica,204.58333333333331,205.54999999999998,205.54999999999998
boston,2010,p25,referencia,referencia_historica,204.74166666666667,205.54999999999998,205.54999999999998
boston,2011,p25,referencia,referencia_historica,204.1125,205.54999999999998,205.54999999999998
boston,2012,p25,referencia,referencia_historica,224.7,205.15625,205.15625
boston,2013,p25,referencia,referencia_historica,199.58333333333331,205.54999999999998,205.54999999999998
boston,2014,p25,referencia,referencia_historica,205.56666666666663,205.15625,205.15625
boston,2015,p25,referencia,referencia_historica,198.63333333333333,205.54999999999998,205.54999999999998
boston,2016,p25,referencia,referencia_historica,206.4333333333333,205.15625,205.15625
boston,2017,p25,referencia,referencia_historica,208.31666666666663,205.15625,205.15625
boston,2018,p25,referencia,referencia_historica,204.77916666666667,205.54999999999998,205.54999999999998
boston,2019,p25,referencia,referencia_historica,200.4333333333333,205.54999999999998,205.54999999999998
chicago,2005,p25,referencia,referencia_historica,231.3625,232.825,232.825
chicago,2006,p25,referencia,referencia_historica,229.29583333333332,232.825,232.825
chicago,2007,p25,referencia,referencia_historica,260.05,232.74166666666667,232.74166666666667
chicago,2008,p25,referencia,referencia_historica,248.3,232.74166666666667,232.74166666666667
chicago,2009,p25,referencia,referencia_historica,230.58333333333331,232.825,232.825
chicago,2010,p25,referencia,referencia_historica,243.81666666666663,232.74166666666667,232.74166666666667
chicago,2011,p25,referencia,referencia_historica,240.81666666666663,232.74166666666667,232.74166666666667
chicago,2012,p25,referencia,referencia_historica,232.88333333333333,232.74166666666667,232.74166666666667
chicago,2013,p25,referencia,referencia_historica,233.81666666666663,232.74166666666667,232.74166666666667
chicago,2014,p25,referencia,referencia_historica,232.71666666666667,232.825,232.825
chicago,2015,p25,referencia,referencia_historica,234.21666666666667,232.74166666666667,232.74166666666667
chicago,2016,p25,referencia,referencia_historica,232.76666666666668,232.8,232.8
chicago,2017,p25,referencia,referencia_historica,240.35,232.74166666666667,232.74166666666667
chicago,2018,p25,referencia,referencia_historica,230.61666666666667,232.825,232.825
chicago,2019,p25,referencia,referencia_historica,225.61666666666667,232.825,232.825
chicago,2022,p25,referencia,referencia_historica,223.9,232.825,232.825
chicago,2023,p25,referencia,referencia_historica,215.2,232.825,232.825
nyc,2005,p25,referencia,referencia_historica,243.9375,234.1833333333333,234.1833333333333
nyc,2006,p25,referencia,referencia_historica,232.53333333333333,235.29999999999995,235.29999999999995
nyc,2007,p25,referencia,referencia_historica,233.6833333333333,235.29999999999995,235.29999999999995
nyc,2008,p25,referencia,referencia_historica,229.53333333333333,235.29999999999995,235.29999999999995
nyc,2009,p25,referencia,referencia_historica,229.88333333333333,235.29999999999995,235.29999999999995
nyc,2010,p25,referencia,referencia_historica,231.7083333333333,235.29999999999995,235.29999999999995
nyc,2011,p25,referencia,referencia_historica,231.85,235.29999999999995,235.29999999999995
nyc,2013,p25,referencia,referencia_historica,233.6,235.29999999999995,235.29999999999995
nyc,2014,p25,referencia,referencia_historica,236.75,234.1833333333333,234.1833333333333
nyc,2015,p25,referencia,referencia_historica,239.81666666666663,234.1833333333333,234.1833333333333
nyc,2016,p25,referencia,referencia_historica,238.89166666666665,234.1833333333333,234.1833333333333
nyc,2017,p25,referencia,referencia_historica,237.1833333333333,234.1833333333333,234.1833333333333
nyc,2018,p25,referencia,referencia_historica,237.16666666666663,234.1833333333333,234.1833333333333
nyc,2019,p25,referencia,referencia_historica,234.6833333333333,234.79999999999995,234.79999999999995
nyc,2022,p25,referencia,referencia_historica,247.9958333333333,234.1833333333333,234.1833333333333
nyc,2023,p25,referencia,referencia_historica,235.91666666666663,234.1833333333333,234.1833333333333
nyc,2024,p25,referencia,referencia_historica,228.86666666666667,235.29999999999995,235.29999999999995
boston,2005,p25,absoluto,linear,211.6833333333333,209.21083245126994,205.15625
boston,2006,p25,absoluto,linear,205.53333333333333,193.11814362179615,205.17291666666665
boston,2007,p25,absoluto,linear,208.35,209.86254152958162,205.15625
boston,2008,p25,absoluto,linear,205.58333333333331,204.76743493506706,205.15625
boston,2009,p25,absoluto,linear,204.58333333333331,207.37707913690926,205.54999999999998
boston,2010,p25,absoluto,linear,204.74166666666667,198.20765687536405,205.54999999999998
boston,2011,p25,absoluto,linear,204.1125,210.9137232667332,205.54999999999998
boston,2012,p25,absoluto,linear,224.7,206.2028204356442,205.15625
boston,2013,p25,absoluto,linear,199.58333333333331,214.4208125045015,205.54999999999998
boston,2014,p25,absoluto,linear,205.56666666666663,205.01146180091376,205.15625
boston,2015,p25,absoluto,linear,198.63333333333333,185.97781087876416,205.54999999999998
boston,2016,p25,absoluto,linear,206.4333333333333,186.43244663733117,205.15625
boston,2017,p25,absoluto,linear,208.31666666666663,210.37308762601873,205.15625
boston,2018,p25,absoluto,linear,204.77916666666667,373.701881386721,205.54999999999998
boston,2019,p25,absoluto,linear,200.4333333333333,217.20936402251246,205.54999999999998
chicago,2005,p25,absoluto,linear,231.3625,243.67892356731465,232.825
chicago,2006,p25,absoluto,linear,229.29583333333332,228.72359340228408,232.825
chicago,2007,p25,absoluto,linear,260.05,248.28558089734852,232.74166666666667
chicago,2008,p25,absoluto,linear,248.3,242.57576372831275,232.74166666666667
chicago,2009,p25,absoluto,linear,230.58333333333331,223.70858354789831,232.825
chicago,2010,p25,absoluto,linear,243.81666666666663,247.42994641462235,232.74166666666667
chicago,2011,p25,absoluto,linear,240.81666666666663,245.98390297187655,232.74166666666667
chicago,2012,p25,absoluto,linear,232.88333333333333,229.61542704605753,232.74166666666667
chicago,2013,p25,absoluto,linear,233.81666666666663,234.69125825522133,232.74166666666667
chicago,2014,p25,absoluto,linear,232.71666666666667,226.3043712937022,232.825
chicago,2015,p25,absoluto,linear,234.21666666666667,244.89756509169166,232.74166666666667
chicago,2016,p25,absoluto,linear,232.76666666666668,229.00393450833917,232.8
chicago,2017,p25,absoluto,linear,240.35,232.51640533226356,232.74166666666667
chicago,2018,p25,absoluto,linear,230.61666666666667,241.92621391820722,232.825
chicago,2019,p25,absoluto,linear,225.61666666666667,227.14981430034572,232.825
chicago,2022,p25,absoluto,linear,223.9,211.3110482893355,232.825
chicago,2023,p25,absoluto,linear,215.2,221.73400978990549,232.825
nyc,2005,p25,absoluto,linear,243.9375,238.7849331806145,234.1833333333333
nyc,2006,p25,absoluto,linear,232.53333333333333,228.42833495090863,235.29999999999995
nyc,2007,p25,absoluto,linear,233.6833333333333,233.9009724809972,235.29999999999995
nyc,2008,p25,absoluto,linear,229.53333333333333,236.58187540337138,235.29999999999995
nyc,2009,p25,absoluto,linear,229.88333333333333,236.9188963860358,235.29999999999995
nyc,2010,p25,absoluto,linear,231.7083333333333,236.7971488730081,235.29999999999995
nyc,2011,p25,absoluto,linear,231.85,234.12116558122142,235.29999999999995
nyc,2013,p25,absoluto,linear,233.6,232.74201280203172,235.29999999999995
nyc,2014,p25,absoluto,linear,236.75,227.18516976440722,234.1833333333333
nyc,2015,p25,absoluto,linear,239.81666666666663,243.2060725089122,234.1833333333333
nyc,2016,p25,absoluto,linear,238.89166666666665,243.77397295713544,234.1833333333333
nyc,2017,p25,absoluto,linear,237.1833333333333,237.08663670277957,234.1833333333333
nyc,2018,p25,absoluto,linear,237.16666666666663,227.8423891285985,234.1833333333333
nyc,2019,p25,absoluto,linear,234.6833333333333,231.335615003819,234.79999999999995
nyc,2022,p25,absoluto,linear,247.9958333333333,262.3064240174818,234.1833333333333
nyc,2023,p25,absoluto,linear,235.91666666666663,238.0419983932487,234.1833333333333
nyc,2024,p25,absoluto,linear,228.86666666666667,240.60377118615685,235.29999999999995
boston,2005,p25,absoluto,ridge,211.6833333333333,211.7636099931621,205.15625
boston,2006,p25,absoluto,ridge,205.53333333333333,205.5265311135812,205.17291666666665
boston,2007,p25,absoluto,ridge,208.35,200.2515225492852,205.15625
boston,2008,p25,absoluto,ridge,205.58333333333331,206.44506064212058,205.15625
boston,2009,p25,absoluto,ridge,204.58333333333331,203.6651017032369,205.54999999999998
boston,2010,p25,absoluto,ridge,204.74166666666667,198.86974769160642,205.54999999999998
boston,2011,p25,absoluto,ridge,204.1125,207.41789316152796,205.54999999999998
boston,2012,p25,absoluto,ridge,224.7,213.8453362050528,205.15625
boston,2013,p25,absoluto,ridge,199.58333333333331,203.37868198522477,205.54999999999998
boston,2014,p25,absoluto,ridge,205.56666666666663,208.6519410553988,205.15625
boston,2015,p25,absoluto,ridge,198.63333333333333,201.495860829145,205.54999999999998
boston,2016,p25,absoluto,ridge,206.4333333333333,209.23449006224826,205.15625
boston,2017,p25,absoluto,ridge,208.31666666666663,212.73062465372368,205.15625
boston,2018,p25,absoluto,ridge,204.77916666666667,188.2909639281096,205.54999999999998
boston,2019,p25,absoluto,ridge,200.4333333333333,207.4308190703085,205.54999999999998
chicago,2005,p25,absoluto,ridge,231.3625,238.0441571568274,232.825
chicago,2006,p25,absoluto,ridge,229.29583333333332,235.88339962079235,232.825
chicago,2007,p25,absoluto,ridge,260.05,250.99497938324052,232.74166666666667
chicago,2008,p25,absoluto,ridge,248.3,245.20823862399516,232.74166666666667
chicago,2009,p25,absoluto,ridge,230.58333333333331,224.1514679122509,232.825
chicago,2010,p25,absoluto,ridge,243.81666666666663,247.75351326790303,232.74166666666667
chicago,2011,p25,absoluto,ridge,240.81666666666663,240.87642065044327,232.74166666666667
chicago,2012,p25,absoluto,ridge,232.88333333333333,223.96898864579413,232.74166666666667
chicago,2013,p25,absoluto,ridge,233.81666666666663,233.44043289126657,232.74166666666667
chicago,2014,p25,absoluto,ridge,232.71666666666667,231.39520171145026,232.825
chicago,2015,p25,absoluto,ridge,234.21666666666667,238.90014348828998,232.74166666666667
chicago,2016,p25,absoluto,ridge,232.76666666666668,230.1480226849233,232.8
chicago,2017,p25,absoluto,ridge,240.35,236.15278181596045,232.74166666666667
chicago,2018,p25,absoluto,ridge,230.61666666666667,228.64641227964643,232.825
chicago,2019,p25,absoluto,ridge,225.61666666666667,225.10513424389808,232.825
chicago,2022,p25,absoluto,ridge,223.9,224.68005212953452,232.825
chicago,2023,p25,absoluto,ridge,215.2,224.79685304852447,232.825
nyc,2005,p25,absoluto,ridge,243.9375,239.13318952119454,234.1833333333333
nyc,2006,p25,absoluto,ridge,232.53333333333333,228.9472684120379,235.29999999999995
nyc,2007,p25,absoluto,ridge,233.6833333333333,234.40611242707092,235.29999999999995
nyc,2008,p25,absoluto,ridge,229.53333333333333,236.0248689133886,235.29999999999995
nyc,2009,p25,absoluto,ridge,229.88333333333333,235.82657128816584,235.29999999999995
nyc,2010,p25,absoluto,ridge,231.7083333333333,231.1015462187905,235.29999999999995
nyc,2011,p25,absoluto,ridge,231.85,235.29891293703966,235.29999999999995
nyc,2013,p25,absoluto,ridge,233.6,232.63605033940928,235.29999999999995
nyc,2014,p25,absoluto,ridge,236.75,228.0113866818301,234.1833333333333
nyc,2015,p25,absoluto,ridge,239.81666666666663,241.88029735641908,234.1833333333333
nyc,2016,p25,absoluto,ridge,238.89166666666665,239.68942553918953,234.1833333333333
nyc,2017,p25,absoluto,ridge,237.1833333333333,237.06889949645108,234.1833333333333
nyc,2018,p25,absoluto,ridge,237.16666666666663,232.0366704788383,234.1833333333333
nyc,2019,p25,absoluto,ridge,234.6833333333333,232.16890594496616,234.79999999999995
nyc,2022,p25,absoluto,ridge,247.9958333333333,255.5312085481661,234.1833333333333
nyc,2023,p25,absoluto,ridge,235.91666666666663,232.8656283914725,234.1833333333333
nyc,2024,p25,absoluto,ridge,228.86666666666667,236.12988233988847,235.29999999999995
boston,2005,p25,absoluto,floresta_aleatoria,211.6833333333333,207.75519178654088,205.15625
boston,2006,p25,absoluto,floresta_aleatoria,205.53333333333333,208.89293479249326,205.17291666666665
boston,2007,p25,absoluto,floresta_aleatoria,208.35,205.24638107638887,205.15625
boston,2008,p25,absoluto,floresta_aleatoria,205.58333333333331,207.34184772238777,205.15625
boston,2009,p25,absoluto,floresta_aleatoria,204.58333333333331,203.03834079861076,205.54999999999998
boston,2010,p25,absoluto,floresta_aleatoria,204.74166666666667,205.3652148313492,205.54999999999998
boston,2011,p25,absoluto,floresta_aleatoria,204.1125,204.67928682622343,205.54999999999998
boston,2012,p25,absoluto,floresta_aleatoria,224.7,205.8573443865741,205.15625
boston,2013,p25,absoluto,floresta_aleatoria,199.58333333333331,205.51279790426594,205.54999999999998
boston,2014,p25,absoluto,floresta_aleatoria,205.56666666666663,208.4723092528709,205.15625
boston,2015,p25,absoluto,floresta_aleatoria,198.63333333333333,205.2959904885911,205.54999999999998
boston,2016,p25,absoluto,floresta_aleatoria,206.4333333333333,206.85915500992039,205.15625
boston,2017,p25,absoluto,floresta_aleatoria,208.31666666666663,211.84328570188453,205.15625
boston,2018,p25,absoluto,floresta_aleatoria,204.77916666666667,203.59247204861117,205.54999999999998
boston,2019,p25,absoluto,floresta_aleatoria,200.4333333333333,211.69996137152754,205.54999999999998
chicago,2005,p25,absoluto,floresta_aleatoria,231.3625,231.3450349785052,232.825
chicago,2006,p25,absoluto,floresta_aleatoria,229.29583333333332,231.11631887400762,232.825
chicago,2007,p25,absoluto,floresta_aleatoria,260.05,239.3357251860118,232.74166666666667
chicago,2008,p25,absoluto,floresta_aleatoria,248.3,244.23146718750004,232.74166666666667
chicago,2009,p25,absoluto,floresta_aleatoria,230.58333333333331,231.1919507936508,232.825
chicago,2010,p25,absoluto,floresta_aleatoria,243.81666666666663,245.30468592509948,232.74166666666667
chicago,2011,p25,absoluto,floresta_aleatoria,240.81666666666663,246.05059264632976,232.74166666666667
chicago,2012,p25,absoluto,floresta_aleatoria,232.88333333333333,228.16867178819436,232.74166666666667
chicago,2013,p25,absoluto,floresta_aleatoria,233.81666666666663,232.72496738591272,232.74166666666667
chicago,2014,p25,absoluto,floresta_aleatoria,232.71666666666667,231.8353854332012,232.825
chicago,2015,p25,absoluto,floresta_aleatoria,234.21666666666667,238.33593720238073,232.74166666666667
chicago,2016,p25,absoluto,floresta_aleatoria,232.76666666666668,231.844560689484,232.8
chicago,2017,p25,absoluto,floresta_aleatoria,240.35,240.09543520585328,232.74166666666667
chicago,2018,p25,absoluto,floresta_aleatoria,230.61666666666667,237.16388012979525,232.825
chicago,2019,p25,absoluto,floresta_aleatoria,225.61666666666667,229.5377089823082,232.825
chicago,2022,p25,absoluto,floresta_aleatoria,223.9,232.3822905505953,232.825
chicago,2023,p25,absoluto,floresta_aleatoria,215.2,231.11318282076707,232.825
nyc,2005,p25,absoluto,floresta_aleatoria,243.9375,238.09750337301585,234.1833333333333
nyc,2006,p25,absoluto,floresta_aleatoria,232.53333333333333,232.0298921048279,235.29999999999995
nyc,2007,p25,absoluto,floresta_aleatoria,233.6833333333333,232.56781423611102,235.29999999999995
nyc,2008,p25,absoluto,floresta_aleatoria,229.53333333333333,231.94733580109124,235.29999999999995
nyc,2009,p25,absoluto,floresta_aleatoria,229.88333333333333,232.99923227513227,235.29999999999995
nyc,2010,p25,absoluto,floresta_aleatoria,231.7083333333333,231.34730217013876,235.29999999999995
nyc,2011,p25,absoluto,floresta_aleatoria,231.85,232.66805992476853,235.29999999999995
nyc,2013,p25,absoluto,floresta_aleatoria,233.6,234.62050948247358,235.29999999999995
nyc,2014,p25,absoluto,floresta_aleatoria,236.75,232.04955842013905,234.1833333333333
nyc,2015,p25,absoluto,floresta_aleatoria,239.81666666666663,235.65539002976203,234.1833333333333
nyc,2016,p25,absoluto,floresta_aleatoria,238.89166666666665,235.00298806216927,234.1833333333333
nyc,2017,p25,absoluto,floresta_aleatoria,237.1833333333333,237.25804663111782,234.1833333333333
nyc,2018,p25,absoluto,floresta_aleatoria,237.16666666666663,232.6216652777781,234.1833333333333
nyc,2019,p25,absoluto,floresta_aleatoria,234.6833333333333,232.3867662863759,234.79999999999995
nyc,2022,p25,absoluto,floresta_aleatoria,247.9958333333333,245.72923887648813,234.1833333333333
nyc,2023,p25,absoluto,floresta_aleatoria,235.91666666666663,231.5896173776455,234.1833333333333
nyc,2024,p25,absoluto,floresta_aleatoria,228.86666666666667,232.4836297949739,235.29999999999995
boston,2005,p25,absoluto,gbm_histogramas,211.6833333333333,209.77109145545765,205.15625
boston,2006,p25,absoluto,gbm_histogramas,205.53333333333333,206.61781646344195,205.17291666666665
boston,2007,p25,absoluto,gbm_histogramas,208.35,207.36944585843568,205.15625
boston,2008,p25,absoluto,gbm_histogramas,205.58333333333331,209.11468821314665,205.15625
boston,2009,p25,absoluto,gbm_histogramas,204.58333333333331,200.4303908449299,205.54999999999998
boston,2010,p25,absoluto,gbm_histogramas,204.74166666666667,206.4756261556705,205.54999999999998
boston,2011,p25,absoluto,gbm_histogramas,204.1125,207.00348471067744,205.54999999999998
boston,2012,p25,absoluto,gbm_histogramas,224.7,210.49166786699456,205.15625
boston,2013,p25,absoluto,gbm_histogramas,199.58333333333331,204.18491994730834,205.54999999999998
boston,2014,p25,absoluto,gbm_histogramas,205.56666666666663,205.2070122121044,205.15625
boston,2015,p25,absoluto,gbm_histogramas,198.63333333333333,204.484395064635,205.54999999999998
boston,2016,p25,absoluto,gbm_histogramas,206.4333333333333,208.27737640666933,205.15625
boston,2017,p25,absoluto,gbm_histogramas,208.31666666666663,206.94356796111143,205.15625
boston,2018,p25,absoluto,gbm_histogramas,204.77916666666667,201.44693062068882,205.54999999999998
boston,2019,p25,absoluto,gbm_histogramas,200.4333333333333,210.5933881359741,205.54999999999998
chicago,2005,p25,absoluto,gbm_histogramas,231.3625,233.41694627142934,232.825
chicago,2006,p25,absoluto,gbm_histogramas,229.29583333333332,230.7940199383861,232.825
chicago,2007,p25,absoluto,gbm_histogramas,260.05,247.7340268084586,232.74166666666667
chicago,2008,p25,absoluto,gbm_histogramas,248.3,248.39174913284677,232.74166666666667
chicago,2009,p25,absoluto,gbm_histogramas,230.58333333333331,229.06240406987783,232.825
chicago,2010,p25,absoluto,gbm_histogramas,243.81666666666663,249.39385258246264,232.74166666666667
chicago,2011,p25,absoluto,gbm_histogramas,240.81666666666663,245.9121655727735,232.74166666666667
chicago,2012,p25,absoluto,gbm_histogramas,232.88333333333333,226.30281709895613,232.74166666666667
chicago,2013,p25,absoluto,gbm_histogramas,233.81666666666663,233.52277683420243,232.74166666666667
chicago,2014,p25,absoluto,gbm_histogramas,232.71666666666667,232.00119672013236,232.825
chicago,2015,p25,absoluto,gbm_histogramas,234.21666666666667,237.57105423014792,232.74166666666667
chicago,2016,p25,absoluto,gbm_histogramas,232.76666666666668,234.90029262217772,232.8
chicago,2017,p25,absoluto,gbm_histogramas,240.35,237.6611096557863,232.74166666666667
chicago,2018,p25,absoluto,gbm_histogramas,230.61666666666667,236.66133971950663,232.825
chicago,2019,p25,absoluto,gbm_histogramas,225.61666666666667,227.83855166386877,232.825
chicago,2022,p25,absoluto,gbm_histogramas,223.9,230.06148038351265,232.825
chicago,2023,p25,absoluto,gbm_histogramas,215.2,231.56735488851942,232.825
nyc,2005,p25,absoluto,gbm_histogramas,243.9375,236.34541643247627,234.1833333333333
nyc,2006,p25,absoluto,gbm_histogramas,232.53333333333333,232.08933747213527,235.29999999999995
nyc,2007,p25,absoluto,gbm_histogramas,233.6833333333333,232.49858460822196,235.29999999999995
nyc,2008,p25,absoluto,gbm_histogramas,229.53333333333333,231.6397984038984,235.29999999999995
nyc,2009,p25,absoluto,gbm_histogramas,229.88333333333333,233.4972062615846,235.29999999999995
nyc,2010,p25,absoluto,gbm_histogramas,231.7083333333333,231.57971928444124,235.29999999999995
nyc,2011,p25,absoluto,gbm_histogramas,231.85,234.61374946724897,235.29999999999995
nyc,2013,p25,absoluto,gbm_histogramas,233.6,235.71797802615745,235.29999999999995
nyc,2014,p25,absoluto,gbm_histogramas,236.75,230.98209529290057,234.1833333333333
nyc,2015,p25,absoluto,gbm_histogramas,239.81666666666663,234.95170525176397,234.1833333333333
nyc,2016,p25,absoluto,gbm_histogramas,238.89166666666665,235.66587313447343,234.1833333333333
nyc,2017,p25,absoluto,gbm_histogramas,237.1833333333333,240.16831602574985,234.1833333333333
nyc,2018,p25,absoluto,gbm_histogramas,237.16666666666663,234.39192188078297,234.1833333333333
nyc,2019,p25,absoluto,gbm_histogramas,234.6833333333333,229.6058950347381,234.79999999999995
nyc,2022,p25,absoluto,gbm_histogramas,247.9958333333333,251.67352435666783,234.1833333333333
nyc,2023,p25,absoluto,gbm_histogramas,235.91666666666663,232.00678285863964,234.1833333333333
nyc,2024,p25,absoluto,gbm_histogramas,228.86666666666667,232.74345745106027,235.29999999999995
boston,2005,p25,absoluto,perceptron_multicamadas,211.6833333333333,258.875631985433,205.15625
boston,2006,p25,absoluto,perceptron_multicamadas,205.53333333333333,117.0635648762225,205.17291666666665
boston,2007,p25,absoluto,perceptron_multicamadas,208.35,285.2172066157596,205.15625
boston,2008,p25,absoluto,perceptron_multicamadas,205.58333333333331,188.39163301828816,205.15625
boston,2009,p25,absoluto,perceptron_multicamadas,204.58333333333331,193.28396611532682,205.54999999999998
boston,2010,p25,absoluto,perceptron_multicamadas,204.74166666666667,189.40274523739683,205.54999999999998
boston,2011,p25,absoluto,perceptron_multicamadas,204.1125,193.7117035108359,205.54999999999998
boston,2012,p25,absoluto,perceptron_multicamadas,224.7,161.00491071311885,205.15625
boston,2013,p25,absoluto,perceptron_multicamadas,199.58333333333331,186.73051524959035,205.54999999999998
boston,2014,p25,absoluto,perceptron_multicamadas,205.56666666666663,201.79270111608648,205.15625
boston,2015,p25,absoluto,perceptron_multicamadas,198.63333333333333,153.9844249777009,205.54999999999998
boston,2016,p25,absoluto,perceptron_multicamadas,206.4333333333333,215.5264752582113,205.15625
boston,2017,p25,absoluto,perceptron_multicamadas,208.31666666666663,206.50420113063143,205.15625
boston,2018,p25,absoluto,perceptron_multicamadas,204.77916666666667,377.99082511225726,205.54999999999998
boston,2019,p25,absoluto,perceptron_multicamadas,200.4333333333333,147.14735008819451,205.54999999999998
chicago,2005,p25,absoluto,perceptron_multicamadas,231.3625,175.72609335360832,232.825
chicago,2006,p25,absoluto,perceptron_multicamadas,229.29583333333332,278.0567870104782,232.825
chicago,2007,p25,absoluto,perceptron_multicamadas,260.05,237.429622335459,232.74166666666667
chicago,2008,p25,absoluto,perceptron_multicamadas,248.3,242.43928972902808,232.74166666666667
chicago,2009,p25,absoluto,perceptron_multicamadas,230.58333333333331,297.0880041293415,232.825
chicago,2010,p25,absoluto,perceptron_multicamadas,243.81666666666663,270.5213157981367,232.74166666666667
chicago,2011,p25,absoluto,perceptron_multicamadas,240.81666666666663,257.86402487914563,232.74166666666667
chicago,2012,p25,absoluto,perceptron_multicamadas,232.88333333333333,222.3306845419811,232.74166666666667
chicago,2013,p25,absoluto,perceptron_multicamadas,233.81666666666663,141.17169791074366,232.74166666666667
chicago,2014,p25,absoluto,perceptron_multicamadas,232.71666666666667,165.01770514949527,232.825
chicago,2015,p25,absoluto,perceptron_multicamadas,234.21666666666667,234.21777144406119,232.74166666666667
chicago,2016,p25,absoluto,perceptron_multicamadas,232.76666666666668,192.10153974693347,232.8
chicago,2017,p25,absoluto,perceptron_multicamadas,240.35,265.684628787722,232.74166666666667
chicago,2018,p25,absoluto,perceptron_multicamadas,230.61666666666667,202.2026295000426,232.825
chicago,2019,p25,absoluto,perceptron_multicamadas,225.61666666666667,242.849784034964,232.825
chicago,2022,p25,absoluto,perceptron_multicamadas,223.9,243.18634124078403,232.825
chicago,2023,p25,absoluto,perceptron_multicamadas,215.2,215.05042599719536,232.825
nyc,2005,p25,absoluto,perceptron_multicamadas,243.9375,226.3510176360297,234.1833333333333
nyc,2006,p25,absoluto,perceptron_multicamadas,232.53333333333333,249.57543372003138,235.29999999999995
nyc,2007,p25,absoluto,perceptron_multicamadas,233.6833333333333,214.375854096324,235.29999999999995
nyc,2008,p25,absoluto,perceptron_multicamadas,229.53333333333333,233.82667896354718,235.29999999999995
nyc,2009,p25,absoluto,perceptron_multicamadas,229.88333333333333,260.3049817391152,235.29999999999995
nyc,2010,p25,absoluto,perceptron_multicamadas,231.7083333333333,241.3330282198063,235.29999999999995
nyc,2011,p25,absoluto,perceptron_multicamadas,231.85,207.72117889252112,235.29999999999995
nyc,2013,p25,absoluto,perceptron_multicamadas,233.6,221.11490123267473,235.29999999999995
nyc,2014,p25,absoluto,perceptron_multicamadas,236.75,259.6662122163624,234.1833333333333
nyc,2015,p25,absoluto,perceptron_multicamadas,239.81666666666663,164.9162422770764,234.1833333333333
nyc,2016,p25,absoluto,perceptron_multicamadas,238.89166666666665,205.25183094248248,234.1833333333333
nyc,2017,p25,absoluto,perceptron_multicamadas,237.1833333333333,306.05057103405585,234.1833333333333
nyc,2018,p25,absoluto,perceptron_multicamadas,237.16666666666663,237.35992713674676,234.1833333333333
nyc,2019,p25,absoluto,perceptron_multicamadas,234.6833333333333,224.93298817868245,234.79999999999995
nyc,2022,p25,absoluto,perceptron_multicamadas,247.9958333333333,246.53034824355052,234.1833333333333
nyc,2023,p25,absoluto,perceptron_multicamadas,235.91666666666663,240.15912959294005,234.1833333333333
nyc,2024,p25,absoluto,perceptron_multicamadas,228.86666666666667,245.1404089398659,235.29999999999995
boston,2005,p25,desvio,linear,211.6833333333333,209.64004047828723,205.15625
boston,2006,p25,desvio,linear,205.53333333333333,194.4314830456601,205.17291666666665
boston,2007,p25,desvio,linear,208.35,209.59394928413127,205.15625
boston,2008,p25,desvio,linear,205.58333333333331,205.55154010270087,205.15625
boston,2009,p25,desvio,linear,204.58333333333331,207.25047452942744,205.54999999999998
boston,2010,p25,desvio,linear,204.74166666666667,199.30189578856607,205.54999999999998
boston,2011,p25,desvio,linear,204.1125,210.80233235772897,205.54999999999998
boston,2012,p25,desvio,linear,224.7,206.94406519689835,205.15625
boston,2013,p25,desvio,linear,199.58333333333331,210.87713757736304,205.54999999999998
boston,2014,p25,desvio,linear,205.56666666666663,204.93196496971402,205.15625
boston,2015,p25,desvio,linear,198.63333333333333,186.4339062455786,205.54999999999998
boston,2016,p25,desvio,linear,206.4333333333333,195.47906548804957,205.15625
boston,2017,p25,desvio,linear,208.31666666666663,210.15567465300538,205.15625
boston,2018,p25,desvio,linear,204.77916666666667,345.4619530268093,205.54999999999998
boston,2019,p25,desvio,linear,200.4333333333333,217.1305238058833,205.54999999999998
chicago,2005,p25,desvio,linear,231.3625,241.35255730782674,232.825
chicago,2006,p25,desvio,linear,229.29583333333332,228.78108359735248,232.825
chicago,2007,p25,desvio,linear,260.05,248.69099242223535,232.74166666666667
chicago,2008,p25,desvio,linear,248.3,243.81250186752558,232.74166666666667
chicago,2009,p25,desvio,linear,230.58333333333331,223.67524440068513,232.825
chicago,2010,p25,desvio,linear,243.81666666666663,247.22614063371822,232.74166666666667
chicago,2011,p25,desvio,linear,240.81666666666663,244.49990330742443,232.74166666666667
chicago,2012,p25,desvio,linear,232.88333333333333,230.29196047646076,232.74166666666667
chicago,2013,p25,desvio,linear,233.81666666666663,234.42093970666247,232.74166666666667
chicago,2014,p25,desvio,linear,232.71666666666667,227.53425462245104,232.825
chicago,2015,p25,desvio,linear,234.21666666666667,244.10646582172993,232.74166666666667
chicago,2016,p25,desvio,linear,232.76666666666668,228.9786736924732,232.8
chicago,2017,p25,desvio,linear,240.35,234.35982214545052,232.74166666666667
chicago,2018,p25,desvio,linear,230.61666666666667,242.09294268646576,232.825
chicago,2019,p25,desvio,linear,225.61666666666667,226.80813876233506,232.825
chicago,2022,p25,desvio,linear,223.9,216.81573473512253,232.825
chicago,2023,p25,desvio,linear,215.2,220.64690772893957,232.825
nyc,2005,p25,desvio,linear,243.9375,238.79597627950523,234.1833333333333
nyc,2006,p25,desvio,linear,232.53333333333333,228.4729839106712,235.29999999999995
nyc,2007,p25,desvio,linear,233.6833333333333,233.85961366700786,235.29999999999995
nyc,2008,p25,desvio,linear,229.53333333333333,235.9339906518431,235.29999999999995
nyc,2009,p25,desvio,linear,229.88333333333333,236.42450830469573,235.29999999999995
nyc,2010,p25,desvio,linear,231.7083333333333,232.87665114492415,235.29999999999995
nyc,2011,p25,desvio,linear,231.85,233.79957996293678,235.29999999999995
nyc,2013,p25,desvio,linear,233.6,232.6756885574729,235.29999999999995
nyc,2014,p25,desvio,linear,236.75,228.509866528598,234.1833333333333
nyc,2015,p25,desvio,linear,239.81666666666663,242.94637554281692,234.1833333333333
nyc,2016,p25,desvio,linear,238.89166666666665,240.45712281264838,234.1833333333333
nyc,2017,p25,desvio,linear,237.1833333333333,236.95341430151728,234.1833333333333
nyc,2018,p25,desvio,linear,237.16666666666663,227.90444660062408,234.1833333333333
nyc,2019,p25,desvio,linear,234.6833333333333,231.7743251210059,234.79999999999995
nyc,2022,p25,desvio,linear,247.9958333333333,259.1232530231731,234.1833333333333
nyc,2023,p25,desvio,linear,235.91666666666663,238.0617026113203,234.1833333333333
nyc,2024,p25,desvio,linear,228.86666666666667,238.95971401790572,235.29999999999995
boston,2005,p25,desvio,ridge,211.6833333333333,211.56746936653673,205.15625
boston,2006,p25,desvio,ridge,205.53333333333333,206.49285628666723,205.17291666666665
boston,2007,p25,desvio,ridge,208.35,199.23976521685546,205.15625
boston,2008,p25,desvio,ridge,205.58333333333331,205.89385112631555,205.15625
boston,2009,p25,desvio,ridge,204.58333333333331,203.45804879819852,205.54999999999998
boston,2010,p25,desvio,ridge,204.74166666666667,198.60259638333477,205.54999999999998
boston,2011,p25,desvio,ridge,204.1125,207.18877563914367,205.54999999999998
boston,2012,p25,desvio,ridge,224.7,214.03974028007133,205.15625
boston,2013,p25,desvio,ridge,199.58333333333331,203.61218620873112,205.54999999999998
boston,2014,p25,desvio,ridge,205.56666666666663,208.64956435166198,205.15625
boston,2015,p25,desvio,ridge,198.63333333333333,201.59908530762274,205.54999999999998
boston,2016,p25,desvio,ridge,206.4333333333333,210.2019717558767,205.15625
boston,2017,p25,desvio,ridge,208.31666666666663,212.7229799606762,205.15625
boston,2018,p25,desvio,ridge,204.77916666666667,188.11690248342103,205.54999999999998
boston,2019,p25,desvio,ridge,200.4333333333333,210.22509533469918,205.54999999999998
chicago,2005,p25,desvio,ridge,231.3625,238.85848696800954,232.825
chicago,2006,p25,desvio,ridge,229.29583333333332,235.80794760614637,232.825
chicago,2007,p25,desvio,ridge,260.05,251.43714107767818,232.74166666666667
chicago,2008,p25,desvio,ridge,248.3,245.47910762808502,232.74166666666667
chicago,2009,p25,desvio,ridge,230.58333333333331,224.17986478782672,232.825
chicago,2010,p25,desvio,ridge,243.81666666666663,247.33298697969235,232.74166666666667
chicago,2011,p25,desvio,ridge,240.81666666666663,241.08201927892904,232.74166666666667
chicago,2012,p25,desvio,ridge,232.88333333333333,224.91970547343251,232.74166666666667
chicago,2013,p25,desvio,ridge,233.81666666666663,233.87843913131448,232.74166666666667
chicago,2014,p25,desvio,ridge,232.71666666666667,232.37133112952702,232.825
chicago,2015,p25,desvio,ridge,234.21666666666667,239.0567193896918,232.74166666666667
chicago,2016,p25,desvio,ridge,232.76666666666668,230.5951901893273,232.8
chicago,2017,p25,desvio,ridge,240.35,235.70390096179497,232.74166666666667
chicago,2018,p25,desvio,ridge,230.61666666666667,233.6490050455743,232.825
chicago,2019,p25,desvio,ridge,225.61666666666667,226.11634281991329,232.825
chicago,2022,p25,desvio,ridge,223.9,233.26602549139582,232.825
chicago,2023,p25,desvio,ridge,215.2,228.0444622562196,232.825
nyc,2005,p25,desvio,ridge,243.9375,241.49647504256959,234.1833333333333
nyc,2006,p25,desvio,ridge,232.53333333333333,229.0848765789885,235.29999999999995
nyc,2007,p25,desvio,ridge,233.6833333333333,237.56078453052586,235.29999999999995
nyc,2008,p25,desvio,ridge,229.53333333333333,235.8808565850237,235.29999999999995
nyc,2009,p25,desvio,ridge,229.88333333333333,236.67803658295213,235.29999999999995
nyc,2010,p25,desvio,ridge,231.7083333333333,233.01803966251572,235.29999999999995
nyc,2011,p25,desvio,ridge,231.85,235.33501786105344,235.29999999999995
nyc,2013,p25,desvio,ridge,233.6,233.03233125708803,235.29999999999995
nyc,2014,p25,desvio,ridge,236.75,227.52514250680173,234.1833333333333
nyc,2015,p25,desvio,ridge,239.81666666666663,238.45243180616345,234.1833333333333
nyc,2016,p25,desvio,ridge,238.89166666666665,240.99271638175168,234.1833333333333
nyc,2017,p25,desvio,ridge,237.1833333333333,237.83769988996323,234.1833333333333
nyc,2018,p25,desvio,ridge,237.16666666666663,231.60622294829827,234.1833333333333
nyc,2019,p25,desvio,ridge,234.6833333333333,231.60085806073081,234.79999999999995
nyc,2022,p25,desvio,ridge,247.9958333333333,254.78101504461284,234.1833333333333
nyc,2023,p25,desvio,ridge,235.91666666666663,231.55079990137457,234.1833333333333
nyc,2024,p25,desvio,ridge,228.86666666666667,235.8739473482895,235.29999999999995
boston,2005,p25,desvio,floresta_aleatoria,211.6833333333333,206.53332306547617,205.15625
boston,2006,p25,desvio,floresta_aleatoria,205.53333333333333,203.3543199198082,205.17291666666665
boston,2007,p25,desvio,floresta_aleatoria,208.35,202.5293911727017,205.15625
boston,2008,p25,desvio,floresta_aleatoria,205.58333333333331,205.17763666708,205.15625
boston,2009,p25,desvio,floresta_aleatoria,204.58333333333331,202.4576866184163,205.54999999999998
boston,2010,p25,desvio,floresta_aleatoria,204.74166666666667,204.6552055833634,205.54999999999998
boston,2011,p25,desvio,floresta_aleatoria,204.1125,204.62926329365078,205.54999999999998
boston,2012,p25,desvio,floresta_aleatoria,224.7,219.30306048487105,205.15625
boston,2013,p25,desvio,floresta_aleatoria,199.58333333333331,204.50064813574735,205.54999999999998
boston,2014,p25,desvio,floresta_aleatoria,205.56666666666663,205.87159242104826,205.15625
boston,2015,p25,desvio,floresta_aleatoria,198.63333333333333,204.58569859044312,205.54999999999998
boston,2016,p25,desvio,floresta_aleatoria,206.4333333333333,206.28630981316135,205.15625
boston,2017,p25,desvio,floresta_aleatoria,208.31666666666663,214.64938578869044,205.15625
boston,2018,p25,desvio,floresta_aleatoria,204.77916666666667,201.7974933531746,205.54999999999998
boston,2019,p25,desvio,floresta_aleatoria,200.4333333333333,208.74243506117722,205.54999999999998
chicago,2005,p25,desvio,floresta_aleatoria,231.3625,231.70401727430556,232.825
chicago,2006,p25,desvio,floresta_aleatoria,229.29583333333332,231.14687805886243,232.825
chicago,2007,p25,desvio,floresta_aleatoria,260.05,246.94036991567458,232.74166666666667
chicago,2008,p25,desvio,floresta_aleatoria,248.3,245.80649422123014,232.74166666666667
chicago,2009,p25,desvio,floresta_aleatoria,230.58333333333331,230.32344165839947,232.825
chicago,2010,p25,desvio,floresta_aleatoria,243.81666666666663,246.40650775876324,232.74166666666667
chicago,2011,p25,desvio,floresta_aleatoria,240.81666666666663,246.0406353050595,232.74166666666667
chicago,2012,p25,desvio,floresta_aleatoria,232.88333333333333,228.9700388764881,232.74166666666667
chicago,2013,p25,desvio,floresta_aleatoria,233.81666666666663,232.24603174603175,232.74166666666667
chicago,2014,p25,desvio,floresta_aleatoria,232.71666666666667,230.7253706845238,232.825
chicago,2015,p25,desvio,floresta_aleatoria,234.21666666666667,236.11047200727512,232.74166666666667
chicago,2016,p25,desvio,floresta_aleatoria,232.76666666666668,231.92702105654763,232.8
chicago,2017,p25,desvio,floresta_aleatoria,240.35,240.60235774636243,232.74166666666667
chicago,2018,p25,desvio,floresta_aleatoria,230.61666666666667,230.86216343832672,232.825
chicago,2019,p25,desvio,floresta_aleatoria,225.61666666666667,228.01671792328042,232.825
chicago,2022,p25,desvio,floresta_aleatoria,223.9,230.6942235863095,232.825
chicago,2023,p25,desvio,floresta_aleatoria,215.2,228.89400985863094,232.825
nyc,2005,p25,desvio,floresta_aleatoria,243.9375,238.3500987433862,234.1833333333333
nyc,2006,p25,desvio,floresta_aleatoria,232.53333333333333,232.60693181630288,235.29999999999995
nyc,2007,p25,desvio,floresta_aleatoria,233.6833333333333,234.54482505373673,235.29999999999995
nyc,2008,p25,desvio,floresta_aleatoria,229.53333333333333,233.10242604993383,235.29999999999995
nyc,2009,p25,desvio,floresta_aleatoria,229.88333333333333,235.0524339161706,235.29999999999995
nyc,2010,p25,desvio,floresta_aleatoria,231.7083333333333,232.4124802207341,235.29999999999995
nyc,2011,p25,desvio,floresta_aleatoria,231.85,232.9902911747685,235.29999999999995
nyc,2013,p25,desvio,floresta_aleatoria,233.6,234.33064723462297,235.29999999999995
nyc,2014,p25,desvio,floresta_aleatoria,236.75,232.3940485739087,234.1833333333333
nyc,2015,p25,desvio,floresta_aleatoria,239.81666666666663,235.38873947585975,234.1833333333333
nyc,2016,p25,desvio,floresta_aleatoria,238.89166666666665,234.2010513268849,234.1833333333333
nyc,2017,p25,desvio,floresta_aleatoria,237.1833333333333,236.43244210896162,234.1833333333333
nyc,2018,p25,desvio,floresta_aleatoria,237.16666666666663,233.13164503141533,234.1833333333333
nyc,2019,p25,desvio,floresta_aleatoria,234.6833333333333,232.14241141699733,234.79999999999995
nyc,2022,p25,desvio,floresta_aleatoria,247.9958333333333,249.85661398809523,234.1833333333333
nyc,2023,p25,desvio,floresta_aleatoria,235.91666666666663,230.49646600529098,234.1833333333333
nyc,2024,p25,desvio,floresta_aleatoria,228.86666666666667,231.18355161210312,235.29999999999995
boston,2005,p25,desvio,gbm_histogramas,211.6833333333333,207.80314555905022,205.15625
boston,2006,p25,desvio,gbm_histogramas,205.53333333333333,204.47652699511457,205.17291666666665
boston,2007,p25,desvio,gbm_histogramas,208.35,204.12866308457583,205.15625
boston,2008,p25,desvio,gbm_histogramas,205.58333333333331,204.53124054961228,205.15625
boston,2009,p25,desvio,gbm_histogramas,204.58333333333331,201.4664942337554,205.54999999999998
boston,2010,p25,desvio,gbm_histogramas,204.74166666666667,205.20199966036589,205.54999999999998
boston,2011,p25,desvio,gbm_histogramas,204.1125,204.9449846210943,205.54999999999998
boston,2012,p25,desvio,gbm_histogramas,224.7,223.56831657443854,205.15625
boston,2013,p25,desvio,gbm_histogramas,199.58333333333331,203.67498143293994,205.54999999999998
boston,2014,p25,desvio,gbm_histogramas,205.56666666666663,206.95009578516886,205.15625
boston,2015,p25,desvio,gbm_histogramas,198.63333333333333,204.3931091362094,205.54999999999998
boston,2016,p25,desvio,gbm_histogramas,206.4333333333333,205.34774914749474,205.15625
boston,2017,p25,desvio,gbm_histogramas,208.31666666666663,216.0244018606558,205.15625
boston,2018,p25,desvio,gbm_histogramas,204.77916666666667,199.68197830557295,205.54999999999998
boston,2019,p25,desvio,gbm_histogramas,200.4333333333333,210.00158158593342,205.54999999999998
chicago,2005,p25,desvio,gbm_histogramas,231.3625,235.2461470155734,232.825
chicago,2006,p25,desvio,gbm_histogramas,229.29583333333332,230.26929901312272,232.825
chicago,2007,p25,desvio,gbm_histogramas,260.05,247.41211377620962,232.74166666666667
chicago,2008,p25,desvio,gbm_histogramas,248.3,251.83138916870925,232.74166666666667
chicago,2009,p25,desvio,gbm_histogramas,230.58333333333331,228.24951316494594,232.825
chicago,2010,p25,desvio,gbm_histogramas,243.81666666666663,250.27845845437747,232.74166666666667
chicago,2011,p25,desvio,gbm_histogramas,240.81666666666663,240.23060189512626,232.74166666666667
chicago,2012,p25,desvio,gbm_histogramas,232.88333333333333,226.04435697288216,232.74166666666667
chicago,2013,p25,desvio,gbm_histogramas,233.81666666666663,232.6723351000298,232.74166666666667
chicago,2014,p25,desvio,gbm_histogramas,232.71666666666667,232.0583000309176,232.825
chicago,2015,p25,desvio,gbm_histogramas,234.21666666666667,231.18743976229686,232.74166666666667
chicago,2016,p25,desvio,gbm_histogramas,232.76666666666668,232.82661656766544,232.8
chicago,2017,p25,desvio,gbm_histogramas,240.35,234.81689934567535,232.74166666666667
chicago,2018,p25,desvio,gbm_histogramas,230.61666666666667,227.0588840520268,232.825
chicago,2019,p25,desvio,gbm_histogramas,225.61666666666667,222.7013971359469,232.825
chicago,2022,p25,desvio,gbm_histogramas,223.9,228.0649638401854,232.825
chicago,2023,p25,desvio,gbm_histogramas,215.2,229.36257029938767,232.825
nyc,2005,p25,desvio,gbm_histogramas,243.9375,239.6629168486472,234.1833333333333
nyc,2006,p25,desvio,gbm_histogramas,232.53333333333333,233.86674593506842,235.29999999999995
nyc,2007,p25,desvio,gbm_histogramas,233.6833333333333,233.28249437178974,235.29999999999995
nyc,2008,p25,desvio,gbm_histogramas,229.53333333333333,232.7669874209772,235.29999999999995
nyc,2009,p25,desvio,gbm_histogramas,229.88333333333333,234.97715841798407,235.29999999999995
nyc,2010,p25,desvio,gbm_histogramas,231.7083333333333,231.60530923980554,235.29999999999995
nyc,2011,p25,desvio,gbm_histogramas,231.85,236.66422371007255,235.29999999999995
nyc,2013,p25,desvio,gbm_histogramas,233.6,233.57653258781096,235.29999999999995
nyc,2014,p25,desvio,gbm_histogramas,236.75,234.14261746030286,234.1833333333333
nyc,2015,p25,desvio,gbm_histogramas,239.81666666666663,235.1929037362391,234.1833333333333
nyc,2016,p25,desvio,gbm_histogramas,238.89166666666665,235.2693562952546,234.1833333333333
nyc,2017,p25,desvio,gbm_histogramas,237.1833333333333,237.94611326614523,234.1833333333333
nyc,2018,p25,desvio,gbm_histogramas,237.16666666666663,235.5342128318394,234.1833333333333
nyc,2019,p25,desvio,gbm_histogramas,234.6833333333333,228.43353290320078,234.79999999999995
nyc,2022,p25,desvio,gbm_histogramas,247.9958333333333,251.76648229232097,234.1833333333333
nyc,2023,p25,desvio,gbm_histogramas,235.91666666666663,227.8397944821793,234.1833333333333
nyc,2024,p25,desvio,gbm_histogramas,228.86666666666667,227.81464016417834,235.29999999999995
boston,2005,p25,desvio,perceptron_multicamadas,211.6833333333333,210.21289139188391,205.15625
boston,2006,p25,desvio,perceptron_multicamadas,205.53333333333333,205.16184361611033,205.17291666666665
boston,2007,p25,desvio,perceptron_multicamadas,208.35,200.85559824001848,205.15625
boston,2008,p25,desvio,perceptron_multicamadas,205.58333333333331,208.68443412022071,205.15625
boston,2009,p25,desvio,perceptron_multicamadas,204.58333333333331,204.95483099661902,205.54999999999998
boston,2010,p25,desvio,perceptron_multicamadas,204.74166666666667,195.70104723933196,205.54999999999998
boston,2011,p25,desvio,perceptron_multicamadas,204.1125,205.43451323340875,205.54999999999998
boston,2012,p25,desvio,perceptron_multicamadas,224.7,214.88977689527056,205.15625
boston,2013,p25,desvio,perceptron_multicamadas,199.58333333333331,200.7233092107135,205.54999999999998
boston,2014,p25,desvio,perceptron_multicamadas,205.56666666666663,204.27906558578925,205.15625
boston,2015,p25,desvio,perceptron_multicamadas,198.63333333333333,204.66679793966915,205.54999999999998
boston,2016,p25,desvio,perceptron_multicamadas,206.4333333333333,206.74898207981474,205.15625
boston,2017,p25,desvio,perceptron_multicamadas,208.31666666666663,213.62356885639224,205.15625
boston,2018,p25,desvio,perceptron_multicamadas,204.77916666666667,185.91404872173524,205.54999999999998
boston,2019,p25,desvio,perceptron_multicamadas,200.4333333333333,208.51035902984864,205.54999999999998
chicago,2005,p25,desvio,perceptron_multicamadas,231.3625,233.40234283106014,232.825
chicago,2006,p25,desvio,perceptron_multicamadas,229.29583333333332,231.4067785275825,232.825
chicago,2007,p25,desvio,perceptron_multicamadas,260.05,252.79759492696633,232.74166666666667
chicago,2008,p25,desvio,perceptron_multicamadas,248.3,245.51854220278062,232.74166666666667
chicago,2009,p25,desvio,perceptron_multicamadas,230.58333333333331,230.81595279058465,232.825
chicago,2010,p25,desvio,perceptron_multicamadas,243.81666666666663,240.95990736274618,232.74166666666667
chicago,2011,p25,desvio,perceptron_multicamadas,240.81666666666663,246.3299003570465,232.74166666666667
chicago,2012,p25,desvio,perceptron_multicamadas,232.88333333333333,227.4212641596442,232.74166666666667
chicago,2013,p25,desvio,perceptron_multicamadas,233.81666666666663,232.53257386729143,232.74166666666667
chicago,2014,p25,desvio,perceptron_multicamadas,232.71666666666667,226.70618055936453,232.825
chicago,2015,p25,desvio,perceptron_multicamadas,234.21666666666667,239.6037614983129,232.74166666666667
chicago,2016,p25,desvio,perceptron_multicamadas,232.76666666666668,233.45685195367017,232.8
chicago,2017,p25,desvio,perceptron_multicamadas,240.35,237.50190388128462,232.74166666666667
chicago,2018,p25,desvio,perceptron_multicamadas,230.61666666666667,225.51671441888067,232.825
chicago,2019,p25,desvio,perceptron_multicamadas,225.61666666666667,228.02653715486127,232.825
chicago,2022,p25,desvio,perceptron_multicamadas,223.9,226.9904881327041,232.825
chicago,2023,p25,desvio,perceptron_multicamadas,215.2,227.33674555094078,232.825
nyc,2005,p25,desvio,perceptron_multicamadas,243.9375,238.04824982688496,234.1833333333333
nyc,2006,p25,desvio,perceptron_multicamadas,232.53333333333333,230.82027522846516,235.29999999999995
nyc,2007,p25,desvio,perceptron_multicamadas,233.6833333333333,236.30363141590232,235.29999999999995
nyc,2008,p25,desvio,perceptron_multicamadas,229.53333333333333,230.76284382338633,235.29999999999995
nyc,2009,p25,desvio,perceptron_multicamadas,229.88333333333333,232.81880298049398,235.29999999999995
nyc,2010,p25,desvio,perceptron_multicamadas,231.7083333333333,231.55914339118388,235.29999999999995
nyc,2011,p25,desvio,perceptron_multicamadas,231.85,234.30726541161258,235.29999999999995
nyc,2013,p25,desvio,perceptron_multicamadas,233.6,234.24523650230458,235.29999999999995
nyc,2014,p25,desvio,perceptron_multicamadas,236.75,235.1295416259037,234.1833333333333
nyc,2015,p25,desvio,perceptron_multicamadas,239.81666666666663,237.98807155347376,234.1833333333333
nyc,2016,p25,desvio,perceptron_multicamadas,238.89166666666665,235.3964331900272,234.1833333333333
nyc,2017,p25,desvio,perceptron_multicamadas,237.1833333333333,238.3631857770267,234.1833333333333
nyc,2018,p25,desvio,perceptron_multicamadas,237.16666666666663,231.89205817147013,234.1833333333333
nyc,2019,p25,desvio,perceptron_multicamadas,234.6833333333333,232.64484298049706,234.79999999999995
nyc,2022,p25,desvio,perceptron_multicamadas,247.9958333333333,249.38979245513025,234.1833333333333
nyc,2023,p25,desvio,perceptron_multicamadas,235.91666666666663,236.0522402098482,234.1833333333333
nyc,2024,p25,desvio,perceptron_multicamadas,228.86666666666667,233.53392769553022,235.29999999999995
boston,2005,p50,referencia,media_global,233.05,257.0185763888889,225.89583333333331
boston,2006,p50,referencia,media_global,224.78333333333333,257.1907986111111,227.14999999999998
boston,2007,p50,referencia,media_global,228.66666666666663,257.1098958333333,225.89583333333331
boston,2008,p50,referencia,media_global,226.21666666666667,257.1609375,226.82916666666665
boston,2009,p50,referencia,media_global,224.08333333333331,257.20538194444447,227.14999999999998
boston,2010,p50,referencia,media_global,224.28333333333333,257.20121527777775,227.14999999999998
boston,2011,p50,referencia,media_global,224.9833333333333,257.1866319444444,227.14999999999998
boston,2012,p50,referencia,media_global,251.06666666666663,256.6432291666667,225.89583333333331
boston,2013,p50,referencia,media_global,220.88333333333333,257.27204861111113,227.14999999999998
boston,2014,p50,referencia,media_global,232.2333333333333,257.03559027777777,225.89583333333331
boston,2015,p50,referencia,media_global,219.66666666666663,257.2973958333333,227.14999999999998
boston,2016,p50,referencia,media_global,228.08333333333331,257.1220486111111,225.89583333333331
boston,2017,p50,referencia,media_global,231.65833333333333,257.04756944444443,225.89583333333331
boston,2018,p50,referencia,media_global,228.6,257.11128472222225,225.89583333333331
boston,2019,p50,referencia,media_global,225.575,257.1743055555555,227.14999999999998
chicago,2005,p50,referencia,media_global,262.85,256.3977430555555,267.4583333333333
chicago,2006,p50,referencia,media_global,261.05,256.43524305555553,267.4583333333333
chicago,2007,p50,referencia,media_global,295.01666666666665,255.72760416666665,267.425
chicago,2008,p50,referencia,media_global,283.7,255.96336805555552,267.425
chicago,2009,p50,referencia,media_global,263.43333333333334,256.38559027777774,267.4583333333333
chicago,2010,p50,referencia,media_global,280.64166666666665,256.02708333333334,267.425
chicago,2011,p50,referencia,media_global,277.875,256.0847222222222,267.425
chicago,2012,p50,referencia,media_global,267.4,256.30295138888886,267.4583333333333
chicago,2013,p50,referencia,media_global,267.43333333333334,256.3022569444444,267.45
chicago,2014,p50,referencia,media_global,267.4166666666667,256.30260416666664,267.4583333333333
chicago,2015,p50,referencia,media_global,270.75,256.2331597222222,267.425
chicago,2016,p50,referencia,media_global,268.3833333333333,256.2824652777778,267.425
chicago,2017,p50,referencia,media_global,282.71666666666664,255.98385416666665,267.425
chicago,2018,p50,referencia,media_global,267.4833333333333,256.30121527777777,267.425
chicago,2019,p50,referencia,media_global,262.1083333333333,256.4131944444444,267.4583333333333
chicago,2022,p50,referencia,media_global,261.76666666666665,256.42031249999997,267.4583333333333
chicago,2023,p50,referencia,media_global,251.6833333333333,256.6303819444444,267.4583333333333
nyc,2005,p50,referencia,media_global,278.55,256.0706597222222,265.7583333333333
nyc,2006,p50,referencia,media_global,262.28333333333336,256.4095486111111,268.5333333333333
nyc,2007,p50,referencia,media_global,263.65,256.38107638888886,268.5333333333333
nyc,2008,p50,referencia,media_global,259.25,256.47274305555555,268.5333333333333
nyc,2009,p50,referencia,media_global,259.05,256.4769097222222,268.5333333333333
nyc,2010,p50,referencia,media_global,261.3333333333333,256.4293402777778,268.5333333333333
nyc,2011,p50,referencia,media_global,262.71666666666664,256.40052083333336,268.5333333333333
nyc,2013,p50,referencia,media_global,262.3333333333333,256.40850694444447,268.5333333333333
nyc,2014,p50,referencia,media_global,267.8666666666667,256.29322916666666,266.42499999999995
nyc,2015,p50,referencia,media_global,273.1333333333333,256.18350694444445,265.7583333333333
nyc,2016,p50,referencia,media_global,271.46666666666664,256.2182291666666,265.7583333333333
nyc,2017,p50,referencia,media_global,270.45,256.2394097222222,265.7583333333333
nyc,2018,p50,referencia,media_global,272.03333333333336,256.2064236111111,265.7583333333333
nyc,2019,p50,referencia,media_global,269.2,256.26545138888883,265.7583333333333
nyc,2022,p50,referencia,media_global,284.75,255.94149305555553,265.7583333333333
nyc,2023,p50,referencia,media_global,272.78333333333336,256.1907986111111,265.7583333333333
nyc,2024,p50,referencia,media_global,263.55,256.3831597222222,268.5333333333333
boston,2005,p50,referencia,referencia_historica,233.05,225.89583333333331,225.89583333333331
boston,2006,p50,referencia,referencia_historica,224.78333333333333,227.14999999999998,227.14999999999998
boston,2007,p50,referencia,referencia_historica,228.66666666666663,225.89583333333331,225.89583333333331
boston,2008,p50,referencia,referencia_historica,226.21666666666667,226.82916666666665,226.82916666666665
boston,2009,p50,referencia,referencia_historica,224.08333333333331,227.14999999999998,227.14999999999998
boston,2010,p50,referencia,referencia_historica,224.28333333333333,227.14999999999998,227.14999999999998
boston,2011,p50,referencia,referencia_historica,224.9833333333333,227.14999999999998,227.14999999999998
boston,2012,p50,referencia,referencia_historica,251.06666666666663,225.89583333333331,225.89583333333331
boston,2013,p50,referencia,referencia_historica,220.88333333333333,227.14999999999998,227.14999999999998
boston,2014,p50,referencia,referencia_historica,232.2333333333333,225.89583333333331,225.89583333333331
boston,2015,p50,referencia,referencia_historica,219.66666666666663,227.14999999999998,227.14999999999998
boston,2016,p50,referencia,referencia_historica,228.08333333333331,225.89583333333331,225.89583333333331
boston,2017,p50,referencia,referencia_historica,231.65833333333333,225.89583333333331,225.89583333333331
boston,2018,p50,referencia,referencia_historica,228.6,225.89583333333331,225.89583333333331
boston,2019,p50,referencia,referencia_historica,225.575,227.14999999999998,227.14999999999998
chicago,2005,p50,referencia,referencia_historica,262.85,267.4583333333333,267.4583333333333
chicago,2006,p50,referencia,referencia_historica,261.05,267.4583333333333,267.4583333333333
chicago,2007,p50,referencia,referencia_historica,295.01666666666665,267.425,267.425
chicago,2008,p50,referencia,referencia_historica,283.7,267.425,267.425
chicago,2009,p50,referencia,referencia_historica,263.43333333333334,267.4583333333333,267.4583333333333
chicago,2010,p50,referencia,referencia_historica,280.64166666666665,267.425,267.425
chicago,2011,p50,referencia,referencia_historica,277.875,267.425,267.425
chicago,2012,p50,referencia,referencia_historica,267.4,267.4583333333333,267.4583333333333
chicago,2013,p50,referencia,referencia_historica,267.43333333333334,267.45,267.45
chicago,2014,p50,referencia,referencia_historica,267.4166666666667,267.4583333333333,267.4583333333333
chicago,2015,p50,referencia,referencia_historica,270.75,267.425,267.425
chicago,2016,p50,referencia,referencia_historica,268.3833333333333,267.425,267.425
chicago,2017,p50,referencia,referencia_historica,282.71666666666664,267.425,267.425
chicago,2018,p50,referencia,referencia_historica,267.4833333333333,267.425,267.425
chicago,2019,p50,referencia,referencia_historica,262.1083333333333,267.4583333333333,267.4583333333333
chicago,2022,p50,referencia,referencia_historica,261.76666666666665,267.4583333333333,267.4583333333333
chicago,2023,p50,referencia,referencia_historica,251.6833333333333,267.4583333333333,267.4583333333333
nyc,2005,p50,referencia,referencia_historica,278.55,265.7583333333333,265.7583333333333
nyc,2006,p50,referencia,referencia_historica,262.28333333333336,268.5333333333333,268.5333333333333
nyc,2007,p50,referencia,referencia_historica,263.65,268.5333333333333,268.5333333333333
nyc,2008,p50,referencia,referencia_historica,259.25,268.5333333333333,268.5333333333333
nyc,2009,p50,referencia,referencia_historica,259.05,268.5333333333333,268.5333333333333
nyc,2010,p50,referencia,referencia_historica,261.3333333333333,268.5333333333333,268.5333333333333
nyc,2011,p50,referencia,referencia_historica,262.71666666666664,268.5333333333333,268.5333333333333
nyc,2013,p50,referencia,referencia_historica,262.3333333333333,268.5333333333333,268.5333333333333
nyc,2014,p50,referencia,referencia_historica,267.8666666666667,266.42499999999995,266.42499999999995
nyc,2015,p50,referencia,referencia_historica,273.1333333333333,265.7583333333333,265.7583333333333
nyc,2016,p50,referencia,referencia_historica,271.46666666666664,265.7583333333333,265.7583333333333
nyc,2017,p50,referencia,referencia_historica,270.45,265.7583333333333,265.7583333333333
nyc,2018,p50,referencia,referencia_historica,272.03333333333336,265.7583333333333,265.7583333333333
nyc,2019,p50,referencia,referencia_historica,269.2,265.7583333333333,265.7583333333333
nyc,2022,p50,referencia,referencia_historica,284.75,265.7583333333333,265.7583333333333
nyc,2023,p50,referencia,referencia_historica,272.78333333333336,265.7583333333333,265.7583333333333
nyc,2024,p50,referencia,referencia_historica,263.55,268.5333333333333,268.5333333333333
boston,2005,p50,absoluto,linear,233.05,226.3572534483515,225.89583333333331
boston,2006,p50,absoluto,linear,224.78333333333333,203.64034795631903,227.14999999999998
boston,2007,p50,absoluto,linear,228.66666666666663,226.38636842123924,225.89583333333331
boston,2008,p50,absoluto,linear,226.21666666666667,227.8964594247993,226.82916666666665
boston,2009,p50,absoluto,linear,224.08333333333331,226.72127732695975,227.14999999999998
boston,2010,p50,absoluto,linear,224.28333333333333,218.26193303335435,227.14999999999998
boston,2011,p50,absoluto,linear,224.9833333333333,235.64846475050552,227.14999999999998
boston,2012,p50,absoluto,linear,251.06666666666663,229.1659334428273,225.89583333333331
boston,2013,p50,absoluto,linear,220.88333333333333,241.27010838695688,227.14999999999998
boston,2014,p50,absoluto,linear,232.2333333333333,226.6871894807011,225.89583333333331
boston,2015,p50,absoluto,linear,219.66666666666663,202.72047945360782,227.14999999999998
boston,2016,p50,absoluto,linear,228.08333333333331,203.4004289508496,225.89583333333331
boston,2017,p50,absoluto,linear,231.65833333333333,242.98696025934032,225.89583333333331
boston,2018,p50,absoluto,linear,228.6,460.63776390156545,225.89583333333331
boston,2019,p50,absoluto,linear,225.575,246.2254089331014,227.14999999999998
chicago,2005,p50,absoluto,linear,262.85,277.29909361009726,267.4583333333333
chicago,2006,p50,absoluto,linear,261.05,255.51881888821433,267.4583333333333
chicago,2007,p50,absoluto,linear,295.01666666666665,283.67145958290087,267.425
chicago,2008,p50,absoluto,linear,283.7,277.8327973877265,267.425
chicago,2009,p50,absoluto,linear,263.43333333333334,255.84452143671365,267.4583333333333
chicago,2010,p50,absoluto,linear,280.64166666666665,287.3565376255794,267.425
chicago,2011,p50,absoluto,linear,277.875,280.73577983252557,267.425
chicago,2012,p50,absoluto,linear,267.4,263.4315584271823,267.4583333333333
chicago,2013,p50,absoluto,linear,267.43333333333334,269.7027108217692,267.45
chicago,2014,p50,absoluto,linear,267.4166666666667,260.87967535004594,267.4583333333333
chicago,2015,p50,absoluto,linear,270.75,282.4782437732454,267.425
chicago,2016,p50,absoluto,linear,268.3833333333333,265.4073408006755,267.425
chicago,2017,p50,absoluto,linear,282.71666666666664,271.7091532130125,267.425
chicago,2018,p50,absoluto,linear,267.4833333333333,288.28565658865443,267.425
chicago,2019,p50,absoluto,linear,262.1083333333333,263.0362409426272,267.4583333333333
chicago,2022,p50,absoluto,linear,261.76666666666665,246.7504215322403,267.4583333333333
chicago,2023,p50,absoluto,linear,251.6833333333333,257.70473363188296,267.4583333333333
nyc,2005,p50,absoluto,linear,278.55,270.13278170232485,265.7583333333333
nyc,2006,p50,absoluto,linear,262.28333333333336,259.78516110455615,268.5333333333333
nyc,2007,p50,absoluto,linear,263.65,262.3064072503753,268.5333333333333
nyc,2008,p50,absoluto,linear,259.25,267.5997268511072,268.5333333333333
nyc,2009,p50,absoluto,linear,259.05,266.6183753898914,268.5333333333333
nyc,2010,p50,absoluto,linear,261.3333333333333,270.3719636117636,268.5333333333333
nyc,2011,p50,absoluto,linear,262.71666666666664,268.20967190265947,268.5333333333333
nyc,2013,p50,absoluto,linear,262.3333333333333,264.00065781887776,268.5333333333333
nyc,2014,p50,absoluto,linear,267.8666666666667,254.50976076168217,266.42499999999995
nyc,2015,p50,absoluto,linear,273.1333333333333,280.38554131719644,265.7583333333333
nyc,2016,p50,absoluto,linear,271.46666666666664,275.92762722738917,265.7583333333333
nyc,2017,p50,absoluto,linear,270.45,273.95440517062485,265.7583333333333
nyc,2018,p50,absoluto,linear,272.03333333333336,258.0070329734442,265.7583333333333
nyc,2019,p50,absoluto,linear,269.2,263.41921140234365,265.7583333333333
nyc,2022,p50,absoluto,linear,284.75,299.4180065251662,265.7583333333333
nyc,2023,p50,absoluto,linear,272.78333333333336,272.7794472806806,265.7583333333333
nyc,2024,p50,absoluto,linear,263.55,279.0018026654425,268.5333333333333
boston,2005,p50,absoluto,ridge,233.05,229.53338277959185,225.89583333333331
boston,2006,p50,absoluto,ridge,224.78333333333333,221.57513820204454,227.14999999999998
boston,2007,p50,absoluto,ridge,228.66666666666663,217.41123592801534,225.89583333333331
boston,2008,p50,absoluto,ridge,226.21666666666667,227.9146722392017,226.82916666666665
boston,2009,p50,absoluto,ridge,224.08333333333331,223.11373957797554,227.14999999999998
boston,2010,p50,absoluto,ridge,224.28333333333333,220.02136784085417,227.14999999999998
boston,2011,p50,absoluto,ridge,224.9833333333333,230.61507497342816,227.14999999999998
boston,2012,p50,absoluto,ridge,251.06666666666663,238.3606219162183,225.89583333333331
boston,2013,p50,absoluto,ridge,220.88333333333333,226.3009245212288,227.14999999999998
boston,2014,p50,absoluto,ridge,232.2333333333333,231.17482767810418,225.89583333333331
boston,2015,p50,absoluto,ridge,219.66666666666663,224.44593434659674,227.14999999999998
boston,2016,p50,absoluto,ridge,228.08333333333331,231.67381752433994,225.89583333333331
boston,2017,p50,absoluto,ridge,231.65833333333333,240.7065976918767,225.89583333333331
boston,2018,p50,absoluto,ridge,228.6,206.45639616672165,225.89583333333331
boston,2019,p50,absoluto,ridge,225.575,233.10391245367435,227.14999999999998
chicago,2005,p50,absoluto,ridge,262.85,270.4341100621766,267.4583333333333
chicago,2006,p50,absoluto,ridge,261.05,266.00095570660153,267.4583333333333
chicago,2007,p50,absoluto,ridge,295.01666666666665,286.31169486241276,267.425
chicago,2008,p50,absoluto,ridge,283.7,281.6527858284378,267.425
chicago,2009,p50,absoluto,ridge,263.43333333333334,254.49975042259638,267.4583333333333
chicago,2010,p50,absoluto,ridge,280.64166666666665,286.4784472043106,267.425
chicago,2011,p50,absoluto,ridge,277.875,277.7221273548437,267.425
chicago,2012,p50,absoluto,ridge,267.4,256.1058129966755,267.4583333333333
chicago,2013,p50,absoluto,ridge,267.43333333333334,268.26305116293884,267.45
chicago,2014,p50,absoluto,ridge,267.4166666666667,269.0722444115027,267.4583333333333
chicago,2015,p50,absoluto,ridge,270.75,276.52604665221804,267.425
chicago,2016,p50,absoluto,ridge,268.3833333333333,266.1986182662058,267.425
chicago,2017,p50,absoluto,ridge,282.71666666666664,274.60799591813884,267.425
chicago,2018,p50,absoluto,ridge,267.4833333333333,264.86587827256557,267.425
chicago,2019,p50,absoluto,ridge,262.1083333333333,261.8946068659589,267.4583333333333
chicago,2022,p50,absoluto,ridge,261.76666666666665,265.3548362159049,267.4583333333333
chicago,2023,p50,absoluto,ridge,251.6833333333333,261.0584183943659,267.4583333333333
nyc,2005,p50,absoluto,ridge,278.55,269.9663404248949,265.7583333333333
nyc,2006,p50,absoluto,ridge,262.28333333333336,259.638376108664,268.5333333333333
nyc,2007,p50,absoluto,ridge,263.65,265.27471679647135,268.5333333333333
nyc,2008,p50,absoluto,ridge,259.25,266.24113892148864,268.5333333333333
nyc,2009,p50,absoluto,ridge,259.05,267.8559087226328,268.5333333333333
nyc,2010,p50,absoluto,ridge,261.3333333333333,260.6203052954493,268.5333333333333
nyc,2011,p50,absoluto,ridge,262.71666666666664,267.9411535228086,268.5333333333333
nyc,2013,p50,absoluto,ridge,262.3333333333333,263.7897896442654,268.5333333333333
nyc,2014,p50,absoluto,ridge,267.8666666666667,256.15045736432495,266.42499999999995
nyc,2015,p50,absoluto,ridge,273.1333333333333,274.334491358183,265.7583333333333
nyc,2016,p50,absoluto,ridge,271.46666666666664,270.68363272282994,265.7583333333333
nyc,2017,p50,absoluto,ridge,270.45,271.6122202560795,265.7583333333333
nyc,2018,p50,absoluto,ridge,272.03333333333336,265.8011459758054,265.7583333333333
nyc,2019,p50,absoluto,ridge,269.2,265.23444257324473,265.7583333333333
nyc,2022,p50,absoluto,ridge,284.75,289.8040069585436,265.7583333333333
nyc,2023,p50,absoluto,ridge,272.78333333333336,267.9810103989462,265.7583333333333
nyc,2024,p50,absoluto,ridge,263.55,273.0943640803007,268.5333333333333
boston,2005,p50,absoluto,floresta_aleatoria,233.05,228.82771996527757,225.89583333333331
boston,2006,p50,absoluto,floresta_aleatoria,224.78333333333333,227.30435825892863,227.14999999999998
boston,2007,p50,absoluto,floresta_aleatoria,228.66666666666663,226.86405853174583,225.89583333333331
boston,2008,p50,absoluto,floresta_aleatoria,226.21666666666667,228.50086688988083,226.82916666666665
boston,2009,p50,absoluto,floresta_aleatoria,224.08333333333331,223.36422161571082,227.14999999999998
boston,2010,p50,absoluto,floresta_aleatoria,224.28333333333333,226.4698246415042,227.14999999999998
boston,2011,p50,absoluto,floresta_aleatoria,224.9833333333333,228.52401331845215,227.14999999999998
boston,2012,p50,absoluto,floresta_aleatoria,251.06666666666663,227.7373247023809,225.89583333333331
boston,2013,p50,absoluto,floresta_aleatoria,220.88333333333333,225.5107773809525,227.14999999999998
boston,2014,p50,absoluto,floresta_aleatoria,232.2333333333333,232.19891728670635,225.89583333333331
boston,2015,p50,absoluto,floresta_aleatoria,219.66666666666663,226.37278850859772,227.14999999999998
boston,2016,p50,absoluto,floresta_aleatoria,228.08333333333331,231.0233276289683,225.89583333333331
boston,2017,p50,absoluto,floresta_aleatoria,231.65833333333333,234.96837495039705,225.89583333333331
boston,2018,p50,absoluto,floresta_aleatoria,228.6,225.43543230820103,225.89583333333331
boston,2019,p50,absoluto,floresta_aleatoria,225.575,234.6585002645501,227.14999999999998
chicago,2005,p50,absoluto,floresta_aleatoria,262.85,263.5950650132275,267.4583333333333
chicago,2006,p50,absoluto,floresta_aleatoria,261.05,262.5064773396168,267.4583333333333
chicago,2007,p50,absoluto,floresta_aleatoria,295.01666666666665,274.0431129133597,267.425
chicago,2008,p50,absoluto,floresta_aleatoria,283.7,278.9351027199072,267.425
chicago,2009,p50,absoluto,floresta_aleatoria,263.43333333333334,262.2638620205026,267.4583333333333
chicago,2010,p50,absoluto,floresta_aleatoria,280.64166666666665,282.2632500744046,267.425
chicago,2011,p50,absoluto,floresta_aleatoria,277.875,282.2335724950401,267.425
chicago,2012,p50,absoluto,floresta_aleatoria,267.4,260.93008806216915,267.4583333333333
chicago,2013,p50,absoluto,floresta_aleatoria,267.43333333333334,267.3506240079364,267.45
chicago,2014,p50,absoluto,floresta_aleatoria,267.4166666666667,264.4031010085979,267.4583333333333
chicago,2015,p50,absoluto,floresta_aleatoria,270.75,276.58362270998686,267.425
chicago,2016,p50,absoluto,floresta_aleatoria,268.3833333333333,267.9098746527776,267.425
chicago,2017,p50,absoluto,floresta_aleatoria,282.71666666666664,278.18597539682537,267.425
chicago,2018,p50,absoluto,floresta_aleatoria,267.4833333333333,270.5036847800926,267.425
chicago,2019,p50,absoluto,floresta_aleatoria,262.1083333333333,262.7999089451057,267.4583333333333
chicago,2022,p50,absoluto,floresta_aleatoria,261.76666666666665,269.60686646825377,267.4583333333333
chicago,2023,p50,absoluto,floresta_aleatoria,251.6833333333333,265.16321380621685,267.4583333333333
nyc,2005,p50,absoluto,floresta_aleatoria,278.55,274.1802717923281,265.7583333333333
nyc,2006,p50,absoluto,floresta_aleatoria,262.28333333333336,263.2145863425927,268.5333333333333
nyc,2007,p50,absoluto,floresta_aleatoria,263.65,265.29889077380926,268.5333333333333
nyc,2008,p50,absoluto,floresta_aleatoria,259.25,263.6242749338626,268.5333333333333
nyc,2009,p50,absoluto,floresta_aleatoria,259.05,265.0863678571428,268.5333333333333
nyc,2010,p50,absoluto,floresta_aleatoria,261.3333333333333,261.90376497189146,268.5333333333333
nyc,2011,p50,absoluto,floresta_aleatoria,262.71666666666664,261.6724141286377,268.5333333333333
nyc,2013,p50,absoluto,floresta_aleatoria,262.3333333333333,265.1388922123017,268.5333333333333
nyc,2014,p50,absoluto,floresta_aleatoria,267.8666666666667,263.7867338023088,266.42499999999995
nyc,2015,p50,absoluto,floresta_aleatoria,273.1333333333333,270.5180349041007,265.7583333333333
nyc,2016,p50,absoluto,floresta_aleatoria,271.46666666666664,265.91036610449765,265.7583333333333
nyc,2017,p50,absoluto,floresta_aleatoria,270.45,272.1649787202381,265.7583333333333
nyc,2018,p50,absoluto,floresta_aleatoria,272.03333333333336,264.7059544642858,265.7583333333333
nyc,2019,p50,absoluto,floresta_aleatoria,269.2,264.06078465909104,265.7583333333333
nyc,2022,p50,absoluto,floresta_aleatoria,284.75,282.78755090112446,265.7583333333333
nyc,2023,p50,absoluto,floresta_aleatoria,272.78333333333336,269.58965446428584,265.7583333333333
nyc,2024,p50,absoluto,floresta_aleatoria,263.55,265.59251002585387,268.5333333333333
boston,2005,p50,absoluto,gbm_histogramas,233.05,233.27729653797923,225.89583333333331
boston,2006,p50,absoluto,gbm_histogramas,224.78333333333333,224.30382469535098,227.14999999999998
boston,2007,p50,absoluto,gbm_histogramas,228.66666666666663,225.8796945972911,225.89583333333331
boston,2008,p50,absoluto,gbm_histogramas,226.21666666666667,231.65640474045463,226.82916666666665
boston,2009,p50,absoluto,gbm_histogramas,224.08333333333331,220.34211258192045,227.14999999999998
boston,2010,p50,absoluto,gbm_histogramas,224.28333333333333,229.4252823170242,227.14999999999998
boston,2011,p50,absoluto,gbm_histogramas,224.9833333333333,230.88825015744118,227.14999999999998
boston,2012,p50,absoluto,gbm_histogramas,251.06666666666663,231.25286482431753,225.89583333333331
boston,2013,p50,absoluto,gbm_histogramas,220.88333333333333,224.01369196070232,227.14999999999998
boston,2014,p50,absoluto,gbm_histogramas,232.2333333333333,232.4851908489425,225.89583333333331
boston,2015,p50,absoluto,gbm_histogramas,219.66666666666663,224.00478823821788,227.14999999999998
boston,2016,p50,absoluto,gbm_histogramas,228.08333333333331,231.23455302888758,225.89583333333331
boston,2017,p50,absoluto,gbm_histogramas,231.65833333333333,233.09268629613362,225.89583333333331
boston,2018,p50,absoluto,gbm_histogramas,228.6,224.11601817167386,225.89583333333331
boston,2019,p50,absoluto,gbm_histogramas,225.575,233.82603409528178,227.14999999999998
chicago,2005,p50,absoluto,gbm_histogramas,262.85,262.65872656775326,267.4583333333333
chicago,2006,p50,absoluto,gbm_histogramas,261.05,262.64995797827163,267.4583333333333
chicago,2007,p50,absoluto,gbm_histogramas,295.01666666666665,284.78390918834253,267.425
chicago,2008,p50,absoluto,gbm_histogramas,283.7,284.09686331917317,267.425
chicago,2009,p50,absoluto,gbm_histogramas,263.43333333333334,261.5899586747612,267.4583333333333
chicago,2010,p50,absoluto,gbm_histogramas,280.64166666666665,285.03621143799245,267.425
chicago,2011,p50,absoluto,gbm_histogramas,277.875,281.7331683652699,267.425
chicago,2012,p50,absoluto,gbm_histogramas,267.4,258.8492655041232,267.4583333333333
chicago,2013,p50,absoluto,gbm_histogramas,267.43333333333334,270.09385614828733,267.45
chicago,2014,p50,absoluto,gbm_histogramas,267.4166666666667,263.7402669788399,267.4583333333333
chicago,2015,p50,absoluto,gbm_histogramas,270.75,278.88719311196604,267.425
chicago,2016,p50,absoluto,gbm_histogramas,268.3833333333333,268.96927203861577,267.425
chicago,2017,p50,absoluto,gbm_histogramas,282.71666666666664,276.5900337726677,267.425
chicago,2018,p50,absoluto,gbm_histogramas,267.4833333333333,267.6550711611746,267.425
chicago,2019,p50,absoluto,gbm_histogramas,262.1083333333333,260.7552196244262,267.4583333333333
chicago,2022,p50,absoluto,gbm_histogramas,261.76666666666665,267.4590294459971,267.4583333333333
chicago,2023,p50,absoluto,gbm_histogramas,251.6833333333333,266.1956766823244,267.4583333333333
nyc,2005,p50,absoluto,gbm_histogramas,278.55,270.22059091973586,265.7583333333333
nyc,2006,p50,absoluto,gbm_histogramas,262.28333333333336,262.28191551559655,268.5333333333333
nyc,2007,p50,absoluto,gbm_histogramas,263.65,262.98092949374956,268.5333333333333
nyc,2008,p50,absoluto,gbm_histogramas,259.25,262.5126220433328,268.5333333333333
nyc,2009,p50,absoluto,gbm_histogramas,259.05,264.2078492959489,268.5333333333333
nyc,2010,p50,absoluto,gbm_histogramas,261.3333333333333,261.84491323980143,268.5333333333333
nyc,2011,p50,absoluto,gbm_histogramas,262.71666666666664,261.8819673417799,268.5333333333333
nyc,2013,p50,absoluto,gbm_histogramas,262.3333333333333,264.67404014689095,268.5333333333333
nyc,2014,p50,absoluto,gbm_histogramas,267.8666666666667,263.5902422483356,266.42499999999995
nyc,2015,p50,absoluto,gbm_histogramas,273.1333333333333,270.4615123667975,265.7583333333333
nyc,2016,p50,absoluto,gbm_histogramas,271.46666666666664,267.8095842486115,265.7583333333333
nyc,2017,p50,absoluto,gbm_histogramas,270.45,273.175952153022,265.7583333333333
nyc,2018,p50,absoluto,gbm_histogramas,272.03333333333336,265.945871313716,265.7583333333333
nyc,2019,p50,absoluto,gbm_histogramas,269.2,261.6606060080683,265.7583333333333
nyc,2022,p50,absoluto,gbm_histogramas,284.75,288.94669029598447,265.7583333333333
nyc,2023,p50,absoluto,gbm_histogramas,272.78333333333336,267.17466271409927,265.7583333333333
nyc,2024,p50,absoluto,gbm_histogramas,263.55,265.5386220172821,268.5333333333333
boston,2005,p50,absoluto,perceptron_multicamadas,233.05,285.3414275096372,225.89583333333331
boston,2006,p50,absoluto,perceptron_multicamadas,224.78333333333333,128.27210181026766,227.14999999999998
boston,2007,p50,absoluto,perceptron_multicamadas,228.66666666666663,309.7717654614204,225.89583333333331
boston,2008,p50,absoluto,perceptron_multicamadas,226.21666666666667,200.2871332139826,226.82916666666665
boston,2009,p50,absoluto,perceptron_multicamadas,224.08333333333331,211.11065177456675,227.14999999999998
boston,2010,p50,absoluto,perceptron_multicamadas,224.28333333333333,215.5019053257,227.14999999999998
boston,2011,p50,absoluto,perceptron_multicamadas,224.9833333333333,218.32787264922175,227.14999999999998
boston,2012,p50,absoluto,perceptron_multicamadas,251.06666666666663,181.68126769426138,225.89583333333331
boston,2013,p50,absoluto,perceptron_multicamadas,220.88333333333333,209.87206491769516,227.14999999999998
boston,2014,p50,absoluto,perceptron_multicamadas,232.2333333333333,224.02925451925793,225.89583333333331
boston,2015,p50,absoluto,perceptron_multicamadas,219.66666666666663,170.2163232629098,227.14999999999998
boston,2016,p50,absoluto,perceptron_multicamadas,228.08333333333331,242.5275362839197,225.89583333333331
boston,2017,p50,absoluto,perceptron_multicamadas,231.65833333333333,226.11961437513835,225.89583333333331
boston,2018,p50,absoluto,perceptron_multicamadas,228.6,409.997128151318,225.89583333333331
boston,2019,p50,absoluto,perceptron_multicamadas,225.575,162.01170113329022,227.14999999999998
chicago,2005,p50,absoluto,perceptron_multicamadas,262.85,197.5489654835014,267.4583333333333
chicago,2006,p50,absoluto,perceptron_multicamadas,261.05,307.6894372840227,267.4583333333333
chicago,2007,p50,absoluto,perceptron_multicamadas,295.01666666666665,270.52614359113744,267.425
chicago,2008,p50,absoluto,perceptron_multicamadas,283.7,284.4255605420205,267.425
chicago,2009,p50,absoluto,perceptron_multicamadas,263.43333333333334,336.1957817040508,267.4583333333333
chicago,2010,p50,absoluto,perceptron_multicamadas,280.64166666666665,312.6894731421248,267.425
chicago,2011,p50,absoluto,perceptron_multicamadas,277.875,300.07781565924284,267.425
chicago,2012,p50,absoluto,perceptron_multicamadas,267.4,255.8320113437347,267.4583333333333
chicago,2013,p50,absoluto,perceptron_multicamadas,267.43333333333334,161.65234369961644,267.45
chicago,2014,p50,absoluto,perceptron_multicamadas,267.4166666666667,191.06765672233587,267.4583333333333
chicago,2015,p50,absoluto,perceptron_multicamadas,270.75,269.4922088223702,267.425
chicago,2016,p50,absoluto,perceptron_multicamadas,268.3833333333333,222.08605190251956,267.425
chicago,2017,p50,absoluto,perceptron_multicamadas,282.71666666666664,306.6332749766912,267.425
chicago,2018,p50,absoluto,perceptron_multicamadas,267.4833333333333,232.71584314771476,267.425
chicago,2019,p50,absoluto,perceptron_multicamadas,262.1083333333333,278.29320872646326,267.4583333333333
chicago,2022,p50,absoluto,perceptron_multicamadas,261.76666666666665,276.46942990297345,267.4583333333333
chicago,2023,p50,absoluto,perceptron_multicamadas,251.6833333333333,250.72237440109765,267.4583333333333
nyc,2005,p50,absoluto,perceptron_multicamadas,278.55,253.15674127839773,265.7583333333333
nyc,2006,p50,absoluto,perceptron_multicamadas,262.28333333333336,285.7802158025258,268.5333333333333
nyc,2007,p50,absoluto,perceptron_multicamadas,263.65,234.32837264100368,268.5333333333333
nyc,2008,p50,absoluto,perceptron_multicamadas,259.25,256.44318877427486,268.5333333333333
nyc,2009,p50,absoluto,perceptron_multicamadas,259.05,294.2937785283955,268.5333333333333
nyc,2010,p50,absoluto,perceptron_multicamadas,261.3333333333333,271.47791790511303,268.5333333333333
nyc,2011,p50,absoluto,perceptron_multicamadas,262.71666666666664,234.9426554381612,268.5333333333333
nyc,2013,p50,absoluto,perceptron_multicamadas,262.3333333333333,250.84052829819925,268.5333333333333
nyc,2014,p50,absoluto,perceptron_multicamadas,267.8666666666667,290.14537228798315,266.42499999999995
nyc,2015,p50,absoluto,perceptron_multicamadas,273.1333333333333,186.92216133388766,265.7583333333333
nyc,2016,p50,absoluto,perceptron_multicamadas,271.46666666666664,233.0686561917212,265.7583333333333
nyc,2017,p50,absoluto,perceptron_multicamadas,270.45,349.1736495985479,265.7583333333333
nyc,2018,p50,absoluto,perceptron_multicamadas,272.03333333333336,271.20938577928166,265.7583333333333
nyc,2019,p50,absoluto,perceptron_multicamadas,269.2,257.71115651362135,265.7583333333333
nyc,2022,p50,absoluto,perceptron_multicamadas,284.75,278.8935788808804,265.7583333333333
nyc,2023,p50,absoluto,perceptron_multicamadas,272.78333333333336,273.836015375826,265.7583333333333
nyc,2024,p50,absoluto,perceptron_multicamadas,263.55,282.8087672660539,268.5333333333333
boston,2005,p50,desvio,linear,233.05,225.77878105005993,225.89583333333331
boston,2006,p50,desvio,linear,224.78333333333333,206.3877135956238,227.14999999999998
boston,2007,p50,desvio,linear,228.66666666666663,223.67457633440375,225.89583333333331
boston,2008,p50,desvio,linear,226.21666666666667,226.5058540765845,226.82916666666665
boston,2009,p50,desvio,linear,224.08333333333331,226.13802381435505,227.14999999999998
boston,2010,p50,desvio,linear,224.28333333333333,220.51862003647835,227.14999999999998
boston,2011,p50,desvio,linear,224.9833333333333,235.84090998045397,227.14999999999998
boston,2012,p50,desvio,linear,251.06666666666663,230.772482345208,225.89583333333331
boston,2013,p50,desvio,linear,220.88333333333333,236.78148773996446,227.14999999999998
boston,2014,p50,desvio,linear,232.2333333333333,226.61699199784,225.89583333333331
boston,2015,p50,desvio,linear,219.66666666666663,204.7970217770887,227.14999999999998
boston,2016,p50,desvio,linear,228.08333333333331,218.7304788402598,225.89583333333331
boston,2017,p50,desvio,linear,231.65833333333333,243.83492322164201,225.89583333333331
boston,2018,p50,desvio,linear,228.6,398.91637944143315,225.89583333333331
boston,2019,p50,desvio,linear,225.575,244.90728914917275,227.14999999999998
chicago,2005,p50,desvio,linear,262.85,273.6485242805627,267.4583333333333
chicago,2006,p50,desvio,linear,261.05,255.81370045191187,267.4583333333333
chicago,2007,p50,desvio,linear,295.01666666666665,283.2222857176715,267.425
chicago,2008,p50,desvio,linear,283.7,280.83788942786737,267.425
chicago,2009,p50,desvio,linear,263.43333333333334,255.7410664820612,267.4583333333333
chicago,2010,p50,desvio,linear,280.64166666666665,286.06472610492597,267.425
chicago,2011,p50,desvio,linear,277.875,280.8143793600777,267.425
chicago,2012,p50,desvio,linear,267.4,262.37364442212413,267.4583333333333
chicago,2013,p50,desvio,linear,267.43333333333334,270.58063563908803,267.45
chicago,2014,p50,desvio,linear,267.4166666666667,263.5788683863372,267.4583333333333
chicago,2015,p50,desvio,linear,270.75,281.8614528546568,267.425
chicago,2016,p50,desvio,linear,268.3833333333333,265.48974968735877,267.425
chicago,2017,p50,desvio,linear,282.71666666666664,272.65432291269434,267.425
chicago,2018,p50,desvio,linear,267.4833333333333,288.6527962552149,267.425
chicago,2019,p50,desvio,linear,262.1083333333333,264.5214792610289,267.4583333333333
chicago,2022,p50,desvio,linear,261.76666666666665,250.61787058598208,267.4583333333333
chicago,2023,p50,desvio,linear,251.6833333333333,255.46117602392258,267.4583333333333
nyc,2005,p50,desvio,linear,278.55,269.88974747180583,265.7583333333333
nyc,2006,p50,desvio,linear,262.28333333333336,260.3057075820028,268.5333333333333
nyc,2007,p50,desvio,linear,263.65,262.71805599747773,268.5333333333333
nyc,2008,p50,desvio,linear,259.25,267.30677003156507,268.5333333333333
nyc,2009,p50,desvio,linear,259.05,266.8493367829734,268.5333333333333
nyc,2010,p50,desvio,linear,261.3333333333333,263.17356273465816,268.5333333333333
nyc,2011,p50,desvio,linear,262.71666666666664,265.71299651959345,268.5333333333333
nyc,2013,p50,desvio,linear,262.3333333333333,263.83794086104376,268.5333333333333
nyc,2014,p50,desvio,linear,267.8666666666667,256.5797774041365,266.42499999999995
nyc,2015,p50,desvio,linear,273.1333333333333,279.15640489654777,265.7583333333333
nyc,2016,p50,desvio,linear,271.46666666666664,271.29192213094944,265.7583333333333
nyc,2017,p50,desvio,linear,270.45,274.36321185497144,265.7583333333333
nyc,2018,p50,desvio,linear,272.03333333333336,258.4058515476128,265.7583333333333
nyc,2019,p50,desvio,linear,269.2,264.0641958523972,265.7583333333333
nyc,2022,p50,desvio,linear,284.75,291.53451859585874,265.7583333333333
nyc,2023,p50,desvio,linear,272.78333333333336,272.57301458457135,265.7583333333333
nyc,2024,p50,desvio,linear,263.55,278.1413392812124,268.5333333333333
boston,2005,p50,desvio,ridge,233.05,229.47374758566735,225.89583333333331
boston,2006,p50,desvio,ridge,224.78333333333333,225.979069153272,227.14999999999998
boston,2007,p50,desvio,ridge,228.66666666666663,224.17188284735735,225.89583333333331
boston,2008,p50,desvio,ridge,226.21666666666667,229.0824755021597,226.82916666666665
boston,2009,p50,desvio,ridge,224.08333333333331,224.37077554221943,227.14999999999998
boston,2010,p50,desvio,ridge,224.28333333333333,224.5967505247175,227.14999999999998
boston,2011,p50,desvio,ridge,224.9833333333333,227.45173167279248,227.14999999999998
boston,2012,p50,desvio,ridge,251.06666666666663,236.7648260024494,225.89583333333331
boston,2013,p50,desvio,ridge,220.88333333333333,226.27420954571718,227.14999999999998
boston,2014,p50,desvio,ridge,232.2333333333333,228.76068207411302,225.89583333333331
boston,2015,p50,desvio,ridge,219.66666666666663,224.4811011543839,227.14999999999998
boston,2016,p50,desvio,ridge,228.08333333333331,229.4467924822667,225.89583333333331
boston,2017,p50,desvio,ridge,231.65833333333333,233.35799922304287,225.89583333333331
boston,2018,p50,desvio,ridge,228.6,216.39491412019794,225.89583333333331
boston,2019,p50,desvio,ridge,225.575,234.06026906376968,227.14999999999998
chicago,2005,p50,desvio,ridge,262.85,269.0346933292813,267.4583333333333
chicago,2006,p50,desvio,ridge,261.05,259.2827968130341,267.4583333333333
chicago,2007,p50,desvio,ridge,295.01666666666665,284.59679209941856,267.425
chicago,2008,p50,desvio,ridge,283.7,278.810186565516,267.425
chicago,2009,p50,desvio,ridge,263.43333333333334,259.26646497437036,267.4583333333333
chicago,2010,p50,desvio,ridge,280.64166666666665,277.8281891701377,267.425
chicago,2011,p50,desvio,ridge,277.875,277.32303526438676,267.425
chicago,2012,p50,desvio,ridge,267.4,261.1575114711773,267.4583333333333
chicago,2013,p50,desvio,ridge,267.43333333333334,268.96486439306005,267.45
chicago,2014,p50,desvio,ridge,267.4166666666667,269.1380581953578,267.4583333333333
chicago,2015,p50,desvio,ridge,270.75,274.91956521293787,267.425
chicago,2016,p50,desvio,ridge,268.3833333333333,270.14799119574207,267.425
chicago,2017,p50,desvio,ridge,282.71666666666664,274.11914922384904,267.425
chicago,2018,p50,desvio,ridge,267.4833333333333,269.5490048749645,267.425
chicago,2019,p50,desvio,ridge,262.1083333333333,263.4759116284281,267.4583333333333
chicago,2022,p50,desvio,ridge,261.76666666666665,270.84259344236017,267.4583333333333
chicago,2023,p50,desvio,ridge,251.6833333333333,266.30576374102685,267.4583333333333
nyc,2005,p50,desvio,ridge,278.55,272.46505726399675,265.7583333333333
nyc,2006,p50,desvio,ridge,262.28333333333336,264.3981756539948,268.5333333333333
nyc,2007,p50,desvio,ridge,263.65,268.19959811454424,268.5333333333333
nyc,2008,p50,desvio,ridge,259.25,264.42334910294954,268.5333333333333
nyc,2009,p50,desvio,ridge,259.05,268.19377965206974,268.5333333333333
nyc,2010,p50,desvio,ridge,261.3333333333333,264.3378463254729,268.5333333333333
nyc,2011,p50,desvio,ridge,262.71666666666664,267.3294207678797,268.5333333333333
nyc,2013,p50,desvio,ridge,262.3333333333333,264.7389776727807,268.5333333333333
nyc,2014,p50,desvio,ridge,267.8666666666667,260.6136245610886,266.42499999999995
nyc,2015,p50,desvio,ridge,273.1333333333333,270.3647562312767,265.7583333333333
nyc,2016,p50,desvio,ridge,271.46666666666664,265.8907834527092,265.7583333333333
nyc,2017,p50,desvio,ridge,270.45,269.9564073572623,265.7583333333333
nyc,2018,p50,desvio,ridge,272.03333333333336,265.31901000420646,265.7583333333333
nyc,2019,p50,desvio,ridge,269.2,264.7431384590057,265.7583333333333
nyc,2022,p50,desvio,ridge,284.75,278.30385596924975,265.7583333333333
nyc,2023,p50,desvio,ridge,272.78333333333336,269.43662191286035,265.7583333333333
nyc,2024,p50,desvio,ridge,263.55,265.78141900840376,268.5333333333333
boston,2005,p50,desvio,floresta_aleatoria,233.05,229.0270913979828,225.89583333333331
boston,2006,p50,desvio,floresta_aleatoria,224.78333333333333,222.46176116071425,227.14999999999998
boston,2007,p50,desvio,floresta_aleatoria,228.66666666666663,222.75230923859124,225.89583333333331
boston,2008,p50,desvio,floresta_aleatoria,226.21666666666667,226.04988851273146,226.82916666666665
boston,2009,p50,desvio,floresta_aleatoria,224.08333333333331,222.54578601190474,227.14999999999998
boston,2010,p50,desvio,floresta_aleatoria,224.28333333333333,224.4090775928932,227.14999999999998
boston,2011,p50,desvio,floresta_aleatoria,224.9833333333333,225.23323490485208,227.14999999999998
boston,2012,p50,desvio,floresta_aleatoria,251.06666666666663,242.47733721139969,225.89583333333331
boston,2013,p50,desvio,floresta_aleatoria,220.88333333333333,224.30366959325394,227.14999999999998
boston,2014,p50,desvio,floresta_aleatoria,232.2333333333333,226.84191278521823,225.89583333333331
boston,2015,p50,desvio,floresta_aleatoria,219.66666666666663,225.389669890873,227.14999999999998
boston,2016,p50,desvio,floresta_aleatoria,228.08333333333331,229.19066507109787,225.89583333333331
boston,2017,p50,desvio,floresta_aleatoria,231.65833333333333,238.24332770337298,225.89583333333331
boston,2018,p50,desvio,floresta_aleatoria,228.6,222.18089353918648,225.89583333333331
boston,2019,p50,desvio,floresta_aleatoria,225.575,233.45991956018517,227.14999999999998
chicago,2005,p50,desvio,floresta_aleatoria,262.85,265.68015687003964,267.4583333333333
chicago,2006,p50,desvio,floresta_aleatoria,261.05,263.8851060267857,267.4583333333333
chicago,2007,p50,desvio,floresta_aleatoria,295.01666666666665,284.26869025297617,267.425
chicago,2008,p50,desvio,floresta_aleatoria,283.7,282.26297671130953,267.425
chicago,2009,p50,desvio,floresta_aleatoria,263.43333333333334,262.49467651289683,267.4583333333333
chicago,2010,p50,desvio,floresta_aleatoria,280.64166666666665,283.1785683118386,267.425
chicago,2011,p50,desvio,floresta_aleatoria,277.875,283.0948025049603,267.425
chicago,2012,p50,desvio,floresta_aleatoria,267.4,261.0534710482804,267.4583333333333
chicago,2013,p50,desvio,floresta_aleatoria,267.43333333333334,269.01672432208994,267.45
chicago,2014,p50,desvio,floresta_aleatoria,267.4166666666667,265.0329167162698,267.4583333333333
chicago,2015,p50,desvio,floresta_aleatoria,270.75,275.629575719246,267.425
chicago,2016,p50,desvio,floresta_aleatoria,268.3833333333333,268.29904055059524,267.425
chicago,2017,p50,desvio,floresta_aleatoria,282.71666666666664,279.03213151455026,267.425
chicago,2018,p50,desvio,floresta_aleatoria,267.4833333333333,269.37414308862435,267.425
chicago,2019,p50,desvio,floresta_aleatoria,262.1083333333333,262.2158319940476,267.4583333333333
chicago,2022,p50,desvio,floresta_aleatoria,261.76666666666665,269.53961409556877,267.4583333333333
chicago,2023,p50,desvio,floresta_aleatoria,251.6833333333333,264.1207835565476,267.4583333333333
nyc,2005,p50,desvio,floresta_aleatoria,278.55,271.52814413029097,265.7583333333333
nyc,2006,p50,desvio,floresta_aleatoria,262.28333333333336,264.3523899801587,268.5333333333333
nyc,2007,p50,desvio,floresta_aleatoria,263.65,266.56157676917985,268.5333333333333
nyc,2008,p50,desvio,floresta_aleatoria,259.25,264.20506227678567,268.5333333333333
nyc,2009,p50,desvio,floresta_aleatoria,259.05,267.27477277687586,268.5333333333333
nyc,2010,p50,desvio,floresta_aleatoria,261.3333333333333,262.5206944857804,268.5333333333333
nyc,2011,p50,desvio,floresta_aleatoria,262.71666666666664,263.3876369047619,268.5333333333333
nyc,2013,p50,desvio,floresta_aleatoria,262.3333333333333,264.84599690806874,268.5333333333333
nyc,2014,p50,desvio,floresta_aleatoria,267.8666666666667,263.24196002810845,266.42499999999995
nyc,2015,p50,desvio,floresta_aleatoria,273.1333333333333,269.1025970734127,265.7583333333333
nyc,2016,p50,desvio,floresta_aleatoria,271.46666666666664,265.43180300099203,265.7583333333333
nyc,2017,p50,desvio,floresta_aleatoria,270.45,271.0081955109127,265.7583333333333
nyc,2018,p50,desvio,floresta_aleatoria,272.03333333333336,264.77450003306876,265.7583333333333
nyc,2019,p50,desvio,floresta_aleatoria,269.2,263.26574924768516,265.7583333333333
nyc,2022,p50,desvio,floresta_aleatoria,284.75,284.4479952628968,265.7583333333333
nyc,2023,p50,desvio,floresta_aleatoria,272.78333333333336,269.07028931878307,265.7583333333333
nyc,2024,p50,desvio,floresta_aleatoria,263.55,264.70597069279097,268.5333333333333
boston,2005,p50,desvio,gbm_histogramas,233.05,227.3246879174531,225.89583333333331
boston,2006,p50,desvio,gbm_histogramas,224.78333333333333,221.11227496051268,227.14999999999998
boston,2007,p50,desvio,gbm_histogramas,228.66666666666663,223.8282783018051,225.89583333333331
boston,2008,p50,desvio,gbm_histogramas,226.21666666666667,227.32407484323386,226.82916666666665
boston,2009,p50,desvio,gbm_histogramas,224.08333333333331,222.3392971438057,227.14999999999998
boston,2010,p50,desvio,gbm_histogramas,224.28333333333333,226.93583627901378,227.14999999999998
boston,2011,p50,desvio,gbm_histogramas,224.9833333333333,224.19966843589154,227.14999999999998
boston,2012,p50,desvio,gbm_histogramas,251.06666666666663,246.17589285790316,225.89583333333331
boston,2013,p50,desvio,gbm_histogramas,220.88333333333333,224.45673309016217,227.14999999999998
boston,2014,p50,desvio,gbm_histogramas,232.2333333333333,228.86175713277675,225.89583333333331
boston,2015,p50,desvio,gbm_histogramas,219.66666666666663,226.12821870047563,227.14999999999998
boston,2016,p50,desvio,gbm_histogramas,228.08333333333331,229.53983776418573,225.89583333333331
boston,2017,p50,desvio,gbm_histogramas,231.65833333333333,232.73964765647597,225.89583333333331
boston,2018,p50,desvio,gbm_histogramas,228.6,222.60463323217687,225.89583333333331
boston,2019,p50,desvio,gbm_histogramas,225.575,231.69307664303304,227.14999999999998
chicago,2005,p50,desvio,gbm_histogramas,262.85,265.9525066361064,267.4583333333333
chicago,2006,p50,desvio,gbm_histogramas,261.05,262.4601929804114,267.4583333333333
chicago,2007,p50,desvio,gbm_histogramas,295.01666666666665,284.7744878194443,267.425
chicago,2008,p50,desvio,gbm_histogramas,283.7,286.258724487453,267.425
chicago,2009,p50,desvio,gbm_histogramas,263.43333333333334,261.26435092131146,267.4583333333333
chicago,2010,p50,desvio,gbm_histogramas,280.64166666666665,284.6434666452144,267.425
chicago,2011,p50,desvio,gbm_histogramas,277.875,280.19335438524064,267.425
chicago,2012,p50,desvio,gbm_histogramas,267.4,261.45262490947283,267.4583333333333
chicago,2013,p50,desvio,gbm_histogramas,267.43333333333334,270.5343111292636,267.45
chicago,2014,p50,desvio,gbm_histogramas,267.4166666666667,265.5654307560657,267.4583333333333
chicago,2015,p50,desvio,gbm_histogramas,270.75,271.1683500987043,267.425
chicago,2016,p50,desvio,gbm_histogramas,268.3833333333333,266.90860633260337,267.425
chicago,2017,p50,desvio,gbm_histogramas,282.71666666666664,275.53067416235837,267.425
chicago,2018,p50,desvio,gbm_histogramas,267.4833333333333,265.8291510477316,267.425
chicago,2019,p50,desvio,gbm_histogramas,262.1083333333333,262.6583310786688,267.4583333333333
chicago,2022,p50,desvio,gbm_histogramas,261.76666666666665,268.948371314925,267.4583333333333
chicago,2023,p50,desvio,gbm_histogramas,251.6833333333333,264.962991439288,267.4583333333333
nyc,2005,p50,desvio,gbm_histogramas,278.55,270.74643255265437,265.7583333333333
nyc,2006,p50,desvio,gbm_histogramas,262.28333333333336,264.77746881057766,268.5333333333333
nyc,2007,p50,desvio,gbm_histogramas,263.65,266.70255218689675,268.5333333333333
nyc,2008,p50,desvio,gbm_histogramas,259.25,261.0250548899053,268.5333333333333
nyc,2009,p50,desvio,gbm_histogramas,259.05,264.6019973439844,268.5333333333333
nyc,2010,p50,desvio,gbm_histogramas,261.3333333333333,259.72098892233123,268.5333333333333
nyc,2011,p50,desvio,gbm_histogramas,262.71666666666664,266.09821175335037,268.5333333333333
nyc,2013,p50,desvio,gbm_histogramas,262.3333333333333,263.1510319857455,268.5333333333333
nyc,2014,p50,desvio,gbm_histogramas,267.8666666666667,264.5086758150204,266.42499999999995
nyc,2015,p50,desvio,gbm_histogramas,273.1333333333333,268.3003688554048,265.7583333333333
nyc,2016,p50,desvio,gbm_histogramas,271.46666666666664,267.7654026413088,265.7583333333333
nyc,2017,p50,desvio,gbm_histogramas,270.45,273.60962483477323,265.7583333333333
nyc,2018,p50,desvio,gbm_histogramas,272.03333333333336,265.9300940745765,265.7583333333333
nyc,2019,p50,desvio,gbm_histogramas,269.2,262.4707203776706,265.7583333333333
nyc,2022,p50,desvio,gbm_histogramas,284.75,287.6452408609679,265.7583333333333
nyc,2023,p50,desvio,gbm_histogramas,272.78333333333336,267.389035997593,265.7583333333333
nyc,2024,p50,desvio,gbm_histogramas,263.55,264.1244586249642,268.5333333333333
boston,2005,p50,desvio,perceptron_multicamadas,233.05,230.77839488680843,225.89583333333331
boston,2006,p50,desvio,perceptron_multicamadas,224.78333333333333,224.19126297030826,227.14999999999998
boston,2007,p50,desvio,perceptron_multicamadas,228.66666666666663,218.46925108307295,225.89583333333331
boston,2008,p50,desvio,perceptron_multicamadas,226.21666666666667,231.8984761934009,226.82916666666665
boston,2009,p50,desvio,perceptron_multicamadas,224.08333333333331,222.85893038136985,227.14999999999998
boston,2010,p50,desvio,perceptron_multicamadas,224.28333333333333,215.5259210648286,227.14999999999998
boston,2011,p50,desvio,perceptron_multicamadas,224.9833333333333,227.131087775077,227.14999999999998
boston,2012,p50,desvio,perceptron_multicamadas,251.06666666666663,236.96242577505535,225.89583333333331
boston,2013,p50,desvio,perceptron_multicamadas,220.88333333333333,222.14440412826914,227.14999999999998
boston,2014,p50,desvio,perceptron_multicamadas,232.2333333333333,228.70190301101167,225.89583333333331
boston,2015,p50,desvio,perceptron_multicamadas,219.66666666666663,227.6229062355687,227.14999999999998
boston,2016,p50,desvio,perceptron_multicamadas,228.08333333333331,229.9107475030915,225.89583333333331
boston,2017,p50,desvio,perceptron_multicamadas,231.65833333333333,238.5500796683721,225.89583333333331
boston,2018,p50,desvio,perceptron_multicamadas,228.6,205.9294626713461,225.89583333333331
boston,2019,p50,desvio,perceptron_multicamadas,225.575,236.79903840988908,227.14999999999998
chicago,2005,p50,desvio,perceptron_multicamadas,262.85,265.351124315916,267.4583333333333
chicago,2006,p50,desvio,perceptron_multicamadas,261.05,262.99175002433316,267.4583333333333
chicago,2007,p50,desvio,perceptron_multicamadas,295.01666666666665,287.6254026634643,267.425
chicago,2008,p50,desvio,perceptron_multicamadas,283.7,284.0419497190974,267.425
chicago,2009,p50,desvio,perceptron_multicamadas,263.43333333333334,265.3744724763877,267.4583333333333
chicago,2010,p50,desvio,perceptron_multicamadas,280.64166666666665,278.4866382276017,267.425
chicago,2011,p50,desvio,perceptron_multicamadas,277.875,284.354269390979,267.425
chicago,2012,p50,desvio,perceptron_multicamadas,267.4,259.6783351905735,267.4583333333333
chicago,2013,p50,desvio,perceptron_multicamadas,267.43333333333334,267.18081771846533,267.45
chicago,2014,p50,desvio,perceptron_multicamadas,267.4166666666667,262.92357126987486,267.4583333333333
chicago,2015,p50,desvio,perceptron_multicamadas,270.75,279.4513601980042,267.425
chicago,2016,p50,desvio,perceptron_multicamadas,268.3833333333333,268.9571319970763,267.425
chicago,2017,p50,desvio,perceptron_multicamadas,282.71666666666664,274.08360968024203,267.425
chicago,2018,p50,desvio,perceptron_multicamadas,267.4833333333333,260.3318462947938,267.425
chicago,2019,p50,desvio,perceptron_multicamadas,262.1083333333333,263.9022031479801,267.4583333333333
chicago,2022,p50,desvio,perceptron_multicamadas,261.76666666666665,263.53337510463444,267.4583333333333
chicago,2023,p50,desvio,perceptron_multicamadas,251.6833333333333,267.0041677486154,267.4583333333333
nyc,2005,p50,desvio,perceptron_multicamadas,278.55,265.41183936175173,265.7583333333333
nyc,2006,p50,desvio,perceptron_multicamadas,262.28333333333336,260.68437680925575,268.5333333333333
nyc,2007,p50,desvio,perceptron_multicamadas,263.65,267.10017209385325,268.5333333333333
nyc,2008,p50,desvio,perceptron_multicamadas,259.25,261.00588353303993,268.5333333333333
nyc,2009,p50,desvio,perceptron_multicamadas,259.05,264.06509295391186,268.5333333333333
nyc,2010,p50,desvio,perceptron_multicamadas,261.3333333333333,261.8228200419596,268.5333333333333
nyc,2011,p50,desvio,perceptron_multicamadas,262.71666666666664,265.9096717645524,268.5333333333333
nyc,2013,p50,desvio,perceptron_multicamadas,262.3333333333333,263.6377141409514,268.5333333333333
nyc,2014,p50,desvio,perceptron_multicamadas,267.8666666666667,264.323760231225,266.42499999999995
nyc,2015,p50,desvio,perceptron_multicamadas,273.1333333333333,272.37957919846093,265.7583333333333
nyc,2016,p50,desvio,perceptron_multicamadas,271.46666666666664,266.8340296414567,265.7583333333333
nyc,2017,p50,desvio,perceptron_multicamadas,270.45,272.44906607234793,265.7583333333333
nyc,2018,p50,desvio,perceptron_multicamadas,272.03333333333336,265.40614551557996,265.7583333333333
nyc,2019,p50,desvio,perceptron_multicamadas,269.2,264.7268783142719,265.7583333333333
nyc,2022,p50,desvio,perceptron_multicamadas,284.75,284.9567417037895,265.7583333333333
nyc,2023,p50,desvio,perceptron_multicamadas,272.78333333333336,274.5634479655783,265.7583333333333
nyc,2024,p50,desvio,perceptron_multicamadas,263.55,270.67153924259,268.5333333333333
boston,2005,p75,referencia,media_global,259.51666666666665,292.8545138888889,253.06666666666666
boston,2006,p75,referencia,media_global,249.71666666666667,293.05868055555555,255.60833333333332
boston,2007,p75,referencia,media_global,254.5,292.95902777777775,254.17499999999998
boston,2008,p75,referencia,media_global,251.63333333333333,293.01875,255.60833333333332
boston,2009,p75,referencia,media_global,248.41666666666663,293.08576388888895,255.60833333333332
boston,2010,p75,referencia,media_global,248.88333333333333,293.0760416666667,255.60833333333332
boston,2011,p75,referencia,media_global,249.78333333333333,293.0572916666667,255.60833333333332
boston,2012,p75,referencia,media_global,285.31666666666666,292.3170138888889,253.06666666666666
boston,2013,p75,referencia,media_global,247.9625,293.0952256944445,255.60833333333332
boston,2014,p75,referencia,media_global,272.7,292.57986111111114,253.06666666666666
boston,2015,p75,referencia,media_global,246.41666666666663,293.1274305555556,255.60833333333332
boston,2016,p75,referencia,media_global,256.71666666666664,292.9128472222222,253.06666666666666
boston,2017,p75,referencia,media_global,261.8,292.80694444444447,253.06666666666666
boston,2018,p75,referencia,media_global,262.31666666666666,292.79618055555557,253.06666666666666
boston,2019,p75,referencia,media_global,259.0,292.86527777777775,253.06666666666666
chicago,2005,p75,referencia,media_global,295.71666666666664,292.1003472222222,309.3354166666667
chicago,2006,p75,referencia,media_global,296.06666666666666,292.09305555555557,309.3354166666667
chicago,2007,p75,referencia,media_global,329.3,291.40069444444447,308.025
chicago,2008,p75,referencia,media_global,321.6,291.56111111111113,308.025
chicago,2009,p75,referencia,media_global,299.7333333333333,292.01666666666665,309.3354166666667
chicago,2010,p75,referencia,media_global,321.21666666666664,291.56909722222224,308.025
chicago,2011,p75,referencia,media_global,316.875,291.6595486111111,308.025
chicago,2012,p75,referencia,media_global,305.09583333333336,291.9049479166667,309.3354166666667
chicago,2013,p75,referencia,media_global,306.5,291.8756944444445,309.3354166666667
chicago,2014,p75,referencia,media_global,308.1,291.84236111111113,309.26041666666663
chicago,2015,p75,referencia,media_global,311.24583333333334,291.7768229166667,308.025
chicago,2016,p75,referencia,media_global,310.5708333333333,291.79088541666664,308.025
chicago,2017,p75,referencia,media_global,328.4166666666667,291.4190972222222,308.025
chicago,2018,p75,referencia,media_global,310.6666666666667,291.7888888888889,308.025
chicago,2019,p75,referencia,media_global,307.25,291.86006944444443,309.3354166666667
chicago,2022,p75,referencia,media_global,307.95,291.8454861111111,309.3354166666667
chicago,2023,p75,referencia,media_global,297.95,292.0538194444444,309.3354166666667
nyc,2005,p75,referencia,media_global,314.1666666666667,291.7159722222222,304.92083333333335
nyc,2006,p75,referencia,media_global,294.8833333333333,292.1177083333334,307.2125
nyc,2007,p75,referencia,media_global,296.78333333333336,292.078125,307.2125
nyc,2008,p75,referencia,media_global,293.43333333333334,292.1479166666667,307.2125
nyc,2009,p75,referencia,media_global,292.56666666666666,292.16597222222225,307.2125
nyc,2010,p75,referencia,media_global,296.53333333333336,292.0833333333333,307.2125
nyc,2011,p75,referencia,media_global,298.55,292.04131944444447,307.2125
nyc,2013,p75,referencia,media_global,296.9166666666667,292.0753472222222,307.2125
nyc,2014,p75,referencia,media_global,304.43333333333334,291.91875,307.2125
nyc,2015,p75,referencia,media_global,310.53333333333336,291.7916666666667,304.92083333333335
nyc,2016,p75,referencia,media_global,309.01666666666665,291.8232638888889,304.92083333333335
nyc,2017,p75,referencia,media_global,309.35,291.81631944444445,304.92083333333335
nyc,2018,p75,referencia,media_global,312.00416666666666,291.76102430555557,304.92083333333335
nyc,2019,p75,referencia,media_global,309.75416666666666,291.80789930555557,304.92083333333335
nyc,2022,p75,referencia,media_global,327.31666666666666,291.4420138888889,304.92083333333335
nyc,2023,p75,referencia,media_global,315.95,291.6788194444444,304.92083333333335
nyc,2024,p75,referencia,media_global,305.4083333333333,291.8984375,306.725
boston,2005,p75,referencia,referencia_historica,259.51666666666665,253.06666666666666,253.06666666666666
boston,2006,p75,referencia,referencia_historica,249.71666666666667,255.60833333333332,255.60833333333332
boston,2007,p75,referencia,referencia_historica,254.5,254.17499999999998,254.17499999999998
boston,2008,p75,referencia,referencia_historica,251.63333333333333,255.60833333333332,255.60833333333332
boston,2009,p75,referencia,referencia_historica,248.41666666666663,255.60833333333332,255.60833333333332
boston,2010,p75,referencia,referencia_historica,248.88333333333333,255.60833333333332,255.60833333333332
boston,2011,p75,referencia,referencia_historica,249.78333333333333,255.60833333333332,255.60833333333332
boston,2012,p75,referencia,referencia_historica,285.31666666666666,253.06666666666666,253.06666666666666
boston,2013,p75,referencia,referencia_historica,247.9625,255.60833333333332,255.60833333333332
boston,2014,p75,referencia,referencia_historica,272.7,253.06666666666666,253.06666666666666
boston,2015,p75,referencia,referencia_historica,246.41666666666663,255.60833333333332,255.60833333333332
boston,2016,p75,referencia,referencia_historica,256.71666666666664,253.06666666666666,253.06666666666666
boston,2017,p75,referencia,referencia_historica,261.8,253.06666666666666,253.06666666666666
boston,2018,p75,referencia,referencia_historica,262.31666666666666,253.06666666666666,253.06666666666666
boston,2019,p75,referencia,referencia_historica,259.0,253.06666666666666,253.06666666666666
chicago,2005,p75,referencia,referencia_historica,295.71666666666664,309.3354166666667,309.3354166666667
chicago,2006,p75,referencia,referencia_historica,296.06666666666666,309.3354166666667,309.3354166666667
chicago,2007,p75,referencia,referencia_historica,329.3,308.025,308.025
chicago,2008,p75,referencia,referencia_historica,321.6,308.025,308.025
chicago,2009,p75,referencia,referencia_historica,299.7333333333333,309.3354166666667,309.3354166666667
chicago,2010,p75,referencia,referencia_historica,321.21666666666664,308.025,308.025
chicago,2011,p75,referencia,referencia_historica,316.875,308.025,308.025
chicago,2012,p75,referencia,referencia_historica,305.09583333333336,309.3354166666667,309.3354166666667
chicago,2013,p75,referencia,referencia_historica,306.5,309.3354166666667,309.3354166666667
chicago,2014,p75,referencia,referencia_historica,308.1,309.26041666666663,309.26041666666663
chicago,2015,p75,referencia,referencia_historica,311.24583333333334,308.025,308.025
chicago,2016,p75,referencia,referencia_historica,310.5708333333333,308.025,308.025
chicago,2017,p75,referencia,referencia_historica,328.4166666666667,308.025,308.025
chicago,2018,p75,referencia,referencia_historica,310.6666666666667,308.025,308.025
chicago,2019,p75,referencia,referencia_historica,307.25,309.3354166666667,309.3354166666667
chicago,2022,p75,referencia,referencia_historica,307.95,309.3354166666667,309.3354166666667
chicago,2023,p75,referencia,referencia_historica,297.95,309.3354166666667,309.3354166666667
nyc,2005,p75,referencia,referencia_historica,314.1666666666667,304.92083333333335,304.92083333333335
nyc,2006,p75,referencia,referencia_historica,294.8833333333333,307.2125,307.2125
nyc,2007,p75,referencia,referencia_historica,296.78333333333336,307.2125,307.2125
nyc,2008,p75,referencia,referencia_historica,293.43333333333334,307.2125,307.2125
nyc,2009,p75,referencia,referencia_historica,292.56666666666666,307.2125,307.2125
nyc,2010,p75,referencia,referencia_historica,296.53333333333336,307.2125,307.2125
nyc,2011,p75,referencia,referencia_historica,298.55,307.2125,307.2125
nyc,2013,p75,referencia,referencia_historica,296.9166666666667,307.2125,307.2125
nyc,2014,p75,referencia,referencia_historica,304.43333333333334,307.2125,307.2125
nyc,2015,p75,referencia,referencia_historica,310.53333333333336,304.92083333333335,304.92083333333335
nyc,2016,p75,referencia,referencia_historica,309.01666666666665,304.92083333333335,304.92083333333335
nyc,2017,p75,referencia,referencia_historica,309.35,304.92083333333335,304.92083333333335
nyc,2018,p75,referencia,referencia_historica,312.00416666666666,304.92083333333335,304.92083333333335
nyc,2019,p75,referencia,referencia_historica,309.75416666666666,304.92083333333335,304.92083333333335
nyc,2022,p75,referencia,referencia_historica,327.31666666666666,304.92083333333335,304.92083333333335
nyc,2023,p75,referencia,referencia_historica,315.95,304.92083333333335,304.92083333333335
nyc,2024,p75,referencia,referencia_historica,305.4083333333333,306.725,306.725
boston,2005,p75,absoluto,linear,259.51666666666665,253.37582456552875,253.06666666666666
boston,2006,p75,absoluto,linear,249.71666666666667,213.66953481729703,255.60833333333332
boston,2007,p75,absoluto,linear,254.5,250.15236984235327,254.17499999999998
boston,2008,p75,absoluto,linear,251.63333333333333,260.60469064615853,255.60833333333332
boston,2009,p75,absoluto,linear,248.41666666666663,248.80763970688957,255.60833333333332
boston,2010,p75,absoluto,linear,248.88333333333333,243.0165258093577,255.60833333333332
boston,2011,p75,absoluto,linear,249.78333333333333,268.8764423133339,255.60833333333332
boston,2012,p75,absoluto,linear,285.31666666666666,255.30062393989232,253.06666666666666
boston,2013,p75,absoluto,linear,247.9625,275.7297240529696,255.60833333333332
boston,2014,p75,absoluto,linear,272.7,255.35435977974305,253.06666666666666
boston,2015,p75,absoluto,linear,246.41666666666663,232.55095489878056,255.60833333333332
boston,2016,p75,absoluto,linear,256.71666666666664,221.9019936348913,253.06666666666666
boston,2017,p75,absoluto,linear,261.8,282.55257764949965,253.06666666666666
boston,2018,p75,absoluto,linear,262.31666666666666,490.47151237744174,253.06666666666666
boston,2019,p75,absoluto,linear,259.0,268.31853145509797,253.06666666666666
chicago,2005,p75,absoluto,linear,295.71666666666664,310.92886852361715,309.3354166666667
chicago,2006,p75,absoluto,linear,296.06666666666666,285.0009769027117,309.3354166666667
chicago,2007,p75,absoluto,linear,329.3,326.09940526899175,308.025
chicago,2008,p75,absoluto,linear,321.6,314.94222953264375,308.025
chicago,2009,p75,absoluto,linear,299.7333333333333,288.12479950789094,309.3354166666667
chicago,2010,p75,absoluto,linear,321.21666666666664,330.4639754114836,308.025
chicago,2011,p75,absoluto,linear,316.875,320.273674613451,308.025
chicago,2012,p75,absoluto,linear,305.09583333333336,299.7426557290093,309.3354166666667
chicago,2013,p75,absoluto,linear,306.5,311.155524925034,309.3354166666667
chicago,2014,p75,absoluto,linear,308.1,302.28080102907586,309.26041666666663
chicago,2015,p75,absoluto,linear,311.24583333333334,323.49698357137544,308.025
chicago,2016,p75,absoluto,linear,310.5708333333333,308.46920903374917,308.025
chicago,2017,p75,absoluto,linear,328.4166666666667,317.8451688591675,308.025
chicago,2018,p75,absoluto,linear,310.6666666666667,331.1750778253016,308.025
chicago,2019,p75,absoluto,linear,307.25,309.49956706297695,309.3354166666667
chicago,2022,p75,absoluto,linear,307.95,286.5902639175764,309.3354166666667
chicago,2023,p75,absoluto,linear,297.95,303.81680751733734,309.3354166666667
nyc,2005,p75,absoluto,linear,314.1666666666667,301.1538739747353,304.92083333333335
nyc,2006,p75,absoluto,linear,294.8833333333333,294.6755080942605,307.2125
nyc,2007,p75,absoluto,linear,296.78333333333336,291.51143326826616,307.2125
nyc,2008,p75,absoluto,linear,293.43333333333334,303.7411958406054,307.2125
nyc,2009,p75,absoluto,linear,292.56666666666666,304.0104078976705,307.2125
nyc,2010,p75,absoluto,linear,296.53333333333336,309.59397181709903,307.2125
nyc,2011,p75,absoluto,linear,298.55,308.4503346620585,307.2125
nyc,2013,p75,absoluto,linear,296.9166666666667,300.76343847924863,307.2125
nyc,2014,p75,absoluto,linear,304.43333333333334,285.78202586859584,307.2125
nyc,2015,p75,absoluto,linear,310.53333333333336,321.5763788482519,304.92083333333335
nyc,2016,p75,absoluto,linear,309.01666666666665,318.8136727566659,304.92083333333335
nyc,2017,p75,absoluto,linear,309.35,314.5008693149094,304.92083333333335
nyc,2018,p75,absoluto,linear,312.00416666666666,293.56542009062036,304.92083333333335
nyc,2019,p75,absoluto,linear,309.75416666666666,301.75783841881673,304.92083333333335
nyc,2022,p75,absoluto,linear,327.31666666666666,343.96109280933547,304.92083333333335
nyc,2023,p75,absoluto,linear,315.95,311.05976029563317,304.92083333333335
nyc,2024,p75,absoluto,linear,305.4083333333333,325.4735028853919,306.725
boston,2005,p75,absoluto,ridge,259.51666666666665,252.2053658721077,253.06666666666666
boston,2006,p75,absoluto,ridge,249.71666666666667,247.48722563796377,255.60833333333332
boston,2007,p75,absoluto,ridge,254.5,243.93524301599868,254.17499999999998
boston,2008,p75,absoluto,ridge,251.63333333333333,255.39501224921207,255.60833333333332
boston,2009,p75,absoluto,ridge,248.41666666666663,249.715667673518,255.60833333333332
boston,2010,p75,absoluto,ridge,248.88333333333333,250.86592806938472,255.60833333333332
boston,2011,p75,absoluto,ridge,249.78333333333333,262.41927327131884,255.60833333333332
boston,2012,p75,absoluto,ridge,285.31666666666666,268.6991576061006,253.06666666666666
boston,2013,p75,absoluto,ridge,247.9625,255.89134672905527,255.60833333333332
boston,2014,p75,absoluto,ridge,272.7,259.08516362862116,253.06666666666666
boston,2015,p75,absoluto,ridge,246.41666666666663,256.1479250591111,255.60833333333332
boston,2016,p75,absoluto,ridge,256.71666666666664,260.9163012349834,253.06666666666666
boston,2017,p75,absoluto,ridge,261.8,277.1676280931773,253.06666666666666
boston,2018,p75,absoluto,ridge,262.31666666666666,227.3359984042905,253.06666666666666
boston,2019,p75,absoluto,ridge,259.0,265.9530273754384,253.06666666666666
chicago,2005,p75,absoluto,ridge,295.71666666666664,304.3399074150305,309.3354166666667
chicago,2006,p75,absoluto,ridge,296.06666666666666,293.0512363295325,309.3354166666667
chicago,2007,p75,absoluto,ridge,329.3,324.28433302674955,308.025
chicago,2008,p75,absoluto,ridge,321.6,321.08994346546604,308.025
chicago,2009,p75,absoluto,ridge,299.7333333333333,289.8516373628914,309.3354166666667
chicago,2010,p75,absoluto,ridge,321.21666666666664,325.78778102110573,308.025
chicago,2011,p75,absoluto,ridge,316.875,318.8968206429909,308.025
chicago,2012,p75,absoluto,ridge,305.09583333333336,294.00571662011475,309.3354166666667
chicago,2013,p75,absoluto,ridge,306.5,309.6474351317922,309.3354166666667
chicago,2014,p75,absoluto,ridge,308.1,310.75737682116454,309.26041666666663
chicago,2015,p75,absoluto,ridge,311.24583333333334,318.71419477451315,308.025
chicago,2016,p75,absoluto,ridge,310.5708333333333,308.26562822311195,308.025
chicago,2017,p75,absoluto,ridge,328.4166666666667,320.1526867479124,308.025
chicago,2018,p75,absoluto,ridge,310.6666666666667,303.2693500189913,308.025
chicago,2019,p75,absoluto,ridge,307.25,304.0331130706361,309.3354166666667
chicago,2022,p75,absoluto,ridge,307.95,307.37653469012827,309.3354166666667
chicago,2023,p75,absoluto,ridge,297.95,304.9658496901693,309.3354166666667
nyc,2005,p75,absoluto,ridge,314.1666666666667,303.51344126033746,304.92083333333335
nyc,2006,p75,absoluto,ridge,294.8833333333333,293.1409455743639,307.2125
nyc,2007,p75,absoluto,ridge,296.78333333333336,298.23856458091393,307.2125
nyc,2008,p75,absoluto,ridge,293.43333333333334,296.0562386310581,307.2125
nyc,2009,p75,absoluto,ridge,292.56666666666666,302.3411295016519,307.2125
nyc,2010,p75,absoluto,ridge,296.53333333333336,297.7810863695851,307.2125
nyc,2011,p75,absoluto,ridge,298.55,306.51275556220276,307.2125
nyc,2013,p75,absoluto,ridge,296.9166666666667,301.1655527001488,307.2125
nyc,2014,p75,absoluto,ridge,304.43333333333334,291.5940393490387,307.2125
nyc,2015,p75,absoluto,ridge,310.53333333333336,313.94329224626296,304.92083333333335
nyc,2016,p75,absoluto,ridge,309.01666666666665,306.02061631785796,304.92083333333335
nyc,2017,p75,absoluto,ridge,309.35,309.5702486061526,304.92083333333335
nyc,2018,p75,absoluto,ridge,312.00416666666666,305.7530571757943,304.92083333333335
nyc,2019,p75,absoluto,ridge,309.75416666666666,306.055544017557,304.92083333333335
nyc,2022,p75,absoluto,ridge,327.31666666666666,327.4649915865273,304.92083333333335
nyc,2023,p75,absoluto,ridge,315.95,311.3938870484292,304.92083333333335
nyc,2024,p75,absoluto,ridge,305.4083333333333,318.60289404522763,306.725
boston,2005,p75,absoluto,floresta_aleatoria,259.51666666666665,256.76382333829343,253.06666666666666
boston,2006,p75,absoluto,floresta_aleatoria,249.71666666666667,253.3079623346562,255.60833333333332
boston,2007,p75,absoluto,floresta_aleatoria,254.5,255.9197486193784,254.17499999999998
boston,2008,p75,absoluto,floresta_aleatoria,251.63333333333333,258.7563948412699,255.60833333333332
boston,2009,p75,absoluto,floresta_aleatoria,248.41666666666663,250.56193479662718,255.60833333333332
boston,2010,p75,absoluto,floresta_aleatoria,248.88333333333333,253.9979890004961,255.60833333333332
boston,2011,p75,absoluto,floresta_aleatoria,249.78333333333333,259.5883461474867,255.60833333333332
boston,2012,p75,absoluto,floresta_aleatoria,285.31666666666666,257.45692511574066,253.06666666666666
boston,2013,p75,absoluto,floresta_aleatoria,247.9625,250.8264416666667,255.60833333333332
boston,2014,p75,absoluto,floresta_aleatoria,272.7,261.3582141493054,253.06666666666666
boston,2015,p75,absoluto,floresta_aleatoria,246.41666666666663,253.4596991278108,255.60833333333332
boston,2016,p75,absoluto,floresta_aleatoria,256.71666666666664,259.2345755125659,253.06666666666666
boston,2017,p75,absoluto,floresta_aleatoria,261.8,260.5831897982802,253.06666666666666
boston,2018,p75,absoluto,floresta_aleatoria,262.31666666666666,251.67999490327367,253.06666666666666
boston,2019,p75,absoluto,floresta_aleatoria,259.0,265.6153722718252,253.06666666666666
chicago,2005,p75,absoluto,floresta_aleatoria,295.71666666666664,300.611848681382,309.3354166666667
chicago,2006,p75,absoluto,floresta_aleatoria,296.06666666666666,299.4475645006612,309.3354166666667
chicago,2007,p75,absoluto,floresta_aleatoria,329.3,313.31059569692485,308.025
chicago,2008,p75,absoluto,floresta_aleatoria,321.6,318.9197457961311,308.025
chicago,2009,p75,absoluto,floresta_aleatoria,299.7333333333333,298.2313918402779,309.3354166666667
chicago,2010,p75,absoluto,floresta_aleatoria,321.21666666666664,321.67305078538374,308.025
chicago,2011,p75,absoluto,floresta_aleatoria,316.875,323.38833430059555,308.025
chicago,2012,p75,absoluto,floresta_aleatoria,305.09583333333336,298.2011689360117,309.3354166666667
chicago,2013,p75,absoluto,floresta_aleatoria,306.5,307.8395437830688,309.3354166666667
chicago,2014,p75,absoluto,floresta_aleatoria,308.1,307.9144722759592,309.26041666666663
chicago,2015,p75,absoluto,floresta_aleatoria,311.24583333333334,319.35200005373713,308.025
chicago,2016,p75,absoluto,floresta_aleatoria,310.5708333333333,309.3253132260099,308.025
chicago,2017,p75,absoluto,floresta_aleatoria,328.4166666666667,314.75038887648844,308.025
chicago,2018,p75,absoluto,floresta_aleatoria,310.6666666666667,309.51966986043476,308.025
chicago,2019,p75,absoluto,floresta_aleatoria,307.25,302.2389728339946,309.3354166666667
chicago,2022,p75,absoluto,floresta_aleatoria,307.95,310.92770964781744,309.3354166666667
chicago,2023,p75,absoluto,floresta_aleatoria,297.95,306.8898838334989,309.3354166666667
nyc,2005,p75,absoluto,floresta_aleatoria,314.1666666666667,314.2292405836641,304.92083333333335
nyc,2006,p75,absoluto,floresta_aleatoria,294.8833333333333,297.9966308366401,307.2125
nyc,2007,p75,absoluto,floresta_aleatoria,296.78333333333336,300.5586546461642,307.2125
nyc,2008,p75,absoluto,floresta_aleatoria,293.43333333333334,298.0727173197755,307.2125
nyc,2009,p75,absoluto,floresta_aleatoria,292.56666666666666,299.96020418320154,307.2125
nyc,2010,p75,absoluto,floresta_aleatoria,296.53333333333336,298.2160867228836,307.2125
nyc,2011,p75,absoluto,floresta_aleatoria,298.55,299.11643214285715,307.2125
nyc,2013,p75,absoluto,floresta_aleatoria,296.9166666666667,304.05321667080017,307.2125
nyc,2014,p75,absoluto,floresta_aleatoria,304.43333333333334,302.6639874338625,307.2125
nyc,2015,p75,absoluto,floresta_aleatoria,310.53333333333336,312.03872431382274,304.92083333333335
nyc,2016,p75,absoluto,floresta_aleatoria,309.01666666666665,304.0572491071428,304.92083333333335
nyc,2017,p75,absoluto,floresta_aleatoria,309.35,313.08244902033744,304.92083333333335
nyc,2018,p75,absoluto,floresta_aleatoria,312.00416666666666,305.3922830853178,304.92083333333335
nyc,2019,p75,absoluto,floresta_aleatoria,309.75416666666666,303.13787743055565,304.92083333333335
nyc,2022,p75,absoluto,floresta_aleatoria,327.31666666666666,320.99216890294315,304.92083333333335
nyc,2023,p75,absoluto,floresta_aleatoria,315.95,310.17678198164697,304.92083333333335
nyc,2024,p75,absoluto,floresta_aleatoria,305.4083333333333,304.0530127769509,306.725
boston,2005,p75,absoluto,gbm_histogramas,259.51666666666665,266.1064514524649,253.06666666666666
boston,2006,p75,absoluto,gbm_histogramas,249.71666666666667,248.63091316049946,255.60833333333332
boston,2007,p75,absoluto,gbm_histogramas,254.5,253.21420954311537,254.17499999999998
boston,2008,p75,absoluto,gbm_histogramas,251.63333333333333,267.561828970216,255.60833333333332
boston,2009,p75,absoluto,gbm_histogramas,248.41666666666663,245.6581453750311,255.60833333333332
boston,2010,p75,absoluto,gbm_histogramas,248.88333333333333,260.2392816539124,255.60833333333332
boston,2011,p75,absoluto,gbm_histogramas,249.78333333333333,262.67865522982,255.60833333333332
boston,2012,p75,absoluto,gbm_histogramas,285.31666666666666,256.94420753120824,253.06666666666666
boston,2013,p75,absoluto,gbm_histogramas,247.9625,250.0211817190796,255.60833333333332
boston,2014,p75,absoluto,gbm_histogramas,272.7,258.54320476739,253.06666666666666
boston,2015,p75,absoluto,gbm_histogramas,246.41666666666663,250.92573522553604,255.60833333333332
boston,2016,p75,absoluto,gbm_histogramas,256.71666666666664,263.0305734081488,253.06666666666666
boston,2017,p75,absoluto,gbm_histogramas,261.8,262.8904787899804,253.06666666666666
boston,2018,p75,absoluto,gbm_histogramas,262.31666666666666,249.9426022457782,253.06666666666666
boston,2019,p75,absoluto,gbm_histogramas,259.0,272.9500924362102,253.06666666666666
chicago,2005,p75,absoluto,gbm_histogramas,295.71666666666664,297.89581664524724,309.3354166666667
chicago,2006,p75,absoluto,gbm_histogramas,296.06666666666666,298.59826064967217,309.3354166666667
chicago,2007,p75,absoluto,gbm_histogramas,329.3,319.87097016281484,308.025
chicago,2008,p75,absoluto,gbm_histogramas,321.6,324.763415829444,308.025
chicago,2009,p75,absoluto,gbm_histogramas,299.7333333333333,298.56242223116703,309.3354166666667
chicago,2010,p75,absoluto,gbm_histogramas,321.21666666666664,321.79226921784453,308.025
chicago,2011,p75,absoluto,gbm_histogramas,316.875,325.68581560237436,308.025
chicago,2012,p75,absoluto,gbm_histogramas,305.09583333333336,296.4199294702395,309.3354166666667
chicago,2013,p75,absoluto,gbm_histogramas,306.5,306.09087041146387,309.3354166666667
chicago,2014,p75,absoluto,gbm_histogramas,308.1,311.47775338951067,309.26041666666663
chicago,2015,p75,absoluto,gbm_histogramas,311.24583333333334,322.4160084704882,308.025
chicago,2016,p75,absoluto,gbm_histogramas,310.5708333333333,307.0456732478674,308.025
chicago,2017,p75,absoluto,gbm_histogramas,328.4166666666667,311.6287318084954,308.025
chicago,2018,p75,absoluto,gbm_histogramas,310.6666666666667,306.5731011466169,308.025
chicago,2019,p75,absoluto,gbm_histogramas,307.25,301.29238448909365,309.3354166666667
chicago,2022,p75,absoluto,gbm_histogramas,307.95,311.7274842661229,309.3354166666667
chicago,2023,p75,absoluto,gbm_histogramas,297.95,309.63505364070056,309.3354166666667
nyc,2005,p75,absoluto,gbm_histogramas,314.1666666666667,306.67459488033774,304.92083333333335
nyc,2006,p75,absoluto,gbm_histogramas,294.8833333333333,296.1876685398586,307.2125
nyc,2007,p75,absoluto,gbm_histogramas,296.78333333333336,297.21012980679336,307.2125
nyc,2008,p75,absoluto,gbm_histogramas,293.43333333333334,297.1996258309612,307.2125
nyc,2009,p75,absoluto,gbm_histogramas,292.56666666666666,295.93116478856143,307.2125
nyc,2010,p75,absoluto,gbm_histogramas,296.53333333333336,295.30527023547523,307.2125
nyc,2011,p75,absoluto,gbm_histogramas,298.55,299.6531727540367,307.2125
nyc,2013,p75,absoluto,gbm_histogramas,296.9166666666667,303.3305753712723,307.2125
nyc,2014,p75,absoluto,gbm_histogramas,304.43333333333334,302.7035426097599,307.2125
nyc,2015,p75,absoluto,gbm_histogramas,310.53333333333336,312.6235041899337,304.92083333333335
nyc,2016,p75,absoluto,gbm_histogramas,309.01666666666665,305.86390749082324,304.92083333333335
nyc,2017,p75,absoluto,gbm_histogramas,309.35,315.42558179896787,304.92083333333335
nyc,2018,p75,absoluto,gbm_histogramas,312.00416666666666,308.18363154124086,304.92083333333335
nyc,2019,p75,absoluto,gbm_histogramas,309.75416666666666,304.98679868202805,304.92083333333335
nyc,2022,p75,absoluto,gbm_histogramas,327.31666666666666,328.4964625051938,304.92083333333335
nyc,2023,p75,absoluto,gbm_histogramas,315.95,306.7525683363204,304.92083333333335
nyc,2024,p75,absoluto,gbm_histogramas,305.4083333333333,305.4647634178677,306.725
boston,2005,p75,absoluto,perceptron_multicamadas,259.51666666666665,311.59975476065637,253.06666666666666
boston,2006,p75,absoluto,perceptron_multicamadas,249.71666666666667,138.01701063928616,255.60833333333332
boston,2007,p75,absoluto,perceptron_multicamadas,254.5,346.6442795723107,254.17499999999998
boston,2008,p75,absoluto,perceptron_multicamadas,251.63333333333333,222.00376528234543,255.60833333333332
boston,2009,p75,absoluto,perceptron_multicamadas,248.41666666666663,232.32127876418537,255.60833333333332
boston,2010,p75,absoluto,perceptron_multicamadas,248.88333333333333,252.51782059226198,255.60833333333332
boston,2011,p75,absoluto,perceptron_multicamadas,249.78333333333333,244.27110355835708,255.60833333333332
boston,2012,p75,absoluto,perceptron_multicamadas,285.31666666666666,202.80669551239995,253.06666666666666
boston,2013,p75,absoluto,perceptron_multicamadas,247.9625,236.84212517532814,255.60833333333332
boston,2014,p75,absoluto,perceptron_multicamadas,272.7,253.7161566139926,253.06666666666666
boston,2015,p75,absoluto,perceptron_multicamadas,246.41666666666663,189.65361786488512,255.60833333333332
boston,2016,p75,absoluto,perceptron_multicamadas,256.71666666666664,277.9221483172071,253.06666666666666
boston,2017,p75,absoluto,perceptron_multicamadas,261.8,256.0250091622712,253.06666666666666
boston,2018,p75,absoluto,perceptron_multicamadas,262.31666666666666,456.52352814005604,253.06666666666666
boston,2019,p75,absoluto,perceptron_multicamadas,259.0,187.56012220181802,253.06666666666666
chicago,2005,p75,absoluto,perceptron_multicamadas,295.71666666666664,227.00116358790274,309.3354166666667
chicago,2006,p75,absoluto,perceptron_multicamadas,296.06666666666666,343.2827752122313,309.3354166666667
chicago,2007,p75,absoluto,perceptron_multicamadas,329.3,307.49084674146303,308.025
chicago,2008,p75,absoluto,perceptron_multicamadas,321.6,328.86504545457416,308.025
chicago,2009,p75,absoluto,perceptron_multicamadas,299.7333333333333,377.27063819882153,309.3354166666667
chicago,2010,p75,absoluto,perceptron_multicamadas,321.21666666666664,356.90676928618143,308.025
chicago,2011,p75,absoluto,perceptron_multicamadas,316.875,344.0745476178107,308.025
chicago,2012,p75,absoluto,perceptron_multicamadas,305.09583333333336,297.4989646091062,309.3354166666667
chicago,2013,p75,absoluto,perceptron_multicamadas,306.5,186.36476312542283,309.3354166666667
chicago,2014,p75,absoluto,perceptron_multicamadas,308.1,222.4871293955551,309.26041666666663
chicago,2015,p75,absoluto,perceptron_multicamadas,311.24583333333334,307.6964428676784,308.025
chicago,2016,p75,absoluto,perceptron_multicamadas,310.5708333333333,253.45629380554612,308.025
chicago,2017,p75,absoluto,perceptron_multicamadas,328.4166666666667,362.52594778202615,308.025
chicago,2018,p75,absoluto,perceptron_multicamadas,310.6666666666667,263.4712149660713,308.025
chicago,2019,p75,absoluto,perceptron_multicamadas,307.25,319.1793266450272,309.3354166666667
chicago,2022,p75,absoluto,perceptron_multicamadas,307.95,316.2278226022506,309.3354166666667
chicago,2023,p75,absoluto,perceptron_multicamadas,297.95,296.2631361463487,309.3354166666667
nyc,2005,p75,absoluto,perceptron_multicamadas,314.1666666666667,280.8533422752563,304.92083333333335
nyc,2006,p75,absoluto,perceptron_multicamadas,294.8833333333333,322.81534096922763,307.2125
nyc,2007,p75,absoluto,perceptron_multicamadas,296.78333333333336,264.7241744152546,307.2125
nyc,2008,p75,absoluto,perceptron_multicamadas,293.43333333333334,299.15071916617745,307.2125
nyc,2009,p75,absoluto,perceptron_multicamadas,292.56666666666666,332.8636223827293,307.2125
nyc,2010,p75,absoluto,perceptron_multicamadas,296.53333333333336,303.5804422367549,307.2125
nyc,2011,p75,absoluto,perceptron_multicamadas,298.55,267.41032149935756,307.2125
nyc,2013,p75,absoluto,perceptron_multicamadas,296.9166666666667,283.97519643886886,307.2125
nyc,2014,p75,absoluto,perceptron_multicamadas,304.43333333333334,321.8173704774988,307.2125
nyc,2015,p75,absoluto,perceptron_multicamadas,310.53333333333336,212.49540253052578,304.92083333333335
nyc,2016,p75,absoluto,perceptron_multicamadas,309.01666666666665,259.3502180208157,304.92083333333335
nyc,2017,p75,absoluto,perceptron_multicamadas,309.35,398.2571731357695,304.92083333333335
nyc,2018,p75,absoluto,perceptron_multicamadas,312.00416666666666,311.02967517051997,304.92083333333335
nyc,2019,p75,absoluto,perceptron_multicamadas,309.75416666666666,301.4430317181012,304.92083333333335
nyc,2022,p75,absoluto,perceptron_multicamadas,327.31666666666666,318.6803379743485,304.92083333333335
nyc,2023,p75,absoluto,perceptron_multicamadas,315.95,312.44109041997854,304.92083333333335
nyc,2024,p75,absoluto,perceptron_multicamadas,305.4083333333333,327.87155407385535,306.725
boston,2005,p75,desvio,linear,259.51666666666665,251.91441580130817,253.06666666666666
boston,2006,p75,desvio,linear,249.71666666666667,217.59289798234272,255.60833333333332
boston,2007,p75,desvio,linear,254.5,245.24774887083518,254.17499999999998
boston,2008,p75,desvio,linear,251.63333333333333,256.6760942799886,255.60833333333332
boston,2009,p75,desvio,linear,248.41666666666663,247.7853482726325,255.60833333333332
boston,2010,p75,desvio,linear,248.88333333333333,246.8788062974071,255.60833333333332
boston,2011,p75,desvio,linear,249.78333333333333,269.35105419587455,255.60833333333332
boston,2012,p75,desvio,linear,285.31666666666666,257.41294946455224,253.06666666666666
boston,2013,p75,desvio,linear,247.9625,268.94021506301806,255.60833333333332
boston,2014,p75,desvio,linear,272.7,255.1835475969298,253.06666666666666
boston,2015,p75,desvio,linear,246.41666666666663,234.79434927413394,255.60833333333332
boston,2016,p75,desvio,linear,256.71666666666664,247.04976689719896,253.06666666666666
boston,2017,p75,desvio,linear,261.8,283.91121564345707,253.06666666666666
boston,2018,p75,desvio,linear,262.31666666666666,424.6188944731082,253.06666666666666
boston,2019,p75,desvio,linear,259.0,266.1427617357992,253.06666666666666
chicago,2005,p75,desvio,linear,295.71666666666664,306.84727254979776,309.3354166666667
chicago,2006,p75,desvio,linear,296.06666666666666,285.56844537060084,309.3354166666667
chicago,2007,p75,desvio,linear,329.3,325.7622376465395,308.025
chicago,2008,p75,desvio,linear,321.6,319.5300279840408,308.025
chicago,2009,p75,desvio,linear,299.7333333333333,287.87506131056284,309.3354166666667
chicago,2010,p75,desvio,linear,321.21666666666664,328.47759421905823,308.025
chicago,2011,p75,desvio,linear,316.875,320.4263693067047,308.025
chicago,2012,p75,desvio,linear,305.09583333333336,297.4859875639464,309.3354166666667
chicago,2013,p75,desvio,linear,306.5,312.6109730151075,309.3354166666667
chicago,2014,p75,desvio,linear,308.1,305.9538604746812,309.26041666666663
chicago,2015,p75,desvio,linear,311.24583333333334,322.6485148409778,308.025
chicago,2016,p75,desvio,linear,310.5708333333333,308.41060348624785,308.025
chicago,2017,p75,desvio,linear,328.4166666666667,317.50262121347987,308.025
chicago,2018,p75,desvio,linear,310.6666666666667,332.14037616546096,308.025
chicago,2019,p75,desvio,linear,307.25,312.07210435801494,309.3354166666667
chicago,2022,p75,desvio,linear,307.95,291.2495492419815,309.3354166666667
chicago,2023,p75,desvio,linear,297.95,300.11388864820725,309.3354166666667
nyc,2005,p75,desvio,linear,314.1666666666667,300.7087527439146,304.92083333333335
nyc,2006,p75,desvio,linear,294.8833333333333,295.3372575064044,307.2125
nyc,2007,p75,desvio,linear,296.78333333333336,292.2611555960354,307.2125
nyc,2008,p75,desvio,linear,293.43333333333334,304.31681780332144,307.2125
nyc,2009,p75,desvio,linear,292.56666666666666,304.9265743573743,307.2125
nyc,2010,p75,desvio,linear,296.53333333333336,297.7964958072338,307.2125
nyc,2011,p75,desvio,linear,298.55,304.1837558355902,307.2125
nyc,2013,p75,desvio,linear,296.9166666666667,300.39519048133036,307.2125
nyc,2014,p75,desvio,linear,304.43333333333334,289.69771490491684,307.2125
nyc,2015,p75,desvio,linear,310.53333333333336,320.6671543202744,304.92083333333335
nyc,2016,p75,desvio,linear,309.01666666666665,308.3664884843851,304.92083333333335
nyc,2017,p75,desvio,linear,309.35,314.67177054859206,304.92083333333335
nyc,2018,p75,desvio,linear,312.00416666666666,294.1187313646497,304.92083333333335
nyc,2019,p75,desvio,linear,309.75416666666666,303.25226297508607,304.92083333333335
nyc,2022,p75,desvio,linear,327.31666666666666,332.39508067944945,304.92083333333335
nyc,2023,p75,desvio,linear,315.95,312.0712954980145,304.92083333333335
nyc,2024,p75,desvio,linear,305.4083333333333,325.2418712874784,306.725
boston,2005,p75,desvio,ridge,259.51666666666665,255.86188498026232,253.06666666666666
boston,2006,p75,desvio,ridge,249.71666666666667,251.65282847478176,255.60833333333332
boston,2007,p75,desvio,ridge,254.5,250.04908672903358,254.17499999999998
boston,2008,p75,desvio,ridge,251.63333333333333,256.7717244210041,255.60833333333332
boston,2009,p75,desvio,ridge,248.41666666666663,251.41128978966802,255.60833333333332
boston,2010,p75,desvio,ridge,248.88333333333333,252.7903695027754,255.60833333333332
boston,2011,p75,desvio,ridge,249.78333333333333,256.51653066487023,255.60833333333332
boston,2012,p75,desvio,ridge,285.31666666666666,265.77120711462726,253.06666666666666
boston,2013,p75,desvio,ridge,247.9625,253.98782604086693,255.60833333333332
boston,2014,p75,desvio,ridge,272.7,257.0519810019364,253.06666666666666
boston,2015,p75,desvio,ridge,246.41666666666663,253.63785513721967,255.60833333333332
boston,2016,p75,desvio,ridge,256.71666666666664,258.5552520512144,253.06666666666666
boston,2017,p75,desvio,ridge,261.8,263.11023479736826,253.06666666666666
boston,2018,p75,desvio,ridge,262.31666666666666,246.13931319631737,253.06666666666666
boston,2019,p75,desvio,ridge,259.0,264.13836074798616,253.06666666666666
chicago,2005,p75,desvio,ridge,295.71666666666664,308.6140185306533,309.3354166666667
chicago,2006,p75,desvio,ridge,296.06666666666666,297.9127033990469,309.3354166666667
chicago,2007,p75,desvio,ridge,329.3,326.80997280249943,308.025
chicago,2008,p75,desvio,ridge,321.6,320.11543034783165,308.025
chicago,2009,p75,desvio,ridge,299.7333333333333,298.904953671348,309.3354166666667
chicago,2010,p75,desvio,ridge,321.21666666666664,320.0996411987978,308.025
chicago,2011,p75,desvio,ridge,316.875,319.40877879006797,308.025
chicago,2012,p75,desvio,ridge,305.09583333333336,301.5944180533615,309.3354166666667
chicago,2013,p75,desvio,ridge,306.5,310.4364193034102,309.3354166666667
chicago,2014,p75,desvio,ridge,308.1,311.0301543365598,309.26041666666663
chicago,2015,p75,desvio,ridge,311.24583333333334,317.9724129959751,308.025
chicago,2016,p75,desvio,ridge,310.5708333333333,311.0449910499802,308.025
chicago,2017,p75,desvio,ridge,328.4166666666667,317.90762865081393,308.025
chicago,2018,p75,desvio,ridge,310.6666666666667,311.17761309725216,308.025
chicago,2019,p75,desvio,ridge,307.25,305.5379048085476,309.3354166666667
chicago,2022,p75,desvio,ridge,307.95,313.96151349825817,309.3354166666667
chicago,2023,p75,desvio,ridge,297.95,308.54461028843144,309.3354166666667
nyc,2005,p75,desvio,ridge,314.1666666666667,308.5087390950607,304.92083333333335
nyc,2006,p75,desvio,ridge,294.8833333333333,299.2455312231599,307.2125
nyc,2007,p75,desvio,ridge,296.78333333333336,303.79740177604947,307.2125
nyc,2008,p75,desvio,ridge,293.43333333333334,299.82917370794877,307.2125
nyc,2009,p75,desvio,ridge,292.56666666666666,303.3192840104015,307.2125
nyc,2010,p75,desvio,ridge,296.53333333333336,300.43398116093675,307.2125
nyc,2011,p75,desvio,ridge,298.55,304.5387708847715,307.2125
nyc,2013,p75,desvio,ridge,296.9166666666667,300.9285502116247,307.2125
nyc,2014,p75,desvio,ridge,304.43333333333334,297.98974746175185,307.2125
nyc,2015,p75,desvio,ridge,310.53333333333336,309.45850287574467,304.92083333333335
nyc,2016,p75,desvio,ridge,309.01666666666665,303.40660680729843,304.92083333333335
nyc,2017,p75,desvio,ridge,309.35,307.96196970889673,304.92083333333335
nyc,2018,p75,desvio,ridge,312.00416666666666,303.9210728678302,304.92083333333335
nyc,2019,p75,desvio,ridge,309.75416666666666,303.6728570766041,304.92083333333335
nyc,2022,p75,desvio,ridge,327.31666666666666,317.9413720602923,304.92083333333335
nyc,2023,p75,desvio,ridge,315.95,308.9238572619698,304.92083333333335
nyc,2024,p75,desvio,ridge,305.4083333333333,305.1130988766622,306.725
boston,2005,p75,desvio,floresta_aleatoria,259.51666666666665,261.8532707051918,253.06666666666666
boston,2006,p75,desvio,floresta_aleatoria,249.71666666666667,248.4962435023599,255.60833333333332
boston,2007,p75,desvio,floresta_aleatoria,254.5,247.18639168733466,254.17499999999998
boston,2008,p75,desvio,floresta_aleatoria,251.63333333333333,252.9750033316799,255.60833333333332
boston,2009,p75,desvio,floresta_aleatoria,248.41666666666663,248.84686480354137,255.60833333333332
boston,2010,p75,desvio,floresta_aleatoria,248.88333333333333,250.11453335099506,255.60833333333332
boston,2011,p75,desvio,floresta_aleatoria,249.78333333333333,251.76059046491702,255.60833333333332
boston,2012,p75,desvio,floresta_aleatoria,285.31666666666666,268.6285622891865,253.06666666666666
boston,2013,p75,desvio,floresta_aleatoria,247.9625,250.54619229910713,255.60833333333332
boston,2014,p75,desvio,floresta_aleatoria,272.7,254.9777537243717,253.06666666666666
boston,2015,p75,desvio,floresta_aleatoria,246.41666666666663,256.31338388723543,255.60833333333332
boston,2016,p75,desvio,floresta_aleatoria,256.71666666666664,260.44631277281746,253.06666666666666
boston,2017,p75,desvio,floresta_aleatoria,261.8,264.10953895089284,253.06666666666666
boston,2018,p75,desvio,floresta_aleatoria,262.31666666666666,249.95138697089948,253.06666666666666
boston,2019,p75,desvio,floresta_aleatoria,259.0,264.7275937582672,253.06666666666666
chicago,2005,p75,desvio,floresta_aleatoria,295.71666666666664,306.3003529844577,309.3354166666667
chicago,2006,p75,desvio,floresta_aleatoria,296.06666666666666,302.517367578125,309.3354166666667
chicago,2007,p75,desvio,floresta_aleatoria,329.3,326.3692267443783,308.025
chicago,2008,p75,desvio,floresta_aleatoria,321.6,324.372992208168,308.025
chicago,2009,p75,desvio,floresta_aleatoria,299.7333333333333,301.51385300099207,309.3354166666667
chicago,2010,p75,desvio,floresta_aleatoria,321.21666666666664,323.47166070601855,308.025
chicago,2011,p75,desvio,floresta_aleatoria,316.875,324.2675429315476,308.025
chicago,2012,p75,desvio,floresta_aleatoria,305.09583333333336,300.4727133308532,309.3354166666667
chicago,2013,p75,desvio,floresta_aleatoria,306.5,307.46294369419644,309.3354166666667
chicago,2014,p75,desvio,floresta_aleatoria,308.1,306.7466160094246,309.26041666666663
chicago,2015,p75,desvio,floresta_aleatoria,311.24583333333334,322.5569394923942,308.025
chicago,2016,p75,desvio,floresta_aleatoria,310.5708333333333,309.90726040426586,308.025
chicago,2017,p75,desvio,floresta_aleatoria,328.4166666666667,318.2647193989749,308.025
chicago,2018,p75,desvio,floresta_aleatoria,310.6666666666667,311.3727361565807,308.025
chicago,2019,p75,desvio,floresta_aleatoria,307.25,306.1986029590924,309.3354166666667
chicago,2022,p75,desvio,floresta_aleatoria,307.95,316.053381723297,309.3354166666667
chicago,2023,p75,desvio,floresta_aleatoria,297.95,309.08844443411044,309.3354166666667
nyc,2005,p75,desvio,floresta_aleatoria,314.1666666666667,312.83181667906746,304.92083333333335
nyc,2006,p75,desvio,floresta_aleatoria,294.8833333333333,298.11900504298944,307.2125
nyc,2007,p75,desvio,floresta_aleatoria,296.78333333333336,300.14440757688493,307.2125
nyc,2008,p75,desvio,floresta_aleatoria,293.43333333333334,297.83334012483465,307.2125
nyc,2009,p75,desvio,floresta_aleatoria,292.56666666666666,301.5508793237434,307.2125
nyc,2010,p75,desvio,floresta_aleatoria,296.53333333333336,298.13814632523145,307.2125
nyc,2011,p75,desvio,floresta_aleatoria,298.55,298.4577813244048,307.2125
nyc,2013,p75,desvio,floresta_aleatoria,296.9166666666667,301.91843659474205,307.2125
nyc,2014,p75,desvio,floresta_aleatoria,304.43333333333334,301.9984077752976,307.2125
nyc,2015,p75,desvio,floresta_aleatoria,310.53333333333336,311.794498859127,304.92083333333335
nyc,2016,p75,desvio,floresta_aleatoria,309.01666666666665,304.3830097924934,304.92083333333335
nyc,2017,p75,desvio,floresta_aleatoria,309.35,312.7406994419643,304.92083333333335
nyc,2018,p75,desvio,floresta_aleatoria,312.00416666666666,305.18099480406744,304.92083333333335
nyc,2019,p75,desvio,floresta_aleatoria,309.75416666666666,302.98459771825395,304.92083333333335
nyc,2022,p75,desvio,floresta_aleatoria,327.31666666666666,319.62250622106484,304.92083333333335
nyc,2023,p75,desvio,floresta_aleatoria,315.95,312.01068822337965,304.92083333333335
nyc,2024,p75,desvio,floresta_aleatoria,305.4083333333333,305.1516632357804,306.725
boston,2005,p75,desvio,gbm_histogramas,259.51666666666665,266.63288812065446,253.06666666666666
boston,2006,p75,desvio,gbm_histogramas,249.71666666666667,249.26298462419805,255.60833333333332
boston,2007,p75,desvio,gbm_histogramas,254.5,251.93266570334907,254.17499999999998
boston,2008,p75,desvio,gbm_histogramas,251.63333333333333,255.1424399429592,255.60833333333332
boston,2009,p75,desvio,gbm_histogramas,248.41666666666663,247.02109246298994,255.60833333333332
boston,2010,p75,desvio,gbm_histogramas,248.88333333333333,249.26491508871283,255.60833333333332
boston,2011,p75,desvio,gbm_histogramas,249.78333333333333,253.81225127712142,255.60833333333332
boston,2012,p75,desvio,gbm_histogramas,285.31666666666666,273.9713085222147,253.06666666666666
boston,2013,p75,desvio,gbm_histogramas,247.9625,250.39715540668027,255.60833333333332
boston,2014,p75,desvio,gbm_histogramas,272.7,255.5846961228468,253.06666666666666
boston,2015,p75,desvio,gbm_histogramas,246.41666666666663,258.61562536296384,255.60833333333332
boston,2016,p75,desvio,gbm_histogramas,256.71666666666664,263.79762259923626,253.06666666666666
boston,2017,p75,desvio,gbm_histogramas,261.8,264.31264854660577,253.06666666666666
boston,2018,p75,desvio,gbm_histogramas,262.31666666666666,246.8211440582329,253.06666666666666
boston,2019,p75,desvio,gbm_histogramas,259.0,264.0123410254534,253.06666666666666
chicago,2005,p75,desvio,gbm_histogramas,295.71666666666664,306.64678073643637,309.3354166666667
chicago,2006,p75,desvio,gbm_histogramas,296.06666666666666,304.66476854404453,309.3354166666667
chicago,2007,p75,desvio,gbm_histogramas,329.3,323.062291305774,308.025
chicago,2008,p75,desvio,gbm_histogramas,321.6,323.1994574357941,308.025
chicago,2009,p75,desvio,gbm_histogramas,299.7333333333333,299.18192281271416,309.3354166666667
chicago,2010,p75,desvio,gbm_histogramas,321.21666666666664,321.5419121799109,308.025
chicago,2011,p75,desvio,gbm_histogramas,316.875,321.1538250589598,308.025
chicago,2012,p75,desvio,gbm_histogramas,305.09583333333336,300.05239424756905,309.3354166666667
chicago,2013,p75,desvio,gbm_histogramas,306.5,303.22978893427467,309.3354166666667
chicago,2014,p75,desvio,gbm_histogramas,308.1,309.59248220724146,309.26041666666663
chicago,2015,p75,desvio,gbm_histogramas,311.24583333333334,322.21719318945026,308.025
chicago,2016,p75,desvio,gbm_histogramas,310.5708333333333,311.54651098477336,308.025
chicago,2017,p75,desvio,gbm_histogramas,328.4166666666667,314.26005120488685,308.025
chicago,2018,p75,desvio,gbm_histogramas,310.6666666666667,308.27438583224847,308.025
chicago,2019,p75,desvio,gbm_histogramas,307.25,303.90332438862725,309.3354166666667
chicago,2022,p75,desvio,gbm_histogramas,307.95,316.9195130443507,309.3354166666667
chicago,2023,p75,desvio,gbm_histogramas,297.95,309.9327332798187,309.3354166666667
nyc,2005,p75,desvio,gbm_histogramas,314.1666666666667,312.33549680100407,304.92083333333335
nyc,2006,p75,desvio,gbm_histogramas,294.8833333333333,298.2631731900951,307.2125
nyc,2007,p75,desvio,gbm_histogramas,296.78333333333336,296.3713981044215,307.2125
nyc,2008,p75,desvio,gbm_histogramas,293.43333333333334,297.246258160373,307.2125
nyc,2009,p75,desvio,gbm_histogramas,292.56666666666666,299.44744245094586,307.2125
nyc,2010,p75,desvio,gbm_histogramas,296.53333333333336,296.75562045584604,307.2125
nyc,2011,p75,desvio,gbm_histogramas,298.55,296.4525787196071,307.2125
nyc,2013,p75,desvio,gbm_histogramas,296.9166666666667,301.3756799133749,307.2125
nyc,2014,p75,desvio,gbm_histogramas,304.43333333333334,301.46842594666,307.2125
nyc,2015,p75,desvio,gbm_histogramas,310.53333333333336,308.19913567274745,304.92083333333335
nyc,2016,p75,desvio,gbm_histogramas,309.01666666666665,308.38515046647035,304.92083333333335
nyc,2017,p75,desvio,gbm_histogramas,309.35,313.65931676661336,304.92083333333335
nyc,2018,p75,desvio,gbm_histogramas,312.00416666666666,307.04606368791497,304.92083333333335
nyc,2019,p75,desvio,gbm_histogramas,309.75416666666666,304.2917361989923,304.92083333333335
nyc,2022,p75,desvio,gbm_histogramas,327.31666666666666,327.05239880645746,304.92083333333335
nyc,2023,p75,desvio,gbm_histogramas,315.95,311.86866538898215,304.92083333333335
nyc,2024,p75,desvio,gbm_histogramas,305.4083333333333,306.96262573826476,306.725
boston,2005,p75,desvio,perceptron_multicamadas,259.51666666666665,258.2476561601232,253.06666666666666
boston,2006,p75,desvio,perceptron_multicamadas,249.71666666666667,245.78204139590233,255.60833333333332
boston,2007,p75,desvio,perceptron_multicamadas,254.5,244.27608201462226,254.17499999999998
boston,2008,p75,desvio,perceptron_multicamadas,251.63333333333333,257.794537696302,255.60833333333332
boston,2009,p75,desvio,perceptron_multicamadas,248.41666666666663,247.2231192529714,255.60833333333332
boston,2010,p75,desvio,perceptron_multicamadas,248.88333333333333,244.931511987488,255.60833333333332
boston,2011,p75,desvio,perceptron_multicamadas,249.78333333333333,258.80071173455246,255.60833333333332
boston,2012,p75,desvio,perceptron_multicamadas,285.31666666666666,268.52702870623375,253.06666666666666
boston,2013,p75,desvio,perceptron_multicamadas,247.9625,248.54586953099601,255.60833333333332
boston,2014,p75,desvio,perceptron_multicamadas,272.7,257.4373428366232,253.06666666666666
boston,2015,p75,desvio,perceptron_multicamadas,246.41666666666663,257.5532321032938,255.60833333333332
boston,2016,p75,desvio,perceptron_multicamadas,256.71666666666664,259.42343240934116,253.06666666666666
boston,2017,p75,desvio,perceptron_multicamadas,261.8,272.5645540151015,253.06666666666666
boston,2018,p75,desvio,perceptron_multicamadas,262.31666666666666,234.08618887728161,253.06666666666666
boston,2019,p75,desvio,perceptron_multicamadas,259.0,270.91131005639267,253.06666666666666
chicago,2005,p75,desvio,perceptron_multicamadas,295.71666666666664,302.8855222055232,309.3354166666667
chicago,2006,p75,desvio,perceptron_multicamadas,296.06666666666666,300.84275844371115,309.3354166666667
chicago,2007,p75,desvio,perceptron_multicamadas,329.3,321.8910578575093,308.025
chicago,2008,p75,desvio,perceptron_multicamadas,321.6,327.0365189007128,308.025
chicago,2009,p75,desvio,perceptron_multicamadas,299.7333333333333,301.38219473029227,309.3354166666667
chicago,2010,p75,desvio,perceptron_multicamadas,321.21666666666664,316.3373443458457,308.025
chicago,2011,p75,desvio,perceptron_multicamadas,316.875,326.9347716043386,308.025
chicago,2012,p75,desvio,perceptron_multicamadas,305.09583333333336,300.6649049840515,309.3354166666667
chicago,2013,p75,desvio,perceptron_multicamadas,306.5,307.157033790671,309.3354166666667
chicago,2014,p75,desvio,perceptron_multicamadas,308.1,304.3074562613621,309.26041666666663
chicago,2015,p75,desvio,perceptron_multicamadas,311.24583333333334,323.2254056091908,308.025
chicago,2016,p75,desvio,perceptron_multicamadas,310.5708333333333,310.8506210491641,308.025
chicago,2017,p75,desvio,perceptron_multicamadas,328.4166666666667,315.20897460588986,308.025
chicago,2018,p75,desvio,perceptron_multicamadas,310.6666666666667,298.94060729721775,308.025
chicago,2019,p75,desvio,perceptron_multicamadas,307.25,305.78798912546335,309.3354166666667
chicago,2022,p75,desvio,perceptron_multicamadas,307.95,308.48010609882533,309.3354166666667
chicago,2023,p75,desvio,perceptron_multicamadas,297.95,307.8169358502024,309.3354166666667
nyc,2005,p75,desvio,perceptron_multicamadas,314.1666666666667,293.11262653144087,304.92083333333335
nyc,2006,p75,desvio,perceptron_multicamadas,294.8833333333333,291.79462790133954,307.2125
nyc,2007,p75,desvio,perceptron_multicamadas,296.78333333333336,303.5310873038625,307.2125
nyc,2008,p75,desvio,perceptron_multicamadas,293.43333333333334,292.1726988962001,307.2125
nyc,2009,p75,desvio,perceptron_multicamadas,292.56666666666666,299.199161746954,307.2125
nyc,2010,p75,desvio,perceptron_multicamadas,296.53333333333336,298.1136994583122,307.2125
nyc,2011,p75,desvio,perceptron_multicamadas,298.55,302.23991973829465,307.2125
nyc,2013,p75,desvio,perceptron_multicamadas,296.9166666666667,296.28404375997945,307.2125
nyc,2014,p75,desvio,perceptron_multicamadas,304.43333333333334,302.040562420877,307.2125
nyc,2015,p75,desvio,perceptron_multicamadas,310.53333333333336,311.5113688100793,304.92083333333335
nyc,2016,p75,desvio,perceptron_multicamadas,309.01666666666665,304.54668143087065,304.92083333333335
nyc,2017,p75,desvio,perceptron_multicamadas,309.35,311.63990631354875,304.92083333333335
nyc,2018,p75,desvio,perceptron_multicamadas,312.00416666666666,302.99649372900615,304.92083333333335
nyc,2019,p75,desvio,perceptron_multicamadas,309.75416666666666,304.03060375261555,304.92083333333335
nyc,2022,p75,desvio,perceptron_multicamadas,327.31666666666666,324.7222608716507,304.92083333333335
nyc,2023,p75,desvio,perceptron_multicamadas,315.95,315.84216444616675,304.92083333333335
nyc,2024,p75,desvio,perceptron_multicamadas,305.4083333333333,315.0608460642606,306.725
boston,2005,p90,referencia,media_global,290.3333333333333,332.2573958333333,286.31916666666666
boston,2006,p90,referencia,media_global,281.1283333333334,332.4491666666667,289.1
boston,2007,p90,referencia,media_global,287.8666666666667,332.30878472222224,287.5525
boston,2008,p90,referencia,media_global,284.54,332.3780902777778,289.1
boston,2009,p90,referencia,media_global,280.1066666666667,332.4704513888889,289.1
boston,2010,p90,referencia,media_global,280.8833333333333,332.45427083333334,289.1
boston,2011,p90,referencia,media_global,281.26166666666666,332.44638888888886,289.1
boston,2012,p90,referencia,media_global,326.36333333333334,331.50677083333335,286.31916666666666
boston,2013,p90,referencia,media_global,284.77166666666665,332.3732638888889,289.1
boston,2014,p90,referencia,media_global,317.05,331.70079861111117,286.31916666666666
boston,2015,p90,referencia,media_global,282.1,332.42892361111114,289.1
boston,2016,p90,referencia,media_global,293.1366666666667,332.1989930555556,286.31916666666666
boston,2017,p90,referencia,media_global,297.75,332.1028819444445,286.31916666666666
boston,2018,p90,referencia,media_global,307.67499999999995,331.8961111111111,286.31916666666666
boston,2019,p90,referencia,media_global,297.4166666666667,332.1098263888889,286.31916666666666
chicago,2005,p90,referencia,media_global,331.8333333333333,331.3928125,353.0916666666667
chicago,2006,p90,referencia,media_global,332.875,331.37111111111113,353.0916666666667
chicago,2007,p90,referencia,media_global,353.4166666666667,330.9431597222222,351.7075
chicago,2008,p90,referencia,media_global,358.21666666666664,330.84315972222225,351.7075
chicago,2009,p90,referencia,media_global,339.1666666666667,331.2400347222222,353.0916666666667
chicago,2010,p90,referencia,media_global,358.8666666666667,330.82961805555556,351.7075
chicago,2011,p90,referencia,media_global,354.1,330.9289236111111,351.7075
chicago,2012,p90,referencia,media_global,346.1666666666667,331.0942013888889,353.0916666666667
chicago,2013,p90,referencia,media_global,346.09666666666675,331.09565972222225,353.0916666666667
chicago,2014,p90,referencia,media_global,350.36,331.0068402777778,353.0916666666667
chicago,2015,p90,referencia,media_global,350.6483333333333,331.00083333333333,353.0916666666667
chicago,2016,p90,referencia,media_global,352.76666666666665,330.9567013888889,352.0325
chicago,2017,p90,referencia,media_global,371.3666666666667,330.56920138888887,351.7075
chicago,2018,p90,referencia,media_global,354.53333333333336,330.9198958333333,351.7075
chicago,2019,p90,referencia,media_global,353.89166666666665,330.9332638888889,351.7075
chicago,2022,p90,referencia,media_global,355.51000000000005,330.89954861111113,351.7075
chicago,2023,p90,referencia,media_global,346.8,331.0810069444445,353.0916666666667
nyc,2005,p90,referencia,media_global,351.06666666666666,330.9921180555555,348.45
nyc,2006,p90,referencia,media_global,332.6666666666667,331.3754513888889,350.2166666666667
nyc,2007,p90,referencia,media_global,334.6333333333333,331.33447916666665,350.2166666666667
nyc,2008,p90,referencia,media_global,333.51666666666665,331.35774305555555,350.2166666666667
nyc,2009,p90,referencia,media_global,332.14500000000004,331.38631944444444,350.2166666666667
nyc,2010,p90,referencia,media_global,337.1766666666667,331.28149305555553,350.2166666666667
nyc,2011,p90,referencia,media_global,336.5,331.29559027777776,350.2166666666667
nyc,2013,p90,referencia,media_global,337.24333333333334,331.28010416666666,350.2166666666667
nyc,2014,p90,referencia,media_global,347.4,331.06850694444444,350.2166666666667
nyc,2015,p90,referencia,media_global,350.93333333333334,330.9948958333334,348.45
nyc,2016,p90,referencia,media_global,349.5,331.02475694444445,349.16666666666663
nyc,2017,p90,referencia,media_global,352.28333333333336,330.9667708333333,348.45
nyc,2018,p90,referencia,media_global,355.5,330.89975694444445,348.45
nyc,2019,p90,referencia,media_global,354.5833333333333,330.9188541666667,348.45
nyc,2022,p90,referencia,media_global,369.965,330.5984027777778,348.45
nyc,2023,p90,referencia,media_global,361.55,330.7737152777778,348.45
nyc,2024,p90,referencia,media_global,353.02666666666664,330.9512847222222,348.45
boston,2005,p90,referencia,referencia_historica,290.3333333333333,286.31916666666666,286.31916666666666
boston,2006,p90,referencia,referencia_historica,281.1283333333334,289.1,289.1
boston,2007,p90,referencia,referencia_historica,287.8666666666667,287.5525,287.5525
boston,2008,p90,referencia,referencia_historica,284.54,289.1,289.1
boston,2009,p90,referencia,referencia_historica,280.1066666666667,289.1,289.1
boston,2010,p90,referencia,referencia_historica,280.8833333333333,289.1,289.1
boston,2011,p90,referencia,referencia_historica,281.26166666666666,289.1,289.1
boston,2012,p90,referencia,referencia_historica,326.36333333333334,286.31916666666666,286.31916666666666
boston,2013,p90,referencia,referencia_historica,284.77166666666665,289.1,289.1
boston,2014,p90,referencia,referencia_historica,317.05,286.31916666666666,286.31916666666666
boston,2015,p90,referencia,referencia_historica,282.1,289.1,289.1
boston,2016,p90,referencia,referencia_historica,293.1366666666667,286.31916666666666,286.31916666666666
boston,2017,p90,referencia,referencia_historica,297.75,286.31916666666666,286.31916666666666
boston,2018,p90,referencia,referencia_historica,307.67499999999995,286.31916666666666,286.31916666666666
boston,2019,p90,referencia,referencia_historica,297.4166666666667,286.31916666666666,286.31916666666666
chicago,2005,p90,referencia,referencia_historica,331.8333333333333,353.0916666666667,353.0916666666667
chicago,2006,p90,referencia,referencia_historica,332.875,353.0916666666667,353.0916666666667
chicago,2007,p90,referencia,referencia_historica,353.4166666666667,351.7075,351.7075
chicago,2008,p90,referencia,referencia_historica,358.21666666666664,351.7075,351.7075
chicago,2009,p90,referencia,referencia_historica,339.1666666666667,353.0916666666667,353.0916666666667
chicago,2010,p90,referencia,referencia_historica,358.8666666666667,351.7075,351.7075
chicago,2011,p90,referencia,referencia_historica,354.1,351.7075,351.7075
chicago,2012,p90,referencia,referencia_historica,346.1666666666667,353.0916666666667,353.0916666666667
chicago,2013,p90,referencia,referencia_historica,346.09666666666675,353.0916666666667,353.0916666666667
chicago,2014,p90,referencia,referencia_historica,350.36,353.0916666666667,353.0916666666667
chicago,2015,p90,referencia,referencia_historica,350.6483333333333,353.0916666666667,353.0916666666667
chicago,2016,p90,referencia,referencia_historica,352.76666666666665,352.0325,352.0325
chicago,2017,p90,referencia,referencia_historica,371.3666666666667,351.7075,351.7075
chicago,2018,p90,referencia,referencia_historica,354.53333333333336,351.7075,351.7075
chicago,2019,p90,referencia,referencia_historica,353.89166666666665,351.7075,351.7075
chicago,2022,p90,referencia,referencia_historica,355.51000000000005,351.7075,351.7075
chicago,2023,p90,referencia,referencia_historica,346.8,353.0916666666667,353.0916666666667
nyc,2005,p90,referencia,referencia_historica,351.06666666666666,348.45,348.45
nyc,2006,p90,referencia,referencia_historica,332.6666666666667,350.2166666666667,350.2166666666667
nyc,2007,p90,referencia,referencia_historica,334.6333333333333,350.2166666666667,350.2166666666667
nyc,2008,p90,referencia,referencia_historica,333.51666666666665,350.2166666666667,350.2166666666667
nyc,2009,p90,referencia,referencia_historica,332.14500000000004,350.2166666666667,350.2166666666667
nyc,2010,p90,referencia,referencia_historica,337.1766666666667,350.2166666666667,350.2166666666667
nyc,2011,p90,referencia,referencia_historica,336.5,350.2166666666667,350.2166666666667
nyc,2013,p90,referencia,referencia_historica,337.24333333333334,350.2166666666667,350.2166666666667
nyc,2014,p90,referencia,referencia_historica,347.4,350.2166666666667,350.2166666666667
nyc,2015,p90,referencia,referencia_historica,350.93333333333334,348.45,348.45
nyc,2016,p90,referencia,referencia_historica,349.5,349.16666666666663,349.16666666666663
nyc,2017,p90,referencia,referencia_historica,352.28333333333336,348.45,348.45
nyc,2018,p90,referencia,referencia_historica,355.5,348.45,348.45
nyc,2019,p90,referencia,referencia_historica,354.5833333333333,348.45,348.45
nyc,2022,p90,referencia,referencia_historica,369.965,348.45,348.45
nyc,2023,p90,referencia,referencia_historica,361.55,348.45,348.45
nyc,2024,p90,referencia,referencia_historica,353.02666666666664,348.45,348.45
boston,2005,p90,absoluto,linear,290.3333333333333,288.50449163308593,286.31916666666666
boston,2006,p90,absoluto,linear,281.1283333333334,235.96735480190492,289.1
boston,2007,p90,absoluto,linear,287.8666666666667,277.7991068196476,287.5525
boston,2008,p90,absoluto,linear,284.54,302.9274097125913,289.1
boston,2009,p90,absoluto,linear,280.1066666666667,278.6664983161485,289.1
boston,2010,p90,absoluto,linear,280.8833333333333,276.23515874816377,289.1
boston,2011,p90,absoluto,linear,281.26166666666666,307.16387220372667,289.1
boston,2012,p90,absoluto,linear,326.36333333333334,283.01646371548736,286.31916666666666
boston,2013,p90,absoluto,linear,284.77166666666665,316.0467549102086,289.1
boston,2014,p90,absoluto,linear,317.05,289.71171277047085,286.31916666666666
boston,2015,p90,absoluto,linear,282.1,277.30593416395243,289.1
boston,2016,p90,absoluto,linear,293.1366666666667,251.42783744685335,286.31916666666666
boston,2017,p90,absoluto,linear,297.75,326.2642376563792,286.31916666666666
boston,2018,p90,absoluto,linear,307.67499999999995,474.10175701227934,286.31916666666666
boston,2019,p90,absoluto,linear,297.4166666666667,282.59229243386426,286.31916666666666
chicago,2005,p90,absoluto,linear,331.8333333333333,343.38912724460727,353.0916666666667
chicago,2006,p90,absoluto,linear,332.875,320.0239389087105,353.0916666666667
chicago,2007,p90,absoluto,linear,353.4166666666667,367.1502820770112,351.7075
chicago,2008,p90,absoluto,linear,358.21666666666664,346.7884278254797,351.7075
chicago,2009,p90,absoluto,linear,339.1666666666667,324.1773799960537,353.0916666666667
chicago,2010,p90,absoluto,linear,358.8666666666667,370.96856027045095,351.7075
chicago,2011,p90,absoluto,linear,354.1,362.85617623120015,351.7075
chicago,2012,p90,absoluto,linear,346.1666666666667,337.709599966628,353.0916666666667
chicago,2013,p90,absoluto,linear,346.09666666666675,351.76697840278825,353.0916666666667
chicago,2014,p90,absoluto,linear,350.36,345.1067123899348,353.0916666666667
chicago,2015,p90,absoluto,linear,350.6483333333333,364.33178580209517,353.0916666666667
chicago,2016,p90,absoluto,linear,352.76666666666665,352.96463037171316,352.0325
chicago,2017,p90,absoluto,linear,371.3666666666667,360.83280356916305,351.7075
chicago,2018,p90,absoluto,linear,354.53333333333336,363.2565308202114,351.7075
chicago,2019,p90,absoluto,linear,353.89166666666665,360.5737975701628,351.7075
chicago,2022,p90,absoluto,linear,355.51000000000005,325.6776830521125,351.7075
chicago,2023,p90,absoluto,linear,346.8,351.4481745765053,353.0916666666667
nyc,2005,p90,absoluto,linear,351.06666666666666,335.87226067682315,348.45
nyc,2006,p90,absoluto,linear,332.6666666666667,334.3869494764757,350.2166666666667
nyc,2007,p90,absoluto,linear,334.6333333333333,324.5829696281898,350.2166666666667
nyc,2008,p90,absoluto,linear,333.51666666666665,347.1083394275006,350.2166666666667
nyc,2009,p90,absoluto,linear,332.14500000000004,347.1553538226652,350.2166666666667
nyc,2010,p90,absoluto,linear,337.1766666666667,348.9406985859032,350.2166666666667
nyc,2011,p90,absoluto,linear,336.5,350.26390687038565,350.2166666666667
nyc,2013,p90,absoluto,linear,337.24333333333334,341.6395067294284,350.2166666666667
nyc,2014,p90,absoluto,linear,347.4,325.96931049561624,350.2166666666667
nyc,2015,p90,absoluto,linear,350.93333333333334,365.0192544807063,348.45
nyc,2016,p90,absoluto,linear,349.5,367.98643147550536,349.16666666666663
nyc,2017,p90,absoluto,linear,352.28333333333336,354.7135542157817,348.45
nyc,2018,p90,absoluto,linear,355.5,334.75581583115127,348.45
nyc,2019,p90,absoluto,linear,354.5833333333333,342.8426438871041,348.45
nyc,2022,p90,absoluto,linear,369.965,398.53559706076175,348.45
nyc,2023,p90,absoluto,linear,361.55,354.86219544025704,348.45
nyc,2024,p90,absoluto,linear,353.02666666666664,375.2893496912907,348.45
boston,2005,p90,absoluto,ridge,290.3333333333333,280.85187176204295,286.31916666666666
boston,2006,p90,absoluto,ridge,281.1283333333334,277.2211983490688,289.1
boston,2007,p90,absoluto,ridge,287.8666666666667,276.6548203573535,287.5525
boston,2008,p90,absoluto,ridge,284.54,289.4756722562122,289.1
boston,2009,p90,absoluto,ridge,280.1066666666667,285.2143625369381,289.1
boston,2010,p90,absoluto,ridge,280.8833333333333,298.87174501248757,289.1
boston,2011,p90,absoluto,ridge,281.26166666666666,298.4375359773587,289.1
boston,2012,p90,absoluto,ridge,326.36333333333334,302.9028381805297,286.31916666666666
boston,2013,p90,absoluto,ridge,284.77166666666665,292.6956864751698,289.1
boston,2014,p90,absoluto,ridge,317.05,292.81021692105196,286.31916666666666
boston,2015,p90,absoluto,ridge,282.1,296.948791557727,289.1
boston,2016,p90,absoluto,ridge,293.1366666666667,297.62470872438934,286.31916666666666
boston,2017,p90,absoluto,ridge,297.75,313.0760910826353,286.31916666666666
boston,2018,p90,absoluto,ridge,307.67499999999995,256.74656835436485,286.31916666666666
boston,2019,p90,absoluto,ridge,297.4166666666667,314.06760611578324,286.31916666666666
chicago,2005,p90,absoluto,ridge,331.8333333333333,339.3016804606961,353.0916666666667
chicago,2006,p90,absoluto,ridge,332.875,326.0171338505836,353.0916666666667
chicago,2007,p90,absoluto,ridge,353.4166666666667,359.37336845980286,351.7075
chicago,2008,p90,absoluto,ridge,358.21666666666664,357.11403897095414,351.7075
chicago,2009,p90,absoluto,ridge,339.1666666666667,328.07650138338477,353.0916666666667
chicago,2010,p90,absoluto,ridge,358.8666666666667,365.4544324386754,351.7075
chicago,2011,p90,absoluto,ridge,354.1,358.63210889556393,351.7075
chicago,2012,p90,absoluto,ridge,346.1666666666667,334.2446222805263,353.0916666666667
chicago,2013,p90,absoluto,ridge,346.09666666666675,350.4476556779797,353.0916666666667
chicago,2014,p90,absoluto,ridge,350.36,352.83525761407344,353.0916666666667
chicago,2015,p90,absoluto,ridge,350.6483333333333,360.66228193792585,353.0916666666667
chicago,2016,p90,absoluto,ridge,352.76666666666665,351.2977731947235,352.0325
chicago,2017,p90,absoluto,ridge,371.3666666666667,363.4735384465509,351.7075
chicago,2018,p90,absoluto,ridge,354.53333333333336,343.6977475220576,351.7075
chicago,2019,p90,absoluto,ridge,353.89166666666665,343.78095765765187,351.7075
chicago,2022,p90,absoluto,ridge,355.51000000000005,350.6833681289585,351.7075
chicago,2023,p90,absoluto,ridge,346.8,347.96356890351626,353.0916666666667
nyc,2005,p90,absoluto,ridge,351.06666666666666,341.571123495971,348.45
nyc,2006,p90,absoluto,ridge,332.6666666666667,331.545477522365,350.2166666666667
nyc,2007,p90,absoluto,ridge,334.6333333333333,334.9088366398445,350.2166666666667
nyc,2008,p90,absoluto,ridge,333.51666666666665,334.8142360753172,350.2166666666667
nyc,2009,p90,absoluto,ridge,332.14500000000004,342.923740061346,350.2166666666667
nyc,2010,p90,absoluto,ridge,337.1766666666667,337.11600071601003,350.2166666666667
nyc,2011,p90,absoluto,ridge,336.5,348.37876778860664,350.2166666666667
nyc,2013,p90,absoluto,ridge,337.24333333333334,342.35868549815984,350.2166666666667
nyc,2014,p90,absoluto,ridge,347.4,331.5863276620045,350.2166666666667
nyc,2015,p90,absoluto,ridge,350.93333333333334,354.9759487245424,348.45
nyc,2016,p90,absoluto,ridge,349.5,349.0747299053276,349.16666666666663
nyc,2017,p90,absoluto,ridge,352.28333333333336,349.9056531265928,348.45
nyc,2018,p90,absoluto,ridge,355.5,349.4376067332781,348.45
nyc,2019,p90,absoluto,ridge,354.5833333333333,350.23000609120703,348.45
nyc,2022,p90,absoluto,ridge,369.965,370.5056152762732,348.45
nyc,2023,p90,absoluto,ridge,361.55,358.4286776606623,348.45
nyc,2024,p90,absoluto,ridge,353.02666666666664,359.7979137165305,348.45
boston,2005,p90,absoluto,floresta_aleatoria,290.3333333333333,291.20815689980174,286.31916666666666
boston,2006,p90,absoluto,floresta_aleatoria,281.1283333333334,288.22080885912715,289.1
boston,2007,p90,absoluto,floresta_aleatoria,287.8666666666667,288.5378120486112,287.5525
boston,2008,p90,absoluto,floresta_aleatoria,284.54,294.1863796957674,289.1
boston,2009,p90,absoluto,floresta_aleatoria,280.1066666666667,285.24404806547636,289.1
boston,2010,p90,absoluto,floresta_aleatoria,280.8833333333333,291.94247279761913,289.1
boston,2011,p90,absoluto,floresta_aleatoria,281.26166666666666,300.0120303769842,289.1
boston,2012,p90,absoluto,floresta_aleatoria,326.36333333333334,289.7966296841936,286.31916666666666
boston,2013,p90,absoluto,floresta_aleatoria,284.77166666666665,285.085483005952,289.1
boston,2014,p90,absoluto,floresta_aleatoria,317.05,294.0232948991402,286.31916666666666
boston,2015,p90,absoluto,floresta_aleatoria,282.1,292.9013230621694,289.1
boston,2016,p90,absoluto,floresta_aleatoria,293.1366666666667,293.86127873346584,286.31916666666666
boston,2017,p90,absoluto,floresta_aleatoria,297.75,295.52237022652173,286.31916666666666
boston,2018,p90,absoluto,floresta_aleatoria,307.67499999999995,287.23542908895536,286.31916666666666
boston,2019,p90,absoluto,floresta_aleatoria,297.4166666666667,304.08271457341255,286.31916666666666
chicago,2005,p90,absoluto,floresta_aleatoria,331.8333333333333,344.887975846561,353.0916666666667
chicago,2006,p90,absoluto,floresta_aleatoria,332.875,340.740099781746,353.0916666666667
chicago,2007,p90,absoluto,floresta_aleatoria,353.4166666666667,345.85109650463,351.7075
chicago,2008,p90,absoluto,floresta_aleatoria,358.21666666666664,349.89940030919314,351.7075
chicago,2009,p90,absoluto,floresta_aleatoria,339.1666666666667,339.5048568501986,353.0916666666667
chicago,2010,p90,absoluto,floresta_aleatoria,358.8666666666667,354.386658100198,351.7075
chicago,2011,p90,absoluto,floresta_aleatoria,354.1,357.0012742757935,351.7075
chicago,2012,p90,absoluto,floresta_aleatoria,346.1666666666667,339.4374146990742,353.0916666666667
chicago,2013,p90,absoluto,floresta_aleatoria,346.09666666666675,350.11958843584654,353.0916666666667
chicago,2014,p90,absoluto,floresta_aleatoria,350.36,353.2925264930552,353.0916666666667
chicago,2015,p90,absoluto,floresta_aleatoria,350.6483333333333,359.88013831514553,353.0916666666667
chicago,2016,p90,absoluto,floresta_aleatoria,352.76666666666665,352.22682962632274,352.0325
chicago,2017,p90,absoluto,floresta_aleatoria,371.3666666666667,354.08305186342557,351.7075
chicago,2018,p90,absoluto,floresta_aleatoria,354.53333333333336,351.06036822916633,351.7075
chicago,2019,p90,absoluto,floresta_aleatoria,353.89166666666665,348.00491667658724,351.7075
chicago,2022,p90,absoluto,floresta_aleatoria,355.51000000000005,356.16493066468246,351.7075
chicago,2023,p90,absoluto,floresta_aleatoria,346.8,349.888003125,353.0916666666667
nyc,2005,p90,absoluto,floresta_aleatoria,351.06666666666666,346.7851373809524,348.45
nyc,2006,p90,absoluto,floresta_aleatoria,332.6666666666667,339.8516303505293,350.2166666666667
nyc,2007,p90,absoluto,floresta_aleatoria,334.6333333333333,341.23472873842627,350.2166666666667
nyc,2008,p90,absoluto,floresta_aleatoria,333.51666666666665,337.4892249702385,350.2166666666667
nyc,2009,p90,absoluto,floresta_aleatoria,332.14500000000004,339.89233724371707,350.2166666666667
nyc,2010,p90,absoluto,floresta_aleatoria,337.1766666666667,338.03714644345223,350.2166666666667
nyc,2011,p90,absoluto,floresta_aleatoria,336.5,344.4845750446426,350.2166666666667
nyc,2013,p90,absoluto,floresta_aleatoria,337.24333333333334,346.34536938822725,350.2166666666667
nyc,2014,p90,absoluto,floresta_aleatoria,347.4,343.504272523148,350.2166666666667
nyc,2015,p90,absoluto,floresta_aleatoria,350.93333333333334,354.37351323412696,348.45
nyc,2016,p90,absoluto,floresta_aleatoria,349.5,346.76610481481475,349.16666666666663
nyc,2017,p90,absoluto,floresta_aleatoria,352.28333333333336,357.4220361210316,348.45
nyc,2018,p90,absoluto,floresta_aleatoria,355.5,351.33498461474846,348.45
nyc,2019,p90,absoluto,floresta_aleatoria,354.5833333333333,347.99376685681244,348.45
nyc,2022,p90,absoluto,floresta_aleatoria,369.965,354.78038742063507,348.45
nyc,2023,p90,absoluto,floresta_aleatoria,361.55,353.65586798280395,348.45
nyc,2024,p90,absoluto,floresta_aleatoria,353.02666666666664,348.8351504100529,348.45
boston,2005,p90,absoluto,gbm_histogramas,290.3333333333333,299.74030459907095,286.31916666666666
boston,2006,p90,absoluto,gbm_histogramas,281.1283333333334,288.7746353203039,289.1
boston,2007,p90,absoluto,gbm_histogramas,287.8666666666667,286.50707650345373,287.5525
boston,2008,p90,absoluto,gbm_histogramas,284.54,317.1652174767311,289.1
boston,2009,p90,absoluto,gbm_histogramas,280.1066666666667,279.12536734415374,289.1
boston,2010,p90,absoluto,gbm_histogramas,280.8833333333333,292.148376221878,289.1
boston,2011,p90,absoluto,gbm_histogramas,281.26166666666666,298.96131868544774,289.1
boston,2012,p90,absoluto,gbm_histogramas,326.36333333333334,292.3950306090648,286.31916666666666
boston,2013,p90,absoluto,gbm_histogramas,284.77166666666665,286.3811688540784,289.1
boston,2014,p90,absoluto,gbm_histogramas,317.05,295.75684595155195,286.31916666666666
boston,2015,p90,absoluto,gbm_histogramas,282.1,289.32591095630397,289.1
boston,2016,p90,absoluto,gbm_histogramas,293.1366666666667,295.69579414289007,286.31916666666666
boston,2017,p90,absoluto,gbm_histogramas,297.75,300.05198533520064,286.31916666666666
boston,2018,p90,absoluto,gbm_histogramas,307.67499999999995,284.94158804552563,286.31916666666666
boston,2019,p90,absoluto,gbm_histogramas,297.4166666666667,312.0353968213556,286.31916666666666
chicago,2005,p90,absoluto,gbm_histogramas,331.8333333333333,337.3087373926053,353.0916666666667
chicago,2006,p90,absoluto,gbm_histogramas,332.875,339.8344231803326,353.0916666666667
chicago,2007,p90,absoluto,gbm_histogramas,353.4166666666667,348.02120426928013,351.7075
chicago,2008,p90,absoluto,gbm_histogramas,358.21666666666664,357.22926096148547,351.7075
chicago,2009,p90,absoluto,gbm_histogramas,339.1666666666667,334.75778173391836,353.0916666666667
chicago,2010,p90,absoluto,gbm_histogramas,358.8666666666667,357.3035855461412,351.7075
chicago,2011,p90,absoluto,gbm_histogramas,354.1,359.9103664628594,351.7075
chicago,2012,p90,absoluto,gbm_histogramas,346.1666666666667,336.859865222604,353.0916666666667
chicago,2013,p90,absoluto,gbm_histogramas,346.09666666666675,350.7589313641995,353.0916666666667
chicago,2014,p90,absoluto,gbm_histogramas,350.36,350.6606585073903,353.0916666666667
chicago,2015,p90,absoluto,gbm_histogramas,350.6483333333333,359.7044013299694,353.0916666666667
chicago,2016,p90,absoluto,gbm_histogramas,352.76666666666665,351.6803583588257,352.0325
chicago,2017,p90,absoluto,gbm_histogramas,371.3666666666667,349.41907973884935,351.7075
chicago,2018,p90,absoluto,gbm_histogramas,354.53333333333336,352.3325791452765,351.7075
chicago,2019,p90,absoluto,gbm_histogramas,353.89166666666665,347.31937237684167,351.7075
chicago,2022,p90,absoluto,gbm_histogramas,355.51000000000005,357.40808678858394,351.7075
chicago,2023,p90,absoluto,gbm_histogramas,346.8,354.11284832662614,353.0916666666667
nyc,2005,p90,absoluto,gbm_histogramas,351.06666666666666,343.4054367173735,348.45
nyc,2006,p90,absoluto,gbm_histogramas,332.6666666666667,336.7575612654815,350.2166666666667
nyc,2007,p90,absoluto,gbm_histogramas,334.6333333333333,334.69596102944,350.2166666666667
nyc,2008,p90,absoluto,gbm_histogramas,333.51666666666665,337.14591192146975,350.2166666666667
nyc,2009,p90,absoluto,gbm_histogramas,332.14500000000004,334.6976885237886,350.2166666666667
nyc,2010,p90,absoluto,gbm_histogramas,337.1766666666667,335.7754459451462,350.2166666666667
nyc,2011,p90,absoluto,gbm_histogramas,336.5,341.361546657062,350.2166666666667
nyc,2013,p90,absoluto,gbm_histogramas,337.24333333333334,345.3671411087025,350.2166666666667
nyc,2014,p90,absoluto,gbm_histogramas,347.4,348.602908889446,350.2166666666667
nyc,2015,p90,absoluto,gbm_histogramas,350.93333333333334,351.5367372230241,348.45
nyc,2016,p90,absoluto,gbm_histogramas,349.5,350.044964620686,349.16666666666663
nyc,2017,p90,absoluto,gbm_histogramas,352.28333333333336,358.8789290176714,348.45
nyc,2018,p90,absoluto,gbm_histogramas,355.5,350.8532393932834,348.45
nyc,2019,p90,absoluto,gbm_histogramas,354.5833333333333,350.08795517297256,348.45
nyc,2022,p90,absoluto,gbm_histogramas,369.965,361.7256905746587,348.45
nyc,2023,p90,absoluto,gbm_histogramas,361.55,354.3064059329794,348.45
nyc,2024,p90,absoluto,gbm_histogramas,353.02666666666664,352.53873677649034,348.45
boston,2005,p90,absoluto,perceptron_multicamadas,290.3333333333333,351.3172390304314,286.31916666666666
boston,2006,p90,absoluto,perceptron_multicamadas,281.1283333333334,151.1641604509761,289.1
boston,2007,p90,absoluto,perceptron_multicamadas,287.8666666666667,392.55102656111524,287.5525
boston,2008,p90,absoluto,perceptron_multicamadas,284.54,252.91534020126153,289.1
boston,2009,p90,absoluto,perceptron_multicamadas,280.1066666666667,262.0801467161167,289.1
boston,2010,p90,absoluto,perceptron_multicamadas,280.8833333333333,277.5934183399747,289.1
boston,2011,p90,absoluto,perceptron_multicamadas,281.26166666666666,280.6128844601532,289.1
boston,2012,p90,absoluto,perceptron_multicamadas,326.36333333333334,222.91353271629,286.31916666666666
boston,2013,p90,absoluto,perceptron_multicamadas,284.77166666666665,271.6193775144706,289.1
boston,2014,p90,absoluto,perceptron_multicamadas,317.05,286.97204099082654,286.31916666666666
boston,2015,p90,absoluto,perceptron_multicamadas,282.1,220.13747135270913,289.1
boston,2016,p90,absoluto,perceptron_multicamadas,293.1366666666667,319.91452109977126,286.31916666666666
boston,2017,p90,absoluto,perceptron_multicamadas,297.75,295.3356106794997,286.31916666666666
boston,2018,p90,absoluto,perceptron_multicamadas,307.67499999999995,523.3421810497058,286.31916666666666
boston,2019,p90,absoluto,perceptron_multicamadas,297.4166666666667,211.95919089718674,286.31916666666666
chicago,2005,p90,absoluto,perceptron_multicamadas,331.8333333333333,252.48864876884394,353.0916666666667
chicago,2006,p90,absoluto,perceptron_multicamadas,332.875,390.8189863359277,353.0916666666667
chicago,2007,p90,absoluto,perceptron_multicamadas,353.4166666666667,346.40320394962055,351.7075
chicago,2008,p90,absoluto,perceptron_multicamadas,358.21666666666664,365.13193803891306,351.7075
chicago,2009,p90,absoluto,perceptron_multicamadas,339.1666666666667,430.3768862515147,353.0916666666667
chicago,2010,p90,absoluto,perceptron_multicamadas,358.8666666666667,402.9384160165091,351.7075
chicago,2011,p90,absoluto,perceptron_multicamadas,354.1,383.34965930105517,351.7075
chicago,2012,p90,absoluto,perceptron_multicamadas,346.1666666666667,340.8200236906878,353.0916666666667
chicago,2013,p90,absoluto,perceptron_multicamadas,346.09666666666675,209.9363156835516,353.0916666666667
chicago,2014,p90,absoluto,perceptron_multicamadas,350.36,250.20418164215883,353.0916666666667
chicago,2015,p90,absoluto,perceptron_multicamadas,350.6483333333333,348.63990140787223,353.0916666666667
chicago,2016,p90,absoluto,perceptron_multicamadas,352.76666666666665,287.8491671966645,352.0325
chicago,2017,p90,absoluto,perceptron_multicamadas,371.3666666666667,401.99082856183577,351.7075
chicago,2018,p90,absoluto,perceptron_multicamadas,354.53333333333336,299.81287776385375,351.7075
chicago,2019,p90,absoluto,perceptron_multicamadas,353.89166666666665,360.66365083363485,351.7075
chicago,2022,p90,absoluto,perceptron_multicamadas,355.51000000000005,358.63728460395083,351.7075
chicago,2023,p90,absoluto,perceptron_multicamadas,346.8,344.70797585258475,353.0916666666667
nyc,2005,p90,absoluto,perceptron_multicamadas,351.06666666666666,311.55462072134117,348.45
nyc,2006,p90,absoluto,perceptron_multicamadas,332.6666666666667,366.37151740315954,350.2166666666667
nyc,2007,p90,absoluto,perceptron_multicamadas,334.6333333333333,291.9592844615812,350.2166666666667
nyc,2008,p90,absoluto,perceptron_multicamadas,333.51666666666665,340.99902297985216,350.2166666666667
nyc,2009,p90,absoluto,perceptron_multicamadas,332.14500000000004,376.78177501946436,350.2166666666667
nyc,2010,p90,absoluto,perceptron_multicamadas,337.1766666666667,343.8341743492692,350.2166666666667
nyc,2011,p90,absoluto,perceptron_multicamadas,336.5,300.9842697652518,350.2166666666667
nyc,2013,p90,absoluto,perceptron_multicamadas,337.24333333333334,328.42096478290176,350.2166666666667
nyc,2014,p90,absoluto,perceptron_multicamadas,347.4,372.2040116699134,350.2166666666667
nyc,2015,p90,absoluto,perceptron_multicamadas,350.93333333333334,237.04022210533202,348.45
nyc,2016,p90,absoluto,perceptron_multicamadas,349.5,295.68128863476807,349.16666666666663
nyc,2017,p90,absoluto,perceptron_multicamadas,352.28333333333336,447.9905311989997,348.45
nyc,2018,p90,absoluto,perceptron_multicamadas,355.5,357.9191967351616,348.45
nyc,2019,p90,absoluto,perceptron_multicamadas,354.5833333333333,344.17424135258693,348.45
nyc,2022,p90,absoluto,perceptron_multicamadas,369.965,357.17620625505515,348.45
nyc,2023,p90,absoluto,perceptron_multicamadas,361.55,353.91953352874157,348.45
nyc,2024,p90,absoluto,perceptron_multicamadas,353.02666666666664,376.5952743267871,348.45
boston,2005,p90,desvio,linear,290.3333333333333,287.06587420992633,286.31916666666666
boston,2006,p90,desvio,linear,281.1283333333334,241.10465884503478,289.1
boston,2007,p90,desvio,linear,287.8666666666667,274.2594738567849,287.5525
boston,2008,p90,desvio,linear,284.54,296.38434985935623,289.1
boston,2009,p90,desvio,linear,280.1066666666667,277.7932608125045,289.1
boston,2010,p90,desvio,linear,280.8833333333333,279.7247372604313,289.1
boston,2011,p90,desvio,linear,281.26166666666666,307.30687991204263,289.1
boston,2012,p90,desvio,linear,326.36333333333334,285.55284367742615,286.31916666666666
boston,2013,p90,desvio,linear,284.77166666666665,308.31393899942844,289.1
boston,2014,p90,desvio,linear,317.05,289.57697817538144,286.31916666666666
boston,2015,p90,desvio,linear,282.1,278.4486600253471,289.1
boston,2016,p90,desvio,linear,293.1366666666667,278.3338855718068,286.31916666666666
boston,2017,p90,desvio,linear,297.75,326.5705034110921,286.31916666666666
boston,2018,p90,desvio,linear,307.67499999999995,428.86677812755113,286.31916666666666
boston,2019,p90,desvio,linear,297.4166666666667,280.8962681373103,286.31916666666666
chicago,2005,p90,desvio,linear,331.8333333333333,340.6614944648375,353.0916666666667
chicago,2006,p90,desvio,linear,332.875,320.5632840160251,353.0916666666667
chicago,2007,p90,desvio,linear,353.4166666666667,367.43462534302853,351.7075
chicago,2008,p90,desvio,linear,358.21666666666664,351.80612259366734,351.7075
chicago,2009,p90,desvio,linear,339.1666666666667,323.91126381311193,353.0916666666667
chicago,2010,p90,desvio,linear,358.8666666666667,369.1110832807368,351.7075
chicago,2011,p90,desvio,linear,354.1,361.1927035381379,351.7075
chicago,2012,p90,desvio,linear,346.1666666666667,336.7181756713362,353.0916666666667
chicago,2013,p90,desvio,linear,346.09666666666675,352.46766233592706,353.0916666666667
chicago,2014,p90,desvio,linear,350.36,348.1381775419508,353.0916666666667
chicago,2015,p90,desvio,linear,350.6483333333333,363.3118710610363,353.0916666666667
chicago,2016,p90,desvio,linear,352.76666666666665,352.73555605281746,352.0325
chicago,2017,p90,desvio,linear,371.3666666666667,361.06933845035906,351.7075
chicago,2018,p90,desvio,linear,354.53333333333336,364.3662335723743,351.7075
chicago,2019,p90,desvio,linear,353.89166666666665,361.5523301239236,351.7075
chicago,2022,p90,desvio,linear,355.51000000000005,335.3254837009854,351.7075
chicago,2023,p90,desvio,linear,346.8,348.0107592843425,353.0916666666667
nyc,2005,p90,desvio,linear,351.06666666666666,335.51143547246824,348.45
nyc,2006,p90,desvio,linear,332.6666666666667,334.8619727369117,350.2166666666667
nyc,2007,p90,desvio,linear,334.6333333333333,325.3344094875084,350.2166666666667
nyc,2008,p90,desvio,linear,333.51666666666665,347.0079228025926,350.2166666666667
nyc,2009,p90,desvio,linear,332.14500000000004,347.45270636110087,350.2166666666667
nyc,2010,p90,desvio,linear,337.1766666666667,338.2546856316894,350.2166666666667
nyc,2011,p90,desvio,linear,336.5,345.48617027017286,350.2166666666667
nyc,2013,p90,desvio,linear,337.24333333333334,341.29852085771245,350.2166666666667
nyc,2014,p90,desvio,linear,347.4,330.0473072293779,350.2166666666667
nyc,2015,p90,desvio,linear,350.93333333333334,363.66491789314085,348.45
nyc,2016,p90,desvio,linear,349.5,352.8252343747024,349.16666666666663
nyc,2017,p90,desvio,linear,352.28333333333336,354.84152235771637,348.45
nyc,2018,p90,desvio,linear,355.5,335.2549960732688,348.45
nyc,2019,p90,desvio,linear,354.5833333333333,344.53519775936746,348.45
nyc,2022,p90,desvio,linear,369.965,385.65096703895114,348.45
nyc,2023,p90,desvio,linear,361.55,356.1350458918237,348.45
nyc,2024,p90,desvio,linear,353.02666666666664,374.36189991990017,348.45
boston,2005,p90,desvio,ridge,290.3333333333333,287.7345574198396,286.31916666666666
boston,2006,p90,desvio,ridge,281.1283333333334,277.0221411563993,289.1
boston,2007,p90,desvio,ridge,287.8666666666667,276.488294479733,287.5525
boston,2008,p90,desvio,ridge,284.54,289.60846639033525,289.1
boston,2009,p90,desvio,ridge,280.1066666666667,285.32888331571945,289.1
boston,2010,p90,desvio,ridge,280.8833333333333,286.151626168401,289.1
boston,2011,p90,desvio,ridge,281.26166666666666,294.0680041756173,289.1
boston,2012,p90,desvio,ridge,326.36333333333334,301.0561600116547,286.31916666666666
boston,2013,p90,desvio,ridge,284.77166666666665,289.2781464745919,289.1
boston,2014,p90,desvio,ridge,317.05,293.91535020337335,286.31916666666666
boston,2015,p90,desvio,ridge,282.1,291.587566724715,289.1
boston,2016,p90,desvio,ridge,293.1366666666667,300.61145422874546,286.31916666666666
boston,2017,p90,desvio,ridge,297.75,307.20761263973725,286.31916666666666
boston,2018,p90,desvio,ridge,307.67499999999995,277.98453162781703,286.31916666666666
boston,2019,p90,desvio,ridge,297.4166666666667,310.5400526282641,286.31916666666666
chicago,2005,p90,desvio,ridge,331.8333333333333,344.8430546067245,353.0916666666667
chicago,2006,p90,desvio,ridge,332.875,329.35142590567705,353.0916666666667
chicago,2007,p90,desvio,ridge,353.4166666666667,366.98763374818566,351.7075
chicago,2008,p90,desvio,ridge,358.21666666666664,359.7040510533,351.7075
chicago,2009,p90,desvio,ridge,339.1666666666667,334.16197504777733,353.0916666666667
chicago,2010,p90,desvio,ridge,358.8666666666667,360.8013148311425,351.7075
chicago,2011,p90,desvio,ridge,354.1,360.1359658871912,351.7075
chicago,2012,p90,desvio,ridge,346.1666666666667,338.310746790401,353.0916666666667
chicago,2013,p90,desvio,ridge,346.09666666666675,351.2896824431156,353.0916666666667
chicago,2014,p90,desvio,ridge,350.36,353.09058972562457,353.0916666666667
chicago,2015,p90,desvio,ridge,350.6483333333333,363.923373063568,353.0916666666667
chicago,2016,p90,desvio,ridge,352.76666666666665,354.52682853622264,352.0325
chicago,2017,p90,desvio,ridge,371.3666666666667,362.4325681149452,351.7075
chicago,2018,p90,desvio,ridge,354.53333333333336,354.87932537153466,351.7075
chicago,2019,p90,desvio,ridge,353.89166666666665,348.7871169027158,351.7075
chicago,2022,p90,desvio,ridge,355.51000000000005,356.779768398199,351.7075
chicago,2023,p90,desvio,ridge,346.8,353.08530307033544,353.0916666666667
nyc,2005,p90,desvio,ridge,351.06666666666666,342.36501502382066,348.45
nyc,2006,p90,desvio,ridge,332.6666666666667,335.24190829769685,350.2166666666667
nyc,2007,p90,desvio,ridge,334.6333333333333,343.4582570604464,350.2166666666667
nyc,2008,p90,desvio,ridge,333.51666666666665,336.463993366614,350.2166666666667
nyc,2009,p90,desvio,ridge,332.14500000000004,338.84666249552936,350.2166666666667
nyc,2010,p90,desvio,ridge,337.1766666666667,337.3386837197416,350.2166666666667
nyc,2011,p90,desvio,ridge,336.5,344.6034799488671,350.2166666666667
nyc,2013,p90,desvio,ridge,337.24333333333334,340.0706976018457,350.2166666666667
nyc,2014,p90,desvio,ridge,347.4,334.9992188775505,350.2166666666667
nyc,2015,p90,desvio,ridge,350.93333333333334,351.96974568356666,348.45
nyc,2016,p90,desvio,ridge,349.5,348.47175878928937,349.16666666666663
nyc,2017,p90,desvio,ridge,352.28333333333336,348.18755587524646,348.45
nyc,2018,p90,desvio,ridge,355.5,347.77167711787024,348.45
nyc,2019,p90,desvio,ridge,354.5833333333333,348.5248973560893,348.45
nyc,2022,p90,desvio,ridge,369.965,364.18254373506613,348.45
nyc,2023,p90,desvio,ridge,361.55,354.3742089650497,348.45
nyc,2024,p90,desvio,ridge,353.02666666666664,352.72158789982404,348.45
boston,2005,p90,desvio,floresta_aleatoria,290.3333333333333,293.63183783647486,286.31916666666666
boston,2006,p90,desvio,floresta_aleatoria,281.1283333333334,280.65255923611113,289.1
boston,2007,p90,desvio,floresta_aleatoria,287.8666666666667,284.2258107382606,287.5525
boston,2008,p90,desvio,floresta_aleatoria,284.54,289.76566584656086,289.1
boston,2009,p90,desvio,floresta_aleatoria,280.1066666666667,282.68153227347887,289.1
boston,2010,p90,desvio,floresta_aleatoria,280.8833333333333,282.39351005621694,289.1
boston,2011,p90,desvio,floresta_aleatoria,281.26166666666666,289.6668924570106,289.1
boston,2012,p90,desvio,floresta_aleatoria,326.36333333333334,293.98381237433864,286.31916666666666
boston,2013,p90,desvio,floresta_aleatoria,284.77166666666665,284.0160414384921,289.1
boston,2014,p90,desvio,floresta_aleatoria,317.05,288.49556111539505,286.31916666666666
boston,2015,p90,desvio,floresta_aleatoria,282.1,293.10331130621694,289.1
boston,2016,p90,desvio,floresta_aleatoria,293.1366666666667,295.0982575346471,286.31916666666666
boston,2017,p90,desvio,floresta_aleatoria,297.75,295.8089596031746,286.31916666666666
boston,2018,p90,desvio,floresta_aleatoria,307.67499999999995,283.93766276372355,286.31916666666666
boston,2019,p90,desvio,floresta_aleatoria,297.4166666666667,301.03782087136244,286.31916666666666
chicago,2005,p90,desvio,floresta_aleatoria,331.8333333333333,349.6429718369709,353.0916666666667
chicago,2006,p90,desvio,floresta_aleatoria,332.875,342.1278889715609,353.0916666666667
chicago,2007,p90,desvio,floresta_aleatoria,353.4166666666667,364.46606213624335,351.7075
chicago,2008,p90,desvio,floresta_aleatoria,358.21666666666664,356.0078784209656,351.7075
chicago,2009,p90,desvio,floresta_aleatoria,339.1666666666667,341.85087371362437,353.0916666666667
chicago,2010,p90,desvio,floresta_aleatoria,358.8666666666667,355.89915399057537,351.7075
chicago,2011,p90,desvio,floresta_aleatoria,354.1,357.8486412475198,351.7075
chicago,2012,p90,desvio,floresta_aleatoria,346.1666666666667,343.0073781448413,353.0916666666667
chicago,2013,p90,desvio,floresta_aleatoria,346.09666666666675,350.81826856977517,353.0916666666667
chicago,2014,p90,desvio,floresta_aleatoria,350.36,357.7943816534392,353.0916666666667
chicago,2015,p90,desvio,floresta_aleatoria,350.6483333333333,368.0047562351191,353.0916666666667
chicago,2016,p90,desvio,floresta_aleatoria,352.76666666666665,354.03034452298283,352.0325
chicago,2017,p90,desvio,floresta_aleatoria,371.3666666666667,357.7713766017316,351.7075
chicago,2018,p90,desvio,floresta_aleatoria,354.53333333333336,355.31038951140874,351.7075
chicago,2019,p90,desvio,floresta_aleatoria,353.89166666666665,351.08058504960314,351.7075
chicago,2022,p90,desvio,floresta_aleatoria,355.51000000000005,360.373182172619,351.7075
chicago,2023,p90,desvio,floresta_aleatoria,346.8,354.55883717261906,353.0916666666667
nyc,2005,p90,desvio,floresta_aleatoria,351.06666666666666,349.589654156746,348.45
nyc,2006,p90,desvio,floresta_aleatoria,332.6666666666667,339.0181841335979,350.2166666666667
nyc,2007,p90,desvio,floresta_aleatoria,334.6333333333333,340.7995579993387,350.2166666666667
nyc,2008,p90,desvio,floresta_aleatoria,333.51666666666665,337.1358525462963,350.2166666666667
nyc,2009,p90,desvio,floresta_aleatoria,332.14500000000004,342.08008588293654,350.2166666666667
nyc,2010,p90,desvio,floresta_aleatoria,337.1766666666667,337.81071409226195,350.2166666666667
nyc,2011,p90,desvio,floresta_aleatoria,336.5,341.3404855009921,350.2166666666667
nyc,2013,p90,desvio,floresta_aleatoria,337.24333333333334,344.54091747189153,350.2166666666667
nyc,2014,p90,desvio,floresta_aleatoria,347.4,343.338737853836,350.2166666666667
nyc,2015,p90,desvio,floresta_aleatoria,350.93333333333334,352.2822785515873,348.45
nyc,2016,p90,desvio,floresta_aleatoria,349.5,347.9549718386243,349.16666666666663
nyc,2017,p90,desvio,floresta_aleatoria,352.28333333333336,356.838958994709,348.45
nyc,2018,p90,desvio,floresta_aleatoria,355.5,351.0340116898148,348.45
nyc,2019,p90,desvio,floresta_aleatoria,354.5833333333333,348.72699016203705,348.45
nyc,2022,p90,desvio,floresta_aleatoria,369.965,360.1999539781746,348.45
nyc,2023,p90,desvio,floresta_aleatoria,361.55,354.4833791468254,348.45
nyc,2024,p90,desvio,floresta_aleatoria,353.02666666666664,350.18308688988094,348.45
boston,2005,p90,desvio,gbm_histogramas,290.3333333333333,300.1064962251697,286.31916666666666
boston,2006,p90,desvio,gbm_histogramas,281.1283333333334,287.0078975450128,289.1
boston,2007,p90,desvio,gbm_histogramas,287.8666666666667,286.94864458282495,287.5525
boston,2008,p90,desvio,gbm_histogramas,284.54,291.1624991334992,289.1
boston,2009,p90,desvio,gbm_histogramas,280.1066666666667,279.4877269186459,289.1
boston,2010,p90,desvio,gbm_histogramas,280.8833333333333,274.84292339806404,289.1
boston,2011,p90,desvio,gbm_histogramas,281.26166666666666,293.5570016213347,289.1
boston,2012,p90,desvio,gbm_histogramas,326.36333333333334,297.7313167347973,286.31916666666666
boston,2013,p90,desvio,gbm_histogramas,284.77166666666665,290.25763109987577,289.1
boston,2014,p90,desvio,gbm_histogramas,317.05,290.6313143825745,286.31916666666666
boston,2015,p90,desvio,gbm_histogramas,282.1,294.86208091929194,289.1
boston,2016,p90,desvio,gbm_histogramas,293.1366666666667,299.4180229634232,286.31916666666666
boston,2017,p90,desvio,gbm_histogramas,297.75,298.5161618102028,286.31916666666666
boston,2018,p90,desvio,gbm_histogramas,307.67499999999995,284.2750986159406,286.31916666666666
boston,2019,p90,desvio,gbm_histogramas,297.4166666666667,307.2345445530033,286.31916666666666
chicago,2005,p90,desvio,gbm_histogramas,331.8333333333333,345.9919940917307,353.0916666666667
chicago,2006,p90,desvio,gbm_histogramas,332.875,342.30387091247593,353.0916666666667
chicago,2007,p90,desvio,gbm_histogramas,353.4166666666667,361.68276983014863,351.7075
chicago,2008,p90,desvio,gbm_histogramas,358.21666666666664,355.34533288611647,351.7075
chicago,2009,p90,desvio,gbm_histogramas,339.1666666666667,341.0669796743855,353.0916666666667
chicago,2010,p90,desvio,gbm_histogramas,358.8666666666667,359.8897345093518,351.7075
chicago,2011,p90,desvio,gbm_histogramas,354.1,354.7336349566838,351.7075
chicago,2012,p90,desvio,gbm_histogramas,346.1666666666667,342.0906006894624,353.0916666666667
chicago,2013,p90,desvio,gbm_histogramas,346.09666666666675,347.1924259892964,353.0916666666667
chicago,2014,p90,desvio,gbm_histogramas,350.36,356.553579578452,353.0916666666667
chicago,2015,p90,desvio,gbm_histogramas,350.6483333333333,370.2472704131376,353.0916666666667
chicago,2016,p90,desvio,gbm_histogramas,352.76666666666665,354.57061973819253,352.0325
chicago,2017,p90,desvio,gbm_histogramas,371.3666666666667,356.36286675676797,351.7075
chicago,2018,p90,desvio,gbm_histogramas,354.53333333333336,355.7310876459657,351.7075
chicago,2019,p90,desvio,gbm_histogramas,353.89166666666665,350.8593521190778,351.7075
chicago,2022,p90,desvio,gbm_histogramas,355.51000000000005,356.32170020159504,351.7075
chicago,2023,p90,desvio,gbm_histogramas,346.8,356.015442446286,353.0916666666667
nyc,2005,p90,desvio,gbm_histogramas,351.06666666666666,348.2041699018273,348.45
nyc,2006,p90,desvio,gbm_histogramas,332.6666666666667,334.984212157596,350.2166666666667
nyc,2007,p90,desvio,gbm_histogramas,334.6333333333333,334.9824086852665,350.2166666666667
nyc,2008,p90,desvio,gbm_histogramas,333.51666666666665,336.6491423181792,350.2166666666667
nyc,2009,p90,desvio,gbm_histogramas,332.14500000000004,335.280368611119,350.2166666666667
nyc,2010,p90,desvio,gbm_histogramas,337.1766666666667,337.3707280432886,350.2166666666667
nyc,2011,p90,desvio,gbm_histogramas,336.5,340.74226481087464,350.2166666666667
nyc,2013,p90,desvio,gbm_histogramas,337.24333333333334,342.47207872929414,350.2166666666667
nyc,2014,p90,desvio,gbm_histogramas,347.4,343.469533446256,350.2166666666667
nyc,2015,p90,desvio,gbm_histogramas,350.93333333333334,348.602065885651,348.45
nyc,2016,p90,desvio,gbm_histogramas,349.5,351.8439962264817,349.16666666666663
nyc,2017,p90,desvio,gbm_histogramas,352.28333333333336,357.0118265986367,348.45
nyc,2018,p90,desvio,gbm_histogramas,355.5,352.49207003681073,348.45
nyc,2019,p90,desvio,gbm_histogramas,354.5833333333333,348.10176142615836,348.45
nyc,2022,p90,desvio,gbm_histogramas,369.965,366.7817703708265,348.45
nyc,2023,p90,desvio,gbm_histogramas,361.55,352.92129647161073,348.45
nyc,2024,p90,desvio,gbm_histogramas,353.02666666666664,353.89452763727513,348.45
boston,2005,p90,desvio,perceptron_multicamadas,290.3333333333333,295.6185703376396,286.31916666666666
boston,2006,p90,desvio,perceptron_multicamadas,281.1283333333334,271.35734936033174,289.1
boston,2007,p90,desvio,perceptron_multicamadas,287.8666666666667,269.60315999505997,287.5525
boston,2008,p90,desvio,perceptron_multicamadas,284.54,294.2837383976336,289.1
boston,2009,p90,desvio,perceptron_multicamadas,280.1066666666667,279.81411584787196,289.1
boston,2010,p90,desvio,perceptron_multicamadas,280.8833333333333,279.008994392646,289.1
boston,2011,p90,desvio,perceptron_multicamadas,281.26166666666666,300.2999179200127,289.1
boston,2012,p90,desvio,perceptron_multicamadas,326.36333333333334,306.08610163986367,286.31916666666666
boston,2013,p90,desvio,perceptron_multicamadas,284.77166666666665,282.3949639713103,289.1
boston,2014,p90,desvio,perceptron_multicamadas,317.05,293.1197539820727,286.31916666666666
boston,2015,p90,desvio,perceptron_multicamadas,282.1,298.46490803565257,289.1
boston,2016,p90,desvio,perceptron_multicamadas,293.1366666666667,300.20794846439657,286.31916666666666
boston,2017,p90,desvio,perceptron_multicamadas,297.75,308.3810610343493,286.31916666666666
boston,2018,p90,desvio,perceptron_multicamadas,307.67499999999995,275.15367996875256,286.31916666666666
boston,2019,p90,desvio,perceptron_multicamadas,297.4166666666667,310.38753361809097,286.31916666666666
chicago,2005,p90,desvio,perceptron_multicamadas,331.8333333333333,343.8625415002801,353.0916666666667
chicago,2006,p90,desvio,perceptron_multicamadas,332.875,341.7552200106816,353.0916666666667
chicago,2007,p90,desvio,perceptron_multicamadas,353.4166666666667,354.1935172876864,351.7075
chicago,2008,p90,desvio,perceptron_multicamadas,358.21666666666664,364.78000469559703,351.7075
chicago,2009,p90,desvio,perceptron_multicamadas,339.1666666666667,342.00814130469143,353.0916666666667
chicago,2010,p90,desvio,perceptron_multicamadas,358.8666666666667,353.6513548274764,351.7075
chicago,2011,p90,desvio,perceptron_multicamadas,354.1,364.0328698456432,351.7075
chicago,2012,p90,desvio,perceptron_multicamadas,346.1666666666667,345.71313522304524,353.0916666666667
chicago,2013,p90,desvio,perceptron_multicamadas,346.09666666666675,347.0078148758422,353.0916666666667
chicago,2014,p90,desvio,perceptron_multicamadas,350.36,349.82282902533893,353.0916666666667
chicago,2015,p90,desvio,perceptron_multicamadas,350.6483333333333,367.00222278233855,353.0916666666667
chicago,2016,p90,desvio,perceptron_multicamadas,352.76666666666665,354.9678601657744,352.0325
chicago,2017,p90,desvio,perceptron_multicamadas,371.3666666666667,357.92418091672596,351.7075
chicago,2018,p90,desvio,perceptron_multicamadas,354.53333333333336,350.1368767524612,351.7075
chicago,2019,p90,desvio,perceptron_multicamadas,353.89166666666665,349.1120265805079,351.7075
chicago,2022,p90,desvio,perceptron_multicamadas,355.51000000000005,353.33810531257166,351.7075
chicago,2023,p90,desvio,perceptron_multicamadas,346.8,355.2396954207962,353.0916666666667
nyc,2005,p90,desvio,perceptron_multicamadas,351.06666666666666,330.3399407828426,348.45
nyc,2006,p90,desvio,perceptron_multicamadas,332.6666666666667,328.64523887736254,350.2166666666667
nyc,2007,p90,desvio,perceptron_multicamadas,334.6333333333333,342.6775411296649,350.2166666666667
nyc,2008,p90,desvio,perceptron_multicamadas,333.51666666666665,331.6892015442117,350.2166666666667
nyc,2009,p90,desvio,perceptron_multicamadas,332.14500000000004,336.5419720899974,350.2166666666667
nyc,2010,p90,desvio,perceptron_multicamadas,337.1766666666667,337.0916238714379,350.2166666666667
nyc,2011,p90,desvio,perceptron_multicamadas,336.5,342.07307454989996,350.2166666666667
nyc,2013,p90,desvio,perceptron_multicamadas,337.24333333333334,338.7861759883634,350.2166666666667
nyc,2014,p90,desvio,perceptron_multicamadas,347.4,338.2613693082975,350.2166666666667
nyc,2015,p90,desvio,perceptron_multicamadas,350.93333333333334,351.98213252499875,348.45
nyc,2016,p90,desvio,perceptron_multicamadas,349.5,346.6910549677046,349.16666666666663
nyc,2017,p90,desvio,perceptron_multicamadas,352.28333333333336,349.85349159712473,348.45
nyc,2018,p90,desvio,perceptron_multicamadas,355.5,348.76291248651125,348.45
nyc,2019,p90,desvio,perceptron_multicamadas,354.5833333333333,348.1752205996137,348.45
nyc,2022,p90,desvio,perceptron_multicamadas,369.965,364.2279528794208,348.45
nyc,2023,p90,desvio,perceptron_multicamadas,361.55,363.5865909145028,348.45
nyc,2024,p90,desvio,perceptron_multicamadas,353.02666666666664,364.45029435556637,348.45
