protocolo,maratona,ano,alvo,modelo,real_min,pred_min,ref_min
LOMO,boston,2005,p10,media_global,194.045,208.95156862745094,208.10333333333332
LOMO,boston,2006,p10,media_global,188.60166666666663,208.95156862745094,208.10333333333332
LOMO,boston,2007,p10,media_global,191.035,208.95156862745094,208.10333333333332
LOMO,boston,2008,p10,media_global,188.58333333333331,208.95156862745094,208.10333333333332
LOMO,boston,2009,p10,media_global,187.4333333333333,208.95156862745094,208.10333333333332
LOMO,boston,2010,p10,media_global,187.58666666666667,208.95156862745094,208.10333333333332
LOMO,boston,2011,p10,media_global,186.8,208.95156862745094,208.10333333333332
LOMO,boston,2012,p10,media_global,203.03333333333333,208.95156862745094,208.10333333333332
LOMO,boston,2013,p10,media_global,181.22833333333327,208.95156862745094,208.10333333333332
LOMO,boston,2014,p10,media_global,184.78333333333333,208.95156862745094,208.10333333333332
LOMO,boston,2015,p10,media_global,180.06166666666667,208.95156862745094,208.10333333333332
LOMO,boston,2016,p10,media_global,188.6833333333333,208.95156862745094,208.10333333333332
LOMO,boston,2017,p10,media_global,189.18166666666667,208.95156862745094,208.10333333333332
LOMO,boston,2018,p10,media_global,185.35,208.95156862745094,208.10333333333332
LOMO,boston,2019,p10,media_global,180.2333333333333,208.95156862745094,208.10333333333332
LOMO,chicago,2005,p10,media_global,208.26666666666668,199.54765625,204.45833333333331
LOMO,chicago,2006,p10,media_global,204.55,199.54765625,204.45833333333331
LOMO,chicago,2007,p10,media_global,230.4833333333333,199.54765625,204.45833333333331
LOMO,chicago,2008,p10,media_global,219.47333333333333,199.54765625,204.45833333333331
LOMO,chicago,2009,p10,media_global,206.08,199.54765625,204.45833333333331
LOMO,chicago,2010,p10,media_global,214.95,199.54765625,204.45833333333331
LOMO,chicago,2011,p10,media_global,213.9833333333333,199.54765625,204.45833333333331
LOMO,chicago,2012,p10,media_global,208.13333333333333,199.54765625,204.45833333333331
LOMO,chicago,2013,p10,media_global,208.6,199.54765625,204.45833333333331
LOMO,chicago,2014,p10,media_global,206.61666666666667,199.54765625,204.45833333333331
LOMO,chicago,2015,p10,media_global,207.51666666666668,199.54765625,204.45833333333331
LOMO,chicago,2016,p10,media_global,207.08333333333331,199.54765625,204.45833333333331
LOMO,chicago,2017,p10,media_global,211.21666666666667,199.54765625,204.45833333333331
LOMO,chicago,2018,p10,media_global,204.05,199.54765625,204.45833333333331
LOMO,chicago,2019,p10,media_global,198.275,199.54765625,204.45833333333331
LOMO,chicago,2022,p10,media_global,197.0233333333333,199.54765625,204.45833333333331
LOMO,chicago,2023,p10,media_global,189.16666666666663,199.54765625,204.45833333333331
LOMO,nyc,2005,p10,media_global,217.06166666666667,198.50338541666667,197.64916666666664
LOMO,nyc,2006,p10,media_global,208.05,198.50338541666667,197.64916666666664
LOMO,nyc,2007,p10,media_global,208.8,198.50338541666667,197.64916666666664
LOMO,nyc,2008,p10,media_global,205.88333333333333,198.50338541666667,197.64916666666664
LOMO,nyc,2009,p10,media_global,206.47166666666664,198.50338541666667,197.64916666666664
LOMO,nyc,2010,p10,media_global,208.07333333333332,198.50338541666667,197.64916666666664
LOMO,nyc,2011,p10,media_global,207.0283333333333,198.50338541666667,197.64916666666664
LOMO,nyc,2013,p10,media_global,210.60666666666668,198.50338541666667,197.64916666666664
LOMO,nyc,2014,p10,media_global,213.27166666666668,198.50338541666667,197.64916666666664
LOMO,nyc,2015,p10,media_global,214.6,198.50338541666667,197.64916666666664
LOMO,nyc,2016,p10,media_global,213.21666666666667,198.50338541666667,197.64916666666664
LOMO,nyc,2017,p10,media_global,211.06666666666663,198.50338541666667,197.64916666666664
LOMO,nyc,2018,p10,media_global,209.68833333333333,198.50338541666667,197.64916666666664
LOMO,nyc,2019,p10,media_global,206.81666666666663,198.50338541666667,197.64916666666664
LOMO,nyc,2022,p10,media_global,218.76666666666668,198.50338541666667,197.64916666666664
LOMO,nyc,2023,p10,media_global,207.58333333333331,198.50338541666667,197.64916666666664
LOMO,nyc,2024,p10,media_global,201.9,198.50338541666667,197.64916666666664
LOMO,boston,2005,p10,referencia_historica,194.045,208.10333333333332,208.10333333333332
LOMO,boston,2006,p10,referencia_historica,188.60166666666663,208.10333333333332,208.10333333333332
LOMO,boston,2007,p10,referencia_historica,191.035,208.10333333333332,208.10333333333332
LOMO,boston,2008,p10,referencia_historica,188.58333333333331,208.10333333333332,208.10333333333332
LOMO,boston,2009,p10,referencia_historica,187.4333333333333,208.10333333333332,208.10333333333332
LOMO,boston,2010,p10,referencia_historica,187.58666666666667,208.10333333333332,208.10333333333332
LOMO,boston,2011,p10,referencia_historica,186.8,208.10333333333332,208.10333333333332
LOMO,boston,2012,p10,referencia_historica,203.03333333333333,208.10333333333332,208.10333333333332
LOMO,boston,2013,p10,referencia_historica,181.22833333333327,208.10333333333332,208.10333333333332
LOMO,boston,2014,p10,referencia_historica,184.78333333333333,208.10333333333332,208.10333333333332
LOMO,boston,2015,p10,referencia_historica,180.06166666666667,208.10333333333332,208.10333333333332
LOMO,boston,2016,p10,referencia_historica,188.6833333333333,208.10333333333332,208.10333333333332
LOMO,boston,2017,p10,referencia_historica,189.18166666666667,208.10333333333332,208.10333333333332
LOMO,boston,2018,p10,referencia_historica,185.35,208.10333333333332,208.10333333333332
LOMO,boston,2019,p10,referencia_historica,180.2333333333333,208.10333333333332,208.10333333333332
LOMO,chicago,2005,p10,referencia_historica,208.26666666666668,204.45833333333331,204.45833333333331
LOMO,chicago,2006,p10,referencia_historica,204.55,204.45833333333331,204.45833333333331
LOMO,chicago,2007,p10,referencia_historica,230.4833333333333,204.45833333333331,204.45833333333331
LOMO,chicago,2008,p10,referencia_historica,219.47333333333333,204.45833333333331,204.45833333333331
LOMO,chicago,2009,p10,referencia_historica,206.08,204.45833333333331,204.45833333333331
LOMO,chicago,2010,p10,referencia_historica,214.95,204.45833333333331,204.45833333333331
LOMO,chicago,2011,p10,referencia_historica,213.9833333333333,204.45833333333331,204.45833333333331
LOMO,chicago,2012,p10,referencia_historica,208.13333333333333,204.45833333333331,204.45833333333331
LOMO,chicago,2013,p10,referencia_historica,208.6,204.45833333333331,204.45833333333331
LOMO,chicago,2014,p10,referencia_historica,206.61666666666667,204.45833333333331,204.45833333333331
LOMO,chicago,2015,p10,referencia_historica,207.51666666666668,204.45833333333331,204.45833333333331
LOMO,chicago,2016,p10,referencia_historica,207.08333333333331,204.45833333333331,204.45833333333331
LOMO,chicago,2017,p10,referencia_historica,211.21666666666667,204.45833333333331,204.45833333333331
LOMO,chicago,2018,p10,referencia_historica,204.05,204.45833333333331,204.45833333333331
LOMO,chicago,2019,p10,referencia_historica,198.275,204.45833333333331,204.45833333333331
LOMO,chicago,2022,p10,referencia_historica,197.0233333333333,204.45833333333331,204.45833333333331
LOMO,chicago,2023,p10,referencia_historica,189.16666666666663,204.45833333333331,204.45833333333331
LOMO,nyc,2005,p10,referencia_historica,217.06166666666667,197.64916666666664,197.64916666666664
LOMO,nyc,2006,p10,referencia_historica,208.05,197.64916666666664,197.64916666666664
LOMO,nyc,2007,p10,referencia_historica,208.8,197.64916666666664,197.64916666666664
LOMO,nyc,2008,p10,referencia_historica,205.88333333333333,197.64916666666664,197.64916666666664
LOMO,nyc,2009,p10,referencia_historica,206.47166666666664,197.64916666666664,197.64916666666664
LOMO,nyc,2010,p10,referencia_historica,208.07333333333332,197.64916666666664,197.64916666666664
LOMO,nyc,2011,p10,referencia_historica,207.0283333333333,197.64916666666664,197.64916666666664
LOMO,nyc,2013,p10,referencia_historica,210.60666666666668,197.64916666666664,197.64916666666664
LOMO,nyc,2014,p10,referencia_historica,213.27166666666668,197.64916666666664,197.64916666666664
LOMO,nyc,2015,p10,referencia_historica,214.6,197.64916666666664,197.64916666666664
LOMO,nyc,2016,p10,referencia_historica,213.21666666666667,197.64916666666664,197.64916666666664
LOMO,nyc,2017,p10,referencia_historica,211.06666666666663,197.64916666666664,197.64916666666664
LOMO,nyc,2018,p10,referencia_historica,209.68833333333333,197.64916666666664,197.64916666666664
LOMO,nyc,2019,p10,referencia_historica,206.81666666666663,197.64916666666664,197.64916666666664
LOMO,nyc,2022,p10,referencia_historica,218.76666666666668,197.64916666666664,197.64916666666664
LOMO,nyc,2023,p10,referencia_historica,207.58333333333331,197.64916666666664,197.64916666666664
LOMO,nyc,2024,p10,referencia_historica,201.9,197.64916666666664,197.64916666666664
LOMO,boston,2005,p10,ridge_abs,194.045,223.99912205960229,208.10333333333332
LOMO,boston,2006,p10,ridge_abs,188.60166666666663,219.8076266114926,208.10333333333332
LOMO,boston,2007,p10,ridge_abs,191.035,217.7130829567295,208.10333333333332
LOMO,boston,2008,p10,ridge_abs,188.58333333333331,220.43702017672976,208.10333333333332
LOMO,boston,2009,p10,ridge_abs,187.4333333333333,217.73701728486097,208.10333333333332
LOMO,boston,2010,p10,ridge_abs,187.58666666666667,211.85970692178336,208.10333333333332
LOMO,boston,2011,p10,ridge_abs,186.8,218.18477586642996,208.10333333333332
LOMO,boston,2012,p10,ridge_abs,203.03333333333333,226.58260595464372,208.10333333333332
LOMO,boston,2013,p10,ridge_abs,181.22833333333327,217.45913889727922,208.10333333333332
LOMO,boston,2014,p10,ridge_abs,184.78333333333333,217.97680720183638,208.10333333333332
LOMO,boston,2015,p10,ridge_abs,180.06166666666667,211.83471357180275,208.10333333333332
LOMO,boston,2016,p10,ridge_abs,188.6833333333333,221.47206805252188,208.10333333333332
LOMO,boston,2017,p10,ridge_abs,189.18166666666667,224.09909211443733,208.10333333333332
LOMO,boston,2018,p10,ridge_abs,185.35,202.78695814223536,208.10333333333332
LOMO,boston,2019,p10,ridge_abs,180.2333333333333,219.18337632839783,208.10333333333332
LOMO,chicago,2005,p10,ridge_abs,208.26666666666668,217.13652495499662,204.45833333333331
LOMO,chicago,2006,p10,ridge_abs,204.55,207.96271867824055,204.45833333333331
LOMO,chicago,2007,p10,ridge_abs,230.4833333333333,224.89119021470756,204.45833333333331
LOMO,chicago,2008,p10,ridge_abs,219.47333333333333,224.85278151628685,204.45833333333331
LOMO,chicago,2009,p10,ridge_abs,206.08,199.9494052276697,204.45833333333331
LOMO,chicago,2010,p10,ridge_abs,214.95,221.78320068033486,204.45833333333331
LOMO,chicago,2011,p10,ridge_abs,213.9833333333333,218.5045743636919,204.45833333333331
LOMO,chicago,2012,p10,ridge_abs,208.13333333333333,200.61020546419192,204.45833333333331
LOMO,chicago,2013,p10,ridge_abs,208.6,210.34017604310029,204.45833333333331
LOMO,chicago,2014,p10,ridge_abs,206.61666666666667,210.2134635929527,204.45833333333331
LOMO,chicago,2015,p10,ridge_abs,207.51666666666668,216.58282921389323,204.45833333333331
LOMO,chicago,2016,p10,ridge_abs,207.08333333333331,210.98847755365233,204.45833333333331
LOMO,chicago,2017,p10,ridge_abs,211.21666666666667,214.1314981978615,204.45833333333331
LOMO,chicago,2018,p10,ridge_abs,204.05,211.72461261472182,204.45833333333331
LOMO,chicago,2019,p10,ridge_abs,198.275,199.90889957278662,204.45833333333331
LOMO,chicago,2022,p10,ridge_abs,197.0233333333333,203.51142276888393,204.45833333333331
LOMO,chicago,2023,p10,ridge_abs,189.16666666666663,194.6098849707262,204.45833333333331
LOMO,nyc,2005,p10,ridge_abs,217.06166666666667,168.76528904573826,197.64916666666664
LOMO,nyc,2006,p10,ridge_abs,208.05,160.40190679676135,197.64916666666664
LOMO,nyc,2007,p10,ridge_abs,208.8,165.27249861618014,197.64916666666664
LOMO,nyc,2008,p10,ridge_abs,205.88333333333333,174.40638140817143,197.64916666666664
LOMO,nyc,2009,p10,ridge_abs,206.47166666666664,165.47284171363617,197.64916666666664
LOMO,nyc,2010,p10,ridge_abs,208.07333333333332,168.40365028310788,197.64916666666664
LOMO,nyc,2011,p10,ridge_abs,207.0283333333333,173.36815734548776,197.64916666666664
LOMO,nyc,2013,p10,ridge_abs,210.60666666666668,171.72999996572042,197.64916666666664
LOMO,nyc,2014,p10,ridge_abs,213.27166666666668,172.74220531801194,197.64916666666664
LOMO,nyc,2015,p10,ridge_abs,214.6,187.2853792994639,197.64916666666664
LOMO,nyc,2016,p10,ridge_abs,213.21666666666667,182.27831522095315,197.64916666666664
LOMO,nyc,2017,p10,ridge_abs,211.06666666666663,186.1339071864852,197.64916666666664
LOMO,nyc,2018,p10,ridge_abs,209.68833333333333,180.15820414891607,197.64916666666664
LOMO,nyc,2019,p10,ridge_abs,206.81666666666663,181.67786444199172,197.64916666666664
LOMO,nyc,2022,p10,ridge_abs,218.76666666666668,210.19394162784428,197.64916666666664
LOMO,nyc,2023,p10,ridge_abs,207.58333333333331,183.34065652922573,197.64916666666664
LOMO,nyc,2024,p10,ridge_abs,201.9,185.09484669716178,197.64916666666664
LOMO,boston,2005,p10,gbm_histogramas_abs,194.045,220.25938616779473,208.10333333333332
LOMO,boston,2006,p10,gbm_histogramas_abs,188.60166666666663,209.48005301431766,208.10333333333332
LOMO,boston,2007,p10,gbm_histogramas_abs,191.035,208.99739806975697,208.10333333333332
LOMO,boston,2008,p10,gbm_histogramas_abs,188.58333333333331,213.04044166507236,208.10333333333332
LOMO,boston,2009,p10,gbm_histogramas_abs,187.4333333333333,213.0735015936727,208.10333333333332
LOMO,boston,2010,p10,gbm_histogramas_abs,187.58666666666667,214.4725564023761,208.10333333333332
LOMO,boston,2011,p10,gbm_histogramas_abs,186.8,214.16903199779097,208.10333333333332
LOMO,boston,2012,p10,gbm_histogramas_abs,203.03333333333333,225.92489134873279,208.10333333333332
LOMO,boston,2013,p10,gbm_histogramas_abs,181.22833333333327,212.5297951531441,208.10333333333332
LOMO,boston,2014,p10,gbm_histogramas_abs,184.78333333333333,214.57202653254967,208.10333333333332
LOMO,boston,2015,p10,gbm_histogramas_abs,180.06166666666667,209.07830534681005,208.10333333333332
LOMO,boston,2016,p10,gbm_histogramas_abs,188.6833333333333,218.21848647554802,208.10333333333332
LOMO,boston,2017,p10,gbm_histogramas_abs,189.18166666666667,221.43275558474488,208.10333333333332
LOMO,boston,2018,p10,gbm_histogramas_abs,185.35,207.24935558846303,208.10333333333332
LOMO,boston,2019,p10,gbm_histogramas_abs,180.2333333333333,211.3171592573909,208.10333333333332
LOMO,chicago,2005,p10,gbm_histogramas_abs,208.26666666666668,184.9554770764768,204.45833333333331
LOMO,chicago,2006,p10,gbm_histogramas_abs,204.55,184.74512284182572,204.45833333333331
LOMO,chicago,2007,p10,gbm_histogramas_abs,230.4833333333333,196.57923859492294,204.45833333333331
LOMO,chicago,2008,p10,gbm_histogramas_abs,219.47333333333333,195.69080691550917,204.45833333333331
LOMO,chicago,2009,p10,gbm_histogramas_abs,206.08,187.1697892441766,204.45833333333331
LOMO,chicago,2010,p10,gbm_histogramas_abs,214.95,212.1532179800412,204.45833333333331
LOMO,chicago,2011,p10,gbm_histogramas_abs,213.9833333333333,215.5273386550521,204.45833333333331
LOMO,chicago,2012,p10,gbm_histogramas_abs,208.13333333333333,208.77657603653105,204.45833333333331
LOMO,chicago,2013,p10,gbm_histogramas_abs,208.6,207.69773150799693,204.45833333333331
LOMO,chicago,2014,p10,gbm_histogramas_abs,206.61666666666667,208.5656078040766,204.45833333333331
LOMO,chicago,2015,p10,gbm_histogramas_abs,207.51666666666668,209.90379670486755,204.45833333333331
LOMO,chicago,2016,p10,gbm_histogramas_abs,207.08333333333331,207.44230983742034,204.45833333333331
LOMO,chicago,2017,p10,gbm_histogramas_abs,211.21666666666667,216.18126124145738,204.45833333333331
LOMO,chicago,2018,p10,gbm_histogramas_abs,204.05,213.52887711124143,204.45833333333331
LOMO,chicago,2019,p10,gbm_histogramas_abs,198.275,208.1761077248469,204.45833333333331
LOMO,chicago,2022,p10,gbm_histogramas_abs,197.0233333333333,208.36160589004245,204.45833333333331
LOMO,chicago,2023,p10,gbm_histogramas_abs,189.16666666666663,204.3337872256686,204.45833333333331
LOMO,nyc,2005,p10,gbm_histogramas_abs,217.06166666666667,211.72521072380582,197.64916666666664
LOMO,nyc,2006,p10,gbm_histogramas_abs,208.05,207.05064566402854,197.64916666666664
LOMO,nyc,2007,p10,gbm_histogramas_abs,208.8,204.95551028282065,197.64916666666664
LOMO,nyc,2008,p10,gbm_histogramas_abs,205.88333333333333,207.89527372163764,197.64916666666664
LOMO,nyc,2009,p10,gbm_histogramas_abs,206.47166666666664,207.29031693919995,197.64916666666664
LOMO,nyc,2010,p10,gbm_histogramas_abs,208.07333333333332,209.7971676049709,197.64916666666664
LOMO,nyc,2011,p10,gbm_histogramas_abs,207.0283333333333,208.51653198786138,197.64916666666664
LOMO,nyc,2013,p10,gbm_histogramas_abs,210.60666666666668,208.8512041074369,197.64916666666664
LOMO,nyc,2014,p10,gbm_histogramas_abs,213.27166666666668,204.60348719545053,197.64916666666664
LOMO,nyc,2015,p10,gbm_histogramas_abs,214.6,204.09164363879324,197.64916666666664
LOMO,nyc,2016,p10,gbm_histogramas_abs,213.21666666666667,206.25246400207038,197.64916666666664
LOMO,nyc,2017,p10,gbm_histogramas_abs,211.06666666666663,203.5982085495162,197.64916666666664
LOMO,nyc,2018,p10,gbm_histogramas_abs,209.68833333333333,200.50798903288575,197.64916666666664
LOMO,nyc,2019,p10,gbm_histogramas_abs,206.81666666666663,194.81418979055894,197.64916666666664
LOMO,nyc,2022,p10,gbm_histogramas_abs,218.76666666666668,219.8402350823329,197.64916666666664
LOMO,nyc,2023,p10,gbm_histogramas_abs,207.58333333333331,196.76085031649967,197.64916666666664
LOMO,nyc,2024,p10,gbm_histogramas_abs,201.9,199.05142992521152,197.64916666666664
LOMO,boston,2005,p10,ridge_dev,194.045,222.01748667335744,208.10333333333332
LOMO,boston,2006,p10,ridge_dev,188.60166666666663,217.81303600832604,208.10333333333332
LOMO,boston,2007,p10,ridge_dev,191.035,215.90186604957725,208.10333333333332
LOMO,boston,2008,p10,ridge_dev,188.58333333333331,218.6018377371402,208.10333333333332
LOMO,boston,2009,p10,ridge_dev,187.4333333333333,215.84226884103498,208.10333333333332
LOMO,boston,2010,p10,ridge_dev,187.58666666666667,210.0821264606147,208.10333333333332
LOMO,boston,2011,p10,ridge_dev,186.8,216.2737377232181,208.10333333333332
LOMO,boston,2012,p10,ridge_dev,203.03333333333333,224.6741189053369,208.10333333333332
LOMO,boston,2013,p10,ridge_dev,181.22833333333327,215.45656837380602,208.10333333333332
LOMO,boston,2014,p10,ridge_dev,184.78333333333333,216.01561165820505,208.10333333333332
LOMO,boston,2015,p10,ridge_dev,180.06166666666667,210.08649865145682,208.10333333333332
LOMO,boston,2016,p10,ridge_dev,188.6833333333333,219.46618303671855,208.10333333333332
LOMO,boston,2017,p10,ridge_dev,189.18166666666667,222.08572077572884,208.10333333333332
LOMO,boston,2018,p10,ridge_dev,185.35,201.4969421436474,208.10333333333332
LOMO,boston,2019,p10,ridge_dev,180.2333333333333,217.38597808733581,208.10333333333332
LOMO,chicago,2005,p10,ridge_dev,208.26666666666668,208.51400112106114,204.45833333333331
LOMO,chicago,2006,p10,ridge_dev,204.55,200.26402113418948,204.45833333333331
LOMO,chicago,2007,p10,ridge_dev,230.4833333333333,220.96265973056984,204.45833333333331
LOMO,chicago,2008,p10,ridge_dev,219.47333333333333,215.96849160149586,204.45833333333331
LOMO,chicago,2009,p10,ridge_dev,206.08,197.3501343160754,204.45833333333331
LOMO,chicago,2010,p10,ridge_dev,214.95,213.02994778591406,204.45833333333331
LOMO,chicago,2011,p10,ridge_dev,213.9833333333333,211.96176918569589,204.45833333333331
LOMO,chicago,2012,p10,ridge_dev,208.13333333333333,199.8320790875448,204.45833333333331
LOMO,chicago,2013,p10,ridge_dev,208.6,205.43157581525807,204.45833333333331
LOMO,chicago,2014,p10,ridge_dev,206.61666666666667,205.17641663591752,204.45833333333331
LOMO,chicago,2015,p10,ridge_dev,207.51666666666668,211.27600438642588,204.45833333333331
LOMO,chicago,2016,p10,ridge_dev,207.08333333333331,206.59100473245462,204.45833333333331
LOMO,chicago,2017,p10,ridge_dev,211.21666666666667,209.40812278821747,204.45833333333331
LOMO,chicago,2018,p10,ridge_dev,204.05,204.2369777744029,204.45833333333331
LOMO,chicago,2019,p10,ridge_dev,198.275,200.89298943284655,204.45833333333331
LOMO,chicago,2022,p10,ridge_dev,197.0233333333333,204.96695207545307,204.45833333333331
LOMO,chicago,2023,p10,ridge_dev,189.16666666666663,199.62935405122022,204.45833333333331
LOMO,nyc,2005,p10,ridge_dev,217.06166666666667,163.0529693242308,197.64916666666664
LOMO,nyc,2006,p10,ridge_dev,208.05,154.78526238684987,197.64916666666664
LOMO,nyc,2007,p10,ridge_dev,208.8,159.61794010003393,197.64916666666664
LOMO,nyc,2008,p10,ridge_dev,205.88333333333333,168.68325573887842,197.64916666666664
LOMO,nyc,2009,p10,ridge_dev,206.47166666666664,159.73303595697143,197.64916666666664
LOMO,nyc,2010,p10,ridge_dev,208.07333333333332,162.79516077512437,197.64916666666664
LOMO,nyc,2011,p10,ridge_dev,207.0283333333333,167.86482596127303,197.64916666666664
LOMO,nyc,2013,p10,ridge_dev,210.60666666666668,165.99098044864675,197.64916666666664
LOMO,nyc,2014,p10,ridge_dev,213.27166666666668,166.9927232715585,197.64916666666664
LOMO,nyc,2015,p10,ridge_dev,214.6,181.6775120369266,197.64916666666664
LOMO,nyc,2016,p10,ridge_dev,213.21666666666667,176.6638975021556,197.64916666666664
LOMO,nyc,2017,p10,ridge_dev,211.06666666666663,180.4601306438688,197.64916666666664
LOMO,nyc,2018,p10,ridge_dev,209.68833333333333,174.52587847704984,197.64916666666664
LOMO,nyc,2019,p10,ridge_dev,206.81666666666663,176.13552254994985,197.64916666666664
LOMO,nyc,2022,p10,ridge_dev,218.76666666666668,204.91954790557946,197.64916666666664
LOMO,nyc,2023,p10,ridge_dev,207.58333333333331,177.82687177064474,197.64916666666664
LOMO,nyc,2024,p10,ridge_dev,201.9,179.39429300598817,197.64916666666664
LOMO,boston,2005,p10,gbm_histogramas_dev,194.045,220.54669429792426,208.10333333333332
LOMO,boston,2006,p10,gbm_histogramas_dev,188.60166666666663,209.39769646309583,208.10333333333332
LOMO,boston,2007,p10,gbm_histogramas_dev,191.035,210.69420444587112,208.10333333333332
LOMO,boston,2008,p10,gbm_histogramas_dev,188.58333333333331,213.34610584889023,208.10333333333332
LOMO,boston,2009,p10,gbm_histogramas_dev,187.4333333333333,214.34222627082463,208.10333333333332
LOMO,boston,2010,p10,gbm_histogramas_dev,187.58666666666667,215.15117520690188,208.10333333333332
LOMO,boston,2011,p10,gbm_histogramas_dev,186.8,215.1517894250112,208.10333333333332
LOMO,boston,2012,p10,gbm_histogramas_dev,203.03333333333333,226.48861360158003,208.10333333333332
LOMO,boston,2013,p10,gbm_histogramas_dev,181.22833333333327,213.07077099251933,208.10333333333332
LOMO,boston,2014,p10,gbm_histogramas_dev,184.78333333333333,214.28276803839017,208.10333333333332
LOMO,boston,2015,p10,gbm_histogramas_dev,180.06166666666667,210.87487069286664,208.10333333333332
LOMO,boston,2016,p10,gbm_histogramas_dev,188.6833333333333,218.28035661432827,208.10333333333332
LOMO,boston,2017,p10,gbm_histogramas_dev,189.18166666666667,221.62926123814108,208.10333333333332
LOMO,boston,2018,p10,gbm_histogramas_dev,185.35,208.54039788288154,208.10333333333332
LOMO,boston,2019,p10,gbm_histogramas_dev,180.2333333333333,211.04977845604287,208.10333333333332
LOMO,chicago,2005,p10,gbm_histogramas_dev,208.26666666666668,202.99013172601306,204.45833333333331
LOMO,chicago,2006,p10,gbm_histogramas_dev,204.55,201.05729143668813,204.45833333333331
LOMO,chicago,2007,p10,gbm_histogramas_dev,230.4833333333333,215.34312351080618,204.45833333333331
LOMO,chicago,2008,p10,gbm_histogramas_dev,219.47333333333333,215.5290903767064,204.45833333333331
LOMO,chicago,2009,p10,gbm_histogramas_dev,206.08,200.2103040658035,204.45833333333331
LOMO,chicago,2010,p10,gbm_histogramas_dev,214.95,208.94458395432395,204.45833333333331
LOMO,chicago,2011,p10,gbm_histogramas_dev,213.9833333333333,213.2261577671098,204.45833333333331
LOMO,chicago,2012,p10,gbm_histogramas_dev,208.13333333333333,200.4948968998773,204.45833333333331
LOMO,chicago,2013,p10,gbm_histogramas_dev,208.6,201.42560179833208,204.45833333333331
LOMO,chicago,2014,p10,gbm_histogramas_dev,206.61666666666667,199.65714438747085,204.45833333333331
LOMO,chicago,2015,p10,gbm_histogramas_dev,207.51666666666668,205.60120123988958,204.45833333333331
LOMO,chicago,2016,p10,gbm_histogramas_dev,207.08333333333331,200.49615744208998,204.45833333333331
LOMO,chicago,2017,p10,gbm_histogramas_dev,211.21666666666667,212.2052990402446,204.45833333333331
LOMO,chicago,2018,p10,gbm_histogramas_dev,204.05,207.32517832813699,204.45833333333331
LOMO,chicago,2019,p10,gbm_histogramas_dev,198.275,197.39707858368203,204.45833333333331
LOMO,chicago,2022,p10,gbm_histogramas_dev,197.0233333333333,199.6407138120493,204.45833333333331
LOMO,chicago,2023,p10,gbm_histogramas_dev,189.16666666666663,199.8383821814221,204.45833333333331
LOMO,nyc,2005,p10,gbm_histogramas_dev,217.06166666666667,202.69908404578538,197.64916666666664
LOMO,nyc,2006,p10,gbm_histogramas_dev,208.05,199.26930909437172,197.64916666666664
LOMO,nyc,2007,p10,gbm_histogramas_dev,208.8,198.46768228043064,197.64916666666664
LOMO,nyc,2008,p10,gbm_histogramas_dev,205.88333333333333,200.79390996950914,197.64916666666664
LOMO,nyc,2009,p10,gbm_histogramas_dev,206.47166666666664,198.7910317346484,197.64916666666664
LOMO,nyc,2010,p10,gbm_histogramas_dev,208.07333333333332,201.7103647975066,197.64916666666664
LOMO,nyc,2011,p10,gbm_histogramas_dev,207.0283333333333,200.57988211719305,197.64916666666664
LOMO,nyc,2013,p10,gbm_histogramas_dev,210.60666666666668,197.448527497677,197.64916666666664
LOMO,nyc,2014,p10,gbm_histogramas_dev,213.27166666666668,196.5295120984826,197.64916666666664
LOMO,nyc,2015,p10,gbm_histogramas_dev,214.6,198.14209214671547,197.64916666666664
LOMO,nyc,2016,p10,gbm_histogramas_dev,213.21666666666667,194.31497983336308,197.64916666666664
LOMO,nyc,2017,p10,gbm_histogramas_dev,211.06666666666663,193.50047667627953,197.64916666666664
LOMO,nyc,2018,p10,gbm_histogramas_dev,209.68833333333333,195.8322904286847,197.64916666666664
LOMO,nyc,2019,p10,gbm_histogramas_dev,206.81666666666663,183.74350536337002,197.64916666666664
LOMO,nyc,2022,p10,gbm_histogramas_dev,218.76666666666668,208.89339794557876,197.64916666666664
LOMO,nyc,2023,p10,gbm_histogramas_dev,207.58333333333331,184.33567612647755,197.64916666666664
LOMO,nyc,2024,p10,gbm_histogramas_dev,201.9,185.47149701776064,197.64916666666664
LOMO,boston,2005,p25,media_global,211.6833333333333,235.00906862745097,233.64166666666665
LOMO,boston,2006,p25,media_global,205.53333333333333,235.00906862745097,233.64166666666665
LOMO,boston,2007,p25,media_global,208.35,235.00906862745097,233.64166666666665
LOMO,boston,2008,p25,media_global,205.58333333333331,235.00906862745097,233.64166666666665
LOMO,boston,2009,p25,media_global,204.58333333333331,235.00906862745097,233.64166666666665
LOMO,boston,2010,p25,media_global,204.74166666666667,235.00906862745097,233.64166666666665
LOMO,boston,2011,p25,media_global,204.1125,235.00906862745097,233.64166666666665
LOMO,boston,2012,p25,media_global,224.7,235.00906862745097,233.64166666666665
LOMO,boston,2013,p25,media_global,199.58333333333331,235.00906862745097,233.64166666666665
LOMO,boston,2014,p25,media_global,205.56666666666663,235.00906862745097,233.64166666666665
LOMO,boston,2015,p25,media_global,198.63333333333333,235.00906862745097,233.64166666666665
LOMO,boston,2016,p25,media_global,206.4333333333333,235.00906862745097,233.64166666666665
LOMO,boston,2017,p25,media_global,208.31666666666663,235.00906862745097,233.64166666666665
LOMO,boston,2018,p25,media_global,204.77916666666667,235.00906862745097,233.64166666666665
LOMO,boston,2019,p25,media_global,200.4333333333333,235.00906862745097,233.64166666666665
LOMO,chicago,2005,p25,media_global,231.3625,221.78229166666665,229.2
LOMO,chicago,2006,p25,media_global,229.29583333333332,221.78229166666665,229.2
LOMO,chicago,2007,p25,media_global,260.05,221.78229166666665,229.2
LOMO,chicago,2008,p25,media_global,248.3,221.78229166666665,229.2
LOMO,chicago,2009,p25,media_global,230.58333333333331,221.78229166666665,229.2
LOMO,chicago,2010,p25,media_global,243.81666666666663,221.78229166666665,229.2
LOMO,chicago,2011,p25,media_global,240.81666666666663,221.78229166666665,229.2
LOMO,chicago,2012,p25,media_global,232.88333333333333,221.78229166666665,229.2
LOMO,chicago,2013,p25,media_global,233.81666666666663,221.78229166666665,229.2
LOMO,chicago,2014,p25,media_global,232.71666666666667,221.78229166666665,229.2
LOMO,chicago,2015,p25,media_global,234.21666666666667,221.78229166666665,229.2
LOMO,chicago,2016,p25,media_global,232.76666666666668,221.78229166666665,229.2
LOMO,chicago,2017,p25,media_global,240.35,221.78229166666665,229.2
LOMO,chicago,2018,p25,media_global,230.61666666666667,221.78229166666665,229.2
LOMO,chicago,2019,p25,media_global,225.61666666666667,221.78229166666665,229.2
LOMO,chicago,2022,p25,media_global,223.9,221.78229166666665,229.2
LOMO,chicago,2023,p25,media_global,215.2,221.78229166666665,229.2
LOMO,nyc,2005,p25,media_global,243.9375,221.22942708333335,224.3
LOMO,nyc,2006,p25,media_global,232.53333333333333,221.22942708333335,224.3
LOMO,nyc,2007,p25,media_global,233.6833333333333,221.22942708333335,224.3
LOMO,nyc,2008,p25,media_global,229.53333333333333,221.22942708333335,224.3
LOMO,nyc,2009,p25,media_global,229.88333333333333,221.22942708333335,224.3
LOMO,nyc,2010,p25,media_global,231.7083333333333,221.22942708333335,224.3
LOMO,nyc,2011,p25,media_global,231.85,221.22942708333335,224.3
LOMO,nyc,2013,p25,media_global,233.6,221.22942708333335,224.3
LOMO,nyc,2014,p25,media_global,236.75,221.22942708333335,224.3
LOMO,nyc,2015,p25,media_global,239.81666666666663,221.22942708333335,224.3
LOMO,nyc,2016,p25,media_global,238.89166666666665,221.22942708333335,224.3
LOMO,nyc,2017,p25,media_global,237.1833333333333,221.22942708333335,224.3
LOMO,nyc,2018,p25,media_global,237.16666666666663,221.22942708333335,224.3
LOMO,nyc,2019,p25,media_global,234.6833333333333,221.22942708333335,224.3
LOMO,nyc,2022,p25,media_global,247.9958333333333,221.22942708333335,224.3
LOMO,nyc,2023,p25,media_global,235.91666666666663,221.22942708333335,224.3
LOMO,nyc,2024,p25,media_global,228.86666666666667,221.22942708333335,224.3
LOMO,boston,2005,p25,referencia_historica,211.6833333333333,233.64166666666665,233.64166666666665
LOMO,boston,2006,p25,referencia_historica,205.53333333333333,233.64166666666665,233.64166666666665
LOMO,boston,2007,p25,referencia_historica,208.35,233.64166666666665,233.64166666666665
LOMO,boston,2008,p25,referencia_historica,205.58333333333331,233.64166666666665,233.64166666666665
LOMO,boston,2009,p25,referencia_historica,204.58333333333331,233.64166666666665,233.64166666666665
LOMO,boston,2010,p25,referencia_historica,204.74166666666667,233.64166666666665,233.64166666666665
LOMO,boston,2011,p25,referencia_historica,204.1125,233.64166666666665,233.64166666666665
LOMO,boston,2012,p25,referencia_historica,224.7,233.64166666666665,233.64166666666665
LOMO,boston,2013,p25,referencia_historica,199.58333333333331,233.64166666666665,233.64166666666665
LOMO,boston,2014,p25,referencia_historica,205.56666666666663,233.64166666666665,233.64166666666665
LOMO,boston,2015,p25,referencia_historica,198.63333333333333,233.64166666666665,233.64166666666665
LOMO,boston,2016,p25,referencia_historica,206.4333333333333,233.64166666666665,233.64166666666665
LOMO,boston,2017,p25,referencia_historica,208.31666666666663,233.64166666666665,233.64166666666665
LOMO,boston,2018,p25,referencia_historica,204.77916666666667,233.64166666666665,233.64166666666665
LOMO,boston,2019,p25,referencia_historica,200.4333333333333,233.64166666666665,233.64166666666665
LOMO,chicago,2005,p25,referencia_historica,231.3625,229.2,229.2
LOMO,chicago,2006,p25,referencia_historica,229.29583333333332,229.2,229.2
LOMO,chicago,2007,p25,referencia_historica,260.05,229.2,229.2
LOMO,chicago,2008,p25,referencia_historica,248.3,229.2,229.2
LOMO,chicago,2009,p25,referencia_historica,230.58333333333331,229.2,229.2
LOMO,chicago,2010,p25,referencia_historica,243.81666666666663,229.2,229.2
LOMO,chicago,2011,p25,referencia_historica,240.81666666666663,229.2,229.2
LOMO,chicago,2012,p25,referencia_historica,232.88333333333333,229.2,229.2
LOMO,chicago,2013,p25,referencia_historica,233.81666666666663,229.2,229.2
LOMO,chicago,2014,p25,referencia_historica,232.71666666666667,229.2,229.2
LOMO,chicago,2015,p25,referencia_historica,234.21666666666667,229.2,229.2
LOMO,chicago,2016,p25,referencia_historica,232.76666666666668,229.2,229.2
LOMO,chicago,2017,p25,referencia_historica,240.35,229.2,229.2
LOMO,chicago,2018,p25,referencia_historica,230.61666666666667,229.2,229.2
LOMO,chicago,2019,p25,referencia_historica,225.61666666666667,229.2,229.2
LOMO,chicago,2022,p25,referencia_historica,223.9,229.2,229.2
LOMO,chicago,2023,p25,referencia_historica,215.2,229.2,229.2
LOMO,nyc,2005,p25,referencia_historica,243.9375,224.3,224.3
LOMO,nyc,2006,p25,referencia_historica,232.53333333333333,224.3,224.3
LOMO,nyc,2007,p25,referencia_historica,233.6833333333333,224.3,224.3
LOMO,nyc,2008,p25,referencia_historica,229.53333333333333,224.3,224.3
LOMO,nyc,2009,p25,referencia_historica,229.88333333333333,224.3,224.3
LOMO,nyc,2010,p25,referencia_historica,231.7083333333333,224.3,224.3
LOMO,nyc,2011,p25,referencia_historica,231.85,224.3,224.3
LOMO,nyc,2013,p25,referencia_historica,233.6,224.3,224.3
LOMO,nyc,2014,p25,referencia_historica,236.75,224.3,224.3
LOMO,nyc,2015,p25,referencia_historica,239.81666666666663,224.3,224.3
LOMO,nyc,2016,p25,referencia_historica,238.89166666666665,224.3,224.3
LOMO,nyc,2017,p25,referencia_historica,237.1833333333333,224.3,224.3
LOMO,nyc,2018,p25,referencia_historica,237.16666666666663,224.3,224.3
LOMO,nyc,2019,p25,referencia_historica,234.6833333333333,224.3,224.3
LOMO,nyc,2022,p25,referencia_historica,247.9958333333333,224.3,224.3
LOMO,nyc,2023,p25,referencia_historica,235.91666666666663,224.3,224.3
LOMO,nyc,2024,p25,referencia_historica,228.86666666666667,224.3,224.3
LOMO,boston,2005,p25,ridge_abs,211.6833333333333,251.20402227350382,233.64166666666665
LOMO,boston,2006,p25,ridge_abs,205.53333333333333,245.79065707286222,233.64166666666665
LOMO,boston,2007,p25,ridge_abs,208.35,242.7846743788505,233.64166666666665
LOMO,boston,2008,p25,ridge_abs,205.58333333333331,248.20855643030043,233.64166666666665
LOMO,boston,2009,p25,ridge_abs,204.58333333333331,243.55387567689843,233.64166666666665
LOMO,boston,2010,p25,ridge_abs,204.74166666666667,238.60571981919176,233.64166666666665
LOMO,boston,2011,p25,ridge_abs,204.1125,246.34532589954486,233.64166666666665
LOMO,boston,2012,p25,ridge_abs,224.7,256.64647616151,233.64166666666665
LOMO,boston,2013,p25,ridge_abs,199.58333333333331,245.33553584265985,233.64166666666665
LOMO,boston,2014,p25,ridge_abs,205.56666666666663,247.12817181245887,233.64166666666665
LOMO,boston,2015,p25,ridge_abs,198.63333333333333,238.2609406800329,233.64166666666665
LOMO,boston,2016,p25,ridge_abs,206.4333333333333,249.56653324056603,233.64166666666665
LOMO,boston,2017,p25,ridge_abs,208.31666666666663,253.57778450323056,233.64166666666665
LOMO,boston,2018,p25,ridge_abs,204.77916666666667,233.16782674180234,233.64166666666665
LOMO,boston,2019,p25,ridge_abs,200.4333333333333,249.56830319558,233.64166666666665
LOMO,chicago,2005,p25,ridge_abs,231.3625,231.04915827145004,229.2
LOMO,chicago,2006,p25,ridge_abs,229.29583333333332,217.17440196073986,229.2
LOMO,chicago,2007,p25,ridge_abs,260.05,246.93157425473447,229.2
LOMO,chicago,2008,p25,ridge_abs,248.3,244.84387876173602,229.2
LOMO,chicago,2009,p25,ridge_abs,230.58333333333331,215.37430172612935,229.2
LOMO,chicago,2010,p25,ridge_abs,243.81666666666663,241.1728384121623,229.2
LOMO,chicago,2011,p25,ridge_abs,240.81666666666663,239.03279693562465,229.2
LOMO,chicago,2012,p25,ridge_abs,232.88333333333333,218.33285354922896,229.2
LOMO,chicago,2013,p25,ridge_abs,233.81666666666663,228.67263458132504,229.2
LOMO,chicago,2014,p25,ridge_abs,232.71666666666667,230.70481309382237,229.2
LOMO,chicago,2015,p25,ridge_abs,234.21666666666667,238.35747218951744,229.2
LOMO,chicago,2016,p25,ridge_abs,232.76666666666668,231.22905050436228,229.2
LOMO,chicago,2017,p25,ridge_abs,240.35,236.08060801592643,229.2
LOMO,chicago,2018,p25,ridge_abs,230.61666666666667,226.60467532416013,229.2
LOMO,chicago,2019,p25,ridge_abs,225.61666666666667,222.56783066899385,229.2
LOMO,chicago,2022,p25,ridge_abs,223.9,230.58227841825325,229.2
LOMO,chicago,2023,p25,ridge_abs,215.2,220.02318539377015,229.2
LOMO,nyc,2005,p25,ridge_abs,243.9375,193.5102982588885,224.3
LOMO,nyc,2006,p25,ridge_abs,232.53333333333333,183.19750936428912,224.3
LOMO,nyc,2007,p25,ridge_abs,233.6833333333333,187.7936037773135,224.3
LOMO,nyc,2008,p25,ridge_abs,229.53333333333333,198.9983691947532,224.3
LOMO,nyc,2009,p25,ridge_abs,229.88333333333333,189.03204176025912,224.3
LOMO,nyc,2010,p25,ridge_abs,231.7083333333333,192.45770809251582,224.3
LOMO,nyc,2011,p25,ridge_abs,231.85,199.08578206137997,224.3
LOMO,nyc,2013,p25,ridge_abs,233.6,197.01810590816294,224.3
LOMO,nyc,2014,p25,ridge_abs,236.75,196.2142667680975,224.3
LOMO,nyc,2015,p25,ridge_abs,239.81666666666663,214.90440026257454,224.3
LOMO,nyc,2016,p25,ridge_abs,238.89166666666665,208.3454711310352,224.3
LOMO,nyc,2017,p25,ridge_abs,237.1833333333333,213.88446834225286,224.3
LOMO,nyc,2018,p25,ridge_abs,237.16666666666663,207.841505317898,224.3
LOMO,nyc,2019,p25,ridge_abs,234.6833333333333,208.45380130828585,224.3
LOMO,nyc,2022,p25,ridge_abs,247.9958333333333,244.2165952422781,224.3
LOMO,nyc,2023,p25,ridge_abs,235.91666666666663,211.94898304784726,224.3
LOMO,nyc,2024,p25,ridge_abs,228.86666666666667,215.6193770673268,224.3
LOMO,boston,2005,p25,gbm_histogramas_abs,211.6833333333333,243.82910398443812,233.64166666666665
LOMO,boston,2006,p25,gbm_histogramas_abs,205.53333333333333,234.15898897900826,233.64166666666665
LOMO,boston,2007,p25,gbm_histogramas_abs,208.35,234.43549407195133,233.64166666666665
LOMO,boston,2008,p25,gbm_histogramas_abs,205.58333333333331,237.81195754180806,233.64166666666665
LOMO,boston,2009,p25,gbm_histogramas_abs,204.58333333333331,237.87015115862351,233.64166666666665
LOMO,boston,2010,p25,gbm_histogramas_abs,204.74166666666667,237.58472612552285,233.64166666666665
LOMO,boston,2011,p25,gbm_histogramas_abs,204.1125,238.92104581044694,233.64166666666665
LOMO,boston,2012,p25,gbm_histogramas_abs,224.7,255.70328023904236,233.64166666666665
LOMO,boston,2013,p25,gbm_histogramas_abs,199.58333333333331,238.62932890373017,233.64166666666665
LOMO,boston,2014,p25,gbm_histogramas_abs,205.56666666666663,240.62825554327898,233.64166666666665
LOMO,boston,2015,p25,gbm_histogramas_abs,198.63333333333333,232.3923070074273,233.64166666666665
LOMO,boston,2016,p25,gbm_histogramas_abs,206.4333333333333,242.18344208301824,233.64166666666665
LOMO,boston,2017,p25,gbm_histogramas_abs,208.31666666666663,249.33426793716646,233.64166666666665
LOMO,boston,2018,p25,gbm_histogramas_abs,204.77916666666667,230.70269254649818,233.64166666666665
LOMO,boston,2019,p25,gbm_histogramas_abs,200.4333333333333,238.64877275577714,233.64166666666665
LOMO,chicago,2005,p25,gbm_histogramas_abs,231.3625,204.76910568887047,229.2
LOMO,chicago,2006,p25,gbm_histogramas_abs,229.29583333333332,201.33780835821722,229.2
LOMO,chicago,2007,p25,gbm_histogramas_abs,260.05,218.331242173365,229.2
LOMO,chicago,2008,p25,gbm_histogramas_abs,248.3,218.11446678186581,229.2
LOMO,chicago,2009,p25,gbm_histogramas_abs,230.58333333333331,205.3903171498775,229.2
LOMO,chicago,2010,p25,gbm_histogramas_abs,243.81666666666663,241.52797543404225,229.2
LOMO,chicago,2011,p25,gbm_histogramas_abs,240.81666666666663,244.44145342757386,229.2
LOMO,chicago,2012,p25,gbm_histogramas_abs,232.88333333333333,232.50892941443297,229.2
LOMO,chicago,2013,p25,gbm_histogramas_abs,233.81666666666663,230.944767466872,229.2
LOMO,chicago,2014,p25,gbm_histogramas_abs,232.71666666666667,231.88376820190192,229.2
LOMO,chicago,2015,p25,gbm_histogramas_abs,234.21666666666667,237.87582128454358,229.2
LOMO,chicago,2016,p25,gbm_histogramas_abs,232.76666666666668,232.59994488518956,229.2
LOMO,chicago,2017,p25,gbm_histogramas_abs,240.35,244.27724002073785,229.2
LOMO,chicago,2018,p25,gbm_histogramas_abs,230.61666666666667,236.77607744791703,229.2
LOMO,chicago,2019,p25,gbm_histogramas_abs,225.61666666666667,232.914718279189,229.2
LOMO,chicago,2022,p25,gbm_histogramas_abs,223.9,232.54766068426994,229.2
LOMO,chicago,2023,p25,gbm_histogramas_abs,215.2,231.39167153140266,229.2
LOMO,nyc,2005,p25,gbm_histogramas_abs,243.9375,238.11379002390652,224.3
LOMO,nyc,2006,p25,gbm_histogramas_abs,232.53333333333333,233.18421362111852,224.3
LOMO,nyc,2007,p25,gbm_histogramas_abs,233.6833333333333,229.42278067739062,224.3
LOMO,nyc,2008,p25,gbm_histogramas_abs,229.53333333333333,231.01593219332307,224.3
LOMO,nyc,2009,p25,gbm_histogramas_abs,229.88333333333333,233.23884358357333,224.3
LOMO,nyc,2010,p25,gbm_histogramas_abs,231.7083333333333,234.431757621189,224.3
LOMO,nyc,2011,p25,gbm_histogramas_abs,231.85,233.681483422864,224.3
LOMO,nyc,2013,p25,gbm_histogramas_abs,233.6,231.86668517368253,224.3
LOMO,nyc,2014,p25,gbm_histogramas_abs,236.75,229.42694761758966,224.3
LOMO,nyc,2015,p25,gbm_histogramas_abs,239.81666666666663,230.6706185452942,224.3
LOMO,nyc,2016,p25,gbm_histogramas_abs,238.89166666666665,231.2168044357662,224.3
LOMO,nyc,2017,p25,gbm_histogramas_abs,237.1833333333333,230.24129046314638,224.3
LOMO,nyc,2018,p25,gbm_histogramas_abs,237.16666666666663,226.82315960023465,224.3
LOMO,nyc,2019,p25,gbm_histogramas_abs,234.6833333333333,219.15620206076986,224.3
LOMO,nyc,2022,p25,gbm_histogramas_abs,247.9958333333333,247.56380103548213,224.3
LOMO,nyc,2023,p25,gbm_histogramas_abs,235.91666666666663,226.68454104061914,224.3
LOMO,nyc,2024,p25,gbm_histogramas_abs,228.86666666666667,226.38413066076862,224.3
LOMO,boston,2005,p25,ridge_dev,211.6833333333333,247.3918982576696,233.64166666666665
LOMO,boston,2006,p25,ridge_dev,205.53333333333333,241.95345966094467,233.64166666666665
LOMO,boston,2007,p25,ridge_dev,208.35,239.30237656755054,233.64166666666665
LOMO,boston,2008,p25,ridge_dev,205.58333333333331,244.67987596938673,233.64166666666665
LOMO,boston,2009,p25,ridge_dev,204.58333333333331,239.90991177253915,233.64166666666665
LOMO,boston,2010,p25,ridge_dev,204.74166666666667,235.18852164598175,233.64166666666665
LOMO,boston,2011,p25,ridge_dev,204.1125,242.66983507539342,233.64166666666665
LOMO,boston,2012,p25,ridge_dev,224.7,252.97592269875622,233.64166666666665
LOMO,boston,2013,p25,ridge_dev,199.58333333333331,241.48289417351594,233.64166666666665
LOMO,boston,2014,p25,ridge_dev,205.56666666666663,243.3556068617353,233.64166666666665
LOMO,boston,2015,p25,ridge_dev,198.63333333333333,234.90057627816765,233.64166666666665
LOMO,boston,2016,p25,ridge_dev,206.4333333333333,245.707476736417,233.64166666666665
LOMO,boston,2017,p25,ridge_dev,208.31666666666663,249.70423904528462,233.64166666666665
LOMO,boston,2018,p25,ridge_dev,204.77916666666667,230.69425590886092,233.64166666666665
LOMO,boston,2019,p25,ridge_dev,200.4333333333333,246.11274989116998,233.64166666666665
LOMO,chicago,2005,p25,ridge_dev,231.3625,230.22477546334875,229.2
LOMO,chicago,2006,p25,ridge_dev,229.29583333333332,224.6484221868909,229.2
LOMO,chicago,2007,p25,ridge_dev,260.05,241.8393698030555,229.2
LOMO,chicago,2008,p25,ridge_dev,248.3,237.5362297233746,229.2
LOMO,chicago,2009,p25,ridge_dev,230.58333333333331,223.98870458632868,229.2
LOMO,chicago,2010,p25,ridge_dev,243.81666666666663,236.62383279455548,229.2
LOMO,chicago,2011,p25,ridge_dev,240.81666666666663,235.93799415535392,229.2
LOMO,chicago,2012,p25,ridge_dev,232.88333333333333,226.1101694466755,229.2
LOMO,chicago,2013,p25,ridge_dev,233.81666666666663,230.48326574993743,229.2
LOMO,chicago,2014,p25,ridge_dev,232.71666666666667,230.2177957221641,229.2
LOMO,chicago,2015,p25,ridge_dev,234.21666666666667,234.41089880540497,229.2
LOMO,chicago,2016,p25,ridge_dev,232.76666666666668,231.13102679961347,229.2
LOMO,chicago,2017,p25,ridge_dev,240.35,234.76711332025454,229.2
LOMO,chicago,2018,p25,ridge_dev,230.61666666666667,230.86711572620936,229.2
LOMO,chicago,2019,p25,ridge_dev,225.61666666666667,227.299292355481,229.2
LOMO,chicago,2022,p25,ridge_dev,223.9,230.77688014927455,229.2
LOMO,chicago,2023,p25,ridge_dev,215.2,228.01497930920416,229.2
LOMO,nyc,2005,p25,ridge_dev,243.9375,189.26726846482737,224.3
LOMO,nyc,2006,p25,ridge_dev,232.53333333333333,179.10916269216062,224.3
LOMO,nyc,2007,p25,ridge_dev,233.6833333333333,183.6439594493987,224.3
LOMO,nyc,2008,p25,ridge_dev,229.53333333333333,194.73786887762276,224.3
LOMO,nyc,2009,p25,ridge_dev,229.88333333333333,184.74457390107366,224.3
LOMO,nyc,2010,p25,ridge_dev,231.7083333333333,188.3825458633558,224.3
LOMO,nyc,2011,p25,ridge_dev,231.85,195.18063429686538,224.3
LOMO,nyc,2013,p25,ridge_dev,233.6,192.73190920234669,224.3
LOMO,nyc,2014,p25,ridge_dev,236.75,191.91115476113606,224.3
LOMO,nyc,2015,p25,ridge_dev,239.81666666666663,210.83024404914184,224.3
LOMO,nyc,2016,p25,ridge_dev,238.89166666666665,204.2607244632091,224.3
LOMO,nyc,2017,p25,ridge_dev,237.1833333333333,209.70375325760347,224.3
LOMO,nyc,2018,p25,ridge_dev,237.16666666666663,203.7278059553588,224.3
LOMO,nyc,2019,p25,ridge_dev,234.6833333333333,204.48558328000018,224.3
LOMO,nyc,2022,p25,ridge_dev,247.9958333333333,240.6815825908607,224.3
LOMO,nyc,2023,p25,ridge_dev,235.91666666666663,208.0269347835599,224.3
LOMO,nyc,2024,p25,ridge_dev,228.86666666666667,211.39537001042638,224.3
LOMO,boston,2005,p25,gbm_histogramas_dev,211.6833333333333,244.0626364320397,233.64166666666665
LOMO,boston,2006,p25,gbm_histogramas_dev,205.53333333333333,233.73495446164665,233.64166666666665
LOMO,boston,2007,p25,gbm_histogramas_dev,208.35,234.8004758649121,233.64166666666665
LOMO,boston,2008,p25,gbm_histogramas_dev,205.58333333333331,237.43743680925706,233.64166666666665
LOMO,boston,2009,p25,gbm_histogramas_dev,204.58333333333331,237.4498688292465,233.64166666666665
LOMO,boston,2010,p25,gbm_histogramas_dev,204.74166666666667,237.13836996923217,233.64166666666665
LOMO,boston,2011,p25,gbm_histogramas_dev,204.1125,237.90344975681361,233.64166666666665
LOMO,boston,2012,p25,gbm_histogramas_dev,224.7,256.49073555122635,233.64166666666665
LOMO,boston,2013,p25,gbm_histogramas_dev,199.58333333333331,238.58149328343103,233.64166666666665
LOMO,boston,2014,p25,gbm_histogramas_dev,205.56666666666663,241.00493295803219,233.64166666666665
LOMO,boston,2015,p25,gbm_histogramas_dev,198.63333333333333,234.81162427348926,233.64166666666665
LOMO,boston,2016,p25,gbm_histogramas_dev,206.4333333333333,242.7605690971808,233.64166666666665
LOMO,boston,2017,p25,gbm_histogramas_dev,208.31666666666663,249.41071265742707,233.64166666666665
LOMO,boston,2018,p25,gbm_histogramas_dev,204.77916666666667,233.4263427143794,233.64166666666665
LOMO,boston,2019,p25,gbm_histogramas_dev,200.4333333333333,239.6918768579384,233.64166666666665
LOMO,chicago,2005,p25,gbm_histogramas_dev,231.3625,226.91919940187645,229.2
LOMO,chicago,2006,p25,gbm_histogramas_dev,229.29583333333332,226.43305542307672,229.2
LOMO,chicago,2007,p25,gbm_histogramas_dev,260.05,243.33035558459622,229.2
LOMO,chicago,2008,p25,gbm_histogramas_dev,248.3,243.34615451391127,229.2
LOMO,chicago,2009,p25,gbm_histogramas_dev,230.58333333333331,225.43097560138136,229.2
LOMO,chicago,2010,p25,gbm_histogramas_dev,243.81666666666663,235.38661391495455,229.2
LOMO,chicago,2011,p25,gbm_histogramas_dev,240.81666666666663,240.9732760532708,229.2
LOMO,chicago,2012,p25,gbm_histogramas_dev,232.88333333333333,226.9037619467376,229.2
LOMO,chicago,2013,p25,gbm_histogramas_dev,233.81666666666663,228.04995905757218,229.2
LOMO,chicago,2014,p25,gbm_histogramas_dev,232.71666666666667,227.7734497000409,229.2
LOMO,chicago,2015,p25,gbm_histogramas_dev,234.21666666666667,233.42330783129293,229.2
LOMO,chicago,2016,p25,gbm_histogramas_dev,232.76666666666668,226.5524991207026,229.2
LOMO,chicago,2017,p25,gbm_histogramas_dev,240.35,241.1335547284292,229.2
LOMO,chicago,2018,p25,gbm_histogramas_dev,230.61666666666667,231.78995236445544,229.2
LOMO,chicago,2019,p25,gbm_histogramas_dev,225.61666666666667,225.75368708798123,229.2
LOMO,chicago,2022,p25,gbm_histogramas_dev,223.9,227.88292128905576,229.2
LOMO,chicago,2023,p25,gbm_histogramas_dev,215.2,226.26805104017956,229.2
LOMO,nyc,2005,p25,gbm_histogramas_dev,243.9375,230.74738727681824,224.3
LOMO,nyc,2006,p25,gbm_histogramas_dev,232.53333333333333,225.95335060397278,224.3
LOMO,nyc,2007,p25,gbm_histogramas_dev,233.6833333333333,225.1086112842504,224.3
LOMO,nyc,2008,p25,gbm_histogramas_dev,229.53333333333333,225.94346934017943,224.3
LOMO,nyc,2009,p25,gbm_histogramas_dev,229.88333333333333,225.9247737510964,224.3
LOMO,nyc,2010,p25,gbm_histogramas_dev,231.7083333333333,227.19932501671545,224.3
LOMO,nyc,2011,p25,gbm_histogramas_dev,231.85,227.2149022427956,224.3
LOMO,nyc,2013,p25,gbm_histogramas_dev,233.6,223.38240940128267,224.3
LOMO,nyc,2014,p25,gbm_histogramas_dev,236.75,223.32676667344143,224.3
LOMO,nyc,2015,p25,gbm_histogramas_dev,239.81666666666663,223.68160252730195,224.3
LOMO,nyc,2016,p25,gbm_histogramas_dev,238.89166666666665,223.05061627313114,224.3
LOMO,nyc,2017,p25,gbm_histogramas_dev,237.1833333333333,220.7976994701709,224.3
LOMO,nyc,2018,p25,gbm_histogramas_dev,237.16666666666663,223.5791810860445,224.3
LOMO,nyc,2019,p25,gbm_histogramas_dev,234.6833333333333,210.91663938642586,224.3
LOMO,nyc,2022,p25,gbm_histogramas_dev,247.9958333333333,242.13887850199347,224.3
LOMO,nyc,2023,p25,gbm_histogramas_dev,235.91666666666663,212.97334941351514,224.3
LOMO,nyc,2024,p25,gbm_histogramas_dev,228.86666666666667,214.93314940829453,224.3
LOMO,boston,2005,p50,media_global,233.05,269.00318627450974,267.4583333333333
LOMO,boston,2006,p50,media_global,224.78333333333333,269.00318627450974,267.4583333333333
LOMO,boston,2007,p50,media_global,228.66666666666663,269.00318627450974,267.4583333333333
LOMO,boston,2008,p50,media_global,226.21666666666667,269.00318627450974,267.4583333333333
LOMO,boston,2009,p50,media_global,224.08333333333331,269.00318627450974,267.4583333333333
LOMO,boston,2010,p50,media_global,224.28333333333333,269.00318627450974,267.4583333333333
LOMO,boston,2011,p50,media_global,224.9833333333333,269.00318627450974,267.4583333333333
LOMO,boston,2012,p50,media_global,251.06666666666663,269.00318627450974,267.4583333333333
LOMO,boston,2013,p50,media_global,220.88333333333333,269.00318627450974,267.4583333333333
LOMO,boston,2014,p50,media_global,232.2333333333333,269.00318627450974,267.4583333333333
LOMO,boston,2015,p50,media_global,219.66666666666663,269.00318627450974,267.4583333333333
LOMO,boston,2016,p50,media_global,228.08333333333331,269.00318627450974,267.4583333333333
LOMO,boston,2017,p50,media_global,231.65833333333333,269.00318627450974,267.4583333333333
LOMO,boston,2018,p50,media_global,228.6,269.00318627450974,267.4583333333333
LOMO,boston,2019,p50,media_global,225.575,269.00318627450974,267.4583333333333
LOMO,chicago,2005,p50,media_global,262.85,249.31979166666665,259.15
LOMO,chicago,2006,p50,media_global,261.05,249.31979166666665,259.15
LOMO,chicago,2007,p50,media_global,295.01666666666665,249.31979166666665,259.15
LOMO,chicago,2008,p50,media_global,283.7,249.31979166666665,259.15
LOMO,chicago,2009,p50,media_global,263.43333333333334,249.31979166666665,259.15
LOMO,chicago,2010,p50,media_global,280.64166666666665,249.31979166666665,259.15
LOMO,chicago,2011,p50,media_global,277.875,249.31979166666665,259.15
LOMO,chicago,2012,p50,media_global,267.4,249.31979166666665,259.15
LOMO,chicago,2013,p50,media_global,267.43333333333334,249.31979166666665,259.15
LOMO,chicago,2014,p50,media_global,267.4166666666667,249.31979166666665,259.15
LOMO,chicago,2015,p50,media_global,270.75,249.31979166666665,259.15
LOMO,chicago,2016,p50,media_global,268.3833333333333,249.31979166666665,259.15
LOMO,chicago,2017,p50,media_global,282.71666666666664,249.31979166666665,259.15
LOMO,chicago,2018,p50,media_global,267.4833333333333,249.31979166666665,259.15
LOMO,chicago,2019,p50,media_global,262.1083333333333,249.31979166666665,259.15
LOMO,chicago,2022,p50,media_global,261.76666666666665,249.31979166666665,259.15
LOMO,chicago,2023,p50,media_global,251.6833333333333,249.31979166666665,259.15
LOMO,nyc,2005,p50,media_global,278.55,250.48567708333331,256.3666666666667
LOMO,nyc,2006,p50,media_global,262.28333333333336,250.48567708333331,256.3666666666667
LOMO,nyc,2007,p50,media_global,263.65,250.48567708333331,256.3666666666667
LOMO,nyc,2008,p50,media_global,259.25,250.48567708333331,256.3666666666667
LOMO,nyc,2009,p50,media_global,259.05,250.48567708333331,256.3666666666667
LOMO,nyc,2010,p50,media_global,261.3333333333333,250.48567708333331,256.3666666666667
LOMO,nyc,2011,p50,media_global,262.71666666666664,250.48567708333331,256.3666666666667
LOMO,nyc,2013,p50,media_global,262.3333333333333,250.48567708333331,256.3666666666667
LOMO,nyc,2014,p50,media_global,267.8666666666667,250.48567708333331,256.3666666666667
LOMO,nyc,2015,p50,media_global,273.1333333333333,250.48567708333331,256.3666666666667
LOMO,nyc,2016,p50,media_global,271.46666666666664,250.48567708333331,256.3666666666667
LOMO,nyc,2017,p50,media_global,270.45,250.48567708333331,256.3666666666667
LOMO,nyc,2018,p50,media_global,272.03333333333336,250.48567708333331,256.3666666666667
LOMO,nyc,2019,p50,media_global,269.2,250.48567708333331,256.3666666666667
LOMO,nyc,2022,p50,media_global,284.75,250.48567708333331,256.3666666666667
LOMO,nyc,2023,p50,media_global,272.78333333333336,250.48567708333331,256.3666666666667
LOMO,nyc,2024,p50,media_global,263.55,250.48567708333331,256.3666666666667
LOMO,boston,2005,p50,referencia_historica,233.05,267.4583333333333,267.4583333333333
LOMO,boston,2006,p50,referencia_historica,224.78333333333333,267.4583333333333,267.4583333333333
LOMO,boston,2007,p50,referencia_historica,228.66666666666663,267.4583333333333,267.4583333333333
LOMO,boston,2008,p50,referencia_historica,226.21666666666667,267.4583333333333,267.4583333333333
LOMO,boston,2009,p50,referencia_historica,224.08333333333331,267.4583333333333,267.4583333333333
LOMO,boston,2010,p50,referencia_historica,224.28333333333333,267.4583333333333,267.4583333333333
LOMO,boston,2011,p50,referencia_historica,224.9833333333333,267.4583333333333,267.4583333333333
LOMO,boston,2012,p50,referencia_historica,251.06666666666663,267.4583333333333,267.4583333333333
LOMO,boston,2013,p50,referencia_historica,220.88333333333333,267.4583333333333,267.4583333333333
LOMO,boston,2014,p50,referencia_historica,232.2333333333333,267.4583333333333,267.4583333333333
LOMO,boston,2015,p50,referencia_historica,219.66666666666663,267.4583333333333,267.4583333333333
LOMO,boston,2016,p50,referencia_historica,228.08333333333331,267.4583333333333,267.4583333333333
LOMO,boston,2017,p50,referencia_historica,231.65833333333333,267.4583333333333,267.4583333333333
LOMO,boston,2018,p50,referencia_historica,228.6,267.4583333333333,267.4583333333333
LOMO,boston,2019,p50,referencia_historica,225.575,267.4583333333333,267.4583333333333
LOMO,chicago,2005,p50,referencia_historica,262.85,259.15,259.15
LOMO,chicago,2006,p50,referencia_historica,261.05,259.15,259.15
LOMO,chicago,2007,p50,referencia_historica,295.01666666666665,259.15,259.15
LOMO,chicago,2008,p50,referencia_historica,283.7,259.15,259.15
LOMO,chicago,2009,p50,referencia_historica,263.43333333333334,259.15,259.15
LOMO,chicago,2010,p50,referencia_historica,280.64166666666665,259.15,259.15
LOMO,chicago,2011,p50,referencia_historica,277.875,259.15,259.15
LOMO,chicago,2012,p50,referencia_historica,267.4,259.15,259.15
LOMO,chicago,2013,p50,referencia_historica,267.43333333333334,259.15,259.15
LOMO,chicago,2014,p50,referencia_historica,267.4166666666667,259.15,259.15
LOMO,chicago,2015,p50,referencia_historica,270.75,259.15,259.15
LOMO,chicago,2016,p50,referencia_historica,268.3833333333333,259.15,259.15
LOMO,chicago,2017,p50,referencia_historica,282.71666666666664,259.15,259.15
LOMO,chicago,2018,p50,referencia_historica,267.4833333333333,259.15,259.15
LOMO,chicago,2019,p50,referencia_historica,262.1083333333333,259.15,259.15
LOMO,chicago,2022,p50,referencia_historica,261.76666666666665,259.15,259.15
LOMO,chicago,2023,p50,referencia_historica,251.6833333333333,259.15,259.15
LOMO,nyc,2005,p50,referencia_historica,278.55,256.3666666666667,256.3666666666667
LOMO,nyc,2006,p50,referencia_historica,262.28333333333336,256.3666666666667,256.3666666666667
LOMO,nyc,2007,p50,referencia_historica,263.65,256.3666666666667,256.3666666666667
LOMO,nyc,2008,p50,referencia_historica,259.25,256.3666666666667,256.3666666666667
LOMO,nyc,2009,p50,referencia_historica,259.05,256.3666666666667,256.3666666666667
LOMO,nyc,2010,p50,referencia_historica,261.3333333333333,256.3666666666667,256.3666666666667
LOMO,nyc,2011,p50,referencia_historica,262.71666666666664,256.3666666666667,256.3666666666667
LOMO,nyc,2013,p50,referencia_historica,262.3333333333333,256.3666666666667,256.3666666666667
LOMO,nyc,2014,p50,referencia_historica,267.8666666666667,256.3666666666667,256.3666666666667
LOMO,nyc,2015,p50,referencia_historica,273.1333333333333,256.3666666666667,256.3666666666667
LOMO,nyc,2016,p50,referencia_historica,271.46666666666664,256.3666666666667,256.3666666666667
LOMO,nyc,2017,p50,referencia_historica,270.45,256.3666666666667,256.3666666666667
LOMO,nyc,2018,p50,referencia_historica,272.03333333333336,256.3666666666667,256.3666666666667
LOMO,nyc,2019,p50,referencia_historica,269.2,256.3666666666667,256.3666666666667
LOMO,nyc,2022,p50,referencia_historica,284.75,256.3666666666667,256.3666666666667
LOMO,nyc,2023,p50,referencia_historica,272.78333333333336,256.3666666666667,256.3666666666667
LOMO,nyc,2024,p50,referencia_historica,263.55,256.3666666666667,256.3666666666667
LOMO,boston,2005,p50,ridge_abs,233.05,280.13676239364275,267.4583333333333
LOMO,boston,2006,p50,ridge_abs,224.78333333333333,273.5031481299429,267.4583333333333
LOMO,boston,2007,p50,ridge_abs,228.66666666666663,270.11700219303975,267.4583333333333
LOMO,boston,2008,p50,ridge_abs,226.21666666666667,279.40084638124677,267.4583333333333
LOMO,boston,2009,p50,ridge_abs,224.08333333333331,272.3714226057682,267.4583333333333
LOMO,boston,2010,p50,ridge_abs,224.28333333333333,268.8463584307543,267.4583333333333
LOMO,boston,2011,p50,ridge_abs,224.9833333333333,277.71277912770887,267.4583333333333
LOMO,boston,2012,p50,ridge_abs,251.06666666666663,290.5252001357951,267.4583333333333
LOMO,boston,2013,p50,ridge_abs,220.88333333333333,276.3262094782096,267.4583333333333
LOMO,boston,2014,p50,ridge_abs,232.2333333333333,280.29038473091725,267.4583333333333
LOMO,boston,2015,p50,ridge_abs,219.66666666666663,269.69468012066443,267.4583333333333
LOMO,boston,2016,p50,ridge_abs,228.08333333333331,281.29769599123443,267.4583333333333
LOMO,boston,2017,p50,ridge_abs,231.65833333333333,286.4256661729494,267.4583333333333
LOMO,boston,2018,p50,ridge_abs,228.6,270.4606624120321,267.4583333333333
LOMO,boston,2019,p50,ridge_abs,225.575,285.79493180291735,267.4583333333333
LOMO,chicago,2005,p50,ridge_abs,262.85,259.9501880536576,259.15
LOMO,chicago,2006,p50,ridge_abs,261.05,239.74651356950923,259.15
LOMO,chicago,2007,p50,ridge_abs,295.01666666666665,279.76031484012105,259.15
LOMO,chicago,2008,p50,ridge_abs,283.7,280.29500327302424,259.15
LOMO,chicago,2009,p50,ridge_abs,263.43333333333334,241.27536801170854,259.15
LOMO,chicago,2010,p50,ridge_abs,280.64166666666665,277.0549670538335,259.15
LOMO,chicago,2011,p50,ridge_abs,277.875,273.95585859134985,259.15
LOMO,chicago,2012,p50,ridge_abs,267.4,244.88994330446644,259.15
LOMO,chicago,2013,p50,ridge_abs,267.43333333333334,259.63616086349117,259.15
LOMO,chicago,2014,p50,ridge_abs,267.4166666666667,263.75032446990303,259.15
LOMO,chicago,2015,p50,ridge_abs,270.75,273.3778344574753,259.15
LOMO,chicago,2016,p50,ridge_abs,268.3833333333333,263.6157248057058,259.15
LOMO,chicago,2017,p50,ridge_abs,282.71666666666664,271.95093962035145,259.15
LOMO,chicago,2018,p50,ridge_abs,267.4833333333333,256.0371609570999,259.15
LOMO,chicago,2019,p50,ridge_abs,262.1083333333333,252.35663223442853,259.15
LOMO,chicago,2022,p50,ridge_abs,261.76666666666665,265.83494349153176,259.15
LOMO,chicago,2023,p50,ridge_abs,251.6833333333333,250.129349160275,259.15
LOMO,nyc,2005,p50,ridge_abs,278.55,214.1564663857696,256.3666666666667
LOMO,nyc,2006,p50,ridge_abs,262.28333333333336,200.31822628849835,256.3666666666667
LOMO,nyc,2007,p50,ridge_abs,263.65,204.61867865655447,256.3666666666667
LOMO,nyc,2008,p50,ridge_abs,259.25,218.69663091425866,256.3666666666667
LOMO,nyc,2009,p50,ridge_abs,259.05,209.96296237533724,256.3666666666667
LOMO,nyc,2010,p50,ridge_abs,261.3333333333333,210.06601027794716,256.3666666666667
LOMO,nyc,2011,p50,ridge_abs,262.71666666666664,219.98950793287338,256.3666666666667
LOMO,nyc,2013,p50,ridge_abs,262.3333333333333,218.6266758481974,256.3666666666667
LOMO,nyc,2014,p50,ridge_abs,267.8666666666667,216.16311232661016,256.3666666666667
LOMO,nyc,2015,p50,ridge_abs,273.1333333333333,243.02502534987948,256.3666666666667
LOMO,nyc,2016,p50,ridge_abs,271.46666666666664,230.15765921631288,256.3666666666667
LOMO,nyc,2017,p50,ridge_abs,270.45,243.617999108437,256.3666666666667
LOMO,nyc,2018,p50,ridge_abs,272.03333333333336,232.7349091839155,256.3666666666667
LOMO,nyc,2019,p50,ridge_abs,269.2,232.65152270609937,256.3666666666667
LOMO,nyc,2022,p50,ridge_abs,284.75,275.4546254655811,256.3666666666667
LOMO,nyc,2023,p50,ridge_abs,272.78333333333336,238.88396756347322,256.3666666666667
LOMO,nyc,2024,p50,ridge_abs,263.55,244.51892516526033,256.3666666666667
LOMO,boston,2005,p50,gbm_histogramas_abs,233.05,277.061047656965,267.4583333333333
LOMO,boston,2006,p50,gbm_histogramas_abs,224.78333333333333,263.8719296705024,267.4583333333333
LOMO,boston,2007,p50,gbm_histogramas_abs,228.66666666666663,264.57394548603537,267.4583333333333
LOMO,boston,2008,p50,gbm_histogramas_abs,226.21666666666667,270.60701120526954,267.4583333333333
LOMO,boston,2009,p50,gbm_histogramas_abs,224.08333333333331,267.8115595323996,267.4583333333333
LOMO,boston,2010,p50,gbm_histogramas_abs,224.28333333333333,268.6656114268581,267.4583333333333
LOMO,boston,2011,p50,gbm_histogramas_abs,224.9833333333333,269.9271189020259,267.4583333333333
LOMO,boston,2012,p50,gbm_histogramas_abs,251.06666666666663,291.57777428556676,267.4583333333333
LOMO,boston,2013,p50,gbm_histogramas_abs,220.88333333333333,267.69409263991804,267.4583333333333
LOMO,boston,2014,p50,gbm_histogramas_abs,232.2333333333333,274.625766743342,267.4583333333333
LOMO,boston,2015,p50,gbm_histogramas_abs,219.66666666666663,266.466034360762,267.4583333333333
LOMO,boston,2016,p50,gbm_histogramas_abs,228.08333333333331,275.241614463527,267.4583333333333
LOMO,boston,2017,p50,gbm_histogramas_abs,231.65833333333333,282.0936124567303,267.4583333333333
LOMO,boston,2018,p50,gbm_histogramas_abs,228.6,265.4209883662335,267.4583333333333
LOMO,boston,2019,p50,gbm_histogramas_abs,225.575,272.8738605231844,267.4583333333333
LOMO,chicago,2005,p50,gbm_histogramas_abs,262.85,228.82533437983926,259.15
LOMO,chicago,2006,p50,gbm_histogramas_abs,261.05,223.68180886596008,259.15
LOMO,chicago,2007,p50,gbm_histogramas_abs,295.01666666666665,244.81697166252619,259.15
LOMO,chicago,2008,p50,gbm_histogramas_abs,283.7,244.4325185909963,259.15
LOMO,chicago,2009,p50,gbm_histogramas_abs,263.43333333333334,227.70233079454795,259.15
LOMO,chicago,2010,p50,gbm_histogramas_abs,280.64166666666665,275.0267338646337,259.15
LOMO,chicago,2011,p50,gbm_histogramas_abs,277.875,278.5593713475515,259.15
LOMO,chicago,2012,p50,gbm_histogramas_abs,267.4,264.82801226628266,259.15
LOMO,chicago,2013,p50,gbm_histogramas_abs,267.43333333333334,265.5335031219583,259.15
LOMO,chicago,2014,p50,gbm_histogramas_abs,267.4166666666667,266.4807340509924,259.15
LOMO,chicago,2015,p50,gbm_histogramas_abs,270.75,274.3611579003867,259.15
LOMO,chicago,2016,p50,gbm_histogramas_abs,268.3833333333333,267.6064503977915,259.15
LOMO,chicago,2017,p50,gbm_histogramas_abs,282.71666666666664,278.7648054215522,259.15
LOMO,chicago,2018,p50,gbm_histogramas_abs,267.4833333333333,270.6584342134732,259.15
LOMO,chicago,2019,p50,gbm_histogramas_abs,262.1083333333333,266.81734767453355,259.15
LOMO,chicago,2022,p50,gbm_histogramas_abs,261.76666666666665,266.91351152785546,259.15
LOMO,chicago,2023,p50,gbm_histogramas_abs,251.6833333333333,264.8392079561894,259.15
LOMO,nyc,2005,p50,gbm_histogramas_abs,278.55,269.1227508357399,256.3666666666667
LOMO,nyc,2006,p50,gbm_histogramas_abs,262.28333333333336,265.4940074564517,256.3666666666667
LOMO,nyc,2007,p50,gbm_histogramas_abs,263.65,263.7406836372733,256.3666666666667
LOMO,nyc,2008,p50,gbm_histogramas_abs,259.25,264.8303582574297,256.3666666666667
LOMO,nyc,2009,p50,gbm_histogramas_abs,259.05,265.0540454119044,256.3666666666667
LOMO,nyc,2010,p50,gbm_histogramas_abs,261.3333333333333,266.592014676936,256.3666666666667
LOMO,nyc,2011,p50,gbm_histogramas_abs,262.71666666666664,265.6952363846727,256.3666666666667
LOMO,nyc,2013,p50,gbm_histogramas_abs,262.3333333333333,264.01323186716684,256.3666666666667
LOMO,nyc,2014,p50,gbm_histogramas_abs,267.8666666666667,261.605178944899,256.3666666666667
LOMO,nyc,2015,p50,gbm_histogramas_abs,273.1333333333333,267.3025358706187,256.3666666666667
LOMO,nyc,2016,p50,gbm_histogramas_abs,271.46666666666664,264.2912829896412,256.3666666666667
LOMO,nyc,2017,p50,gbm_histogramas_abs,270.45,267.32425735450124,256.3666666666667
LOMO,nyc,2018,p50,gbm_histogramas_abs,272.03333333333336,262.6631181369121,256.3666666666667
LOMO,nyc,2019,p50,gbm_histogramas_abs,269.2,257.87680999601065,256.3666666666667
LOMO,nyc,2022,p50,gbm_histogramas_abs,284.75,286.2338627004317,256.3666666666667
LOMO,nyc,2023,p50,gbm_histogramas_abs,272.78333333333336,264.1762216403722,256.3666666666667
LOMO,nyc,2024,p50,gbm_histogramas_abs,263.55,262.733293338727,256.3666666666667
LOMO,boston,2005,p50,ridge_dev,233.05,279.2507556455415,267.4583333333333
LOMO,boston,2006,p50,ridge_dev,224.78333333333333,272.6124724515206,267.4583333333333
LOMO,boston,2007,p50,ridge_dev,228.66666666666663,269.2924125566016,267.4583333333333
LOMO,boston,2008,p50,ridge_dev,226.21666666666667,278.5676198071385,267.4583333333333
LOMO,boston,2009,p50,ridge_dev,224.08333333333331,271.51672904079726,267.4583333333333
LOMO,boston,2010,p50,ridge_dev,224.28333333333333,268.03389103229136,267.4583333333333
LOMO,boston,2011,p50,ridge_dev,224.9833333333333,276.8522149183602,267.4583333333333
LOMO,boston,2012,p50,ridge_dev,251.06666666666663,289.6655553151188,267.4583333333333
LOMO,boston,2013,p50,ridge_dev,220.88333333333333,275.43265791649617,267.4583333333333
LOMO,boston,2014,p50,ridge_dev,232.2333333333333,279.4117442972137,267.4583333333333
LOMO,boston,2015,p50,ridge_dev,219.66666666666663,268.8927957687663,267.4583333333333
LOMO,boston,2016,p50,ridge_dev,228.08333333333331,280.4029499197083,267.4583333333333
LOMO,boston,2017,p50,ridge_dev,231.65833333333333,285.52822210568786,267.4583333333333
LOMO,boston,2018,p50,ridge_dev,228.6,269.8239083587457,267.4583333333333
LOMO,boston,2019,p50,ridge_dev,225.575,284.9753222752257,267.4583333333333
LOMO,chicago,2005,p50,ridge_dev,262.85,260.2588581654971,259.15
LOMO,chicago,2006,p50,ridge_dev,261.05,251.32139782825675,259.15
LOMO,chicago,2007,p50,ridge_dev,295.01666666666665,276.2639782936917,259.15
LOMO,chicago,2008,p50,ridge_dev,283.7,271.5985204894115,259.15
LOMO,chicago,2009,p50,ridge_dev,263.43333333333334,251.99911172428799,259.15
LOMO,chicago,2010,p50,ridge_dev,280.64166666666665,270.9799747687594,259.15
LOMO,chicago,2011,p50,ridge_dev,277.875,269.8856486008724,259.15
LOMO,chicago,2012,p50,ridge_dev,267.4,254.48671185797724,259.15
LOMO,chicago,2013,p50,ridge_dev,267.43333333333334,261.4673405903925,259.15
LOMO,chicago,2014,p50,ridge_dev,267.4166666666667,261.96381874513355,259.15
LOMO,chicago,2015,p50,ridge_dev,270.75,267.95099447761294,259.15
LOMO,chicago,2016,p50,ridge_dev,268.3833333333333,262.3459826987513,259.15
LOMO,chicago,2017,p50,ridge_dev,282.71666666666664,268.8019289171058,259.15
LOMO,chicago,2018,p50,ridge_dev,267.4833333333333,261.3830195446839,259.15
LOMO,chicago,2019,p50,ridge_dev,262.1083333333333,257.15726197708847,259.15
LOMO,chicago,2022,p50,ridge_dev,261.76666666666665,263.67097089034615,259.15
LOMO,chicago,2023,p50,ridge_dev,251.6833333333333,258.1153563259113,259.15
LOMO,nyc,2005,p50,ridge_dev,278.55,209.88905599763746,256.3666666666667
LOMO,nyc,2006,p50,ridge_dev,262.28333333333336,196.27822188083363,256.3666666666667
LOMO,nyc,2007,p50,ridge_dev,263.65,200.48855805948102,256.3666666666667
LOMO,nyc,2008,p50,ridge_dev,259.25,214.40353639602725,256.3666666666667
LOMO,nyc,2009,p50,ridge_dev,259.05,205.63022177119151,256.3666666666667
LOMO,nyc,2010,p50,ridge_dev,261.3333333333333,206.04538885881692,256.3666666666667
LOMO,nyc,2011,p50,ridge_dev,262.71666666666664,216.2188317278238,256.3666666666667
LOMO,nyc,2013,p50,ridge_dev,262.3333333333333,214.29580401857683,256.3666666666667
LOMO,nyc,2014,p50,ridge_dev,267.8666666666667,211.807372621332,256.3666666666667
LOMO,nyc,2015,p50,ridge_dev,273.1333333333333,239.00588291559504,256.3666666666667
LOMO,nyc,2016,p50,ridge_dev,271.46666666666664,226.12294732212325,256.3666666666667
LOMO,nyc,2017,p50,ridge_dev,270.45,239.44220012181913,256.3666666666667
LOMO,nyc,2018,p50,ridge_dev,272.03333333333336,228.65763274974282,256.3666666666667
LOMO,nyc,2019,p50,ridge_dev,269.2,228.7881243281834,256.3666666666667
LOMO,nyc,2022,p50,ridge_dev,284.75,272.2281000201373,256.3666666666667
LOMO,nyc,2023,p50,ridge_dev,272.78333333333336,235.0884452428708,256.3666666666667
LOMO,nyc,2024,p50,ridge_dev,263.55,240.2794808806072,256.3666666666667
LOMO,boston,2005,p50,gbm_histogramas_dev,233.05,276.48231570557607,267.4583333333333
LOMO,boston,2006,p50,gbm_histogramas_dev,224.78333333333333,263.61704355234116,267.4583333333333
LOMO,boston,2007,p50,gbm_histogramas_dev,228.66666666666663,264.30114488175815,267.4583333333333
LOMO,boston,2008,p50,gbm_histogramas_dev,226.21666666666667,269.93996051913354,267.4583333333333
LOMO,boston,2009,p50,gbm_histogramas_dev,224.08333333333331,267.46630993451015,267.4583333333333
LOMO,boston,2010,p50,gbm_histogramas_dev,224.28333333333333,268.2422785931232,267.4583333333333
LOMO,boston,2011,p50,gbm_histogramas_dev,224.9833333333333,269.14799935012894,267.4583333333333
LOMO,boston,2012,p50,gbm_histogramas_dev,251.06666666666663,291.333329138835,267.4583333333333
LOMO,boston,2013,p50,gbm_histogramas_dev,220.88333333333333,267.39620990413994,267.4583333333333
LOMO,boston,2014,p50,gbm_histogramas_dev,232.2333333333333,274.99440384802386,267.4583333333333
LOMO,boston,2015,p50,gbm_histogramas_dev,219.66666666666663,266.795579203935,267.4583333333333
LOMO,boston,2016,p50,gbm_histogramas_dev,228.08333333333331,275.56751647199064,267.4583333333333
LOMO,boston,2017,p50,gbm_histogramas_dev,231.65833333333333,282.2552058499278,267.4583333333333
LOMO,boston,2018,p50,gbm_histogramas_dev,228.6,265.7914583079662,267.4583333333333
LOMO,boston,2019,p50,gbm_histogramas_dev,225.575,273.08437699462166,267.4583333333333
LOMO,chicago,2005,p50,gbm_histogramas_dev,262.85,259.3699237665611,259.15
LOMO,chicago,2006,p50,gbm_histogramas_dev,261.05,255.57683322136046,259.15
LOMO,chicago,2007,p50,gbm_histogramas_dev,295.01666666666665,277.034227756226,259.15
LOMO,chicago,2008,p50,gbm_histogramas_dev,283.7,277.05075743921907,259.15
LOMO,chicago,2009,p50,gbm_histogramas_dev,263.43333333333334,255.80331223399298,259.15
LOMO,chicago,2010,p50,gbm_histogramas_dev,280.64166666666665,271.954626414419,259.15
LOMO,chicago,2011,p50,gbm_histogramas_dev,277.875,273.64531232526775,259.15
LOMO,chicago,2012,p50,gbm_histogramas_dev,267.4,255.23606016937038,259.15
LOMO,chicago,2013,p50,gbm_histogramas_dev,267.43333333333334,262.1776236424513,259.15
LOMO,chicago,2014,p50,gbm_histogramas_dev,267.4166666666667,262.84840856592115,259.15
LOMO,chicago,2015,p50,gbm_histogramas_dev,270.75,270.009983695081,259.15
LOMO,chicago,2016,p50,gbm_histogramas_dev,268.3833333333333,259.88991230461085,259.15
LOMO,chicago,2017,p50,gbm_histogramas_dev,282.71666666666664,274.2275361560185,259.15
LOMO,chicago,2018,p50,gbm_histogramas_dev,267.4833333333333,263.62929931576923,259.15
LOMO,chicago,2019,p50,gbm_histogramas_dev,262.1083333333333,257.3908763545149,259.15
LOMO,chicago,2022,p50,gbm_histogramas_dev,261.76666666666665,264.00620287653777,259.15
LOMO,chicago,2023,p50,gbm_histogramas_dev,251.6833333333333,258.43705042721155,259.15
LOMO,nyc,2005,p50,gbm_histogramas_dev,278.55,259.7069847480438,256.3666666666667
LOMO,nyc,2006,p50,gbm_histogramas_dev,262.28333333333336,254.93177845177058,256.3666666666667
LOMO,nyc,2007,p50,gbm_histogramas_dev,263.65,255.95330899772188,256.3666666666667
LOMO,nyc,2008,p50,gbm_histogramas_dev,259.25,255.62825269745306,256.3666666666667
LOMO,nyc,2009,p50,gbm_histogramas_dev,259.05,255.72538107883645,256.3666666666667
LOMO,nyc,2010,p50,gbm_histogramas_dev,261.3333333333333,254.96933779745163,256.3666666666667
LOMO,nyc,2011,p50,gbm_histogramas_dev,262.71666666666664,254.42127549836522,256.3666666666667
LOMO,nyc,2013,p50,gbm_histogramas_dev,262.3333333333333,252.11428494826492,256.3666666666667
LOMO,nyc,2014,p50,gbm_histogramas_dev,267.8666666666667,253.3814342496003,256.3666666666667
LOMO,nyc,2015,p50,gbm_histogramas_dev,273.1333333333333,258.7664693413153,256.3666666666667
LOMO,nyc,2016,p50,gbm_histogramas_dev,271.46666666666664,254.38952832976125,256.3666666666667
LOMO,nyc,2017,p50,gbm_histogramas_dev,270.45,257.050691905029,256.3666666666667
LOMO,nyc,2018,p50,gbm_histogramas_dev,272.03333333333336,254.81380462678297,256.3666666666667
LOMO,nyc,2019,p50,gbm_histogramas_dev,269.2,247.817350035986,256.3666666666667
LOMO,nyc,2022,p50,gbm_histogramas_dev,284.75,278.52022375290903,256.3666666666667
LOMO,nyc,2023,p50,gbm_histogramas_dev,272.78333333333336,250.57363982092764,256.3666666666667
LOMO,nyc,2024,p50,gbm_histogramas_dev,263.55,249.72743477785824,256.3666666666667
LOMO,boston,2005,p75,media_global,259.51666666666665,307.7015931372549,308.025
LOMO,boston,2006,p75,media_global,249.71666666666667,307.7015931372549,308.025
LOMO,boston,2007,p75,media_global,254.5,307.7015931372549,308.025
LOMO,boston,2008,p75,media_global,251.63333333333333,307.7015931372549,308.025
LOMO,boston,2009,p75,media_global,248.41666666666663,307.7015931372549,308.025
LOMO,boston,2010,p75,media_global,248.88333333333333,307.7015931372549,308.025
LOMO,boston,2011,p75,media_global,249.78333333333333,307.7015931372549,308.025
LOMO,boston,2012,p75,media_global,285.31666666666666,307.7015931372549,308.025
LOMO,boston,2013,p75,media_global,247.9625,307.7015931372549,308.025
LOMO,boston,2014,p75,media_global,272.7,307.7015931372549,308.025
LOMO,boston,2015,p75,media_global,246.41666666666663,307.7015931372549,308.025
LOMO,boston,2016,p75,media_global,256.71666666666664,307.7015931372549,308.025
LOMO,boston,2017,p75,media_global,261.8,307.7015931372549,308.025
LOMO,boston,2018,p75,media_global,262.31666666666666,307.7015931372549,308.025
LOMO,boston,2019,p75,media_global,259.0,307.7015931372549,308.025
LOMO,chicago,2005,p75,media_global,295.71666666666664,282.57122395833335,293.0
LOMO,chicago,2006,p75,media_global,296.06666666666666,282.57122395833335,293.0
LOMO,chicago,2007,p75,media_global,329.3,282.57122395833335,293.0
LOMO,chicago,2008,p75,media_global,321.6,282.57122395833335,293.0
LOMO,chicago,2009,p75,media_global,299.7333333333333,282.57122395833335,293.0
LOMO,chicago,2010,p75,media_global,321.21666666666664,282.57122395833335,293.0
LOMO,chicago,2011,p75,media_global,316.875,282.57122395833335,293.0
LOMO,chicago,2012,p75,media_global,305.09583333333336,282.57122395833335,293.0
LOMO,chicago,2013,p75,media_global,306.5,282.57122395833335,293.0
LOMO,chicago,2014,p75,media_global,308.1,282.57122395833335,293.0
LOMO,chicago,2015,p75,media_global,311.24583333333334,282.57122395833335,293.0
LOMO,chicago,2016,p75,media_global,310.5708333333333,282.57122395833335,293.0
LOMO,chicago,2017,p75,media_global,328.4166666666667,282.57122395833335,293.0
LOMO,chicago,2018,p75,media_global,310.6666666666667,282.57122395833335,293.0
LOMO,chicago,2019,p75,media_global,307.25,282.57122395833335,293.0
LOMO,chicago,2022,p75,media_global,307.95,282.57122395833335,293.0
LOMO,chicago,2023,p75,media_global,297.95,282.57122395833335,293.0
LOMO,nyc,2005,p75,media_global,314.1666666666667,285.2791666666667,295.89166666666665
LOMO,nyc,2006,p75,media_global,294.8833333333333,285.2791666666667,295.89166666666665
LOMO,nyc,2007,p75,media_global,296.78333333333336,285.2791666666667,295.89166666666665
LOMO,nyc,2008,p75,media_global,293.43333333333334,285.2791666666667,295.89166666666665
LOMO,nyc,2009,p75,media_global,292.56666666666666,285.2791666666667,295.89166666666665
LOMO,nyc,2010,p75,media_global,296.53333333333336,285.2791666666667,295.89166666666665
LOMO,nyc,2011,p75,media_global,298.55,285.2791666666667,295.89166666666665
LOMO,nyc,2013,p75,media_global,296.9166666666667,285.2791666666667,295.89166666666665
LOMO,nyc,2014,p75,media_global,304.43333333333334,285.2791666666667,295.89166666666665
LOMO,nyc,2015,p75,media_global,310.53333333333336,285.2791666666667,295.89166666666665
LOMO,nyc,2016,p75,media_global,309.01666666666665,285.2791666666667,295.89166666666665
LOMO,nyc,2017,p75,media_global,309.35,285.2791666666667,295.89166666666665
LOMO,nyc,2018,p75,media_global,312.00416666666666,285.2791666666667,295.89166666666665
LOMO,nyc,2019,p75,media_global,309.75416666666666,285.2791666666667,295.89166666666665
LOMO,nyc,2022,p75,media_global,327.31666666666666,285.2791666666667,295.89166666666665
LOMO,nyc,2023,p75,media_global,315.95,285.2791666666667,295.89166666666665
LOMO,nyc,2024,p75,media_global,305.4083333333333,285.2791666666667,295.89166666666665
LOMO,boston,2005,p75,referencia_historica,259.51666666666665,308.025,308.025
LOMO,boston,2006,p75,referencia_historica,249.71666666666667,308.025,308.025
LOMO,boston,2007,p75,referencia_historica,254.5,308.025,308.025
LOMO,boston,2008,p75,referencia_historica,251.63333333333333,308.025,308.025
LOMO,boston,2009,p75,referencia_historica,248.41666666666663,308.025,308.025
LOMO,boston,2010,p75,referencia_historica,248.88333333333333,308.025,308.025
LOMO,boston,2011,p75,referencia_historica,249.78333333333333,308.025,308.025
LOMO,boston,2012,p75,referencia_historica,285.31666666666666,308.025,308.025
LOMO,boston,2013,p75,referencia_historica,247.9625,308.025,308.025
LOMO,boston,2014,p75,referencia_historica,272.7,308.025,308.025
LOMO,boston,2015,p75,referencia_historica,246.41666666666663,308.025,308.025
LOMO,boston,2016,p75,referencia_historica,256.71666666666664,308.025,308.025
LOMO,boston,2017,p75,referencia_historica,261.8,308.025,308.025
LOMO,boston,2018,p75,referencia_historica,262.31666666666666,308.025,308.025
LOMO,boston,2019,p75,referencia_historica,259.0,308.025,308.025
LOMO,chicago,2005,p75,referencia_historica,295.71666666666664,293.0,293.0
LOMO,chicago,2006,p75,referencia_historica,296.06666666666666,293.0,293.0
LOMO,chicago,2007,p75,referencia_historica,329.3,293.0,293.0
LOMO,chicago,2008,p75,referencia_historica,321.6,293.0,293.0
LOMO,chicago,2009,p75,referencia_historica,299.7333333333333,293.0,293.0
LOMO,chicago,2010,p75,referencia_historica,321.21666666666664,293.0,293.0
LOMO,chicago,2011,p75,referencia_historica,316.875,293.0,293.0
LOMO,chicago,2012,p75,referencia_historica,305.09583333333336,293.0,293.0
LOMO,chicago,2013,p75,referencia_historica,306.5,293.0,293.0
LOMO,chicago,2014,p75,referencia_historica,308.1,293.0,293.0
LOMO,chicago,2015,p75,referencia_historica,311.24583333333334,293.0,293.0
LOMO,chicago,2016,p75,referencia_historica,310.5708333333333,293.0,293.0
LOMO,chicago,2017,p75,referencia_historica,328.4166666666667,293.0,293.0
LOMO,chicago,2018,p75,referencia_historica,310.6666666666667,293.0,293.0
LOMO,chicago,2019,p75,referencia_historica,307.25,293.0,293.0
LOMO,chicago,2022,p75,referencia_historica,307.95,293.0,293.0
LOMO,chicago,2023,p75,referencia_historica,297.95,293.0,293.0
LOMO,nyc,2005,p75,referencia_historica,314.1666666666667,295.89166666666665,295.89166666666665
LOMO,nyc,2006,p75,referencia_historica,294.8833333333333,295.89166666666665,295.89166666666665
LOMO,nyc,2007,p75,referencia_historica,296.78333333333336,295.89166666666665,295.89166666666665
LOMO,nyc,2008,p75,referencia_historica,293.43333333333334,295.89166666666665,295.89166666666665
LOMO,nyc,2009,p75,referencia_historica,292.56666666666666,295.89166666666665,295.89166666666665
LOMO,nyc,2010,p75,referencia_historica,296.53333333333336,295.89166666666665,295.89166666666665
LOMO,nyc,2011,p75,referencia_historica,298.55,295.89166666666665,295.89166666666665
LOMO,nyc,2013,p75,referencia_historica,296.9166666666667,295.89166666666665,295.89166666666665
LOMO,nyc,2014,p75,referencia_historica,304.43333333333334,295.89166666666665,295.89166666666665
LOMO,nyc,2015,p75,referencia_historica,310.53333333333336,295.89166666666665,295.89166666666665
LOMO,nyc,2016,p75,referencia_historica,309.01666666666665,295.89166666666665,295.89166666666665
LOMO,nyc,2017,p75,referencia_historica,309.35,295.89166666666665,295.89166666666665
LOMO,nyc,2018,p75,referencia_historica,312.00416666666666,295.89166666666665,295.89166666666665
LOMO,nyc,2019,p75,referencia_historica,309.75416666666666,295.89166666666665,295.89166666666665
LOMO,nyc,2022,p75,referencia_historica,327.31666666666666,295.89166666666665,295.89166666666665
LOMO,nyc,2023,p75,referencia_historica,315.95,295.89166666666665,295.89166666666665
LOMO,nyc,2024,p75,referencia_historica,305.4083333333333,295.89166666666665,295.89166666666665
LOMO,boston,2005,p75,ridge_abs,259.51666666666665,309.5978961676832,308.025
LOMO,boston,2006,p75,ridge_abs,249.71666666666667,302.56449689449806,308.025
LOMO,boston,2007,p75,ridge_abs,254.5,300.587130116878,308.025
LOMO,boston,2008,p75,ridge_abs,251.63333333333333,312.34159097524093,308.025
LOMO,boston,2009,p75,ridge_abs,248.41666666666663,304.1985465998908,308.025
LOMO,boston,2010,p75,ridge_abs,248.88333333333333,303.5337022935462,308.025
LOMO,boston,2011,p75,ridge_abs,249.78333333333333,312.4305685695714,308.025
LOMO,boston,2012,p75,ridge_abs,285.31666666666666,326.29374830251714,308.025
LOMO,boston,2013,p75,ridge_abs,247.9625,310.0537147329295,308.025
LOMO,boston,2014,p75,ridge_abs,272.7,317.70796498412545,308.025
LOMO,boston,2015,p75,ridge_abs,246.41666666666663,306.5202005662845,308.025
LOMO,boston,2016,p75,ridge_abs,256.71666666666664,316.5768392041489,308.025
LOMO,boston,2017,p75,ridge_abs,261.8,322.7205392572448,308.025
LOMO,boston,2018,p75,ridge_abs,262.31666666666666,315.97893245890515,308.025
LOMO,boston,2019,p75,ridge_abs,259.0,326.27638010287797,308.025
LOMO,chicago,2005,p75,ridge_abs,295.71666666666664,294.2084185182154,293.0
LOMO,chicago,2006,p75,ridge_abs,296.06666666666666,264.7063848879897,293.0
LOMO,chicago,2007,p75,ridge_abs,329.3,319.08968226981324,293.0
LOMO,chicago,2008,p75,ridge_abs,321.6,322.8989821114769,293.0
LOMO,chicago,2009,p75,ridge_abs,299.7333333333333,272.6555195739869,293.0
LOMO,chicago,2010,p75,ridge_abs,321.21666666666664,322.6575502624603,293.0
LOMO,chicago,2011,p75,ridge_abs,316.875,316.9921170207512,293.0
LOMO,chicago,2012,p75,ridge_abs,305.09583333333336,277.61829722616307,293.0
LOMO,chicago,2013,p75,ridge_abs,306.5,298.86523642122654,293.0
LOMO,chicago,2014,p75,ridge_abs,308.1,304.4155801649704,293.0
LOMO,chicago,2015,p75,ridge_abs,311.24583333333334,314.7033874187946,293.0
LOMO,chicago,2016,p75,ridge_abs,310.5708333333333,302.7589320464572,293.0
LOMO,chicago,2017,p75,ridge_abs,328.4166666666667,316.377919339197,293.0
LOMO,chicago,2018,p75,ridge_abs,310.6666666666667,289.17165723640335,293.0
LOMO,chicago,2019,p75,ridge_abs,307.25,287.4535911421444,293.0
LOMO,chicago,2022,p75,ridge_abs,307.95,308.7845226818866,293.0
LOMO,chicago,2023,p75,ridge_abs,297.95,286.4048646723163,293.0
LOMO,nyc,2005,p75,ridge_abs,314.1666666666667,313.657013478786,295.89166666666665
LOMO,nyc,2006,p75,ridge_abs,294.8833333333333,302.6240533055021,295.89166666666665
LOMO,nyc,2007,p75,ridge_abs,296.78333333333336,306.724513415152,295.89166666666665
LOMO,nyc,2008,p75,ridge_abs,293.43333333333334,302.4993998203564,295.89166666666665
LOMO,nyc,2009,p75,ridge_abs,292.56666666666666,304.8599926221037,295.89166666666665
LOMO,nyc,2010,p75,ridge_abs,296.53333333333336,303.50957830776554,295.89166666666665
LOMO,nyc,2011,p75,ridge_abs,298.55,315.0431715816267,295.89166666666665
LOMO,nyc,2013,p75,ridge_abs,296.9166666666667,301.9802837150223,295.89166666666665
LOMO,nyc,2014,p75,ridge_abs,304.43333333333334,292.97129679325286,295.89166666666665
LOMO,nyc,2015,p75,ridge_abs,310.53333333333336,319.89713009728507,295.89166666666665
LOMO,nyc,2016,p75,ridge_abs,309.01666666666665,308.0266884444065,295.89166666666665
LOMO,nyc,2017,p75,ridge_abs,309.35,318.42192497757964,295.89166666666665
LOMO,nyc,2018,p75,ridge_abs,312.00416666666666,315.3218006017938,295.89166666666665
LOMO,nyc,2019,p75,ridge_abs,309.75416666666666,312.92953918636874,295.89166666666665
LOMO,nyc,2022,p75,ridge_abs,327.31666666666666,337.086276588293,295.89166666666665
LOMO,nyc,2023,p75,ridge_abs,315.95,318.55668300733583,295.89166666666665
LOMO,nyc,2024,p75,ridge_abs,305.4083333333333,315.20871886947697,295.89166666666665
LOMO,boston,2005,p75,gbm_histogramas_abs,259.51666666666665,311.84956322805016,308.025
LOMO,boston,2006,p75,gbm_histogramas_abs,249.71666666666667,294.32501043677723,308.025
LOMO,boston,2007,p75,gbm_histogramas_abs,254.5,296.8552873463507,308.025
LOMO,boston,2008,p75,gbm_histogramas_abs,251.63333333333333,303.0810607807832,308.025
LOMO,boston,2009,p75,gbm_histogramas_abs,248.41666666666663,296.37464653307444,308.025
LOMO,boston,2010,p75,gbm_histogramas_abs,248.88333333333333,296.81717031301935,308.025
LOMO,boston,2011,p75,gbm_histogramas_abs,249.78333333333333,306.19685147602416,308.025
LOMO,boston,2012,p75,gbm_histogramas_abs,285.31666666666666,328.2095508213074,308.025
LOMO,boston,2013,p75,gbm_histogramas_abs,247.9625,300.72984529313254,308.025
LOMO,boston,2014,p75,gbm_histogramas_abs,272.7,310.64351133130134,308.025
LOMO,boston,2015,p75,gbm_histogramas_abs,246.41666666666663,301.947090254869,308.025
LOMO,boston,2016,p75,gbm_histogramas_abs,256.71666666666664,310.4418344770522,308.025
LOMO,boston,2017,p75,gbm_histogramas_abs,261.8,324.66463211160993,308.025
LOMO,boston,2018,p75,gbm_histogramas_abs,262.31666666666666,301.30515702493017,308.025
LOMO,boston,2019,p75,gbm_histogramas_abs,259.0,316.68946616338576,308.025
LOMO,chicago,2005,p75,gbm_histogramas_abs,295.71666666666664,267.99550930640333,293.0
LOMO,chicago,2006,p75,gbm_histogramas_abs,296.06666666666666,257.50923660943204,293.0
LOMO,chicago,2007,p75,gbm_histogramas_abs,329.3,277.80704291876873,293.0
LOMO,chicago,2008,p75,gbm_histogramas_abs,321.6,281.8229247377455,293.0
LOMO,chicago,2009,p75,gbm_histogramas_abs,299.7333333333333,260.23892914041875,293.0
LOMO,chicago,2010,p75,gbm_histogramas_abs,321.21666666666664,312.61547657558214,293.0
LOMO,chicago,2011,p75,gbm_histogramas_abs,316.875,318.18998957031584,293.0
LOMO,chicago,2012,p75,gbm_histogramas_abs,305.09583333333336,303.76508721003285,293.0
LOMO,chicago,2013,p75,gbm_histogramas_abs,306.5,307.5128201940845,293.0
LOMO,chicago,2014,p75,gbm_histogramas_abs,308.1,310.0070579241308,293.0
LOMO,chicago,2015,p75,gbm_histogramas_abs,311.24583333333334,314.36958258315843,293.0
LOMO,chicago,2016,p75,gbm_histogramas_abs,310.5708333333333,311.2299567601893,293.0
LOMO,chicago,2017,p75,gbm_histogramas_abs,328.4166666666667,319.6544016567611,293.0
LOMO,chicago,2018,p75,gbm_histogramas_abs,310.6666666666667,312.8406255623117,293.0
LOMO,chicago,2019,p75,gbm_histogramas_abs,307.25,306.67382194298006,293.0
LOMO,chicago,2022,p75,gbm_histogramas_abs,307.95,307.89050815620016,293.0
LOMO,chicago,2023,p75,gbm_histogramas_abs,297.95,306.53941376366646,293.0
LOMO,nyc,2005,p75,gbm_histogramas_abs,314.1666666666667,306.2780968314114,295.89166666666665
LOMO,nyc,2006,p75,gbm_histogramas_abs,294.8833333333333,300.68666345884753,295.89166666666665
LOMO,nyc,2007,p75,gbm_histogramas_abs,296.78333333333336,301.17406798893813,295.89166666666665
LOMO,nyc,2008,p75,gbm_histogramas_abs,293.43333333333334,301.0233063003416,295.89166666666665
LOMO,nyc,2009,p75,gbm_histogramas_abs,292.56666666666666,298.5814061428417,295.89166666666665
LOMO,nyc,2010,p75,gbm_histogramas_abs,296.53333333333336,302.7663489421252,295.89166666666665
LOMO,nyc,2011,p75,gbm_histogramas_abs,298.55,302.09262332666947,295.89166666666665
LOMO,nyc,2013,p75,gbm_histogramas_abs,296.9166666666667,299.09300028030873,295.89166666666665
LOMO,nyc,2014,p75,gbm_histogramas_abs,304.43333333333334,299.8778022427477,295.89166666666665
LOMO,nyc,2015,p75,gbm_histogramas_abs,310.53333333333336,309.5923900419745,295.89166666666665
LOMO,nyc,2016,p75,gbm_histogramas_abs,309.01666666666665,303.2409527339021,295.89166666666665
LOMO,nyc,2017,p75,gbm_histogramas_abs,309.35,307.8839337369142,295.89166666666665
LOMO,nyc,2018,p75,gbm_histogramas_abs,312.00416666666666,301.39297564414835,295.89166666666665
LOMO,nyc,2019,p75,gbm_histogramas_abs,309.75416666666666,300.6852191955847,295.89166666666665
LOMO,nyc,2022,p75,gbm_histogramas_abs,327.31666666666666,327.0771410259081,295.89166666666665
LOMO,nyc,2023,p75,gbm_histogramas_abs,315.95,305.7574709354351,295.89166666666665
LOMO,nyc,2024,p75,gbm_histogramas_abs,305.4083333333333,301.8233852112667,295.89166666666665
LOMO,boston,2005,p75,ridge_dev,259.51666666666665,317.2656973198554,308.025
LOMO,boston,2006,p75,ridge_dev,249.71666666666667,310.27531298677036,308.025
LOMO,boston,2007,p75,ridge_dev,254.5,307.68909430048075,308.025
LOMO,boston,2008,p75,ridge_dev,251.63333333333333,319.5231274229359,308.025
LOMO,boston,2009,p75,ridge_dev,248.41666666666663,311.5778588254612,308.025
LOMO,boston,2010,p75,ridge_dev,248.88333333333333,310.523984077857,308.025
LOMO,boston,2011,p75,ridge_dev,249.78333333333333,319.8639671487372,308.025
LOMO,boston,2012,p75,ridge_dev,285.31666666666666,333.7186765370968,308.025
LOMO,boston,2013,p75,ridge_dev,247.9625,317.791026390353,308.025
LOMO,boston,2014,p75,ridge_dev,272.7,325.307900147562,308.025
LOMO,boston,2015,p75,ridge_dev,246.41666666666663,313.41298054980433,308.025
LOMO,boston,2016,p75,ridge_dev,256.71666666666664,324.32515590223704,308.025
LOMO,boston,2017,p75,ridge_dev,261.8,330.49371263919085,308.025
LOMO,boston,2018,p75,ridge_dev,262.31666666666666,321.35036399318597,308.025
LOMO,boston,2019,p75,ridge_dev,259.0,333.3324624538778,308.025
LOMO,chicago,2005,p75,ridge_dev,295.71666666666664,296.48469789957346,293.0
LOMO,chicago,2006,p75,ridge_dev,296.06666666666666,272.5950922363957,293.0
LOMO,chicago,2007,p75,ridge_dev,329.3,322.14545248056726,293.0
LOMO,chicago,2008,p75,ridge_dev,321.6,320.50745494720525,293.0
LOMO,chicago,2009,p75,ridge_dev,299.7333333333333,279.68684880625796,293.0
LOMO,chicago,2010,p75,ridge_dev,321.21666666666664,320.2578440689065,293.0
LOMO,chicago,2011,p75,ridge_dev,316.875,316.4681699153564,293.0
LOMO,chicago,2012,p75,ridge_dev,305.09583333333336,282.9921831713783,293.0
LOMO,chicago,2013,p75,ridge_dev,306.5,299.59922917557213,293.0
LOMO,chicago,2014,p75,ridge_dev,308.1,303.26509050391604,293.0
LOMO,chicago,2015,p75,ridge_dev,311.24583333333334,314.96580989395625,293.0
LOMO,chicago,2016,p75,ridge_dev,310.5708333333333,302.0428622502201,293.0
LOMO,chicago,2017,p75,ridge_dev,328.4166666666667,316.24019513141445,293.0
LOMO,chicago,2018,p75,ridge_dev,310.6666666666667,293.9851335240276,293.0
LOMO,chicago,2019,p75,ridge_dev,307.25,290.5491301553212,293.0
LOMO,chicago,2022,p75,ridge_dev,307.95,309.8535293193156,293.0
LOMO,chicago,2023,p75,ridge_dev,297.95,290.41207217012874,293.0
LOMO,nyc,2005,p75,ridge_dev,314.1666666666667,300.23057921394525,295.89166666666665
LOMO,nyc,2006,p75,ridge_dev,294.8833333333333,290.3283707973676,295.89166666666665
LOMO,nyc,2007,p75,ridge_dev,296.78333333333336,293.9800453668153,295.89166666666665
LOMO,nyc,2008,p75,ridge_dev,293.43333333333334,290.3944219052536,295.89166666666665
LOMO,nyc,2009,p75,ridge_dev,292.56666666666666,292.6050392784594,295.89166666666665
LOMO,nyc,2010,p75,ridge_dev,296.53333333333336,290.5549401691048,295.89166666666665
LOMO,nyc,2011,p75,ridge_dev,298.55,294.4838328189407,295.89166666666665
LOMO,nyc,2013,p75,ridge_dev,296.9166666666667,290.1601995442869,295.89166666666665
LOMO,nyc,2014,p75,ridge_dev,304.43333333333334,288.0112095234197,295.89166666666665
LOMO,nyc,2015,p75,ridge_dev,310.53333333333336,299.2158207381861,295.89166666666665
LOMO,nyc,2016,p75,ridge_dev,309.01666666666665,292.8988595126466,295.89166666666665
LOMO,nyc,2017,p75,ridge_dev,309.35,297.70601795547117,295.89166666666665
LOMO,nyc,2018,p75,ridge_dev,312.00416666666666,294.56416295713825,295.89166666666665
LOMO,nyc,2019,p75,ridge_dev,309.75416666666666,293.77317198621137,295.89166666666665
LOMO,nyc,2022,p75,ridge_dev,327.31666666666666,306.6566482146251,295.89166666666665
LOMO,nyc,2023,p75,ridge_dev,315.95,298.37222866356393,295.89166666666665
LOMO,nyc,2024,p75,ridge_dev,305.4083333333333,293.64956483713735,295.89166666666665
LOMO,boston,2005,p75,gbm_histogramas_dev,259.51666666666665,313.6204186087894,308.025
LOMO,boston,2006,p75,gbm_histogramas_dev,249.71666666666667,298.24140355737853,308.025
LOMO,boston,2007,p75,gbm_histogramas_dev,254.5,300.1203783724092,308.025
LOMO,boston,2008,p75,gbm_histogramas_dev,251.63333333333333,302.05216669591294,308.025
LOMO,boston,2009,p75,gbm_histogramas_dev,248.41666666666663,298.38871116649284,308.025
LOMO,boston,2010,p75,gbm_histogramas_dev,248.88333333333333,298.5634026394076,308.025
LOMO,boston,2011,p75,gbm_histogramas_dev,249.78333333333333,304.11042018779494,308.025
LOMO,boston,2012,p75,gbm_histogramas_dev,285.31666666666666,329.4160685896105,308.025
LOMO,boston,2013,p75,gbm_histogramas_dev,247.9625,300.60471789289636,308.025
LOMO,boston,2014,p75,gbm_histogramas_dev,272.7,312.0679197372519,308.025
LOMO,boston,2015,p75,gbm_histogramas_dev,246.41666666666663,304.60166967206067,308.025
LOMO,boston,2016,p75,gbm_histogramas_dev,256.71666666666664,312.4482399468503,308.025
LOMO,boston,2017,p75,gbm_histogramas_dev,261.8,325.012211636504,308.025
LOMO,boston,2018,p75,gbm_histogramas_dev,262.31666666666666,302.5206351531733,308.025
LOMO,boston,2019,p75,gbm_histogramas_dev,259.0,317.0329558160449,308.025
LOMO,chicago,2005,p75,gbm_histogramas_dev,295.71666666666664,286.4340017703463,293.0
LOMO,chicago,2006,p75,gbm_histogramas_dev,296.06666666666666,284.97363645494505,293.0
LOMO,chicago,2007,p75,gbm_histogramas_dev,329.3,310.99811669554043,293.0
LOMO,chicago,2008,p75,gbm_histogramas_dev,321.6,310.96646498397405,293.0
LOMO,chicago,2009,p75,gbm_histogramas_dev,299.7333333333333,285.9070881768866,293.0
LOMO,chicago,2010,p75,gbm_histogramas_dev,321.21666666666664,306.89684098843264,293.0
LOMO,chicago,2011,p75,gbm_histogramas_dev,316.875,308.3931146213034,293.0
LOMO,chicago,2012,p75,gbm_histogramas_dev,305.09583333333336,285.68814072110086,293.0
LOMO,chicago,2013,p75,gbm_histogramas_dev,306.5,290.5040305966056,293.0
LOMO,chicago,2014,p75,gbm_histogramas_dev,308.1,299.0539421823058,293.0
LOMO,chicago,2015,p75,gbm_histogramas_dev,311.24583333333334,312.61652051858204,293.0
LOMO,chicago,2016,p75,gbm_histogramas_dev,310.5708333333333,293.22262884705043,293.0
LOMO,chicago,2017,p75,gbm_histogramas_dev,328.4166666666667,315.5269756567702,293.0
LOMO,chicago,2018,p75,gbm_histogramas_dev,310.6666666666667,298.52712461746137,293.0
LOMO,chicago,2019,p75,gbm_histogramas_dev,307.25,297.00052853819136,293.0
LOMO,chicago,2022,p75,gbm_histogramas_dev,307.95,310.0057549492385,293.0
LOMO,chicago,2023,p75,gbm_histogramas_dev,297.95,295.1075079354968,293.0
LOMO,nyc,2005,p75,gbm_histogramas_dev,314.1666666666667,299.358988172146,295.89166666666665
LOMO,nyc,2006,p75,gbm_histogramas_dev,294.8833333333333,286.11350010400156,295.89166666666665
LOMO,nyc,2007,p75,gbm_histogramas_dev,296.78333333333336,288.3258590072707,295.89166666666665
LOMO,nyc,2008,p75,gbm_histogramas_dev,293.43333333333334,287.3791053528395,295.89166666666665
LOMO,nyc,2009,p75,gbm_histogramas_dev,292.56666666666666,288.9069244232829,295.89166666666665
LOMO,nyc,2010,p75,gbm_histogramas_dev,296.53333333333336,287.17009328717626,295.89166666666665
LOMO,nyc,2011,p75,gbm_histogramas_dev,298.55,286.84585646604336,295.89166666666665
LOMO,nyc,2013,p75,gbm_histogramas_dev,296.9166666666667,285.7758823827905,295.89166666666665
LOMO,nyc,2014,p75,gbm_histogramas_dev,304.43333333333334,286.60720099329177,295.89166666666665
LOMO,nyc,2015,p75,gbm_histogramas_dev,310.53333333333336,297.9830046636965,295.89166666666665
LOMO,nyc,2016,p75,gbm_histogramas_dev,309.01666666666665,288.01897099240153,295.89166666666665
LOMO,nyc,2017,p75,gbm_histogramas_dev,309.35,299.26103317982466,295.89166666666665
LOMO,nyc,2018,p75,gbm_histogramas_dev,312.00416666666666,288.9200611709777,295.89166666666665
LOMO,nyc,2019,p75,gbm_histogramas_dev,309.75416666666666,287.77276264062033,295.89166666666665
LOMO,nyc,2022,p75,gbm_histogramas_dev,327.31666666666666,319.83922468117026,295.89166666666665
LOMO,nyc,2023,p75,gbm_histogramas_dev,315.95,300.30069291813425,295.89166666666665
LOMO,nyc,2024,p75,gbm_histogramas_dev,305.4083333333333,289.3213593751824,295.89166666666665
LOMO,boston,2005,p90,media_global,290.3333333333333,348.4207352941176,350.79083333333335
LOMO,boston,2006,p90,media_global,281.1283333333334,348.4207352941176,350.79083333333335
LOMO,boston,2007,p90,media_global,287.8666666666667,348.4207352941176,350.79083333333335
LOMO,boston,2008,p90,media_global,284.54,348.4207352941176,350.79083333333335
LOMO,boston,2009,p90,media_global,280.1066666666667,348.4207352941176,350.79083333333335
LOMO,boston,2010,p90,media_global,280.8833333333333,348.4207352941176,350.79083333333335
LOMO,boston,2011,p90,media_global,281.26166666666666,348.4207352941176,350.79083333333335
LOMO,boston,2012,p90,media_global,326.36333333333334,348.4207352941176,350.79083333333335
LOMO,boston,2013,p90,media_global,284.77166666666665,348.4207352941176,350.79083333333335
LOMO,boston,2014,p90,media_global,317.05,348.4207352941176,350.79083333333335
LOMO,boston,2015,p90,media_global,282.1,348.4207352941176,350.79083333333335
LOMO,boston,2016,p90,media_global,293.1366666666667,348.4207352941176,350.79083333333335
LOMO,boston,2017,p90,media_global,297.75,348.4207352941176,350.79083333333335
LOMO,boston,2018,p90,media_global,307.67499999999995,348.4207352941176,350.79083333333335
LOMO,boston,2019,p90,media_global,297.4166666666667,348.4207352941176,350.79083333333335
LOMO,chicago,2005,p90,media_global,331.8333333333333,321.3147916666666,332.40583333333336
LOMO,chicago,2006,p90,media_global,332.875,321.3147916666666,332.40583333333336
LOMO,chicago,2007,p90,media_global,353.4166666666667,321.3147916666666,332.40583333333336
LOMO,chicago,2008,p90,media_global,358.21666666666664,321.3147916666666,332.40583333333336
LOMO,chicago,2009,p90,media_global,339.1666666666667,321.3147916666666,332.40583333333336
LOMO,chicago,2010,p90,media_global,358.8666666666667,321.3147916666666,332.40583333333336
LOMO,chicago,2011,p90,media_global,354.1,321.3147916666666,332.40583333333336
LOMO,chicago,2012,p90,media_global,346.1666666666667,321.3147916666666,332.40583333333336
LOMO,chicago,2013,p90,media_global,346.09666666666675,321.3147916666666,332.40583333333336
LOMO,chicago,2014,p90,media_global,350.36,321.3147916666666,332.40583333333336
LOMO,chicago,2015,p90,media_global,350.6483333333333,321.3147916666666,332.40583333333336
LOMO,chicago,2016,p90,media_global,352.76666666666665,321.3147916666666,332.40583333333336
LOMO,chicago,2017,p90,media_global,371.3666666666667,321.3147916666666,332.40583333333336
LOMO,chicago,2018,p90,media_global,354.53333333333336,321.3147916666666,332.40583333333336
LOMO,chicago,2019,p90,media_global,353.89166666666665,321.3147916666666,332.40583333333336
LOMO,chicago,2022,p90,media_global,355.51000000000005,321.3147916666666,332.40583333333336
LOMO,chicago,2023,p90,media_global,346.8,321.3147916666666,332.40583333333336
LOMO,nyc,2005,p90,media_global,351.06666666666666,323.40619791666666,332.35416666666663
LOMO,nyc,2006,p90,media_global,332.6666666666667,323.40619791666666,332.35416666666663
LOMO,nyc,2007,p90,media_global,334.6333333333333,323.40619791666666,332.35416666666663
LOMO,nyc,2008,p90,media_global,333.51666666666665,323.40619791666666,332.35416666666663
LOMO,nyc,2009,p90,media_global,332.14500000000004,323.40619791666666,332.35416666666663
LOMO,nyc,2010,p90,media_global,337.1766666666667,323.40619791666666,332.35416666666663
LOMO,nyc,2011,p90,media_global,336.5,323.40619791666666,332.35416666666663
LOMO,nyc,2013,p90,media_global,337.24333333333334,323.40619791666666,332.35416666666663
LOMO,nyc,2014,p90,media_global,347.4,323.40619791666666,332.35416666666663
LOMO,nyc,2015,p90,media_global,350.93333333333334,323.40619791666666,332.35416666666663
LOMO,nyc,2016,p90,media_global,349.5,323.40619791666666,332.35416666666663
LOMO,nyc,2017,p90,media_global,352.28333333333336,323.40619791666666,332.35416666666663
LOMO,nyc,2018,p90,media_global,355.5,323.40619791666666,332.35416666666663
LOMO,nyc,2019,p90,media_global,354.5833333333333,323.40619791666666,332.35416666666663
LOMO,nyc,2022,p90,media_global,369.965,323.40619791666666,332.35416666666663
LOMO,nyc,2023,p90,media_global,361.55,323.40619791666666,332.35416666666663
LOMO,nyc,2024,p90,media_global,353.02666666666664,323.40619791666666,332.35416666666663
LOMO,boston,2005,p90,referencia_historica,290.3333333333333,350.79083333333335,350.79083333333335
LOMO,boston,2006,p90,referencia_historica,281.1283333333334,350.79083333333335,350.79083333333335
LOMO,boston,2007,p90,referencia_historica,287.8666666666667,350.79083333333335,350.79083333333335
LOMO,boston,2008,p90,referencia_historica,284.54,350.79083333333335,350.79083333333335
LOMO,boston,2009,p90,referencia_historica,280.1066666666667,350.79083333333335,350.79083333333335
LOMO,boston,2010,p90,referencia_historica,280.8833333333333,350.79083333333335,350.79083333333335
LOMO,boston,2011,p90,referencia_historica,281.26166666666666,350.79083333333335,350.79083333333335
LOMO,boston,2012,p90,referencia_historica,326.36333333333334,350.79083333333335,350.79083333333335
LOMO,boston,2013,p90,referencia_historica,284.77166666666665,350.79083333333335,350.79083333333335
LOMO,boston,2014,p90,referencia_historica,317.05,350.79083333333335,350.79083333333335
LOMO,boston,2015,p90,referencia_historica,282.1,350.79083333333335,350.79083333333335
LOMO,boston,2016,p90,referencia_historica,293.1366666666667,350.79083333333335,350.79083333333335
LOMO,boston,2017,p90,referencia_historica,297.75,350.79083333333335,350.79083333333335
LOMO,boston,2018,p90,referencia_historica,307.67499999999995,350.79083333333335,350.79083333333335
LOMO,boston,2019,p90,referencia_historica,297.4166666666667,350.79083333333335,350.79083333333335
LOMO,chicago,2005,p90,referencia_historica,331.8333333333333,332.40583333333336,332.40583333333336
LOMO,chicago,2006,p90,referencia_historica,332.875,332.40583333333336,332.40583333333336
LOMO,chicago,2007,p90,referencia_historica,353.4166666666667,332.40583333333336,332.40583333333336
LOMO,chicago,2008,p90,referencia_historica,358.21666666666664,332.40583333333336,332.40583333333336
LOMO,chicago,2009,p90,referencia_historica,339.1666666666667,332.40583333333336,332.40583333333336
LOMO,chicago,2010,p90,referencia_historica,358.8666666666667,332.40583333333336,332.40583333333336
LOMO,chicago,2011,p90,referencia_historica,354.1,332.40583333333336,332.40583333333336
LOMO,chicago,2012,p90,referencia_historica,346.1666666666667,332.40583333333336,332.40583333333336
LOMO,chicago,2013,p90,referencia_historica,346.09666666666675,332.40583333333336,332.40583333333336
LOMO,chicago,2014,p90,referencia_historica,350.36,332.40583333333336,332.40583333333336
LOMO,chicago,2015,p90,referencia_historica,350.6483333333333,332.40583333333336,332.40583333333336
LOMO,chicago,2016,p90,referencia_historica,352.76666666666665,332.40583333333336,332.40583333333336
LOMO,chicago,2017,p90,referencia_historica,371.3666666666667,332.40583333333336,332.40583333333336
LOMO,chicago,2018,p90,referencia_historica,354.53333333333336,332.40583333333336,332.40583333333336
LOMO,chicago,2019,p90,referencia_historica,353.89166666666665,332.40583333333336,332.40583333333336
LOMO,chicago,2022,p90,referencia_historica,355.51000000000005,332.40583333333336,332.40583333333336
LOMO,chicago,2023,p90,referencia_historica,346.8,332.40583333333336,332.40583333333336
LOMO,nyc,2005,p90,referencia_historica,351.06666666666666,332.35416666666663,332.35416666666663
LOMO,nyc,2006,p90,referencia_historica,332.6666666666667,332.35416666666663,332.35416666666663
LOMO,nyc,2007,p90,referencia_historica,334.6333333333333,332.35416666666663,332.35416666666663
LOMO,nyc,2008,p90,referencia_historica,333.51666666666665,332.35416666666663,332.35416666666663
LOMO,nyc,2009,p90,referencia_historica,332.14500000000004,332.35416666666663,332.35416666666663
LOMO,nyc,2010,p90,referencia_historica,337.1766666666667,332.35416666666663,332.35416666666663
LOMO,nyc,2011,p90,referencia_historica,336.5,332.35416666666663,332.35416666666663
LOMO,nyc,2013,p90,referencia_historica,337.24333333333334,332.35416666666663,332.35416666666663
LOMO,nyc,2014,p90,referencia_historica,347.4,332.35416666666663,332.35416666666663
LOMO,nyc,2015,p90,referencia_historica,350.93333333333334,332.35416666666663,332.35416666666663
LOMO,nyc,2016,p90,referencia_historica,349.5,332.35416666666663,332.35416666666663
LOMO,nyc,2017,p90,referencia_historica,352.28333333333336,332.35416666666663,332.35416666666663
LOMO,nyc,2018,p90,referencia_historica,355.5,332.35416666666663,332.35416666666663
LOMO,nyc,2019,p90,referencia_historica,354.5833333333333,332.35416666666663,332.35416666666663
LOMO,nyc,2022,p90,referencia_historica,369.965,332.35416666666663,332.35416666666663
LOMO,nyc,2023,p90,referencia_historica,361.55,332.35416666666663,332.35416666666663
LOMO,nyc,2024,p90,referencia_historica,353.02666666666664,332.35416666666663,332.35416666666663
LOMO,boston,2005,p90,ridge_abs,290.3333333333333,343.714872781094,350.79083333333335
LOMO,boston,2006,p90,ridge_abs,281.1283333333334,338.3937185594258,350.79083333333335
LOMO,boston,2007,p90,ridge_abs,287.8666666666667,336.808051571517,350.79083333333335
LOMO,boston,2008,p90,ridge_abs,284.54,349.0108349254903,350.79083333333335
LOMO,boston,2009,p90,ridge_abs,280.1066666666667,342.51517531574524,350.79083333333335
LOMO,boston,2010,p90,ridge_abs,280.8833333333333,343.9653947869123,350.79083333333335
LOMO,boston,2011,p90,ridge_abs,281.26166666666666,351.51006621975307,350.79083333333335
LOMO,boston,2012,p90,ridge_abs,326.36333333333334,362.5597177471518,350.79083333333335
LOMO,boston,2013,p90,ridge_abs,284.77166666666665,349.2271548706207,350.79083333333335
LOMO,boston,2014,p90,ridge_abs,317.05,359.03202853290173,350.79083333333335
LOMO,boston,2015,p90,ridge_abs,282.1,349.61953789290925,350.79083333333335
LOMO,boston,2016,p90,ridge_abs,293.1366666666667,356.4020355020991,350.79083333333335
LOMO,boston,2017,p90,ridge_abs,297.75,361.3561340449116,350.79083333333335
LOMO,boston,2018,p90,ridge_abs,307.67499999999995,363.07131359181875,350.79083333333335
LOMO,boston,2019,p90,ridge_abs,297.4166666666667,366.67563362710615,350.79083333333335
LOMO,chicago,2005,p90,ridge_abs,331.8333333333333,329.5144441498524,332.40583333333336
LOMO,chicago,2006,p90,ridge_abs,332.875,306.15745375299747,332.40583333333336
LOMO,chicago,2007,p90,ridge_abs,353.4166666666667,354.9851435758886,332.40583333333336
LOMO,chicago,2008,p90,ridge_abs,358.21666666666664,361.28381444305296,332.40583333333336
LOMO,chicago,2009,p90,ridge_abs,339.1666666666667,314.4333774373141,332.40583333333336
LOMO,chicago,2010,p90,ridge_abs,358.8666666666667,362.79451554385497,332.40583333333336
LOMO,chicago,2011,p90,ridge_abs,354.1,357.65299213731777,332.40583333333336
LOMO,chicago,2012,p90,ridge_abs,346.1666666666667,317.31457181788386,332.40583333333336
LOMO,chicago,2013,p90,ridge_abs,346.09666666666675,340.2600619063554,332.40583333333336
LOMO,chicago,2014,p90,ridge_abs,350.36,342.4864076842622,332.40583333333336
LOMO,chicago,2015,p90,ridge_abs,350.6483333333333,353.16563975331945,332.40583333333336
LOMO,chicago,2016,p90,ridge_abs,352.76666666666665,339.5361831859581,332.40583333333336
LOMO,chicago,2017,p90,ridge_abs,371.3666666666667,357.4801590009922,332.40583333333336
LOMO,chicago,2018,p90,ridge_abs,354.53333333333336,327.5377729018719,332.40583333333336
LOMO,chicago,2019,p90,ridge_abs,353.89166666666665,327.5198376797985,332.40583333333336
LOMO,chicago,2022,p90,ridge_abs,355.51000000000005,353.9542646030561,332.40583333333336
LOMO,chicago,2023,p90,ridge_abs,346.8,328.10156159307354,332.40583333333336
LOMO,nyc,2005,p90,ridge_abs,351.06666666666666,345.19876195187356,332.35416666666663
LOMO,nyc,2006,p90,ridge_abs,332.6666666666667,330.6962230117334,332.35416666666663
LOMO,nyc,2007,p90,ridge_abs,334.6333333333333,333.9236867071661,332.35416666666663
LOMO,nyc,2008,p90,ridge_abs,333.51666666666665,332.3074004628456,332.35416666666663
LOMO,nyc,2009,p90,ridge_abs,332.14500000000004,340.6540945935309,332.35416666666663
LOMO,nyc,2010,p90,ridge_abs,337.1766666666667,340.05074347711394,332.35416666666663
LOMO,nyc,2011,p90,ridge_abs,336.5,349.16282193138113,332.35416666666663
LOMO,nyc,2013,p90,ridge_abs,337.24333333333334,341.2433134613375,332.35416666666663
LOMO,nyc,2014,p90,ridge_abs,347.4,334.6792957571579,332.35416666666663
LOMO,nyc,2015,p90,ridge_abs,350.93333333333334,357.91902466984936,332.35416666666663
LOMO,nyc,2016,p90,ridge_abs,349.5,344.9690247124774,332.35416666666663
LOMO,nyc,2017,p90,ridge_abs,352.28333333333336,359.52067347930466,332.35416666666663
LOMO,nyc,2018,p90,ridge_abs,355.5,354.4785688628659,332.35416666666663
LOMO,nyc,2019,p90,ridge_abs,354.5833333333333,352.74535646458884,332.35416666666663
LOMO,nyc,2022,p90,ridge_abs,369.965,369.7047586710794,332.35416666666663
LOMO,nyc,2023,p90,ridge_abs,361.55,364.08382998134226,332.35416666666663
LOMO,nyc,2024,p90,ridge_abs,353.02666666666664,357.2923454227312,332.35416666666663
LOMO,boston,2005,p90,gbm_histogramas_abs,290.3333333333333,342.21196645486964,350.79083333333335
LOMO,boston,2006,p90,gbm_histogramas_abs,281.1283333333334,333.25228826614364,350.79083333333335
LOMO,boston,2007,p90,gbm_histogramas_abs,287.8666666666667,336.70545039415447,350.79083333333335
LOMO,boston,2008,p90,gbm_histogramas_abs,284.54,340.35191380943957,350.79083333333335
LOMO,boston,2009,p90,gbm_histogramas_abs,280.1066666666667,334.68101963770255,350.79083333333335
LOMO,boston,2010,p90,gbm_histogramas_abs,280.8833333333333,337.54796161871184,350.79083333333335
LOMO,boston,2011,p90,gbm_histogramas_abs,281.26166666666666,343.66975764369795,350.79083333333335
LOMO,boston,2012,p90,gbm_histogramas_abs,326.36333333333334,361.1315910107341,350.79083333333335
LOMO,boston,2013,p90,gbm_histogramas_abs,284.77166666666665,341.5827988160885,350.79083333333335
LOMO,boston,2014,p90,gbm_histogramas_abs,317.05,351.86262664087025,350.79083333333335
LOMO,boston,2015,p90,gbm_histogramas_abs,282.1,347.41400734395654,350.79083333333335
LOMO,boston,2016,p90,gbm_histogramas_abs,293.1366666666667,355.2554564844418,350.79083333333335
LOMO,boston,2017,p90,gbm_histogramas_abs,297.75,362.3172903215867,350.79083333333335
LOMO,boston,2018,p90,gbm_histogramas_abs,307.67499999999995,349.17828970573606,350.79083333333335
LOMO,boston,2019,p90,gbm_histogramas_abs,297.4166666666667,363.6799178636766,350.79083333333335
LOMO,chicago,2005,p90,gbm_histogramas_abs,331.8333333333333,312.8037914672949,332.40583333333336
LOMO,chicago,2006,p90,gbm_histogramas_abs,332.875,306.4761011071856,332.40583333333336
LOMO,chicago,2007,p90,gbm_histogramas_abs,353.4166666666667,314.11720496384055,332.40583333333336
LOMO,chicago,2008,p90,gbm_histogramas_abs,358.21666666666664,326.1937855411842,332.40583333333336
LOMO,chicago,2009,p90,gbm_histogramas_abs,339.1666666666667,304.46616282485274,332.40583333333336
LOMO,chicago,2010,p90,gbm_histogramas_abs,358.8666666666667,345.4153382885638,332.40583333333336
LOMO,chicago,2011,p90,gbm_histogramas_abs,354.1,354.574002912917,332.40583333333336
LOMO,chicago,2012,p90,gbm_histogramas_abs,346.1666666666667,338.57192945674035,332.40583333333336
LOMO,chicago,2013,p90,gbm_histogramas_abs,346.09666666666675,343.0386960611097,332.40583333333336
LOMO,chicago,2014,p90,gbm_histogramas_abs,350.36,349.93018219952125,332.40583333333336
LOMO,chicago,2015,p90,gbm_histogramas_abs,350.6483333333333,354.4645324138556,332.40583333333336
LOMO,chicago,2016,p90,gbm_histogramas_abs,352.76666666666665,354.37241975509664,332.40583333333336
LOMO,chicago,2017,p90,gbm_histogramas_abs,371.3666666666667,362.9265076779072,332.40583333333336
LOMO,chicago,2018,p90,gbm_histogramas_abs,354.53333333333336,359.7444435463381,332.40583333333336
LOMO,chicago,2019,p90,gbm_histogramas_abs,353.89166666666665,349.86509679787446,332.40583333333336
LOMO,chicago,2022,p90,gbm_histogramas_abs,355.51000000000005,351.07655260381637,332.40583333333336
LOMO,chicago,2023,p90,gbm_histogramas_abs,346.8,351.091726887203,332.40583333333336
LOMO,nyc,2005,p90,gbm_histogramas_abs,351.06666666666666,347.61753505424,332.35416666666663
LOMO,nyc,2006,p90,gbm_histogramas_abs,332.6666666666667,337.1359981620705,332.35416666666663
LOMO,nyc,2007,p90,gbm_histogramas_abs,334.6333333333333,333.788687581728,332.35416666666663
LOMO,nyc,2008,p90,gbm_histogramas_abs,333.51666666666665,334.50426548588376,332.35416666666663
LOMO,nyc,2009,p90,gbm_histogramas_abs,332.14500000000004,333.2754143299127,332.35416666666663
LOMO,nyc,2010,p90,gbm_histogramas_abs,337.1766666666667,334.54740590449495,332.35416666666663
LOMO,nyc,2011,p90,gbm_histogramas_abs,336.5,337.59338398255926,332.35416666666663
LOMO,nyc,2013,p90,gbm_histogramas_abs,337.24333333333334,333.0317478457569,332.35416666666663
LOMO,nyc,2014,p90,gbm_histogramas_abs,347.4,333.2615076519407,332.35416666666663
LOMO,nyc,2015,p90,gbm_histogramas_abs,350.93333333333334,344.02216107348653,332.35416666666663
LOMO,nyc,2016,p90,gbm_histogramas_abs,349.5,335.22932453240895,332.35416666666663
LOMO,nyc,2017,p90,gbm_histogramas_abs,352.28333333333336,346.33340706448195,332.35416666666663
LOMO,nyc,2018,p90,gbm_histogramas_abs,355.5,336.63775911777566,332.35416666666663
LOMO,nyc,2019,p90,gbm_histogramas_abs,354.5833333333333,335.0919099424098,332.35416666666663
LOMO,nyc,2022,p90,gbm_histogramas_abs,369.965,352.5722046185222,332.35416666666663
LOMO,nyc,2023,p90,gbm_histogramas_abs,361.55,347.17854760634475,332.35416666666663
LOMO,nyc,2024,p90,gbm_histogramas_abs,353.02666666666664,339.337823845824,332.35416666666663
LOMO,boston,2005,p90,ridge_dev,290.3333333333333,351.6479369940424,350.79083333333335
LOMO,boston,2006,p90,ridge_dev,281.1283333333334,346.38242990223256,350.79083333333335
LOMO,boston,2007,p90,ridge_dev,287.8666666666667,344.00910957463805,350.79083333333335
LOMO,boston,2008,p90,ridge_dev,284.54,356.3148331652536,350.79083333333335
LOMO,boston,2009,p90,ridge_dev,280.1066666666667,350.07503011066484,350.79083333333335
LOMO,boston,2010,p90,ridge_dev,280.8833333333333,351.0219726405358,350.79083333333335
LOMO,boston,2011,p90,ridge_dev,281.26166666666666,359.13989089804545,350.79083333333335
LOMO,boston,2012,p90,ridge_dev,326.36333333333334,370.17858459627985,350.79083333333335
LOMO,boston,2013,p90,ridge_dev,284.77166666666665,357.2501427264531,350.79083333333335
LOMO,boston,2014,p90,ridge_dev,317.05,366.8772965643525,350.79083333333335
LOMO,boston,2015,p90,ridge_dev,282.1,356.54998060935924,350.79083333333335
LOMO,boston,2016,p90,ridge_dev,293.1366666666667,364.43926024691797,350.79083333333335
LOMO,boston,2017,p90,ridge_dev,297.75,369.42551513148675,350.79083333333335
LOMO,boston,2018,p90,ridge_dev,307.67499999999995,368.0336337323086,350.79083333333335
LOMO,boston,2019,p90,ridge_dev,297.4166666666667,373.8173356880579,350.79083333333335
LOMO,chicago,2005,p90,ridge_dev,331.8333333333333,335.1569301835468,332.40583333333336
LOMO,chicago,2006,p90,ridge_dev,332.875,306.1911952328539,332.40583333333336
LOMO,chicago,2007,p90,ridge_dev,353.4166666666667,359.75871830286314,332.40583333333336
LOMO,chicago,2008,p90,ridge_dev,358.21666666666664,362.14251969165656,332.40583333333336
LOMO,chicago,2009,p90,ridge_dev,339.1666666666667,317.10650166190294,332.40583333333336
LOMO,chicago,2010,p90,ridge_dev,358.8666666666667,363.9656575152211,332.40583333333336
LOMO,chicago,2011,p90,ridge_dev,354.1,359.3469520349794,332.40583333333336
LOMO,chicago,2012,p90,ridge_dev,346.1666666666667,320.09969926231196,332.40583333333336
LOMO,chicago,2013,p90,ridge_dev,346.09666666666675,340.5447289327755,332.40583333333336
LOMO,chicago,2014,p90,ridge_dev,350.36,345.60722234507364,332.40583333333336
LOMO,chicago,2015,p90,ridge_dev,350.6483333333333,357.9873948175646,332.40583333333336
LOMO,chicago,2016,p90,ridge_dev,352.76666666666665,343.5661746217893,332.40583333333336
LOMO,chicago,2017,p90,ridge_dev,371.3666666666667,360.8329675455178,332.40583333333336
LOMO,chicago,2018,p90,ridge_dev,354.53333333333336,333.6919456610212,332.40583333333336
LOMO,chicago,2019,p90,ridge_dev,353.89166666666665,329.8211714688985,332.40583333333336
LOMO,chicago,2022,p90,ridge_dev,355.51000000000005,354.8157913885927,332.40583333333336
LOMO,chicago,2023,p90,ridge_dev,346.8,330.21300721062335,332.40583333333336
LOMO,nyc,2005,p90,ridge_dev,351.06666666666666,329.91229223682205,332.35416666666663
LOMO,nyc,2006,p90,ridge_dev,332.6666666666667,321.6696217107705,332.35416666666663
LOMO,nyc,2007,p90,ridge_dev,334.6333333333333,325.0188763438402,332.35416666666663
LOMO,nyc,2008,p90,ridge_dev,333.51666666666665,322.41211378361385,332.35416666666663
LOMO,nyc,2009,p90,ridge_dev,332.14500000000004,323.1583867689053,332.35416666666663
LOMO,nyc,2010,p90,ridge_dev,337.1766666666667,322.68570587562215,332.35416666666663
LOMO,nyc,2011,p90,ridge_dev,336.5,326.4277272868832,332.35416666666663
LOMO,nyc,2013,p90,ridge_dev,337.24333333333334,322.8715580622008,332.35416666666663
LOMO,nyc,2014,p90,ridge_dev,347.4,322.380799810681,332.35416666666663
LOMO,nyc,2015,p90,ridge_dev,350.93333333333334,331.87823831768736,332.35416666666663
LOMO,nyc,2016,p90,ridge_dev,349.5,326.6995923328776,332.35416666666663
LOMO,nyc,2017,p90,ridge_dev,352.28333333333336,329.4982128305571,332.35416666666663
LOMO,nyc,2018,p90,ridge_dev,355.5,327.99263545140684,332.35416666666663
LOMO,nyc,2019,p90,ridge_dev,354.5833333333333,327.96835789051386,332.35416666666663
LOMO,nyc,2022,p90,ridge_dev,369.965,337.93488914999784,332.35416666666663
LOMO,nyc,2023,p90,ridge_dev,361.55,331.84922842331684,332.35416666666663
LOMO,nyc,2024,p90,ridge_dev,353.02666666666664,328.6753542357053,332.35416666666663
LOMO,boston,2005,p90,gbm_histogramas_dev,290.3333333333333,344.6527840470128,350.79083333333335
LOMO,boston,2006,p90,gbm_histogramas_dev,281.1283333333334,335.79468691396045,350.79083333333335
LOMO,boston,2007,p90,gbm_histogramas_dev,287.8666666666667,337.1217288649922,350.79083333333335
LOMO,boston,2008,p90,gbm_histogramas_dev,284.54,341.9369355087672,350.79083333333335
LOMO,boston,2009,p90,gbm_histogramas_dev,280.1066666666667,335.84260614337313,350.79083333333335
LOMO,boston,2010,p90,gbm_histogramas_dev,280.8833333333333,338.23635364862145,350.79083333333335
LOMO,boston,2011,p90,gbm_histogramas_dev,281.26166666666666,343.09902585906036,350.79083333333335
LOMO,boston,2012,p90,gbm_histogramas_dev,326.36333333333334,358.1114938484146,350.79083333333335
LOMO,boston,2013,p90,gbm_histogramas_dev,284.77166666666665,340.31397889572617,350.79083333333335
LOMO,boston,2014,p90,gbm_histogramas_dev,317.05,353.5504671270706,350.79083333333335
LOMO,boston,2015,p90,gbm_histogramas_dev,282.1,348.4827845201544,350.79083333333335
LOMO,boston,2016,p90,gbm_histogramas_dev,293.1366666666667,353.6700973261678,350.79083333333335
LOMO,boston,2017,p90,gbm_histogramas_dev,297.75,359.3006462424434,350.79083333333335
LOMO,boston,2018,p90,gbm_histogramas_dev,307.67499999999995,348.77880053076893,350.79083333333335
LOMO,boston,2019,p90,gbm_histogramas_dev,297.4166666666667,360.29386040797306,350.79083333333335
LOMO,chicago,2005,p90,gbm_histogramas_dev,331.8333333333333,328.7623965216793,332.40583333333336
LOMO,chicago,2006,p90,gbm_histogramas_dev,332.875,326.1212317025798,332.40583333333336
LOMO,chicago,2007,p90,gbm_histogramas_dev,353.4166666666667,347.57388772418483,332.40583333333336
LOMO,chicago,2008,p90,gbm_histogramas_dev,358.21666666666664,347.7643790741465,332.40583333333336
LOMO,chicago,2009,p90,gbm_histogramas_dev,339.1666666666667,327.2631492293449,332.40583333333336
LOMO,chicago,2010,p90,gbm_histogramas_dev,358.8666666666667,347.57664638287304,332.40583333333336
LOMO,chicago,2011,p90,gbm_histogramas_dev,354.1,347.3083596348953,332.40583333333336
LOMO,chicago,2012,p90,gbm_histogramas_dev,346.1666666666667,327.644050402658,332.40583333333336
LOMO,chicago,2013,p90,gbm_histogramas_dev,346.09666666666675,332.9711976591353,332.40583333333336
LOMO,chicago,2014,p90,gbm_histogramas_dev,350.36,342.39572500176666,332.40583333333336
LOMO,chicago,2015,p90,gbm_histogramas_dev,350.6483333333333,360.28850338707963,332.40583333333336
LOMO,chicago,2016,p90,gbm_histogramas_dev,352.76666666666665,334.87336667770364,332.40583333333336
LOMO,chicago,2017,p90,gbm_histogramas_dev,371.3666666666667,361.96684126625104,332.40583333333336
LOMO,chicago,2018,p90,gbm_histogramas_dev,354.53333333333336,338.9383944650626,332.40583333333336
LOMO,chicago,2019,p90,gbm_histogramas_dev,353.89166666666665,343.35483341870724,332.40583333333336
LOMO,chicago,2022,p90,gbm_histogramas_dev,355.51000000000005,356.9769533959376,332.40583333333336
LOMO,chicago,2023,p90,gbm_histogramas_dev,346.8,337.19844067706975,332.40583333333336
LOMO,nyc,2005,p90,gbm_histogramas_dev,351.06666666666666,329.0183462055659,332.35416666666663
LOMO,nyc,2006,p90,gbm_histogramas_dev,332.6666666666667,318.73453512951335,332.35416666666663
LOMO,nyc,2007,p90,gbm_histogramas_dev,334.6333333333333,320.70382906217645,332.35416666666663
LOMO,nyc,2008,p90,gbm_histogramas_dev,333.51666666666665,318.5347163013232,332.35416666666663
LOMO,nyc,2009,p90,gbm_histogramas_dev,332.14500000000004,317.71493407102207,332.35416666666663
LOMO,nyc,2010,p90,gbm_histogramas_dev,337.1766666666667,319.62773397313526,332.35416666666663
LOMO,nyc,2011,p90,gbm_histogramas_dev,336.5,319.40660701831837,332.35416666666663
LOMO,nyc,2013,p90,gbm_histogramas_dev,337.24333333333334,317.6286575765041,332.35416666666663
LOMO,nyc,2014,p90,gbm_histogramas_dev,347.4,318.01999597061126,332.35416666666663
LOMO,nyc,2015,p90,gbm_histogramas_dev,350.93333333333334,327.9774588924087,332.35416666666663
LOMO,nyc,2016,p90,gbm_histogramas_dev,349.5,325.7812086137417,332.35416666666663
LOMO,nyc,2017,p90,gbm_histogramas_dev,352.28333333333336,332.30601345624,332.35416666666663
LOMO,nyc,2018,p90,gbm_histogramas_dev,355.5,330.4933073898102,332.35416666666663
LOMO,nyc,2019,p90,gbm_histogramas_dev,354.5833333333333,326.5329274019354,332.35416666666663
LOMO,nyc,2022,p90,gbm_histogramas_dev,369.965,345.9900917320412,332.35416666666663
LOMO,nyc,2023,p90,gbm_histogramas_dev,361.55,335.29359817117285,332.35416666666663
LOMO,nyc,2024,p90,gbm_histogramas_dev,353.02666666666664,332.2793663793619,332.35416666666663
TEMPORAL,boston,2018,p10,media_global,185.35,203.2142105263158,188.58333333333331
TEMPORAL,boston,2019,p10,media_global,180.2333333333333,203.2142105263158,188.58333333333331
TEMPORAL,chicago,2018,p10,media_global,204.05,203.2142105263158,208.26666666666668
TEMPORAL,chicago,2019,p10,media_global,198.275,203.2142105263158,208.26666666666668
TEMPORAL,chicago,2022,p10,media_global,197.0233333333333,203.2142105263158,208.26666666666668
TEMPORAL,chicago,2023,p10,media_global,189.16666666666663,203.2142105263158,208.26666666666668
TEMPORAL,nyc,2018,p10,media_global,209.68833333333333,203.2142105263158,209.70333333333335
TEMPORAL,nyc,2019,p10,media_global,206.81666666666663,203.2142105263158,209.70333333333335
TEMPORAL,nyc,2022,p10,media_global,218.76666666666668,203.2142105263158,209.70333333333335
TEMPORAL,nyc,2023,p10,media_global,207.58333333333331,203.2142105263158,209.70333333333335
TEMPORAL,nyc,2024,p10,media_global,201.9,203.2142105263158,209.70333333333335
TEMPORAL,boston,2018,p10,referencia_historica,185.35,188.58333333333331,188.58333333333331
TEMPORAL,boston,2019,p10,referencia_historica,180.2333333333333,188.58333333333331,188.58333333333331
TEMPORAL,chicago,2018,p10,referencia_historica,204.05,208.26666666666668,208.26666666666668
TEMPORAL,chicago,2019,p10,referencia_historica,198.275,208.26666666666668,208.26666666666668
TEMPORAL,chicago,2022,p10,referencia_historica,197.0233333333333,208.26666666666668,208.26666666666668
TEMPORAL,chicago,2023,p10,referencia_historica,189.16666666666663,208.26666666666668,208.26666666666668
TEMPORAL,nyc,2018,p10,referencia_historica,209.68833333333333,209.70333333333335,209.70333333333335
TEMPORAL,nyc,2019,p10,referencia_historica,206.81666666666663,209.70333333333335,209.70333333333335
TEMPORAL,nyc,2022,p10,referencia_historica,218.76666666666668,209.70333333333335,209.70333333333335
TEMPORAL,nyc,2023,p10,referencia_historica,207.58333333333331,209.70333333333335,209.70333333333335
TEMPORAL,nyc,2024,p10,referencia_historica,201.9,209.70333333333335,209.70333333333335
TEMPORAL,boston,2018,p10,ridge_abs,185.35,165.38072849871935,188.58333333333331
TEMPORAL,boston,2019,p10,ridge_abs,180.2333333333333,187.46119980189394,188.58333333333331
TEMPORAL,chicago,2018,p10,ridge_abs,204.05,203.80933951564174,208.26666666666668
TEMPORAL,chicago,2019,p10,ridge_abs,198.275,203.81975251727192,208.26666666666668
TEMPORAL,chicago,2022,p10,ridge_abs,197.0233333333333,203.5683973114366,208.26666666666668
TEMPORAL,chicago,2023,p10,ridge_abs,189.16666666666663,201.49943295383184,208.26666666666668
TEMPORAL,nyc,2018,p10,ridge_abs,209.68833333333333,206.0300468971199,209.70333333333335
TEMPORAL,nyc,2019,p10,ridge_abs,206.81666666666663,206.26674308227518,209.70333333333335
TEMPORAL,nyc,2022,p10,ridge_abs,218.76666666666668,222.62615213248034,209.70333333333335
TEMPORAL,nyc,2023,p10,ridge_abs,207.58333333333331,206.15488125134146,209.70333333333335
TEMPORAL,nyc,2024,p10,ridge_abs,201.9,205.93242701702215,209.70333333333335
TEMPORAL,boston,2018,p10,gbm_histogramas_abs,185.35,182.02529616409123,188.58333333333331
TEMPORAL,boston,2019,p10,gbm_histogramas_abs,180.2333333333333,187.7347080594461,188.58333333333331
TEMPORAL,chicago,2018,p10,gbm_histogramas_abs,204.05,218.38314207781977,208.26666666666668
TEMPORAL,chicago,2019,p10,gbm_histogramas_abs,198.275,209.65281333655696,208.26666666666668
TEMPORAL,chicago,2022,p10,gbm_histogramas_abs,197.0233333333333,209.8337865235787,208.26666666666668
TEMPORAL,chicago,2023,p10,gbm_histogramas_abs,189.16666666666663,209.82291716082756,208.26666666666668
TEMPORAL,nyc,2018,p10,gbm_histogramas_abs,209.68833333333333,211.02056138470513,209.70333333333335
TEMPORAL,nyc,2019,p10,gbm_histogramas_abs,206.81666666666663,212.33300762666488,209.70333333333335
TEMPORAL,nyc,2022,p10,gbm_histogramas_abs,218.76666666666668,223.3646594423401,209.70333333333335
TEMPORAL,nyc,2023,p10,gbm_histogramas_abs,207.58333333333331,211.3769609819582,209.70333333333335
TEMPORAL,nyc,2024,p10,gbm_histogramas_abs,201.9,211.57235202926492,209.70333333333335
TEMPORAL,boston,2018,p10,ridge_dev,185.35,171.93819343310622,188.58333333333331
TEMPORAL,boston,2019,p10,ridge_dev,180.2333333333333,185.75805592106053,188.58333333333331
TEMPORAL,chicago,2018,p10,ridge_dev,204.05,206.49321793523526,208.26666666666668
TEMPORAL,chicago,2019,p10,ridge_dev,198.275,204.7542952106857,208.26666666666668
TEMPORAL,chicago,2022,p10,ridge_dev,197.0233333333333,206.54205153898815,208.26666666666668
TEMPORAL,chicago,2023,p10,ridge_dev,189.16666666666663,204.41331986161177,208.26666666666668
TEMPORAL,nyc,2018,p10,ridge_dev,209.68833333333333,206.24033028583816,209.70333333333335
TEMPORAL,nyc,2019,p10,ridge_dev,206.81666666666663,206.8476664203914,209.70333333333335
TEMPORAL,nyc,2022,p10,ridge_dev,218.76666666666668,219.0577583995532,209.70333333333335
TEMPORAL,nyc,2023,p10,ridge_dev,207.58333333333331,207.91250353928208,209.70333333333335
TEMPORAL,nyc,2024,p10,ridge_dev,201.9,205.25951486840506,209.70333333333335
TEMPORAL,boston,2018,p10,gbm_histogramas_dev,185.35,182.18832502236063,188.58333333333331
TEMPORAL,boston,2019,p10,gbm_histogramas_dev,180.2333333333333,188.95348826057997,188.58333333333331
TEMPORAL,chicago,2018,p10,gbm_histogramas_dev,204.05,211.53350636002722,208.26666666666668
TEMPORAL,chicago,2019,p10,gbm_histogramas_dev,198.275,206.12579146248572,208.26666666666668
TEMPORAL,chicago,2022,p10,gbm_histogramas_dev,197.0233333333333,209.4936968867442,208.26666666666668
TEMPORAL,chicago,2023,p10,gbm_histogramas_dev,189.16666666666663,208.89549730521168,208.26666666666668
TEMPORAL,nyc,2018,p10,gbm_histogramas_dev,209.68833333333333,209.36003236515018,209.70333333333335
TEMPORAL,nyc,2019,p10,gbm_histogramas_dev,206.81666666666663,210.56546783788448,209.70333333333335
TEMPORAL,nyc,2022,p10,gbm_histogramas_dev,218.76666666666668,223.81085236923508,209.70333333333335
TEMPORAL,nyc,2023,p10,gbm_histogramas_dev,207.58333333333331,207.67793228701765,209.70333333333335
TEMPORAL,nyc,2024,p10,gbm_histogramas_dev,201.9,208.50773671072054,209.70333333333335
TEMPORAL,boston,2018,p25,media_global,204.77916666666667,226.2675438596491,205.56666666666663
TEMPORAL,boston,2019,p25,media_global,200.4333333333333,226.2675438596491,205.56666666666663
TEMPORAL,chicago,2018,p25,media_global,230.61666666666667,226.2675438596491,233.81666666666663
TEMPORAL,chicago,2019,p25,media_global,225.61666666666667,226.2675438596491,233.81666666666663
TEMPORAL,chicago,2022,p25,media_global,223.9,226.2675438596491,233.81666666666663
TEMPORAL,chicago,2023,p25,media_global,215.2,226.2675438596491,233.81666666666663
TEMPORAL,nyc,2018,p25,media_global,237.16666666666663,226.2675438596491,233.64166666666665
TEMPORAL,nyc,2019,p25,media_global,234.6833333333333,226.2675438596491,233.64166666666665
TEMPORAL,nyc,2022,p25,media_global,247.9958333333333,226.2675438596491,233.64166666666665
TEMPORAL,nyc,2023,p25,media_global,235.91666666666663,226.2675438596491,233.64166666666665
TEMPORAL,nyc,2024,p25,media_global,228.86666666666667,226.2675438596491,233.64166666666665
TEMPORAL,boston,2018,p25,referencia_historica,204.77916666666667,205.56666666666663,205.56666666666663
TEMPORAL,boston,2019,p25,referencia_historica,200.4333333333333,205.56666666666663,205.56666666666663
TEMPORAL,chicago,2018,p25,referencia_historica,230.61666666666667,233.81666666666663,233.81666666666663
TEMPORAL,chicago,2019,p25,referencia_historica,225.61666666666667,233.81666666666663,233.81666666666663
TEMPORAL,chicago,2022,p25,referencia_historica,223.9,233.81666666666663,233.81666666666663
TEMPORAL,chicago,2023,p25,referencia_historica,215.2,233.81666666666663,233.81666666666663
TEMPORAL,nyc,2018,p25,referencia_historica,237.16666666666663,233.64166666666665,233.64166666666665
TEMPORAL,nyc,2019,p25,referencia_historica,234.6833333333333,233.64166666666665,233.64166666666665
TEMPORAL,nyc,2022,p25,referencia_historica,247.9958333333333,233.64166666666665,233.64166666666665
TEMPORAL,nyc,2023,p25,referencia_historica,235.91666666666663,233.64166666666665,233.64166666666665
TEMPORAL,nyc,2024,p25,referencia_historica,228.86666666666667,233.64166666666665,233.64166666666665
TEMPORAL,boston,2018,p25,ridge_abs,204.77916666666667,187.1757614177875,205.56666666666663
TEMPORAL,boston,2019,p25,ridge_abs,200.4333333333333,206.82583914637357,205.56666666666663
TEMPORAL,chicago,2018,p25,ridge_abs,230.61666666666667,231.57550331674022,233.81666666666663
TEMPORAL,chicago,2019,p25,ridge_abs,225.61666666666667,229.61301330481112,233.81666666666663
TEMPORAL,chicago,2022,p25,ridge_abs,223.9,229.8647671068043,233.81666666666663
TEMPORAL,chicago,2023,p25,ridge_abs,215.2,227.11516867709656,233.81666666666663
TEMPORAL,nyc,2018,p25,ridge_abs,237.16666666666663,231.70264055848716,233.64166666666665
TEMPORAL,nyc,2019,p25,ridge_abs,234.6833333333333,231.71342755222693,233.64166666666665
TEMPORAL,nyc,2022,p25,ridge_abs,247.9958333333333,253.0137029610825,233.64166666666665
TEMPORAL,nyc,2023,p25,ridge_abs,235.91666666666663,233.18877323629667,233.64166666666665
TEMPORAL,nyc,2024,p25,ridge_abs,228.86666666666667,231.69239865427008,233.64166666666665
TEMPORAL,boston,2018,p25,gbm_histogramas_abs,204.77916666666667,199.8611412551946,205.56666666666663
TEMPORAL,boston,2019,p25,gbm_histogramas_abs,200.4333333333333,209.52853619042327,205.56666666666663
TEMPORAL,chicago,2018,p25,gbm_histogramas_abs,230.61666666666667,244.45050914079468,233.81666666666663
TEMPORAL,chicago,2019,p25,gbm_histogramas_abs,225.61666666666667,236.1412308479115,233.81666666666663
TEMPORAL,chicago,2022,p25,gbm_histogramas_abs,223.9,236.08077639628104,233.81666666666663
TEMPORAL,chicago,2023,p25,gbm_histogramas_abs,215.2,235.24491891371324,233.81666666666663
TEMPORAL,nyc,2018,p25,gbm_histogramas_abs,237.16666666666663,234.2992535979303,233.64166666666665
TEMPORAL,nyc,2019,p25,gbm_histogramas_abs,234.6833333333333,235.6651608764472,233.64166666666665
TEMPORAL,nyc,2022,p25,gbm_histogramas_abs,247.9958333333333,252.98840433779583,233.64166666666665
TEMPORAL,nyc,2023,p25,gbm_histogramas_abs,235.91666666666663,233.8885333144254,233.64166666666665
TEMPORAL,nyc,2024,p25,gbm_histogramas_abs,228.86666666666667,235.07906843239346,233.64166666666665
TEMPORAL,boston,2018,p25,ridge_dev,204.77916666666667,193.34913286367578,205.56666666666663
TEMPORAL,boston,2019,p25,ridge_dev,200.4333333333333,207.039968259891,205.56666666666663
TEMPORAL,chicago,2018,p25,ridge_dev,230.61666666666667,234.13655117017458,233.81666666666663
TEMPORAL,chicago,2019,p25,ridge_dev,225.61666666666667,230.83853708556882,233.81666666666663
TEMPORAL,chicago,2022,p25,ridge_dev,223.9,233.8337369434159,233.81666666666663
TEMPORAL,chicago,2023,p25,ridge_dev,215.2,230.62242228801992,233.81666666666663
TEMPORAL,nyc,2018,p25,ridge_dev,237.16666666666663,231.2869420220826,233.64166666666665
TEMPORAL,nyc,2019,p25,ridge_dev,234.6833333333333,231.78655897072238,233.64166666666665
TEMPORAL,nyc,2022,p25,ridge_dev,247.9958333333333,247.34688020416493,233.64166666666665
TEMPORAL,nyc,2023,p25,ridge_dev,235.91666666666663,234.078628650025,233.64166666666665
TEMPORAL,nyc,2024,p25,ridge_dev,228.86666666666667,230.18085986884086,233.64166666666665
TEMPORAL,boston,2018,p25,gbm_histogramas_dev,204.77916666666667,200.228069102874,205.56666666666663
TEMPORAL,boston,2019,p25,gbm_histogramas_dev,200.4333333333333,210.96704336289508,205.56666666666663
TEMPORAL,chicago,2018,p25,gbm_histogramas_dev,230.61666666666667,239.07357724087888,233.81666666666663
TEMPORAL,chicago,2019,p25,gbm_histogramas_dev,225.61666666666667,232.23571156018272,233.81666666666663
TEMPORAL,chicago,2022,p25,gbm_histogramas_dev,223.9,235.57158658931067,233.81666666666663
TEMPORAL,chicago,2023,p25,gbm_histogramas_dev,215.2,232.89175792222733,233.81666666666663
TEMPORAL,nyc,2018,p25,gbm_histogramas_dev,237.16666666666663,231.9167010448466,233.64166666666665
TEMPORAL,nyc,2019,p25,gbm_histogramas_dev,234.6833333333333,233.2327703171675,233.64166666666665
TEMPORAL,nyc,2022,p25,gbm_histogramas_dev,247.9958333333333,252.4267800007825,233.64166666666665
TEMPORAL,nyc,2023,p25,gbm_histogramas_dev,235.91666666666663,232.0899208196866,233.64166666666665
TEMPORAL,nyc,2024,p25,gbm_histogramas_dev,228.86666666666667,232.2592536035971,233.64166666666665
TEMPORAL,boston,2018,p50,media_global,228.6,255.5370614035088,226.21666666666667
TEMPORAL,boston,2019,p50,media_global,225.575,255.5370614035088,226.21666666666667
TEMPORAL,chicago,2018,p50,media_global,267.4833333333333,255.5370614035088,268.3833333333333
TEMPORAL,chicago,2019,p50,media_global,262.1083333333333,255.5370614035088,268.3833333333333
TEMPORAL,chicago,2022,p50,media_global,261.76666666666665,255.5370614035088,268.3833333333333
TEMPORAL,chicago,2023,p50,media_global,251.6833333333333,255.5370614035088,268.3833333333333
TEMPORAL,nyc,2018,p50,media_global,272.03333333333336,255.5370614035088,263.1833333333333
TEMPORAL,nyc,2019,p50,media_global,269.2,255.5370614035088,263.1833333333333
TEMPORAL,nyc,2022,p50,media_global,284.75,255.5370614035088,263.1833333333333
TEMPORAL,nyc,2023,p50,media_global,272.78333333333336,255.5370614035088,263.1833333333333
TEMPORAL,nyc,2024,p50,media_global,263.55,255.5370614035088,263.1833333333333
TEMPORAL,boston,2018,p50,referencia_historica,228.6,226.21666666666667,226.21666666666667
TEMPORAL,boston,2019,p50,referencia_historica,225.575,226.21666666666667,226.21666666666667
TEMPORAL,chicago,2018,p50,referencia_historica,267.4833333333333,268.3833333333333,268.3833333333333
TEMPORAL,chicago,2019,p50,referencia_historica,262.1083333333333,268.3833333333333,268.3833333333333
TEMPORAL,chicago,2022,p50,referencia_historica,261.76666666666665,268.3833333333333,268.3833333333333
TEMPORAL,chicago,2023,p50,referencia_historica,251.6833333333333,268.3833333333333,268.3833333333333
TEMPORAL,nyc,2018,p50,referencia_historica,272.03333333333336,263.1833333333333,263.1833333333333
TEMPORAL,nyc,2019,p50,referencia_historica,269.2,263.1833333333333,263.1833333333333
TEMPORAL,nyc,2022,p50,referencia_historica,284.75,263.1833333333333,263.1833333333333
TEMPORAL,nyc,2023,p50,referencia_historica,272.78333333333336,263.1833333333333,263.1833333333333
TEMPORAL,nyc,2024,p50,referencia_historica,263.55,263.1833333333333,263.1833333333333
TEMPORAL,boston,2018,p50,ridge_abs,228.6,205.53172642211536,226.21666666666667
TEMPORAL,boston,2019,p50,ridge_abs,225.575,228.92001806541955,226.21666666666667
TEMPORAL,chicago,2018,p50,ridge_abs,267.4833333333333,268.07869237701306,268.3833333333333
TEMPORAL,chicago,2019,p50,ridge_abs,262.1083333333333,265.18062417252787,268.3833333333333
TEMPORAL,chicago,2022,p50,ridge_abs,261.76666666666665,265.7497495215026,268.3833333333333
TEMPORAL,chicago,2023,p50,ridge_abs,251.6833333333333,262.0024330618742,268.3833333333333
TEMPORAL,nyc,2018,p50,ridge_abs,272.03333333333336,264.7858236680739,263.1833333333333
TEMPORAL,nyc,2019,p50,ridge_abs,269.2,264.66382928467567,263.1833333333333
TEMPORAL,nyc,2022,p50,ridge_abs,284.75,287.03045931586246,263.1833333333333
TEMPORAL,nyc,2023,p50,ridge_abs,272.78333333333336,268.00107977639453,263.1833333333333
TEMPORAL,nyc,2024,p50,ridge_abs,263.55,265.4920683033876,263.1833333333333
TEMPORAL,boston,2018,p50,gbm_histogramas_abs,228.6,221.50984057125365,226.21666666666667
TEMPORAL,boston,2019,p50,gbm_histogramas_abs,225.575,234.62001787127426,226.21666666666667
TEMPORAL,chicago,2018,p50,gbm_histogramas_abs,267.4833333333333,272.6184163615981,268.3833333333333
TEMPORAL,chicago,2019,p50,gbm_histogramas_abs,262.1083333333333,269.3123711034025,268.3833333333333
TEMPORAL,chicago,2022,p50,gbm_histogramas_abs,261.76666666666665,270.6232995174759,268.3833333333333
TEMPORAL,chicago,2023,p50,gbm_histogramas_abs,251.6833333333333,268.17106000042696,268.3833333333333
TEMPORAL,nyc,2018,p50,gbm_histogramas_abs,272.03333333333336,265.60829871502966,263.1833333333333
TEMPORAL,nyc,2019,p50,gbm_histogramas_abs,269.2,267.21996832372724,263.1833333333333
TEMPORAL,nyc,2022,p50,gbm_histogramas_abs,284.75,289.7042189961186,263.1833333333333
TEMPORAL,nyc,2023,p50,gbm_histogramas_abs,272.78333333333336,268.53514925255,263.1833333333333
TEMPORAL,nyc,2024,p50,gbm_histogramas_abs,263.55,267.0628307119405,263.1833333333333
TEMPORAL,boston,2018,p50,ridge_dev,228.6,218.53352703196356,226.21666666666667
TEMPORAL,boston,2019,p50,ridge_dev,225.575,230.90673579204952,226.21666666666667
TEMPORAL,chicago,2018,p50,ridge_dev,267.4833333333333,270.7890415244163,268.3833333333333
TEMPORAL,chicago,2019,p50,ridge_dev,262.1083333333333,267.86523866319976,268.3833333333333
TEMPORAL,chicago,2022,p50,ridge_dev,261.76666666666665,272.5549252026862,268.3833333333333
TEMPORAL,chicago,2023,p50,ridge_dev,251.6833333333333,269.0501580464697,268.3833333333333
TEMPORAL,nyc,2018,p50,ridge_dev,272.03333333333336,264.536203779962,263.1833333333333
TEMPORAL,nyc,2019,p50,ridge_dev,269.2,264.20678414488776,263.1833333333333
TEMPORAL,nyc,2022,p50,ridge_dev,284.75,276.5575998018022,263.1833333333333
TEMPORAL,nyc,2023,p50,ridge_dev,272.78333333333336,268.2559590046344,263.1833333333333
TEMPORAL,nyc,2024,p50,ridge_dev,263.55,263.59263328751575,263.1833333333333
TEMPORAL,boston,2018,p50,gbm_histogramas_dev,228.6,220.6228147176029,226.21666666666667
TEMPORAL,boston,2019,p50,gbm_histogramas_dev,225.575,240.14296139512513,226.21666666666667
TEMPORAL,chicago,2018,p50,gbm_histogramas_dev,267.4833333333333,275.45957178112747,268.3833333333333
TEMPORAL,chicago,2019,p50,gbm_histogramas_dev,262.1083333333333,267.3652858872621,268.3833333333333
TEMPORAL,chicago,2022,p50,gbm_histogramas_dev,261.76666666666665,269.8595480311221,268.3833333333333
TEMPORAL,chicago,2023,p50,gbm_histogramas_dev,251.6833333333333,266.5582790952325,268.3833333333333
TEMPORAL,nyc,2018,p50,gbm_histogramas_dev,272.03333333333336,262.0791785728827,263.1833333333333
TEMPORAL,nyc,2019,p50,gbm_histogramas_dev,269.2,262.56832062728495,263.1833333333333
TEMPORAL,nyc,2022,p50,gbm_histogramas_dev,284.75,285.684935994277,263.1833333333333
TEMPORAL,nyc,2023,p50,gbm_histogramas_dev,272.78333333333336,264.7333446389425,263.1833333333333
TEMPORAL,nyc,2024,p50,gbm_histogramas_dev,263.55,262.02809425725536,263.1833333333333
TEMPORAL,boston,2018,p75,media_global,262.31666666666666,289.49912280701744,251.63333333333333
TEMPORAL,boston,2019,p75,media_global,259.0,289.49912280701744,251.63333333333333
TEMPORAL,chicago,2018,p75,media_global,310.6666666666667,289.49912280701744,310.5708333333333
TEMPORAL,chicago,2019,p75,media_global,307.25,289.49912280701744,310.5708333333333
TEMPORAL,chicago,2022,p75,media_global,307.95,289.49912280701744,310.5708333333333
TEMPORAL,chicago,2023,p75,media_global,297.95,289.49912280701744,310.5708333333333
TEMPORAL,nyc,2018,p75,media_global,312.00416666666666,289.49912280701744,297.73333333333335
TEMPORAL,nyc,2019,p75,media_global,309.75416666666666,289.49912280701744,297.73333333333335
TEMPORAL,nyc,2022,p75,media_global,327.31666666666666,289.49912280701744,297.73333333333335
TEMPORAL,nyc,2023,p75,media_global,315.95,289.49912280701744,297.73333333333335
TEMPORAL,nyc,2024,p75,media_global,305.4083333333333,289.49912280701744,297.73333333333335
TEMPORAL,boston,2018,p75,referencia_historica,262.31666666666666,251.63333333333333,251.63333333333333
TEMPORAL,boston,2019,p75,referencia_historica,259.0,251.63333333333333,251.63333333333333
TEMPORAL,chicago,2018,p75,referencia_historica,310.6666666666667,310.5708333333333,310.5708333333333
TEMPORAL,chicago,2019,p75,referencia_historica,307.25,310.5708333333333,310.5708333333333
TEMPORAL,chicago,2022,p75,referencia_historica,307.95,310.5708333333333,310.5708333333333
TEMPORAL,chicago,2023,p75,referencia_historica,297.95,310.5708333333333,310.5708333333333
TEMPORAL,nyc,2018,p75,referencia_historica,312.00416666666666,297.73333333333335,297.73333333333335
TEMPORAL,nyc,2019,p75,referencia_historica,309.75416666666666,297.73333333333335,297.73333333333335
TEMPORAL,nyc,2022,p75,referencia_historica,327.31666666666666,297.73333333333335,297.73333333333335
TEMPORAL,nyc,2023,p75,referencia_historica,315.95,297.73333333333335,297.73333333333335
TEMPORAL,nyc,2024,p75,referencia_historica,305.4083333333333,297.73333333333335,297.73333333333335
TEMPORAL,boston,2018,p75,ridge_abs,262.31666666666666,227.83645640672756,251.63333333333333
TEMPORAL,boston,2019,p75,ridge_abs,259.0,256.0240900190107,251.63333333333333
TEMPORAL,chicago,2018,p75,ridge_abs,310.6666666666667,309.26025606920587,310.5708333333333
TEMPORAL,chicago,2019,p75,ridge_abs,307.25,306.1968580519226,310.5708333333333
TEMPORAL,chicago,2022,p75,ridge_abs,307.95,307.30884759631397,310.5708333333333
TEMPORAL,chicago,2023,p75,ridge_abs,297.95,302.96427746673305,310.5708333333333
TEMPORAL,nyc,2018,p75,ridge_abs,312.00416666666666,304.7648219954169,297.73333333333335
TEMPORAL,nyc,2019,p75,ridge_abs,309.75416666666666,304.84225126561944,297.73333333333335
TEMPORAL,nyc,2022,p75,ridge_abs,327.31666666666666,327.2947945048661,297.73333333333335
TEMPORAL,nyc,2023,p75,ridge_abs,315.95,310.9474887608608,297.73333333333335
TEMPORAL,nyc,2024,p75,ridge_abs,305.4083333333333,308.2929370305147,297.73333333333335
TEMPORAL,boston,2018,p75,gbm_histogramas_abs,262.31666666666666,248.1758590968954,251.63333333333333
TEMPORAL,boston,2019,p75,gbm_histogramas_abs,259.0,274.44478080072577,251.63333333333333
TEMPORAL,chicago,2018,p75,gbm_histogramas_abs,310.6666666666667,310.08776163558923,310.5708333333333
TEMPORAL,chicago,2019,p75,gbm_histogramas_abs,307.25,306.6407610281301,310.5708333333333
TEMPORAL,chicago,2022,p75,gbm_histogramas_abs,307.95,309.34117369096873,310.5708333333333
TEMPORAL,chicago,2023,p75,gbm_histogramas_abs,297.95,303.4311574515636,310.5708333333333
TEMPORAL,nyc,2018,p75,gbm_histogramas_abs,312.00416666666666,299.98654963141854,297.73333333333335
TEMPORAL,nyc,2019,p75,gbm_histogramas_abs,309.75416666666666,302.21849504540296,297.73333333333335
TEMPORAL,nyc,2022,p75,gbm_histogramas_abs,327.31666666666666,329.71514283716374,297.73333333333335
TEMPORAL,nyc,2023,p75,gbm_histogramas_abs,315.95,309.86967878141866,297.73333333333335
TEMPORAL,nyc,2024,p75,gbm_histogramas_abs,305.4083333333333,301.088005565985,297.73333333333335
TEMPORAL,boston,2018,p75,ridge_dev,262.31666666666666,243.18135872995126,251.63333333333333
TEMPORAL,boston,2019,p75,ridge_dev,259.0,263.26421208243687,251.63333333333333
TEMPORAL,chicago,2018,p75,ridge_dev,310.6666666666667,314.3069939197739,310.5708333333333
TEMPORAL,chicago,2019,p75,ridge_dev,307.25,310.86616773447685,310.5708333333333
TEMPORAL,chicago,2022,p75,ridge_dev,307.95,315.98429848113744,310.5708333333333
TEMPORAL,chicago,2023,p75,ridge_dev,297.95,310.8070058194028,310.5708333333333
TEMPORAL,nyc,2018,p75,ridge_dev,312.00416666666666,301.0060044949113,297.73333333333335
TEMPORAL,nyc,2019,p75,ridge_dev,309.75416666666666,301.76178577731406,297.73333333333335
TEMPORAL,nyc,2022,p75,ridge_dev,327.31666666666666,320.4040360587737,297.73333333333335
TEMPORAL,nyc,2023,p75,ridge_dev,315.95,306.60949484067044,297.73333333333335
TEMPORAL,nyc,2024,p75,ridge_dev,305.4083333333333,302.0834556848746,297.73333333333335
TEMPORAL,boston,2018,p75,gbm_histogramas_dev,262.31666666666666,247.2935960103763,251.63333333333333
TEMPORAL,boston,2019,p75,gbm_histogramas_dev,259.0,267.63079931949056,251.63333333333333
TEMPORAL,chicago,2018,p75,gbm_histogramas_dev,310.6666666666667,316.08908857533777,310.5708333333333
TEMPORAL,chicago,2019,p75,gbm_histogramas_dev,307.25,307.03185538735846,310.5708333333333
TEMPORAL,chicago,2022,p75,gbm_histogramas_dev,307.95,312.4401045817372,310.5708333333333
TEMPORAL,chicago,2023,p75,gbm_histogramas_dev,297.95,309.41622098984186,310.5708333333333
TEMPORAL,nyc,2018,p75,gbm_histogramas_dev,312.00416666666666,301.28059963937915,297.73333333333335
TEMPORAL,nyc,2019,p75,gbm_histogramas_dev,309.75416666666666,300.33713514493064,297.73333333333335
TEMPORAL,nyc,2022,p75,gbm_histogramas_dev,327.31666666666666,319.53430593059926,297.73333333333335
TEMPORAL,nyc,2023,p75,gbm_histogramas_dev,315.95,309.000758167906,297.73333333333335
TEMPORAL,nyc,2024,p75,gbm_histogramas_dev,305.4083333333333,300.8938947558252,297.73333333333335
TEMPORAL,boston,2018,p90,media_global,307.67499999999995,327.0588596491228,284.77166666666665
TEMPORAL,boston,2019,p90,media_global,297.4166666666667,327.0588596491228,284.77166666666665
TEMPORAL,chicago,2018,p90,media_global,354.53333333333336,327.0588596491228,350.6483333333333
TEMPORAL,chicago,2019,p90,media_global,353.89166666666665,327.0588596491228,350.6483333333333
TEMPORAL,chicago,2022,p90,media_global,355.51000000000005,327.0588596491228,350.6483333333333
TEMPORAL,chicago,2023,p90,media_global,346.8,327.0588596491228,350.6483333333333
TEMPORAL,nyc,2018,p90,media_global,355.5,327.0588596491228,337.21000000000004
TEMPORAL,nyc,2019,p90,media_global,354.5833333333333,327.0588596491228,337.21000000000004
TEMPORAL,nyc,2022,p90,media_global,369.965,327.0588596491228,337.21000000000004
TEMPORAL,nyc,2023,p90,media_global,361.55,327.0588596491228,337.21000000000004
TEMPORAL,nyc,2024,p90,media_global,353.02666666666664,327.0588596491228,337.21000000000004
TEMPORAL,boston,2018,p90,referencia_historica,307.67499999999995,284.77166666666665,284.77166666666665
TEMPORAL,boston,2019,p90,referencia_historica,297.4166666666667,284.77166666666665,284.77166666666665
TEMPORAL,chicago,2018,p90,referencia_historica,354.53333333333336,350.6483333333333,350.6483333333333
TEMPORAL,chicago,2019,p90,referencia_historica,353.89166666666665,350.6483333333333,350.6483333333333
TEMPORAL,chicago,2022,p90,referencia_historica,355.51000000000005,350.6483333333333,350.6483333333333
TEMPORAL,chicago,2023,p90,referencia_historica,346.8,350.6483333333333,350.6483333333333
TEMPORAL,nyc,2018,p90,referencia_historica,355.5,337.21000000000004,337.21000000000004
TEMPORAL,nyc,2019,p90,referencia_historica,354.5833333333333,337.21000000000004,337.21000000000004
TEMPORAL,nyc,2022,p90,referencia_historica,369.965,337.21000000000004,337.21000000000004
TEMPORAL,nyc,2023,p90,referencia_historica,361.55,337.21000000000004,337.21000000000004
TEMPORAL,nyc,2024,p90,referencia_historica,353.02666666666664,337.21000000000004,337.21000000000004
TEMPORAL,boston,2018,p90,ridge_abs,307.67499999999995,263.47179085809705,284.77166666666665
TEMPORAL,boston,2019,p90,ridge_abs,297.4166666666667,300.17668501292064,284.77166666666665
TEMPORAL,chicago,2018,p90,ridge_abs,354.53333333333336,332.71048684695955,350.6483333333333
TEMPORAL,chicago,2019,p90,ridge_abs,353.89166666666665,343.47782720997026,350.6483333333333
TEMPORAL,chicago,2022,p90,ridge_abs,355.51000000000005,355.3317686663892,350.6483333333333
TEMPORAL,chicago,2023,p90,ridge_abs,346.8,342.44736011573536,350.6483333333333
TEMPORAL,nyc,2018,p90,ridge_abs,355.5,347.04600639948524,337.21000000000004
TEMPORAL,nyc,2019,p90,ridge_abs,354.5833333333333,347.8530789601608,337.21000000000004
TEMPORAL,nyc,2022,p90,ridge_abs,369.965,360.78424221783723,337.21000000000004
TEMPORAL,nyc,2023,p90,ridge_abs,361.55,360.54185893982793,337.21000000000004
TEMPORAL,nyc,2024,p90,ridge_abs,353.02666666666664,351.0842114580322,337.21000000000004
TEMPORAL,boston,2018,p90,gbm_histogramas_abs,307.67499999999995,283.0596269386592,284.77166666666665
TEMPORAL,boston,2019,p90,gbm_histogramas_abs,297.4166666666667,313.22267688999534,284.77166666666665
TEMPORAL,chicago,2018,p90,gbm_histogramas_abs,354.53333333333336,354.2467881879241,350.6483333333333
TEMPORAL,chicago,2019,p90,gbm_histogramas_abs,353.89166666666665,344.53396311520515,350.6483333333333
TEMPORAL,chicago,2022,p90,gbm_histogramas_abs,355.51000000000005,355.4044846108958,350.6483333333333
TEMPORAL,chicago,2023,p90,gbm_histogramas_abs,346.8,342.9672756523515,350.6483333333333
TEMPORAL,nyc,2018,p90,gbm_histogramas_abs,355.5,342.1559747098023,337.21000000000004
TEMPORAL,nyc,2019,p90,gbm_histogramas_abs,354.5833333333333,342.0416327691474,337.21000000000004
TEMPORAL,nyc,2022,p90,gbm_histogramas_abs,369.965,366.4303589485117,337.21000000000004
TEMPORAL,nyc,2023,p90,gbm_histogramas_abs,361.55,349.7787036471581,337.21000000000004
TEMPORAL,nyc,2024,p90,gbm_histogramas_abs,353.02666666666664,343.59931023338714,337.21000000000004
TEMPORAL,boston,2018,p90,ridge_dev,307.67499999999995,280.1578504802117,284.77166666666665
TEMPORAL,boston,2019,p90,ridge_dev,297.4166666666667,300.728700825646,284.77166666666665
TEMPORAL,chicago,2018,p90,ridge_dev,354.53333333333336,355.80663503796507,350.6483333333333
TEMPORAL,chicago,2019,p90,ridge_dev,353.89166666666665,353.9412042633739,350.6483333333333
TEMPORAL,chicago,2022,p90,ridge_dev,355.51000000000005,359.69307503097957,350.6483333333333
TEMPORAL,chicago,2023,p90,ridge_dev,346.8,354.4341264599109,350.6483333333333
TEMPORAL,nyc,2018,p90,ridge_dev,355.5,343.79043635811416,337.21000000000004
TEMPORAL,nyc,2019,p90,ridge_dev,354.5833333333333,344.87882888346616,337.21000000000004
TEMPORAL,nyc,2022,p90,ridge_dev,369.965,360.56196802030007,337.21000000000004
TEMPORAL,nyc,2023,p90,ridge_dev,361.55,351.04226304865904,337.21000000000004
TEMPORAL,nyc,2024,p90,ridge_dev,353.02666666666664,347.34792664754553,337.21000000000004
TEMPORAL,boston,2018,p90,gbm_histogramas_dev,307.67499999999995,285.5957383449851,284.77166666666665
TEMPORAL,boston,2019,p90,gbm_histogramas_dev,297.4166666666667,301.01621032282844,284.77166666666665
TEMPORAL,chicago,2018,p90,gbm_histogramas_dev,354.53333333333336,355.2714215133889,350.6483333333333
TEMPORAL,chicago,2019,p90,gbm_histogramas_dev,353.89166666666665,346.06274810189575,350.6483333333333
TEMPORAL,chicago,2022,p90,gbm_histogramas_dev,355.51000000000005,345.8250258364307,350.6483333333333
TEMPORAL,chicago,2023,p90,gbm_histogramas_dev,346.8,348.7664560646767,350.6483333333333
TEMPORAL,nyc,2018,p90,gbm_histogramas_dev,355.5,342.2561030281149,337.21000000000004
TEMPORAL,nyc,2019,p90,gbm_histogramas_dev,354.5833333333333,341.1479888538062,337.21000000000004
TEMPORAL,nyc,2022,p90,gbm_histogramas_dev,369.965,362.93685737706056,337.21000000000004
TEMPORAL,nyc,2023,p90,gbm_histogramas_dev,361.55,349.78830348282077,337.21000000000004
TEMPORAL,nyc,2024,p90,gbm_histogramas_dev,353.02666666666664,343.1949341623075,337.21000000000004
